logs/c13314ff-efa0-41c5-9336-1bd14b49565c.txt
step:0/2750 val_loss:10.82583 train_time:0.000s step_avg:nanms
step:1/2750 train_time:4.742s step_avg:4741.80ms
step:2/2750 train_time:6.908s step_avg:3454.09ms
step:3/2750 train_time:9.187s step_avg:3062.24ms
step:4/2750 train_time:11.476s step_avg:2869.01ms
step:5/2750 train_time:13.763s step_avg:2752.62ms
step:6/2750 train_time:16.057s step_avg:2676.17ms
step:7/2750 train_time:18.352s step_avg:2621.76ms
step:8/2750 train_time:20.642s step_avg:2580.26ms
step:9/2750 train_time:22.941s step_avg:2549.05ms
step:10/2750 train_time:25.239s step_avg:2523.86ms
step:11/2750 train_time:27.536s step_avg:2503.24ms
step:12/2750 train_time:29.837s step_avg:2486.43ms
step:13/2750 train_time:32.138s step_avg:2472.13ms
step:14/2750 train_time:34.439s step_avg:2459.96ms
step:15/2750 train_time:36.737s step_avg:2449.15ms
step:16/2750 train_time:39.040s step_avg:2440.03ms
step:17/2750 train_time:41.341s step_avg:2431.84ms
step:18/2750 train_time:43.642s step_avg:2424.54ms
step:19/2750 train_time:45.942s step_avg:2418.00ms
step:20/2750 train_time:48.242s step_avg:2412.12ms
step:21/2750 train_time:50.543s step_avg:2406.80ms
step:22/2750 train_time:52.840s step_avg:2401.82ms
step:23/2750 train_time:55.141s step_avg:2397.43ms
step:24/2750 train_time:57.442s step_avg:2393.43ms
step:25/2750 train_time:59.743s step_avg:2389.73ms
step:26/2750 train_time:62.041s step_avg:2386.20ms
step:27/2750 train_time:64.341s step_avg:2382.99ms
step:28/2750 train_time:66.637s step_avg:2379.90ms
step:29/2750 train_time:68.924s step_avg:2376.69ms
step:30/2750 train_time:71.224s step_avg:2374.12ms
step:31/2750 train_time:73.521s step_avg:2371.65ms
step:32/2750 train_time:75.822s step_avg:2369.43ms
step:33/2750 train_time:78.123s step_avg:2367.35ms
step:34/2750 train_time:80.421s step_avg:2365.33ms
step:35/2750 train_time:82.724s step_avg:2363.54ms
step:36/2750 train_time:85.024s step_avg:2361.78ms
step:37/2750 train_time:87.323s step_avg:2360.09ms
step:38/2750 train_time:89.621s step_avg:2358.46ms
step:39/2750 train_time:91.921s step_avg:2356.94ms
step:40/2750 train_time:94.217s step_avg:2355.44ms
step:41/2750 train_time:96.506s step_avg:2353.81ms
step:42/2750 train_time:98.801s step_avg:2352.41ms
step:43/2750 train_time:101.097s step_avg:2351.10ms
step:44/2750 train_time:103.400s step_avg:2350.00ms
step:45/2750 train_time:105.702s step_avg:2348.93ms
step:46/2750 train_time:108.000s step_avg:2347.82ms
step:47/2750 train_time:110.303s step_avg:2346.88ms
step:48/2750 train_time:112.603s step_avg:2345.90ms
step:49/2750 train_time:114.902s step_avg:2344.95ms
step:50/2750 train_time:117.204s step_avg:2344.08ms
step:51/2750 train_time:119.503s step_avg:2343.20ms
step:52/2750 train_time:121.801s step_avg:2342.33ms
step:53/2750 train_time:124.099s step_avg:2341.49ms
step:54/2750 train_time:126.400s step_avg:2340.75ms
step:55/2750 train_time:128.702s step_avg:2340.04ms
step:56/2750 train_time:131.000s step_avg:2339.28ms
step:57/2750 train_time:133.298s step_avg:2338.57ms
step:58/2750 train_time:135.599s step_avg:2337.92ms
step:59/2750 train_time:137.899s step_avg:2337.27ms
step:60/2750 train_time:140.190s step_avg:2336.50ms
step:61/2750 train_time:142.483s step_avg:2335.78ms
step:62/2750 train_time:144.781s step_avg:2335.18ms
step:63/2750 train_time:147.082s step_avg:2334.63ms
step:64/2750 train_time:149.379s step_avg:2334.04ms
step:65/2750 train_time:151.667s step_avg:2333.33ms
step:66/2750 train_time:153.964s step_avg:2332.78ms
step:67/2750 train_time:156.260s step_avg:2332.24ms
step:68/2750 train_time:158.558s step_avg:2331.73ms
step:69/2750 train_time:160.858s step_avg:2331.28ms
step:70/2750 train_time:163.148s step_avg:2330.68ms
step:71/2750 train_time:165.444s step_avg:2330.20ms
step:72/2750 train_time:167.739s step_avg:2329.71ms
step:73/2750 train_time:170.038s step_avg:2329.29ms
step:74/2750 train_time:172.333s step_avg:2328.83ms
step:75/2750 train_time:174.623s step_avg:2328.30ms
step:76/2750 train_time:176.920s step_avg:2327.90ms
step:77/2750 train_time:179.221s step_avg:2327.55ms
step:78/2750 train_time:181.520s step_avg:2327.18ms
step:79/2750 train_time:183.818s step_avg:2326.81ms
step:80/2750 train_time:186.110s step_avg:2326.38ms
step:81/2750 train_time:188.406s step_avg:2326.00ms
step:82/2750 train_time:190.701s step_avg:2325.62ms
step:83/2750 train_time:193.001s step_avg:2325.31ms
step:84/2750 train_time:195.300s step_avg:2325.00ms
step:85/2750 train_time:197.589s step_avg:2324.58ms
step:86/2750 train_time:199.886s step_avg:2324.25ms
step:87/2750 train_time:202.182s step_avg:2323.94ms
step:88/2750 train_time:204.483s step_avg:2323.67ms
step:89/2750 train_time:206.778s step_avg:2323.35ms
step:90/2750 train_time:209.066s step_avg:2322.95ms
step:91/2750 train_time:211.360s step_avg:2322.64ms
step:92/2750 train_time:213.660s step_avg:2322.39ms
step:93/2750 train_time:215.959s step_avg:2322.14ms
step:94/2750 train_time:218.255s step_avg:2321.86ms
step:95/2750 train_time:220.547s step_avg:2321.55ms
step:96/2750 train_time:222.841s step_avg:2321.26ms
step:97/2750 train_time:225.140s step_avg:2321.04ms
step:98/2750 train_time:227.439s step_avg:2320.80ms
step:99/2750 train_time:229.732s step_avg:2320.53ms
step:100/2750 train_time:232.025s step_avg:2320.25ms
step:101/2750 train_time:234.320s step_avg:2320.00ms
step:102/2750 train_time:236.620s step_avg:2319.81ms
step:103/2750 train_time:238.919s step_avg:2319.60ms
step:104/2750 train_time:241.217s step_avg:2319.39ms
step:105/2750 train_time:243.505s step_avg:2319.10ms
step:106/2750 train_time:245.801s step_avg:2318.88ms
step:107/2750 train_time:248.100s step_avg:2318.69ms
step:108/2750 train_time:250.400s step_avg:2318.52ms
step:109/2750 train_time:252.699s step_avg:2318.34ms
step:110/2750 train_time:254.989s step_avg:2318.08ms
step:111/2750 train_time:257.283s step_avg:2317.87ms
step:112/2750 train_time:259.579s step_avg:2317.67ms
step:113/2750 train_time:261.877s step_avg:2317.50ms
step:114/2750 train_time:264.166s step_avg:2317.25ms
step:115/2750 train_time:266.462s step_avg:2317.06ms
step:116/2750 train_time:268.758s step_avg:2316.88ms
step:117/2750 train_time:271.056s step_avg:2316.72ms
step:118/2750 train_time:273.347s step_avg:2316.50ms
step:119/2750 train_time:275.642s step_avg:2316.32ms
step:120/2750 train_time:277.937s step_avg:2316.15ms
step:121/2750 train_time:280.237s step_avg:2316.01ms
step:122/2750 train_time:282.534s step_avg:2315.85ms
step:123/2750 train_time:284.826s step_avg:2315.66ms
step:124/2750 train_time:287.124s step_avg:2315.51ms
step:125/2750 train_time:289.423s step_avg:2315.39ms
step:125/2750 val_loss:4.43961 train_time:289.423s step_avg:2315.39ms
step:126/2750 train_time:291.725s step_avg:2315.28ms
step:127/2750 train_time:294.022s step_avg:2315.14ms
step:128/2750 train_time:296.321s step_avg:2315.01ms
step:129/2750 train_time:298.615s step_avg:2314.85ms
step:130/2750 train_time:300.907s step_avg:2314.67ms
step:131/2750 train_time:303.202s step_avg:2314.52ms
step:132/2750 train_time:305.499s step_avg:2314.39ms
step:133/2750 train_time:307.792s step_avg:2314.23ms
step:134/2750 train_time:310.086s step_avg:2314.08ms
step:135/2750 train_time:312.383s step_avg:2313.95ms
step:136/2750 train_time:314.678s step_avg:2313.81ms
step:137/2750 train_time:316.980s step_avg:2313.72ms
step:138/2750 train_time:319.271s step_avg:2313.56ms
step:139/2750 train_time:321.566s step_avg:2313.43ms
step:140/2750 train_time:323.858s step_avg:2313.27ms
step:141/2750 train_time:326.154s step_avg:2313.15ms
step:142/2750 train_time:328.448s step_avg:2313.01ms
step:143/2750 train_time:330.734s step_avg:2312.82ms
step:144/2750 train_time:333.027s step_avg:2312.69ms
step:145/2750 train_time:335.323s step_avg:2312.57ms
step:146/2750 train_time:337.617s step_avg:2312.45ms
step:147/2750 train_time:339.910s step_avg:2312.32ms
step:148/2750 train_time:342.205s step_avg:2312.20ms
step:149/2750 train_time:344.499s step_avg:2312.07ms
step:150/2750 train_time:346.794s step_avg:2311.96ms
step:151/2750 train_time:349.082s step_avg:2311.80ms
step:152/2750 train_time:351.374s step_avg:2311.67ms
step:153/2750 train_time:353.668s step_avg:2311.55ms
step:154/2750 train_time:355.965s step_avg:2311.46ms
step:155/2750 train_time:358.255s step_avg:2311.32ms
step:156/2750 train_time:360.548s step_avg:2311.20ms
step:157/2750 train_time:362.843s step_avg:2311.10ms
step:158/2750 train_time:365.140s step_avg:2311.02ms
step:159/2750 train_time:367.430s step_avg:2310.88ms
step:160/2750 train_time:369.724s step_avg:2310.77ms
step:161/2750 train_time:372.012s step_avg:2310.64ms
step:162/2750 train_time:374.307s step_avg:2310.54ms
step:163/2750 train_time:376.594s step_avg:2310.39ms
step:164/2750 train_time:378.885s step_avg:2310.27ms
step:165/2750 train_time:381.180s step_avg:2310.18ms
step:166/2750 train_time:383.479s step_avg:2310.12ms
step:167/2750 train_time:385.769s step_avg:2310.00ms
step:168/2750 train_time:388.073s step_avg:2309.96ms
step:169/2750 train_time:390.366s step_avg:2309.86ms
step:170/2750 train_time:392.655s step_avg:2309.73ms
step:171/2750 train_time:394.947s step_avg:2309.63ms
step:172/2750 train_time:397.232s step_avg:2309.49ms
step:173/2750 train_time:399.526s step_avg:2309.40ms
step:174/2750 train_time:401.821s step_avg:2309.32ms
step:175/2750 train_time:404.105s step_avg:2309.17ms
step:176/2750 train_time:406.395s step_avg:2309.06ms
step:177/2750 train_time:408.686s step_avg:2308.96ms
step:178/2750 train_time:410.984s step_avg:2308.90ms
step:179/2750 train_time:413.277s step_avg:2308.81ms
step:180/2750 train_time:415.568s step_avg:2308.71ms
step:181/2750 train_time:417.862s step_avg:2308.63ms
step:182/2750 train_time:420.157s step_avg:2308.55ms
step:183/2750 train_time:422.451s step_avg:2308.47ms
step:184/2750 train_time:424.745s step_avg:2308.40ms
step:185/2750 train_time:427.031s step_avg:2308.27ms
step:186/2750 train_time:429.323s step_avg:2308.19ms
step:187/2750 train_time:431.608s step_avg:2308.07ms
step:188/2750 train_time:433.899s step_avg:2307.97ms
step:189/2750 train_time:436.187s step_avg:2307.87ms
step:190/2750 train_time:438.472s step_avg:2307.75ms
step:191/2750 train_time:440.794s step_avg:2307.82ms
step:192/2750 train_time:443.084s step_avg:2307.73ms
step:193/2750 train_time:445.367s step_avg:2307.60ms
step:194/2750 train_time:447.659s step_avg:2307.52ms
step:195/2750 train_time:449.948s step_avg:2307.42ms
step:196/2750 train_time:452.237s step_avg:2307.33ms
step:197/2750 train_time:454.527s step_avg:2307.24ms
step:198/2750 train_time:456.812s step_avg:2307.13ms
step:199/2750 train_time:459.100s step_avg:2307.04ms
step:200/2750 train_time:461.389s step_avg:2306.95ms
step:201/2750 train_time:463.683s step_avg:2306.88ms
step:202/2750 train_time:465.969s step_avg:2306.78ms
step:203/2750 train_time:468.260s step_avg:2306.70ms
step:204/2750 train_time:470.551s step_avg:2306.62ms
step:205/2750 train_time:472.832s step_avg:2306.50ms
step:206/2750 train_time:475.120s step_avg:2306.41ms
step:207/2750 train_time:477.412s step_avg:2306.34ms
step:208/2750 train_time:479.696s step_avg:2306.23ms
step:209/2750 train_time:481.984s step_avg:2306.15ms
step:210/2750 train_time:484.275s step_avg:2306.07ms
step:211/2750 train_time:486.565s step_avg:2305.99ms
step:212/2750 train_time:488.852s step_avg:2305.91ms
step:213/2750 train_time:491.141s step_avg:2305.82ms
step:214/2750 train_time:493.426s step_avg:2305.73ms
step:215/2750 train_time:495.712s step_avg:2305.64ms
step:216/2750 train_time:498.001s step_avg:2305.56ms
step:217/2750 train_time:500.287s step_avg:2305.47ms
step:218/2750 train_time:502.574s step_avg:2305.39ms
step:219/2750 train_time:504.860s step_avg:2305.30ms
step:220/2750 train_time:507.146s step_avg:2305.21ms
step:221/2750 train_time:509.431s step_avg:2305.12ms
step:222/2750 train_time:511.719s step_avg:2305.04ms
step:223/2750 train_time:513.999s step_avg:2304.93ms
step:224/2750 train_time:516.285s step_avg:2304.84ms
step:225/2750 train_time:518.577s step_avg:2304.79ms
step:226/2750 train_time:520.869s step_avg:2304.73ms
step:227/2750 train_time:523.158s step_avg:2304.66ms
step:228/2750 train_time:525.446s step_avg:2304.59ms
step:229/2750 train_time:527.737s step_avg:2304.53ms
step:230/2750 train_time:530.027s step_avg:2304.46ms
step:231/2750 train_time:532.311s step_avg:2304.38ms
step:232/2750 train_time:534.606s step_avg:2304.34ms
step:233/2750 train_time:536.892s step_avg:2304.26ms
step:234/2750 train_time:539.183s step_avg:2304.20ms
step:235/2750 train_time:541.475s step_avg:2304.15ms
step:236/2750 train_time:543.765s step_avg:2304.09ms
step:237/2750 train_time:546.047s step_avg:2304.00ms
step:238/2750 train_time:548.333s step_avg:2303.92ms
step:239/2750 train_time:550.624s step_avg:2303.87ms
step:240/2750 train_time:552.904s step_avg:2303.77ms
step:241/2750 train_time:555.195s step_avg:2303.71ms
step:242/2750 train_time:557.487s step_avg:2303.67ms
step:243/2750 train_time:559.771s step_avg:2303.58ms
step:244/2750 train_time:562.059s step_avg:2303.52ms
step:245/2750 train_time:564.347s step_avg:2303.46ms
step:246/2750 train_time:566.630s step_avg:2303.37ms
step:247/2750 train_time:568.916s step_avg:2303.30ms
step:248/2750 train_time:571.205s step_avg:2303.25ms
step:249/2750 train_time:573.486s step_avg:2303.16ms
step:250/2750 train_time:575.777s step_avg:2303.11ms
step:250/2750 val_loss:4.08657 train_time:575.777s step_avg:2290.83ms
step:251/2750 train_time:578.076s step_avg:2303.09ms
step:252/2750 train_time:580.362s step_avg:2303.02ms
step:253/2750 train_time:582.651s step_avg:2302.97ms
step:254/2750 train_time:584.937s step_avg:2302.90ms
step:255/2750 train_time:587.222s step_avg:2302.83ms
step:256/2750 train_time:589.514s step_avg:2302.79ms
step:257/2750 train_time:591.800s step_avg:2302.72ms
step:258/2750 train_time:594.088s step_avg:2302.67ms
step:259/2750 train_time:596.375s step_avg:2302.61ms
step:260/2750 train_time:598.662s step_avg:2302.55ms
step:261/2750 train_time:600.949s step_avg:2302.49ms
step:262/2750 train_time:603.239s step_avg:2302.44ms
step:263/2750 train_time:605.522s step_avg:2302.37ms
step:264/2750 train_time:607.811s step_avg:2302.31ms
step:265/2750 train_time:610.100s step_avg:2302.26ms
step:266/2750 train_time:612.383s step_avg:2302.19ms
step:267/2750 train_time:614.666s step_avg:2302.12ms
step:268/2750 train_time:616.955s step_avg:2302.07ms
step:269/2750 train_time:619.240s step_avg:2302.01ms
step:270/2750 train_time:621.526s step_avg:2301.95ms
step:271/2750 train_time:623.816s step_avg:2301.90ms
step:272/2750 train_time:626.101s step_avg:2301.84ms
step:273/2750 train_time:628.383s step_avg:2301.77ms
step:274/2750 train_time:630.670s step_avg:2301.72ms
step:275/2750 train_time:632.957s step_avg:2301.66ms
step:276/2750 train_time:635.241s step_avg:2301.60ms
step:277/2750 train_time:637.528s step_avg:2301.54ms
step:278/2750 train_time:639.815s step_avg:2301.49ms
step:279/2750 train_time:642.099s step_avg:2301.43ms
step:280/2750 train_time:644.387s step_avg:2301.38ms
step:281/2750 train_time:646.673s step_avg:2301.33ms
step:282/2750 train_time:648.958s step_avg:2301.27ms
step:283/2750 train_time:651.247s step_avg:2301.22ms
step:284/2750 train_time:653.533s step_avg:2301.17ms
step:285/2750 train_time:655.817s step_avg:2301.11ms
step:286/2750 train_time:658.103s step_avg:2301.06ms
step:287/2750 train_time:660.385s step_avg:2300.99ms
step:288/2750 train_time:662.670s step_avg:2300.94ms
step:289/2750 train_time:664.957s step_avg:2300.89ms
step:290/2750 train_time:667.242s step_avg:2300.83ms
step:291/2750 train_time:669.529s step_avg:2300.79ms
step:292/2750 train_time:671.818s step_avg:2300.75ms
step:293/2750 train_time:674.104s step_avg:2300.70ms
step:294/2750 train_time:676.391s step_avg:2300.65ms
step:295/2750 train_time:678.677s step_avg:2300.60ms
step:296/2750 train_time:680.965s step_avg:2300.56ms
step:297/2750 train_time:683.249s step_avg:2300.50ms
step:298/2750 train_time:685.535s step_avg:2300.45ms
step:299/2750 train_time:687.820s step_avg:2300.40ms
step:300/2750 train_time:690.109s step_avg:2300.36ms
step:301/2750 train_time:692.395s step_avg:2300.32ms
step:302/2750 train_time:694.684s step_avg:2300.28ms
step:303/2750 train_time:696.970s step_avg:2300.23ms
step:304/2750 train_time:699.259s step_avg:2300.19ms
step:305/2750 train_time:701.546s step_avg:2300.15ms
step:306/2750 train_time:703.835s step_avg:2300.11ms
step:307/2750 train_time:706.121s step_avg:2300.07ms
step:308/2750 train_time:708.409s step_avg:2300.03ms
step:309/2750 train_time:710.695s step_avg:2299.98ms
step:310/2750 train_time:712.977s step_avg:2299.93ms
step:311/2750 train_time:715.262s step_avg:2299.88ms
step:312/2750 train_time:717.548s step_avg:2299.83ms
step:313/2750 train_time:719.836s step_avg:2299.79ms
step:314/2750 train_time:722.123s step_avg:2299.75ms
step:315/2750 train_time:724.406s step_avg:2299.70ms
step:316/2750 train_time:726.689s step_avg:2299.65ms
step:317/2750 train_time:728.973s step_avg:2299.60ms
step:318/2750 train_time:731.262s step_avg:2299.57ms
step:319/2750 train_time:733.544s step_avg:2299.51ms
step:320/2750 train_time:735.828s step_avg:2299.46ms
step:321/2750 train_time:738.117s step_avg:2299.43ms
step:322/2750 train_time:740.400s step_avg:2299.38ms
step:323/2750 train_time:742.687s step_avg:2299.34ms
step:324/2750 train_time:744.976s step_avg:2299.31ms
step:325/2750 train_time:747.260s step_avg:2299.26ms
step:326/2750 train_time:749.550s step_avg:2299.23ms
step:327/2750 train_time:751.841s step_avg:2299.21ms
step:328/2750 train_time:754.123s step_avg:2299.16ms
step:329/2750 train_time:756.409s step_avg:2299.12ms
step:330/2750 train_time:758.702s step_avg:2299.10ms
step:331/2750 train_time:760.986s step_avg:2299.05ms
step:332/2750 train_time:763.275s step_avg:2299.02ms
step:333/2750 train_time:765.565s step_avg:2298.99ms
step:334/2750 train_time:767.845s step_avg:2298.94ms
step:335/2750 train_time:770.130s step_avg:2298.90ms
step:336/2750 train_time:772.421s step_avg:2298.87ms
step:337/2750 train_time:774.702s step_avg:2298.82ms
step:338/2750 train_time:776.988s step_avg:2298.78ms
step:339/2750 train_time:779.278s step_avg:2298.76ms
step:340/2750 train_time:781.557s step_avg:2298.70ms
step:341/2750 train_time:783.848s step_avg:2298.68ms
step:342/2750 train_time:786.140s step_avg:2298.65ms
step:343/2750 train_time:788.421s step_avg:2298.60ms
step:344/2750 train_time:790.707s step_avg:2298.57ms
step:345/2750 train_time:792.996s step_avg:2298.54ms
step:346/2750 train_time:795.278s step_avg:2298.49ms
step:347/2750 train_time:797.567s step_avg:2298.47ms
step:348/2750 train_time:799.855s step_avg:2298.43ms
step:349/2750 train_time:802.137s step_avg:2298.39ms
step:350/2750 train_time:804.427s step_avg:2298.36ms
step:351/2750 train_time:806.717s step_avg:2298.34ms
step:352/2750 train_time:808.999s step_avg:2298.29ms
step:353/2750 train_time:811.285s step_avg:2298.26ms
step:354/2750 train_time:813.572s step_avg:2298.23ms
step:355/2750 train_time:815.854s step_avg:2298.18ms
step:356/2750 train_time:818.143s step_avg:2298.15ms
step:357/2750 train_time:820.433s step_avg:2298.13ms
step:358/2750 train_time:822.715s step_avg:2298.09ms
step:359/2750 train_time:825.006s step_avg:2298.07ms
step:360/2750 train_time:827.295s step_avg:2298.04ms
step:361/2750 train_time:829.572s step_avg:2297.98ms
step:362/2750 train_time:831.859s step_avg:2297.95ms
step:363/2750 train_time:834.141s step_avg:2297.91ms
step:364/2750 train_time:836.425s step_avg:2297.87ms
step:365/2750 train_time:838.712s step_avg:2297.84ms
step:366/2750 train_time:840.999s step_avg:2297.81ms
step:367/2750 train_time:843.282s step_avg:2297.77ms
step:368/2750 train_time:845.570s step_avg:2297.75ms
step:369/2750 train_time:847.859s step_avg:2297.72ms
step:370/2750 train_time:850.143s step_avg:2297.68ms
step:371/2750 train_time:852.428s step_avg:2297.65ms
step:372/2750 train_time:854.715s step_avg:2297.62ms
step:373/2750 train_time:857.000s step_avg:2297.59ms
step:374/2750 train_time:859.282s step_avg:2297.55ms
step:375/2750 train_time:861.570s step_avg:2297.52ms
step:375/2750 val_loss:3.93583 train_time:861.570s step_avg:2286.34ms
step:376/2750 train_time:863.866s step_avg:2297.52ms
step:377/2750 train_time:866.149s step_avg:2297.48ms
step:378/2750 train_time:868.437s step_avg:2297.45ms
step:379/2750 train_time:870.720s step_avg:2297.42ms
step:380/2750 train_time:873.007s step_avg:2297.39ms
step:381/2750 train_time:875.311s step_avg:2297.40ms
step:382/2750 train_time:877.597s step_avg:2297.38ms
step:383/2750 train_time:879.881s step_avg:2297.34ms
step:384/2750 train_time:882.169s step_avg:2297.31ms
step:385/2750 train_time:884.457s step_avg:2297.29ms
step:386/2750 train_time:886.739s step_avg:2297.25ms
step:387/2750 train_time:889.025s step_avg:2297.22ms
step:388/2750 train_time:891.313s step_avg:2297.20ms
step:389/2750 train_time:893.594s step_avg:2297.16ms
step:390/2750 train_time:895.882s step_avg:2297.13ms
step:391/2750 train_time:898.171s step_avg:2297.11ms
step:392/2750 train_time:900.452s step_avg:2297.07ms
step:393/2750 train_time:902.741s step_avg:2297.05ms
step:394/2750 train_time:905.028s step_avg:2297.03ms
step:395/2750 train_time:907.309s step_avg:2296.99ms
step:396/2750 train_time:909.600s step_avg:2296.97ms
step:397/2750 train_time:911.888s step_avg:2296.95ms
step:398/2750 train_time:914.168s step_avg:2296.90ms
step:399/2750 train_time:916.455s step_avg:2296.88ms
step:400/2750 train_time:918.738s step_avg:2296.84ms
step:401/2750 train_time:921.022s step_avg:2296.81ms
step:402/2750 train_time:923.313s step_avg:2296.80ms
step:403/2750 train_time:925.596s step_avg:2296.77ms
step:404/2750 train_time:927.879s step_avg:2296.73ms
step:405/2750 train_time:930.163s step_avg:2296.70ms
step:406/2750 train_time:932.447s step_avg:2296.67ms
step:407/2750 train_time:934.730s step_avg:2296.63ms
step:408/2750 train_time:937.014s step_avg:2296.60ms
step:409/2750 train_time:939.298s step_avg:2296.57ms
step:410/2750 train_time:941.583s step_avg:2296.54ms
step:411/2750 train_time:943.865s step_avg:2296.51ms
step:412/2750 train_time:946.146s step_avg:2296.47ms
step:413/2750 train_time:948.432s step_avg:2296.45ms
step:414/2750 train_time:950.711s step_avg:2296.40ms
step:415/2750 train_time:952.998s step_avg:2296.38ms
step:416/2750 train_time:955.283s step_avg:2296.35ms
step:417/2750 train_time:957.566s step_avg:2296.32ms
step:418/2750 train_time:959.855s step_avg:2296.30ms
step:419/2750 train_time:962.136s step_avg:2296.27ms
step:420/2750 train_time:964.422s step_avg:2296.24ms
step:421/2750 train_time:966.710s step_avg:2296.22ms
step:422/2750 train_time:968.994s step_avg:2296.19ms
step:423/2750 train_time:971.281s step_avg:2296.17ms
step:424/2750 train_time:973.569s step_avg:2296.15ms
step:425/2750 train_time:975.854s step_avg:2296.13ms
step:426/2750 train_time:978.133s step_avg:2296.09ms
step:427/2750 train_time:980.417s step_avg:2296.06ms
step:428/2750 train_time:982.705s step_avg:2296.04ms
step:429/2750 train_time:984.991s step_avg:2296.02ms
step:430/2750 train_time:987.274s step_avg:2295.99ms
step:431/2750 train_time:989.559s step_avg:2295.96ms
step:432/2750 train_time:991.842s step_avg:2295.93ms
step:433/2750 train_time:994.122s step_avg:2295.89ms
step:434/2750 train_time:996.404s step_avg:2295.86ms
step:435/2750 train_time:998.694s step_avg:2295.85ms
step:436/2750 train_time:1000.976s step_avg:2295.82ms
step:437/2750 train_time:1003.263s step_avg:2295.80ms
step:438/2750 train_time:1005.551s step_avg:2295.78ms
step:439/2750 train_time:1007.832s step_avg:2295.74ms
step:440/2750 train_time:1010.122s step_avg:2295.73ms
step:441/2750 train_time:1012.411s step_avg:2295.72ms
step:442/2750 train_time:1014.700s step_avg:2295.70ms
step:443/2750 train_time:1016.982s step_avg:2295.67ms
step:444/2750 train_time:1019.269s step_avg:2295.65ms
step:445/2750 train_time:1021.548s step_avg:2295.61ms
step:446/2750 train_time:1023.835s step_avg:2295.59ms
step:447/2750 train_time:1026.117s step_avg:2295.56ms
step:448/2750 train_time:1028.400s step_avg:2295.53ms
step:449/2750 train_time:1030.686s step_avg:2295.51ms
step:450/2750 train_time:1032.970s step_avg:2295.49ms
step:451/2750 train_time:1035.256s step_avg:2295.47ms
step:452/2750 train_time:1037.543s step_avg:2295.45ms
step:453/2750 train_time:1039.827s step_avg:2295.42ms
step:454/2750 train_time:1042.119s step_avg:2295.42ms
step:455/2750 train_time:1044.408s step_avg:2295.40ms
step:456/2750 train_time:1046.693s step_avg:2295.38ms
step:457/2750 train_time:1048.979s step_avg:2295.36ms
step:458/2750 train_time:1051.264s step_avg:2295.34ms
step:459/2750 train_time:1053.549s step_avg:2295.31ms
step:460/2750 train_time:1055.835s step_avg:2295.29ms
step:461/2750 train_time:1058.122s step_avg:2295.28ms
step:462/2750 train_time:1060.410s step_avg:2295.26ms
step:463/2750 train_time:1062.694s step_avg:2295.23ms
step:464/2750 train_time:1064.976s step_avg:2295.21ms
step:465/2750 train_time:1067.262s step_avg:2295.19ms
step:466/2750 train_time:1069.548s step_avg:2295.17ms
step:467/2750 train_time:1071.837s step_avg:2295.15ms
step:468/2750 train_time:1074.124s step_avg:2295.14ms
step:469/2750 train_time:1076.409s step_avg:2295.12ms
step:470/2750 train_time:1078.691s step_avg:2295.09ms
step:471/2750 train_time:1080.975s step_avg:2295.06ms
step:472/2750 train_time:1083.261s step_avg:2295.04ms
step:473/2750 train_time:1085.542s step_avg:2295.01ms
step:474/2750 train_time:1087.826s step_avg:2294.99ms
step:475/2750 train_time:1090.112s step_avg:2294.97ms
step:476/2750 train_time:1092.394s step_avg:2294.94ms
step:477/2750 train_time:1094.681s step_avg:2294.93ms
step:478/2750 train_time:1096.967s step_avg:2294.91ms
step:479/2750 train_time:1099.248s step_avg:2294.88ms
step:480/2750 train_time:1101.537s step_avg:2294.87ms
step:481/2750 train_time:1103.820s step_avg:2294.84ms
step:482/2750 train_time:1106.101s step_avg:2294.82ms
step:483/2750 train_time:1108.390s step_avg:2294.80ms
step:484/2750 train_time:1110.676s step_avg:2294.78ms
step:485/2750 train_time:1112.959s step_avg:2294.76ms
step:486/2750 train_time:1115.244s step_avg:2294.74ms
step:487/2750 train_time:1117.529s step_avg:2294.72ms
step:488/2750 train_time:1119.811s step_avg:2294.69ms
step:489/2750 train_time:1122.096s step_avg:2294.67ms
step:490/2750 train_time:1124.390s step_avg:2294.67ms
step:491/2750 train_time:1126.673s step_avg:2294.65ms
step:492/2750 train_time:1128.958s step_avg:2294.63ms
step:493/2750 train_time:1131.245s step_avg:2294.62ms
step:494/2750 train_time:1133.533s step_avg:2294.60ms
step:495/2750 train_time:1135.817s step_avg:2294.58ms
step:496/2750 train_time:1138.104s step_avg:2294.56ms
step:497/2750 train_time:1140.390s step_avg:2294.55ms
step:498/2750 train_time:1142.676s step_avg:2294.53ms
step:499/2750 train_time:1144.956s step_avg:2294.50ms
step:500/2750 train_time:1147.245s step_avg:2294.49ms
step:500/2750 val_loss:3.81223 train_time:1147.245s step_avg:2285.40ms
step:501/2750 train_time:1149.535s step_avg:2294.48ms
step:502/2750 train_time:1151.825s step_avg:2294.47ms
step:503/2750 train_time:1154.108s step_avg:2294.45ms
step:504/2750 train_time:1156.397s step_avg:2294.44ms
step:505/2750 train_time:1158.685s step_avg:2294.43ms
step:506/2750 train_time:1160.969s step_avg:2294.41ms
step:507/2750 train_time:1163.256s step_avg:2294.39ms
step:508/2750 train_time:1165.543s step_avg:2294.38ms
step:509/2750 train_time:1167.825s step_avg:2294.35ms
step:510/2750 train_time:1170.109s step_avg:2294.33ms
step:511/2750 train_time:1172.395s step_avg:2294.32ms
step:512/2750 train_time:1174.681s step_avg:2294.30ms
step:513/2750 train_time:1176.966s step_avg:2294.28ms
step:514/2750 train_time:1179.254s step_avg:2294.27ms
step:515/2750 train_time:1181.539s step_avg:2294.25ms
step:516/2750 train_time:1183.826s step_avg:2294.24ms
step:517/2750 train_time:1186.112s step_avg:2294.22ms
step:518/2750 train_time:1188.394s step_avg:2294.20ms
step:519/2750 train_time:1190.675s step_avg:2294.17ms
step:520/2750 train_time:1192.956s step_avg:2294.15ms
step:521/2750 train_time:1195.243s step_avg:2294.13ms
step:522/2750 train_time:1197.532s step_avg:2294.12ms
step:523/2750 train_time:1199.815s step_avg:2294.10ms
step:524/2750 train_time:1202.105s step_avg:2294.09ms
step:525/2750 train_time:1204.395s step_avg:2294.09ms
step:526/2750 train_time:1206.675s step_avg:2294.06ms
step:527/2750 train_time:1208.960s step_avg:2294.04ms
step:528/2750 train_time:1211.251s step_avg:2294.04ms
step:529/2750 train_time:1213.531s step_avg:2294.01ms
step:530/2750 train_time:1215.815s step_avg:2293.99ms
step:531/2750 train_time:1218.104s step_avg:2293.98ms
step:532/2750 train_time:1220.384s step_avg:2293.95ms
step:533/2750 train_time:1222.673s step_avg:2293.95ms
step:534/2750 train_time:1224.961s step_avg:2293.93ms
step:535/2750 train_time:1227.245s step_avg:2293.92ms
step:536/2750 train_time:1229.532s step_avg:2293.90ms
step:537/2750 train_time:1231.818s step_avg:2293.89ms
step:538/2750 train_time:1234.099s step_avg:2293.86ms
step:539/2750 train_time:1236.387s step_avg:2293.85ms
step:540/2750 train_time:1238.672s step_avg:2293.84ms
step:541/2750 train_time:1240.962s step_avg:2293.83ms
step:542/2750 train_time:1243.249s step_avg:2293.82ms
step:543/2750 train_time:1245.533s step_avg:2293.80ms
step:544/2750 train_time:1247.815s step_avg:2293.78ms
step:545/2750 train_time:1250.101s step_avg:2293.76ms
step:546/2750 train_time:1252.385s step_avg:2293.75ms
step:547/2750 train_time:1254.670s step_avg:2293.73ms
step:548/2750 train_time:1256.959s step_avg:2293.72ms
step:549/2750 train_time:1259.245s step_avg:2293.71ms
step:550/2750 train_time:1261.526s step_avg:2293.68ms
step:551/2750 train_time:1263.813s step_avg:2293.67ms
step:552/2750 train_time:1266.103s step_avg:2293.66ms
step:553/2750 train_time:1268.387s step_avg:2293.65ms
step:554/2750 train_time:1270.671s step_avg:2293.63ms
step:555/2750 train_time:1272.956s step_avg:2293.61ms
step:556/2750 train_time:1275.244s step_avg:2293.60ms
step:557/2750 train_time:1277.528s step_avg:2293.59ms
step:558/2750 train_time:1279.814s step_avg:2293.57ms
step:559/2750 train_time:1282.104s step_avg:2293.57ms
step:560/2750 train_time:1284.390s step_avg:2293.55ms
step:561/2750 train_time:1286.677s step_avg:2293.54ms
step:562/2750 train_time:1288.966s step_avg:2293.53ms
step:563/2750 train_time:1291.246s step_avg:2293.51ms
step:564/2750 train_time:1293.532s step_avg:2293.50ms
step:565/2750 train_time:1295.816s step_avg:2293.48ms
step:566/2750 train_time:1298.100s step_avg:2293.46ms
step:567/2750 train_time:1300.386s step_avg:2293.45ms
step:568/2750 train_time:1302.672s step_avg:2293.44ms
step:569/2750 train_time:1304.956s step_avg:2293.42ms
step:570/2750 train_time:1307.243s step_avg:2293.41ms
step:571/2750 train_time:1309.545s step_avg:2293.42ms
step:572/2750 train_time:1311.831s step_avg:2293.41ms
step:573/2750 train_time:1314.118s step_avg:2293.40ms
step:574/2750 train_time:1316.404s step_avg:2293.39ms
step:575/2750 train_time:1318.690s step_avg:2293.37ms
step:576/2750 train_time:1320.974s step_avg:2293.36ms
step:577/2750 train_time:1323.261s step_avg:2293.35ms
step:578/2750 train_time:1325.545s step_avg:2293.33ms
step:579/2750 train_time:1327.831s step_avg:2293.32ms
step:580/2750 train_time:1330.118s step_avg:2293.31ms
step:581/2750 train_time:1332.400s step_avg:2293.29ms
step:582/2750 train_time:1334.685s step_avg:2293.27ms
step:583/2750 train_time:1336.972s step_avg:2293.26ms
step:584/2750 train_time:1339.257s step_avg:2293.25ms
step:585/2750 train_time:1341.545s step_avg:2293.24ms
step:586/2750 train_time:1343.831s step_avg:2293.23ms
step:587/2750 train_time:1346.114s step_avg:2293.21ms
step:588/2750 train_time:1348.399s step_avg:2293.19ms
step:589/2750 train_time:1350.686s step_avg:2293.19ms
step:590/2750 train_time:1352.970s step_avg:2293.17ms
step:591/2750 train_time:1355.257s step_avg:2293.16ms
step:592/2750 train_time:1357.549s step_avg:2293.16ms
step:593/2750 train_time:1359.831s step_avg:2293.14ms
step:594/2750 train_time:1362.114s step_avg:2293.12ms
step:595/2750 train_time:1364.401s step_avg:2293.11ms
step:596/2750 train_time:1366.680s step_avg:2293.09ms
step:597/2750 train_time:1368.966s step_avg:2293.08ms
step:598/2750 train_time:1371.247s step_avg:2293.06ms
step:599/2750 train_time:1373.531s step_avg:2293.04ms
step:600/2750 train_time:1375.817s step_avg:2293.03ms
step:601/2750 train_time:1378.103s step_avg:2293.02ms
step:602/2750 train_time:1380.387s step_avg:2293.00ms
step:603/2750 train_time:1382.673s step_avg:2292.99ms
step:604/2750 train_time:1384.961s step_avg:2292.98ms
step:605/2750 train_time:1387.248s step_avg:2292.97ms
step:606/2750 train_time:1389.535s step_avg:2292.96ms
step:607/2750 train_time:1391.822s step_avg:2292.95ms
step:608/2750 train_time:1394.106s step_avg:2292.94ms
step:609/2750 train_time:1396.394s step_avg:2292.93ms
step:610/2750 train_time:1398.678s step_avg:2292.91ms
step:611/2750 train_time:1400.965s step_avg:2292.90ms
step:612/2750 train_time:1403.249s step_avg:2292.89ms
step:613/2750 train_time:1405.535s step_avg:2292.88ms
step:614/2750 train_time:1407.821s step_avg:2292.87ms
step:615/2750 train_time:1410.107s step_avg:2292.86ms
step:616/2750 train_time:1412.393s step_avg:2292.85ms
step:617/2750 train_time:1414.675s step_avg:2292.83ms
step:618/2750 train_time:1416.955s step_avg:2292.81ms
step:619/2750 train_time:1419.239s step_avg:2292.79ms
step:620/2750 train_time:1421.528s step_avg:2292.79ms
step:621/2750 train_time:1423.811s step_avg:2292.77ms
step:622/2750 train_time:1426.098s step_avg:2292.76ms
step:623/2750 train_time:1428.388s step_avg:2292.76ms
step:624/2750 train_time:1430.670s step_avg:2292.74ms
step:625/2750 train_time:1432.959s step_avg:2292.73ms
step:625/2750 val_loss:3.73226 train_time:1432.959s step_avg:2285.72ms
step:626/2750 train_time:1435.255s step_avg:2292.74ms
step:627/2750 train_time:1437.541s step_avg:2292.73ms
step:628/2750 train_time:1439.832s step_avg:2292.73ms
step:629/2750 train_time:1442.115s step_avg:2292.71ms
step:630/2750 train_time:1444.405s step_avg:2292.71ms
step:631/2750 train_time:1446.695s step_avg:2292.70ms
step:632/2750 train_time:1448.983s step_avg:2292.69ms
step:633/2750 train_time:1451.261s step_avg:2292.67ms
step:634/2750 train_time:1453.548s step_avg:2292.66ms
step:635/2750 train_time:1455.833s step_avg:2292.65ms
step:636/2750 train_time:1458.115s step_avg:2292.63ms
step:637/2750 train_time:1460.406s step_avg:2292.63ms
step:638/2750 train_time:1462.689s step_avg:2292.62ms
step:639/2750 train_time:1464.972s step_avg:2292.60ms
step:640/2750 train_time:1467.258s step_avg:2292.59ms
step:641/2750 train_time:1469.546s step_avg:2292.58ms
step:642/2750 train_time:1471.833s step_avg:2292.57ms
step:643/2750 train_time:1474.122s step_avg:2292.57ms
step:644/2750 train_time:1476.409s step_avg:2292.56ms
step:645/2750 train_time:1478.702s step_avg:2292.56ms
step:646/2750 train_time:1480.990s step_avg:2292.55ms
step:647/2750 train_time:1483.271s step_avg:2292.54ms
step:648/2750 train_time:1485.556s step_avg:2292.53ms
step:649/2750 train_time:1487.842s step_avg:2292.51ms
step:650/2750 train_time:1490.127s step_avg:2292.50ms
step:651/2750 train_time:1492.410s step_avg:2292.49ms
step:652/2750 train_time:1494.696s step_avg:2292.48ms
step:653/2750 train_time:1496.979s step_avg:2292.46ms
step:654/2750 train_time:1499.263s step_avg:2292.45ms
step:655/2750 train_time:1501.545s step_avg:2292.44ms
step:656/2750 train_time:1503.827s step_avg:2292.42ms
step:657/2750 train_time:1506.117s step_avg:2292.42ms
step:658/2750 train_time:1508.400s step_avg:2292.40ms
step:659/2750 train_time:1510.692s step_avg:2292.40ms
step:660/2750 train_time:1512.981s step_avg:2292.39ms
step:661/2750 train_time:1515.267s step_avg:2292.39ms
step:662/2750 train_time:1517.556s step_avg:2292.38ms
step:663/2750 train_time:1519.842s step_avg:2292.37ms
step:664/2750 train_time:1522.127s step_avg:2292.36ms
step:665/2750 train_time:1524.411s step_avg:2292.35ms
step:666/2750 train_time:1526.698s step_avg:2292.34ms
step:667/2750 train_time:1528.981s step_avg:2292.33ms
step:668/2750 train_time:1531.267s step_avg:2292.32ms
step:669/2750 train_time:1533.554s step_avg:2292.31ms
step:670/2750 train_time:1535.838s step_avg:2292.30ms
step:671/2750 train_time:1538.123s step_avg:2292.28ms
step:672/2750 train_time:1540.414s step_avg:2292.28ms
step:673/2750 train_time:1542.693s step_avg:2292.26ms
step:674/2750 train_time:1544.978s step_avg:2292.25ms
step:675/2750 train_time:1547.269s step_avg:2292.25ms
step:676/2750 train_time:1549.549s step_avg:2292.23ms
step:677/2750 train_time:1551.839s step_avg:2292.23ms
step:678/2750 train_time:1554.131s step_avg:2292.23ms
step:679/2750 train_time:1556.414s step_avg:2292.21ms
step:680/2750 train_time:1558.701s step_avg:2292.21ms
step:681/2750 train_time:1560.992s step_avg:2292.21ms
step:682/2750 train_time:1563.271s step_avg:2292.19ms
step:683/2750 train_time:1565.557s step_avg:2292.18ms
step:684/2750 train_time:1567.847s step_avg:2292.17ms
step:685/2750 train_time:1570.130s step_avg:2292.16ms
step:686/2750 train_time:1572.418s step_avg:2292.15ms
step:687/2750 train_time:1574.706s step_avg:2292.15ms
step:688/2750 train_time:1576.983s step_avg:2292.13ms
step:689/2750 train_time:1579.270s step_avg:2292.12ms
step:690/2750 train_time:1581.553s step_avg:2292.11ms
step:691/2750 train_time:1583.834s step_avg:2292.09ms
step:692/2750 train_time:1586.120s step_avg:2292.08ms
step:693/2750 train_time:1588.408s step_avg:2292.08ms
step:694/2750 train_time:1590.693s step_avg:2292.07ms
step:695/2750 train_time:1592.977s step_avg:2292.05ms
step:696/2750 train_time:1595.266s step_avg:2292.05ms
step:697/2750 train_time:1597.552s step_avg:2292.04ms
step:698/2750 train_time:1599.836s step_avg:2292.03ms
step:699/2750 train_time:1602.117s step_avg:2292.01ms
step:700/2750 train_time:1604.401s step_avg:2292.00ms
step:701/2750 train_time:1606.687s step_avg:2291.99ms
step:702/2750 train_time:1608.971s step_avg:2291.98ms
step:703/2750 train_time:1611.256s step_avg:2291.97ms
step:704/2750 train_time:1613.537s step_avg:2291.96ms
step:705/2750 train_time:1615.822s step_avg:2291.95ms
step:706/2750 train_time:1618.111s step_avg:2291.94ms
step:707/2750 train_time:1620.392s step_avg:2291.93ms
step:708/2750 train_time:1622.676s step_avg:2291.92ms
step:709/2750 train_time:1624.962s step_avg:2291.91ms
step:710/2750 train_time:1627.248s step_avg:2291.90ms
step:711/2750 train_time:1629.537s step_avg:2291.89ms
step:712/2750 train_time:1631.828s step_avg:2291.89ms
step:713/2750 train_time:1634.109s step_avg:2291.88ms
step:714/2750 train_time:1636.398s step_avg:2291.87ms
step:715/2750 train_time:1638.687s step_avg:2291.87ms
step:716/2750 train_time:1640.968s step_avg:2291.85ms
step:717/2750 train_time:1643.258s step_avg:2291.85ms
step:718/2750 train_time:1645.545s step_avg:2291.85ms
step:719/2750 train_time:1647.828s step_avg:2291.83ms
step:720/2750 train_time:1650.117s step_avg:2291.83ms
step:721/2750 train_time:1652.407s step_avg:2291.83ms
step:722/2750 train_time:1654.690s step_avg:2291.81ms
step:723/2750 train_time:1656.978s step_avg:2291.81ms
step:724/2750 train_time:1659.267s step_avg:2291.80ms
step:725/2750 train_time:1661.550s step_avg:2291.79ms
step:726/2750 train_time:1663.836s step_avg:2291.79ms
step:727/2750 train_time:1666.122s step_avg:2291.78ms
step:728/2750 train_time:1668.412s step_avg:2291.77ms
step:729/2750 train_time:1670.698s step_avg:2291.77ms
step:730/2750 train_time:1672.987s step_avg:2291.76ms
step:731/2750 train_time:1675.265s step_avg:2291.74ms
step:732/2750 train_time:1677.553s step_avg:2291.74ms
step:733/2750 train_time:1679.839s step_avg:2291.73ms
step:734/2750 train_time:1682.126s step_avg:2291.72ms
step:735/2750 train_time:1684.415s step_avg:2291.72ms
step:736/2750 train_time:1686.703s step_avg:2291.72ms
step:737/2750 train_time:1688.982s step_avg:2291.70ms
step:738/2750 train_time:1691.271s step_avg:2291.69ms
step:739/2750 train_time:1693.553s step_avg:2291.68ms
step:740/2750 train_time:1695.837s step_avg:2291.67ms
step:741/2750 train_time:1698.122s step_avg:2291.66ms
step:742/2750 train_time:1700.407s step_avg:2291.65ms
step:743/2750 train_time:1702.689s step_avg:2291.64ms
step:744/2750 train_time:1704.977s step_avg:2291.64ms
step:745/2750 train_time:1707.265s step_avg:2291.63ms
step:746/2750 train_time:1709.550s step_avg:2291.62ms
step:747/2750 train_time:1711.838s step_avg:2291.62ms
step:748/2750 train_time:1714.126s step_avg:2291.61ms
step:749/2750 train_time:1716.412s step_avg:2291.60ms
step:750/2750 train_time:1718.698s step_avg:2291.60ms
step:750/2750 val_loss:3.68691 train_time:1718.698s step_avg:2285.91ms
step:751/2750 train_time:1720.994s step_avg:2291.60ms
step:752/2750 train_time:1723.284s step_avg:2291.60ms
step:753/2750 train_time:1725.568s step_avg:2291.59ms
step:754/2750 train_time:1727.854s step_avg:2291.58ms
step:755/2750 train_time:1730.140s step_avg:2291.58ms
step:756/2750 train_time:1732.423s step_avg:2291.56ms
step:757/2750 train_time:1734.708s step_avg:2291.56ms
step:758/2750 train_time:1736.999s step_avg:2291.55ms
step:759/2750 train_time:1739.280s step_avg:2291.54ms
step:760/2750 train_time:1741.567s step_avg:2291.54ms
step:761/2750 train_time:1743.872s step_avg:2291.55ms
step:762/2750 train_time:1746.164s step_avg:2291.55ms
step:763/2750 train_time:1748.452s step_avg:2291.55ms
step:764/2750 train_time:1750.738s step_avg:2291.54ms
step:765/2750 train_time:1753.026s step_avg:2291.54ms
step:766/2750 train_time:1755.311s step_avg:2291.53ms
step:767/2750 train_time:1757.595s step_avg:2291.52ms
step:768/2750 train_time:1759.881s step_avg:2291.51ms
step:769/2750 train_time:1762.162s step_avg:2291.50ms
step:770/2750 train_time:1764.447s step_avg:2291.49ms
step:771/2750 train_time:1766.731s step_avg:2291.48ms
step:772/2750 train_time:1769.018s step_avg:2291.47ms
step:773/2750 train_time:1771.305s step_avg:2291.47ms
step:774/2750 train_time:1773.584s step_avg:2291.45ms
step:775/2750 train_time:1775.870s step_avg:2291.45ms
step:776/2750 train_time:1778.159s step_avg:2291.44ms
step:777/2750 train_time:1780.441s step_avg:2291.43ms
step:778/2750 train_time:1782.727s step_avg:2291.42ms
step:779/2750 train_time:1785.014s step_avg:2291.42ms
step:780/2750 train_time:1787.297s step_avg:2291.41ms
step:781/2750 train_time:1789.585s step_avg:2291.40ms
step:782/2750 train_time:1791.872s step_avg:2291.40ms
step:783/2750 train_time:1794.155s step_avg:2291.39ms
step:784/2750 train_time:1796.444s step_avg:2291.38ms
step:785/2750 train_time:1798.737s step_avg:2291.38ms
step:786/2750 train_time:1801.018s step_avg:2291.37ms
step:787/2750 train_time:1803.307s step_avg:2291.37ms
step:788/2750 train_time:1805.598s step_avg:2291.37ms
step:789/2750 train_time:1807.882s step_avg:2291.36ms
step:790/2750 train_time:1810.170s step_avg:2291.35ms
step:791/2750 train_time:1812.458s step_avg:2291.35ms
step:792/2750 train_time:1814.741s step_avg:2291.34ms
step:793/2750 train_time:1817.027s step_avg:2291.33ms
step:794/2750 train_time:1819.319s step_avg:2291.33ms
step:795/2750 train_time:1821.603s step_avg:2291.33ms
step:796/2750 train_time:1823.892s step_avg:2291.32ms
step:797/2750 train_time:1826.183s step_avg:2291.32ms
step:798/2750 train_time:1828.462s step_avg:2291.31ms
step:799/2750 train_time:1830.746s step_avg:2291.30ms
step:800/2750 train_time:1833.037s step_avg:2291.30ms
step:801/2750 train_time:1835.316s step_avg:2291.28ms
step:802/2750 train_time:1837.606s step_avg:2291.28ms
step:803/2750 train_time:1839.896s step_avg:2291.28ms
step:804/2750 train_time:1842.179s step_avg:2291.27ms
step:805/2750 train_time:1844.468s step_avg:2291.27ms
step:806/2750 train_time:1846.759s step_avg:2291.26ms
step:807/2750 train_time:1849.043s step_avg:2291.26ms
step:808/2750 train_time:1851.328s step_avg:2291.25ms
step:809/2750 train_time:1853.617s step_avg:2291.25ms
step:810/2750 train_time:1855.902s step_avg:2291.24ms
step:811/2750 train_time:1858.187s step_avg:2291.23ms
step:812/2750 train_time:1860.475s step_avg:2291.23ms
step:813/2750 train_time:1862.755s step_avg:2291.21ms
step:814/2750 train_time:1865.046s step_avg:2291.21ms
step:815/2750 train_time:1867.336s step_avg:2291.21ms
step:816/2750 train_time:1869.617s step_avg:2291.20ms
step:817/2750 train_time:1871.904s step_avg:2291.19ms
step:818/2750 train_time:1874.190s step_avg:2291.19ms
step:819/2750 train_time:1876.477s step_avg:2291.18ms
step:820/2750 train_time:1878.764s step_avg:2291.18ms
step:821/2750 train_time:1881.044s step_avg:2291.16ms
step:822/2750 train_time:1883.327s step_avg:2291.15ms
step:823/2750 train_time:1885.613s step_avg:2291.15ms
step:824/2750 train_time:1887.901s step_avg:2291.14ms
step:825/2750 train_time:1890.184s step_avg:2291.13ms
step:826/2750 train_time:1892.471s step_avg:2291.13ms
step:827/2750 train_time:1894.757s step_avg:2291.12ms
step:828/2750 train_time:1897.042s step_avg:2291.11ms
step:829/2750 train_time:1899.333s step_avg:2291.11ms
step:830/2750 train_time:1901.617s step_avg:2291.11ms
step:831/2750 train_time:1903.901s step_avg:2291.10ms
step:832/2750 train_time:1906.189s step_avg:2291.09ms
step:833/2750 train_time:1908.477s step_avg:2291.09ms
step:834/2750 train_time:1910.761s step_avg:2291.08ms
step:835/2750 train_time:1913.048s step_avg:2291.08ms
step:836/2750 train_time:1915.336s step_avg:2291.07ms
step:837/2750 train_time:1917.622s step_avg:2291.07ms
step:838/2750 train_time:1919.908s step_avg:2291.06ms
step:839/2750 train_time:1922.199s step_avg:2291.06ms
step:840/2750 train_time:1924.485s step_avg:2291.05ms
step:841/2750 train_time:1926.777s step_avg:2291.05ms
step:842/2750 train_time:1929.062s step_avg:2291.05ms
step:843/2750 train_time:1931.348s step_avg:2291.04ms
step:844/2750 train_time:1933.631s step_avg:2291.03ms
step:845/2750 train_time:1935.919s step_avg:2291.03ms
step:846/2750 train_time:1938.204s step_avg:2291.02ms
step:847/2750 train_time:1940.493s step_avg:2291.02ms
step:848/2750 train_time:1942.779s step_avg:2291.01ms
step:849/2750 train_time:1945.059s step_avg:2291.00ms
step:850/2750 train_time:1947.343s step_avg:2290.99ms
step:851/2750 train_time:1949.628s step_avg:2290.98ms
step:852/2750 train_time:1951.914s step_avg:2290.98ms
step:853/2750 train_time:1954.197s step_avg:2290.97ms
step:854/2750 train_time:1956.482s step_avg:2290.96ms
step:855/2750 train_time:1958.767s step_avg:2290.96ms
step:856/2750 train_time:1961.052s step_avg:2290.95ms
step:857/2750 train_time:1963.336s step_avg:2290.94ms
step:858/2750 train_time:1965.624s step_avg:2290.94ms
step:859/2750 train_time:1967.907s step_avg:2290.93ms
step:860/2750 train_time:1970.194s step_avg:2290.92ms
step:861/2750 train_time:1972.484s step_avg:2290.92ms
step:862/2750 train_time:1974.766s step_avg:2290.91ms
step:863/2750 train_time:1977.054s step_avg:2290.91ms
step:864/2750 train_time:1979.342s step_avg:2290.91ms
step:865/2750 train_time:1981.628s step_avg:2290.90ms
step:866/2750 train_time:1983.913s step_avg:2290.89ms
step:867/2750 train_time:1986.204s step_avg:2290.89ms
step:868/2750 train_time:1988.486s step_avg:2290.88ms
step:869/2750 train_time:1990.775s step_avg:2290.88ms
step:870/2750 train_time:1993.064s step_avg:2290.88ms
step:871/2750 train_time:1995.345s step_avg:2290.87ms
step:872/2750 train_time:1997.632s step_avg:2290.86ms
step:873/2750 train_time:1999.922s step_avg:2290.86ms
step:874/2750 train_time:2002.204s step_avg:2290.85ms
step:875/2750 train_time:2004.489s step_avg:2290.84ms
step:875/2750 val_loss:3.64720 train_time:2004.489s step_avg:2286.33ms
step:876/2750 train_time:2006.782s step_avg:2290.85ms
step:877/2750 train_time:2009.068s step_avg:2290.84ms
step:878/2750 train_time:2011.358s step_avg:2290.84ms
step:879/2750 train_time:2013.645s step_avg:2290.84ms
step:880/2750 train_time:2015.931s step_avg:2290.83ms
step:881/2750 train_time:2018.219s step_avg:2290.83ms
step:882/2750 train_time:2020.504s step_avg:2290.82ms
step:883/2750 train_time:2022.789s step_avg:2290.81ms
step:884/2750 train_time:2025.079s step_avg:2290.81ms
step:885/2750 train_time:2027.364s step_avg:2290.81ms
step:886/2750 train_time:2029.648s step_avg:2290.80ms
step:887/2750 train_time:2031.934s step_avg:2290.79ms
step:888/2750 train_time:2034.221s step_avg:2290.79ms
step:889/2750 train_time:2036.502s step_avg:2290.78ms
step:890/2750 train_time:2038.792s step_avg:2290.78ms
step:891/2750 train_time:2041.079s step_avg:2290.77ms
step:892/2750 train_time:2043.365s step_avg:2290.77ms
step:893/2750 train_time:2045.653s step_avg:2290.76ms
step:894/2750 train_time:2047.942s step_avg:2290.76ms
step:895/2750 train_time:2050.229s step_avg:2290.76ms
step:896/2750 train_time:2052.518s step_avg:2290.76ms
step:897/2750 train_time:2054.805s step_avg:2290.75ms
step:898/2750 train_time:2057.091s step_avg:2290.75ms
step:899/2750 train_time:2059.378s step_avg:2290.74ms
step:900/2750 train_time:2061.665s step_avg:2290.74ms
step:901/2750 train_time:2063.952s step_avg:2290.73ms
step:902/2750 train_time:2066.238s step_avg:2290.73ms
step:903/2750 train_time:2068.524s step_avg:2290.72ms
step:904/2750 train_time:2070.808s step_avg:2290.72ms
step:905/2750 train_time:2073.095s step_avg:2290.71ms
step:906/2750 train_time:2075.382s step_avg:2290.71ms
step:907/2750 train_time:2077.667s step_avg:2290.70ms
step:908/2750 train_time:2079.955s step_avg:2290.70ms
step:909/2750 train_time:2082.239s step_avg:2290.69ms
step:910/2750 train_time:2084.526s step_avg:2290.69ms
step:911/2750 train_time:2086.812s step_avg:2290.68ms
step:912/2750 train_time:2089.098s step_avg:2290.68ms
step:913/2750 train_time:2091.383s step_avg:2290.67ms
step:914/2750 train_time:2093.669s step_avg:2290.67ms
step:915/2750 train_time:2095.957s step_avg:2290.66ms
step:916/2750 train_time:2098.243s step_avg:2290.66ms
step:917/2750 train_time:2100.529s step_avg:2290.65ms
step:918/2750 train_time:2102.817s step_avg:2290.65ms
step:919/2750 train_time:2105.101s step_avg:2290.64ms
step:920/2750 train_time:2107.392s step_avg:2290.64ms
step:921/2750 train_time:2109.680s step_avg:2290.64ms
step:922/2750 train_time:2111.967s step_avg:2290.64ms
step:923/2750 train_time:2114.255s step_avg:2290.63ms
step:924/2750 train_time:2116.538s step_avg:2290.63ms
step:925/2750 train_time:2118.824s step_avg:2290.62ms
step:926/2750 train_time:2121.109s step_avg:2290.61ms
step:927/2750 train_time:2123.391s step_avg:2290.61ms
step:928/2750 train_time:2125.678s step_avg:2290.60ms
step:929/2750 train_time:2127.960s step_avg:2290.59ms
step:930/2750 train_time:2130.244s step_avg:2290.59ms
step:931/2750 train_time:2132.532s step_avg:2290.58ms
step:932/2750 train_time:2134.815s step_avg:2290.57ms
step:933/2750 train_time:2137.096s step_avg:2290.56ms
step:934/2750 train_time:2139.386s step_avg:2290.56ms
step:935/2750 train_time:2141.668s step_avg:2290.55ms
step:936/2750 train_time:2143.957s step_avg:2290.55ms
step:937/2750 train_time:2146.248s step_avg:2290.55ms
step:938/2750 train_time:2148.528s step_avg:2290.54ms
step:939/2750 train_time:2150.814s step_avg:2290.54ms
step:940/2750 train_time:2153.100s step_avg:2290.53ms
step:941/2750 train_time:2155.382s step_avg:2290.52ms
step:942/2750 train_time:2157.674s step_avg:2290.52ms
step:943/2750 train_time:2159.961s step_avg:2290.52ms
step:944/2750 train_time:2162.244s step_avg:2290.51ms
step:945/2750 train_time:2164.530s step_avg:2290.51ms
step:946/2750 train_time:2166.812s step_avg:2290.50ms
step:947/2750 train_time:2169.100s step_avg:2290.50ms
step:948/2750 train_time:2171.389s step_avg:2290.49ms
step:949/2750 train_time:2173.671s step_avg:2290.49ms
step:950/2750 train_time:2175.957s step_avg:2290.48ms
step:951/2750 train_time:2178.261s step_avg:2290.50ms
step:952/2750 train_time:2180.552s step_avg:2290.50ms
step:953/2750 train_time:2182.831s step_avg:2290.48ms
step:954/2750 train_time:2185.118s step_avg:2290.48ms
step:955/2750 train_time:2187.407s step_avg:2290.48ms
step:956/2750 train_time:2189.687s step_avg:2290.47ms
step:957/2750 train_time:2191.973s step_avg:2290.46ms
step:958/2750 train_time:2194.264s step_avg:2290.46ms
step:959/2750 train_time:2196.547s step_avg:2290.46ms
step:960/2750 train_time:2198.833s step_avg:2290.45ms
step:961/2750 train_time:2201.122s step_avg:2290.45ms
step:962/2750 train_time:2203.403s step_avg:2290.44ms
step:963/2750 train_time:2205.689s step_avg:2290.44ms
step:964/2750 train_time:2207.971s step_avg:2290.43ms
step:965/2750 train_time:2210.259s step_avg:2290.42ms
step:966/2750 train_time:2212.553s step_avg:2290.43ms
step:967/2750 train_time:2214.840s step_avg:2290.42ms
step:968/2750 train_time:2217.117s step_avg:2290.41ms
step:969/2750 train_time:2219.404s step_avg:2290.41ms
step:970/2750 train_time:2221.688s step_avg:2290.40ms
step:971/2750 train_time:2223.972s step_avg:2290.39ms
step:972/2750 train_time:2226.262s step_avg:2290.39ms
step:973/2750 train_time:2228.544s step_avg:2290.38ms
step:974/2750 train_time:2230.830s step_avg:2290.38ms
step:975/2750 train_time:2233.119s step_avg:2290.38ms
step:976/2750 train_time:2235.403s step_avg:2290.37ms
step:977/2750 train_time:2237.686s step_avg:2290.36ms
step:978/2750 train_time:2239.970s step_avg:2290.36ms
step:979/2750 train_time:2242.259s step_avg:2290.36ms
step:980/2750 train_time:2244.544s step_avg:2290.35ms
step:981/2750 train_time:2246.831s step_avg:2290.35ms
step:982/2750 train_time:2249.118s step_avg:2290.34ms
step:983/2750 train_time:2251.402s step_avg:2290.34ms
step:984/2750 train_time:2253.686s step_avg:2290.33ms
step:985/2750 train_time:2255.970s step_avg:2290.32ms
step:986/2750 train_time:2258.251s step_avg:2290.32ms
step:987/2750 train_time:2260.534s step_avg:2290.31ms
step:988/2750 train_time:2262.823s step_avg:2290.31ms
step:989/2750 train_time:2265.113s step_avg:2290.31ms
step:990/2750 train_time:2267.397s step_avg:2290.30ms
step:991/2750 train_time:2269.685s step_avg:2290.30ms
step:992/2750 train_time:2271.973s step_avg:2290.30ms
step:993/2750 train_time:2274.258s step_avg:2290.29ms
step:994/2750 train_time:2276.540s step_avg:2290.28ms
step:995/2750 train_time:2278.828s step_avg:2290.28ms
step:996/2750 train_time:2281.110s step_avg:2290.27ms
step:997/2750 train_time:2283.396s step_avg:2290.27ms
step:998/2750 train_time:2285.687s step_avg:2290.27ms
step:999/2750 train_time:2287.969s step_avg:2290.26ms
step:1000/2750 train_time:2290.255s step_avg:2290.25ms
step:1000/2750 val_loss:3.60791 train_time:2290.255s step_avg:2286.13ms
step:1001/2750 train_time:2292.550s step_avg:2290.26ms
step:1002/2750 train_time:2294.838s step_avg:2290.26ms
step:1003/2750 train_time:2297.127s step_avg:2290.26ms
step:1004/2750 train_time:2299.412s step_avg:2290.25ms
step:1005/2750 train_time:2301.691s step_avg:2290.24ms
step:1006/2750 train_time:2303.975s step_avg:2290.23ms
step:1007/2750 train_time:2306.274s step_avg:2290.24ms
step:1008/2750 train_time:2308.558s step_avg:2290.24ms
step:1009/2750 train_time:2310.846s step_avg:2290.23ms
step:1010/2750 train_time:2313.135s step_avg:2290.23ms
step:1011/2750 train_time:2315.424s step_avg:2290.23ms
step:1012/2750 train_time:2317.714s step_avg:2290.23ms
step:1013/2750 train_time:2320.001s step_avg:2290.23ms
step:1014/2750 train_time:2322.288s step_avg:2290.22ms
step:1015/2750 train_time:2324.578s step_avg:2290.22ms
step:1016/2750 train_time:2326.865s step_avg:2290.22ms
step:1017/2750 train_time:2329.150s step_avg:2290.22ms
step:1018/2750 train_time:2331.438s step_avg:2290.21ms
step:1019/2750 train_time:2333.725s step_avg:2290.21ms
step:1020/2750 train_time:2336.007s step_avg:2290.20ms
step:1021/2750 train_time:2338.294s step_avg:2290.20ms
step:1022/2750 train_time:2340.578s step_avg:2290.19ms
step:1023/2750 train_time:2342.864s step_avg:2290.19ms
step:1024/2750 train_time:2345.154s step_avg:2290.19ms
step:1025/2750 train_time:2347.436s step_avg:2290.18ms
step:1026/2750 train_time:2349.723s step_avg:2290.18ms
step:1027/2750 train_time:2352.013s step_avg:2290.18ms
step:1028/2750 train_time:2354.296s step_avg:2290.17ms
step:1029/2750 train_time:2356.581s step_avg:2290.17ms
step:1030/2750 train_time:2358.868s step_avg:2290.16ms
step:1031/2750 train_time:2361.151s step_avg:2290.16ms
step:1032/2750 train_time:2363.432s step_avg:2290.15ms
step:1033/2750 train_time:2365.719s step_avg:2290.14ms
step:1034/2750 train_time:2368.007s step_avg:2290.14ms
step:1035/2750 train_time:2370.293s step_avg:2290.14ms
step:1036/2750 train_time:2372.579s step_avg:2290.13ms
step:1037/2750 train_time:2374.868s step_avg:2290.13ms
step:1038/2750 train_time:2377.154s step_avg:2290.13ms
step:1039/2750 train_time:2379.439s step_avg:2290.12ms
step:1040/2750 train_time:2381.726s step_avg:2290.12ms
step:1041/2750 train_time:2384.012s step_avg:2290.12ms
step:1042/2750 train_time:2386.299s step_avg:2290.11ms
step:1043/2750 train_time:2388.587s step_avg:2290.11ms
step:1044/2750 train_time:2390.874s step_avg:2290.11ms
step:1045/2750 train_time:2393.158s step_avg:2290.10ms
step:1046/2750 train_time:2395.444s step_avg:2290.10ms
step:1047/2750 train_time:2397.729s step_avg:2290.09ms
step:1048/2750 train_time:2400.013s step_avg:2290.09ms
step:1049/2750 train_time:2402.298s step_avg:2290.08ms
step:1050/2750 train_time:2404.583s step_avg:2290.08ms
step:1051/2750 train_time:2406.870s step_avg:2290.08ms
step:1052/2750 train_time:2409.154s step_avg:2290.07ms
step:1053/2750 train_time:2411.441s step_avg:2290.07ms
step:1054/2750 train_time:2413.727s step_avg:2290.06ms
step:1055/2750 train_time:2416.012s step_avg:2290.06ms
step:1056/2750 train_time:2418.299s step_avg:2290.06ms
step:1057/2750 train_time:2420.589s step_avg:2290.06ms
step:1058/2750 train_time:2422.874s step_avg:2290.05ms
step:1059/2750 train_time:2425.164s step_avg:2290.05ms
step:1060/2750 train_time:2427.451s step_avg:2290.05ms
step:1061/2750 train_time:2429.736s step_avg:2290.04ms
step:1062/2750 train_time:2432.023s step_avg:2290.04ms
step:1063/2750 train_time:2434.307s step_avg:2290.03ms
step:1064/2750 train_time:2436.592s step_avg:2290.03ms
step:1065/2750 train_time:2438.877s step_avg:2290.03ms
step:1066/2750 train_time:2441.159s step_avg:2290.02ms
step:1067/2750 train_time:2443.443s step_avg:2290.01ms
step:1068/2750 train_time:2445.730s step_avg:2290.01ms
step:1069/2750 train_time:2448.010s step_avg:2290.00ms
step:1070/2750 train_time:2450.302s step_avg:2290.00ms
step:1071/2750 train_time:2452.589s step_avg:2290.00ms
step:1072/2750 train_time:2454.865s step_avg:2289.99ms
step:1073/2750 train_time:2457.153s step_avg:2289.98ms
step:1074/2750 train_time:2459.436s step_avg:2289.98ms
step:1075/2750 train_time:2461.722s step_avg:2289.97ms
step:1076/2750 train_time:2464.010s step_avg:2289.97ms
step:1077/2750 train_time:2466.293s step_avg:2289.97ms
step:1078/2750 train_time:2468.577s step_avg:2289.96ms
step:1079/2750 train_time:2470.861s step_avg:2289.95ms
step:1080/2750 train_time:2473.152s step_avg:2289.96ms
step:1081/2750 train_time:2475.436s step_avg:2289.95ms
step:1082/2750 train_time:2477.721s step_avg:2289.95ms
step:1083/2750 train_time:2480.007s step_avg:2289.94ms
step:1084/2750 train_time:2482.302s step_avg:2289.95ms
step:1085/2750 train_time:2484.591s step_avg:2289.95ms
step:1086/2750 train_time:2486.878s step_avg:2289.94ms
step:1087/2750 train_time:2489.161s step_avg:2289.94ms
step:1088/2750 train_time:2491.451s step_avg:2289.94ms
step:1089/2750 train_time:2493.735s step_avg:2289.93ms
step:1090/2750 train_time:2496.021s step_avg:2289.93ms
step:1091/2750 train_time:2498.311s step_avg:2289.93ms
step:1092/2750 train_time:2500.594s step_avg:2289.92ms
step:1093/2750 train_time:2502.877s step_avg:2289.91ms
step:1094/2750 train_time:2505.164s step_avg:2289.91ms
step:1095/2750 train_time:2507.452s step_avg:2289.91ms
step:1096/2750 train_time:2509.733s step_avg:2289.90ms
step:1097/2750 train_time:2512.021s step_avg:2289.90ms
step:1098/2750 train_time:2514.305s step_avg:2289.90ms
step:1099/2750 train_time:2516.590s step_avg:2289.89ms
step:1100/2750 train_time:2518.876s step_avg:2289.89ms
step:1101/2750 train_time:2521.162s step_avg:2289.88ms
step:1102/2750 train_time:2523.448s step_avg:2289.88ms
step:1103/2750 train_time:2525.733s step_avg:2289.88ms
step:1104/2750 train_time:2528.020s step_avg:2289.87ms
step:1105/2750 train_time:2530.304s step_avg:2289.87ms
step:1106/2750 train_time:2532.585s step_avg:2289.86ms
step:1107/2750 train_time:2534.871s step_avg:2289.86ms
step:1108/2750 train_time:2537.157s step_avg:2289.85ms
step:1109/2750 train_time:2539.439s step_avg:2289.85ms
step:1110/2750 train_time:2541.724s step_avg:2289.84ms
step:1111/2750 train_time:2544.014s step_avg:2289.84ms
step:1112/2750 train_time:2546.297s step_avg:2289.83ms
step:1113/2750 train_time:2548.584s step_avg:2289.83ms
step:1114/2750 train_time:2550.873s step_avg:2289.83ms
step:1115/2750 train_time:2553.158s step_avg:2289.83ms
step:1116/2750 train_time:2555.447s step_avg:2289.83ms
step:1117/2750 train_time:2557.737s step_avg:2289.83ms
step:1118/2750 train_time:2560.022s step_avg:2289.82ms
step:1119/2750 train_time:2562.305s step_avg:2289.82ms
step:1120/2750 train_time:2564.595s step_avg:2289.82ms
step:1121/2750 train_time:2566.878s step_avg:2289.81ms
step:1122/2750 train_time:2569.164s step_avg:2289.81ms
step:1123/2750 train_time:2571.452s step_avg:2289.81ms
step:1124/2750 train_time:2573.735s step_avg:2289.80ms
step:1125/2750 train_time:2576.022s step_avg:2289.80ms
step:1125/2750 val_loss:3.58251 train_time:2576.023s step_avg:2286.14ms
step:1126/2750 train_time:2578.316s step_avg:2289.80ms
step:1127/2750 train_time:2580.600s step_avg:2289.80ms
step:1128/2750 train_time:2582.885s step_avg:2289.79ms
step:1129/2750 train_time:2585.170s step_avg:2289.79ms
step:1130/2750 train_time:2587.457s step_avg:2289.79ms
step:1131/2750 train_time:2589.745s step_avg:2289.78ms
step:1132/2750 train_time:2592.034s step_avg:2289.78ms
step:1133/2750 train_time:2594.318s step_avg:2289.78ms
step:1134/2750 train_time:2596.606s step_avg:2289.78ms
step:1135/2750 train_time:2598.892s step_avg:2289.77ms
step:1136/2750 train_time:2601.177s step_avg:2289.77ms
step:1137/2750 train_time:2603.466s step_avg:2289.77ms
step:1138/2750 train_time:2605.750s step_avg:2289.76ms
step:1139/2750 train_time:2608.037s step_avg:2289.76ms
step:1140/2750 train_time:2610.323s step_avg:2289.76ms
step:1141/2750 train_time:2612.632s step_avg:2289.77ms
step:1142/2750 train_time:2614.915s step_avg:2289.77ms
step:1143/2750 train_time:2617.202s step_avg:2289.77ms
step:1144/2750 train_time:2619.492s step_avg:2289.77ms
step:1145/2750 train_time:2621.774s step_avg:2289.76ms
step:1146/2750 train_time:2624.062s step_avg:2289.76ms
step:1147/2750 train_time:2626.351s step_avg:2289.76ms
step:1148/2750 train_time:2628.635s step_avg:2289.75ms
step:1149/2750 train_time:2630.923s step_avg:2289.75ms
step:1150/2750 train_time:2633.216s step_avg:2289.75ms
step:1151/2750 train_time:2635.496s step_avg:2289.74ms
step:1152/2750 train_time:2637.782s step_avg:2289.74ms
step:1153/2750 train_time:2640.072s step_avg:2289.74ms
step:1154/2750 train_time:2642.354s step_avg:2289.74ms
step:1155/2750 train_time:2644.640s step_avg:2289.73ms
step:1156/2750 train_time:2646.923s step_avg:2289.73ms
step:1157/2750 train_time:2649.207s step_avg:2289.72ms
step:1158/2750 train_time:2651.496s step_avg:2289.72ms
step:1159/2750 train_time:2653.776s step_avg:2289.71ms
step:1160/2750 train_time:2656.060s step_avg:2289.71ms
step:1161/2750 train_time:2658.347s step_avg:2289.70ms
step:1162/2750 train_time:2660.632s step_avg:2289.70ms
step:1163/2750 train_time:2662.915s step_avg:2289.70ms
step:1164/2750 train_time:2665.202s step_avg:2289.69ms
step:1165/2750 train_time:2667.489s step_avg:2289.69ms
step:1166/2750 train_time:2669.776s step_avg:2289.69ms
step:1167/2750 train_time:2672.064s step_avg:2289.69ms
step:1168/2750 train_time:2674.352s step_avg:2289.68ms
step:1169/2750 train_time:2676.637s step_avg:2289.68ms
step:1170/2750 train_time:2678.926s step_avg:2289.68ms
step:1171/2750 train_time:2681.214s step_avg:2289.68ms
step:1172/2750 train_time:2683.502s step_avg:2289.68ms
step:1173/2750 train_time:2685.792s step_avg:2289.68ms
step:1174/2750 train_time:2688.078s step_avg:2289.67ms
step:1175/2750 train_time:2690.365s step_avg:2289.67ms
step:1176/2750 train_time:2692.653s step_avg:2289.67ms
step:1177/2750 train_time:2694.937s step_avg:2289.67ms
step:1178/2750 train_time:2697.223s step_avg:2289.66ms
step:1179/2750 train_time:2699.512s step_avg:2289.66ms
step:1180/2750 train_time:2701.799s step_avg:2289.66ms
step:1181/2750 train_time:2704.085s step_avg:2289.66ms
step:1182/2750 train_time:2706.372s step_avg:2289.65ms
step:1183/2750 train_time:2708.658s step_avg:2289.65ms
step:1184/2750 train_time:2710.942s step_avg:2289.65ms
step:1185/2750 train_time:2713.227s step_avg:2289.64ms
step:1186/2750 train_time:2715.513s step_avg:2289.64ms
step:1187/2750 train_time:2717.800s step_avg:2289.64ms
step:1188/2750 train_time:2720.087s step_avg:2289.64ms
step:1189/2750 train_time:2722.375s step_avg:2289.63ms
step:1190/2750 train_time:2724.663s step_avg:2289.63ms
step:1191/2750 train_time:2726.951s step_avg:2289.63ms
step:1192/2750 train_time:2729.240s step_avg:2289.63ms
step:1193/2750 train_time:2731.527s step_avg:2289.63ms
step:1194/2750 train_time:2733.815s step_avg:2289.63ms
step:1195/2750 train_time:2736.099s step_avg:2289.62ms
step:1196/2750 train_time:2738.383s step_avg:2289.62ms
step:1197/2750 train_time:2740.668s step_avg:2289.61ms
step:1198/2750 train_time:2742.953s step_avg:2289.61ms
step:1199/2750 train_time:2745.239s step_avg:2289.61ms
step:1200/2750 train_time:2747.534s step_avg:2289.61ms
step:1201/2750 train_time:2749.819s step_avg:2289.61ms
step:1202/2750 train_time:2752.104s step_avg:2289.60ms
step:1203/2750 train_time:2754.395s step_avg:2289.61ms
step:1204/2750 train_time:2756.678s step_avg:2289.60ms
step:1205/2750 train_time:2758.963s step_avg:2289.60ms
step:1206/2750 train_time:2761.250s step_avg:2289.59ms
step:1207/2750 train_time:2763.540s step_avg:2289.59ms
step:1208/2750 train_time:2765.829s step_avg:2289.59ms
step:1209/2750 train_time:2768.120s step_avg:2289.60ms
step:1210/2750 train_time:2770.406s step_avg:2289.59ms
step:1211/2750 train_time:2772.696s step_avg:2289.59ms
step:1212/2750 train_time:2774.985s step_avg:2289.59ms
step:1213/2750 train_time:2777.277s step_avg:2289.59ms
step:1214/2750 train_time:2779.561s step_avg:2289.59ms
step:1215/2750 train_time:2781.845s step_avg:2289.58ms
step:1216/2750 train_time:2784.135s step_avg:2289.58ms
step:1217/2750 train_time:2786.417s step_avg:2289.58ms
step:1218/2750 train_time:2788.707s step_avg:2289.58ms
step:1219/2750 train_time:2790.993s step_avg:2289.58ms
step:1220/2750 train_time:2793.277s step_avg:2289.57ms
step:1221/2750 train_time:2795.564s step_avg:2289.57ms
step:1222/2750 train_time:2797.855s step_avg:2289.57ms
step:1223/2750 train_time:2800.140s step_avg:2289.57ms
step:1224/2750 train_time:2802.429s step_avg:2289.57ms
step:1225/2750 train_time:2804.720s step_avg:2289.57ms
step:1226/2750 train_time:2807.001s step_avg:2289.56ms
step:1227/2750 train_time:2809.289s step_avg:2289.56ms
step:1228/2750 train_time:2811.579s step_avg:2289.56ms
step:1229/2750 train_time:2813.861s step_avg:2289.55ms
step:1230/2750 train_time:2816.144s step_avg:2289.55ms
step:1231/2750 train_time:2818.431s step_avg:2289.55ms
step:1232/2750 train_time:2820.715s step_avg:2289.54ms
step:1233/2750 train_time:2823.006s step_avg:2289.54ms
step:1234/2750 train_time:2825.296s step_avg:2289.54ms
step:1235/2750 train_time:2827.577s step_avg:2289.54ms
step:1236/2750 train_time:2829.866s step_avg:2289.54ms
step:1237/2750 train_time:2832.157s step_avg:2289.54ms
step:1238/2750 train_time:2834.441s step_avg:2289.53ms
step:1239/2750 train_time:2836.730s step_avg:2289.53ms
step:1240/2750 train_time:2839.018s step_avg:2289.53ms
step:1241/2750 train_time:2841.304s step_avg:2289.53ms
step:1242/2750 train_time:2843.592s step_avg:2289.53ms
step:1243/2750 train_time:2845.886s step_avg:2289.53ms
step:1244/2750 train_time:2848.171s step_avg:2289.53ms
step:1245/2750 train_time:2850.456s step_avg:2289.52ms
step:1246/2750 train_time:2852.745s step_avg:2289.52ms
step:1247/2750 train_time:2855.027s step_avg:2289.52ms
step:1248/2750 train_time:2857.315s step_avg:2289.52ms
step:1249/2750 train_time:2859.604s step_avg:2289.51ms
step:1250/2750 train_time:2861.885s step_avg:2289.51ms
step:1250/2750 val_loss:3.55198 train_time:2861.885s step_avg:2286.90ms
step:1251/2750 train_time:2864.182s step_avg:2289.51ms
step:1252/2750 train_time:2866.470s step_avg:2289.51ms
step:1253/2750 train_time:2868.761s step_avg:2289.51ms
step:1254/2750 train_time:2871.050s step_avg:2289.51ms
step:1255/2750 train_time:2873.338s step_avg:2289.51ms
step:1256/2750 train_time:2875.622s step_avg:2289.51ms
step:1257/2750 train_time:2877.910s step_avg:2289.51ms
step:1258/2750 train_time:2880.199s step_avg:2289.51ms
step:1259/2750 train_time:2882.483s step_avg:2289.50ms
step:1260/2750 train_time:2884.773s step_avg:2289.50ms
step:1261/2750 train_time:2887.064s step_avg:2289.50ms
step:1262/2750 train_time:2889.349s step_avg:2289.50ms
step:1263/2750 train_time:2891.637s step_avg:2289.50ms
step:1264/2750 train_time:2893.925s step_avg:2289.50ms
step:1265/2750 train_time:2896.206s step_avg:2289.49ms
step:1266/2750 train_time:2898.494s step_avg:2289.49ms
step:1267/2750 train_time:2900.784s step_avg:2289.49ms
step:1268/2750 train_time:2903.068s step_avg:2289.49ms
step:1269/2750 train_time:2905.356s step_avg:2289.48ms
step:1270/2750 train_time:2907.647s step_avg:2289.49ms
step:1271/2750 train_time:2909.931s step_avg:2289.48ms
step:1272/2750 train_time:2912.218s step_avg:2289.48ms
step:1273/2750 train_time:2914.506s step_avg:2289.48ms
step:1274/2750 train_time:2916.790s step_avg:2289.47ms
step:1275/2750 train_time:2919.076s step_avg:2289.47ms
step:1276/2750 train_time:2921.367s step_avg:2289.47ms
step:1277/2750 train_time:2923.648s step_avg:2289.47ms
step:1278/2750 train_time:2925.939s step_avg:2289.47ms
step:1279/2750 train_time:2928.229s step_avg:2289.47ms
step:1280/2750 train_time:2930.508s step_avg:2289.46ms
step:1281/2750 train_time:2932.794s step_avg:2289.46ms
step:1282/2750 train_time:2935.085s step_avg:2289.46ms
step:1283/2750 train_time:2937.366s step_avg:2289.45ms
step:1284/2750 train_time:2939.654s step_avg:2289.45ms
step:1285/2750 train_time:2941.945s step_avg:2289.45ms
step:1286/2750 train_time:2944.230s step_avg:2289.45ms
step:1287/2750 train_time:2946.515s step_avg:2289.44ms
step:1288/2750 train_time:2948.803s step_avg:2289.44ms
step:1289/2750 train_time:2951.087s step_avg:2289.44ms
step:1290/2750 train_time:2953.374s step_avg:2289.44ms
step:1291/2750 train_time:2955.662s step_avg:2289.44ms
step:1292/2750 train_time:2957.942s step_avg:2289.43ms
step:1293/2750 train_time:2960.231s step_avg:2289.43ms
step:1294/2750 train_time:2962.515s step_avg:2289.42ms
step:1295/2750 train_time:2964.799s step_avg:2289.42ms
step:1296/2750 train_time:2967.090s step_avg:2289.42ms
step:1297/2750 train_time:2969.383s step_avg:2289.42ms
step:1298/2750 train_time:2971.666s step_avg:2289.42ms
step:1299/2750 train_time:2973.951s step_avg:2289.42ms
step:1300/2750 train_time:2976.240s step_avg:2289.42ms
step:1301/2750 train_time:2978.522s step_avg:2289.41ms
step:1302/2750 train_time:2980.814s step_avg:2289.41ms
step:1303/2750 train_time:2983.104s step_avg:2289.41ms
step:1304/2750 train_time:2985.390s step_avg:2289.41ms
step:1305/2750 train_time:2987.675s step_avg:2289.41ms
step:1306/2750 train_time:2989.963s step_avg:2289.40ms
step:1307/2750 train_time:2992.245s step_avg:2289.40ms
step:1308/2750 train_time:2994.534s step_avg:2289.40ms
step:1309/2750 train_time:2996.825s step_avg:2289.40ms
step:1310/2750 train_time:2999.107s step_avg:2289.39ms
step:1311/2750 train_time:3001.395s step_avg:2289.39ms
step:1312/2750 train_time:3003.684s step_avg:2289.39ms
step:1313/2750 train_time:3005.966s step_avg:2289.39ms
step:1314/2750 train_time:3008.250s step_avg:2289.38ms
step:1315/2750 train_time:3010.540s step_avg:2289.38ms
step:1316/2750 train_time:3012.824s step_avg:2289.38ms
step:1317/2750 train_time:3015.114s step_avg:2289.38ms
step:1318/2750 train_time:3017.398s step_avg:2289.38ms
step:1319/2750 train_time:3019.683s step_avg:2289.37ms
step:1320/2750 train_time:3021.972s step_avg:2289.37ms
step:1321/2750 train_time:3024.260s step_avg:2289.37ms
step:1322/2750 train_time:3026.544s step_avg:2289.37ms
step:1323/2750 train_time:3028.831s step_avg:2289.37ms
step:1324/2750 train_time:3031.118s step_avg:2289.36ms
step:1325/2750 train_time:3033.403s step_avg:2289.36ms
step:1326/2750 train_time:3035.695s step_avg:2289.36ms
step:1327/2750 train_time:3037.986s step_avg:2289.36ms
step:1328/2750 train_time:3040.271s step_avg:2289.36ms
step:1329/2750 train_time:3042.556s step_avg:2289.36ms
step:1330/2750 train_time:3044.842s step_avg:2289.35ms
step:1331/2750 train_time:3047.144s step_avg:2289.36ms
step:1332/2750 train_time:3049.429s step_avg:2289.36ms
step:1333/2750 train_time:3051.712s step_avg:2289.36ms
step:1334/2750 train_time:3053.993s step_avg:2289.35ms
step:1335/2750 train_time:3056.277s step_avg:2289.35ms
step:1336/2750 train_time:3058.565s step_avg:2289.34ms
step:1337/2750 train_time:3060.850s step_avg:2289.34ms
step:1338/2750 train_time:3063.136s step_avg:2289.34ms
step:1339/2750 train_time:3065.429s step_avg:2289.34ms
step:1340/2750 train_time:3067.712s step_avg:2289.34ms
step:1341/2750 train_time:3069.999s step_avg:2289.34ms
step:1342/2750 train_time:3072.289s step_avg:2289.34ms
step:1343/2750 train_time:3074.571s step_avg:2289.33ms
step:1344/2750 train_time:3076.855s step_avg:2289.33ms
step:1345/2750 train_time:3079.146s step_avg:2289.33ms
step:1346/2750 train_time:3081.426s step_avg:2289.32ms
step:1347/2750 train_time:3083.714s step_avg:2289.32ms
step:1348/2750 train_time:3086.003s step_avg:2289.32ms
step:1349/2750 train_time:3088.286s step_avg:2289.32ms
step:1350/2750 train_time:3090.577s step_avg:2289.32ms
step:1351/2750 train_time:3092.867s step_avg:2289.32ms
step:1352/2750 train_time:3095.149s step_avg:2289.31ms
step:1353/2750 train_time:3097.436s step_avg:2289.31ms
step:1354/2750 train_time:3099.724s step_avg:2289.31ms
step:1355/2750 train_time:3102.007s step_avg:2289.30ms
step:1356/2750 train_time:3104.296s step_avg:2289.30ms
step:1357/2750 train_time:3106.584s step_avg:2289.30ms
step:1358/2750 train_time:3108.866s step_avg:2289.30ms
step:1359/2750 train_time:3111.154s step_avg:2289.30ms
step:1360/2750 train_time:3113.447s step_avg:2289.30ms
step:1361/2750 train_time:3115.727s step_avg:2289.29ms
step:1362/2750 train_time:3118.016s step_avg:2289.29ms
step:1363/2750 train_time:3120.305s step_avg:2289.29ms
step:1364/2750 train_time:3122.595s step_avg:2289.29ms
step:1365/2750 train_time:3124.880s step_avg:2289.29ms
step:1366/2750 train_time:3127.171s step_avg:2289.29ms
step:1367/2750 train_time:3129.457s step_avg:2289.29ms
step:1368/2750 train_time:3131.742s step_avg:2289.29ms
step:1369/2750 train_time:3134.031s step_avg:2289.29ms
step:1370/2750 train_time:3136.314s step_avg:2289.28ms
step:1371/2750 train_time:3138.600s step_avg:2289.28ms
step:1372/2750 train_time:3140.893s step_avg:2289.28ms
step:1373/2750 train_time:3143.178s step_avg:2289.28ms
step:1374/2750 train_time:3145.465s step_avg:2289.28ms
step:1375/2750 train_time:3147.753s step_avg:2289.27ms
step:1375/2750 val_loss:3.52666 train_time:3147.753s step_avg:2286.94ms
step:1376/2750 train_time:3150.045s step_avg:2289.28ms
step:1377/2750 train_time:3152.333s step_avg:2289.28ms
step:1378/2750 train_time:3154.624s step_avg:2289.28ms
step:1379/2750 train_time:3156.908s step_avg:2289.27ms
step:1380/2750 train_time:3159.193s step_avg:2289.27ms
step:1381/2750 train_time:3161.481s step_avg:2289.27ms
step:1382/2750 train_time:3163.760s step_avg:2289.26ms
step:1383/2750 train_time:3166.052s step_avg:2289.26ms
step:1384/2750 train_time:3168.341s step_avg:2289.26ms
step:1385/2750 train_time:3170.624s step_avg:2289.26ms
step:1386/2750 train_time:3172.911s step_avg:2289.26ms
step:1387/2750 train_time:3175.201s step_avg:2289.26ms
step:1388/2750 train_time:3177.482s step_avg:2289.25ms
step:1389/2750 train_time:3179.770s step_avg:2289.25ms
step:1390/2750 train_time:3182.058s step_avg:2289.25ms
step:1391/2750 train_time:3184.340s step_avg:2289.24ms
step:1392/2750 train_time:3186.631s step_avg:2289.25ms
step:1393/2750 train_time:3188.919s step_avg:2289.25ms
step:1394/2750 train_time:3191.203s step_avg:2289.24ms
step:1395/2750 train_time:3193.491s step_avg:2289.24ms
step:1396/2750 train_time:3195.783s step_avg:2289.24ms
step:1397/2750 train_time:3198.064s step_avg:2289.24ms
step:1398/2750 train_time:3200.354s step_avg:2289.24ms
step:1399/2750 train_time:3202.644s step_avg:2289.24ms
step:1400/2750 train_time:3204.926s step_avg:2289.23ms
step:1401/2750 train_time:3207.212s step_avg:2289.23ms
step:1402/2750 train_time:3209.503s step_avg:2289.23ms
step:1403/2750 train_time:3211.785s step_avg:2289.23ms
step:1404/2750 train_time:3214.072s step_avg:2289.22ms
step:1405/2750 train_time:3216.359s step_avg:2289.22ms
step:1406/2750 train_time:3218.640s step_avg:2289.22ms
step:1407/2750 train_time:3220.929s step_avg:2289.22ms
step:1408/2750 train_time:3223.216s step_avg:2289.22ms
step:1409/2750 train_time:3225.500s step_avg:2289.21ms
step:1410/2750 train_time:3227.785s step_avg:2289.21ms
step:1411/2750 train_time:3230.069s step_avg:2289.21ms
step:1412/2750 train_time:3232.350s step_avg:2289.20ms
step:1413/2750 train_time:3234.640s step_avg:2289.20ms
step:1414/2750 train_time:3236.923s step_avg:2289.20ms
step:1415/2750 train_time:3239.210s step_avg:2289.19ms
step:1416/2750 train_time:3241.499s step_avg:2289.19ms
step:1417/2750 train_time:3243.783s step_avg:2289.19ms
step:1418/2750 train_time:3246.069s step_avg:2289.19ms
step:1419/2750 train_time:3248.360s step_avg:2289.19ms
step:1420/2750 train_time:3250.645s step_avg:2289.19ms
step:1421/2750 train_time:3252.930s step_avg:2289.18ms
step:1422/2750 train_time:3255.222s step_avg:2289.19ms
step:1423/2750 train_time:3257.507s step_avg:2289.18ms
step:1424/2750 train_time:3259.796s step_avg:2289.18ms
step:1425/2750 train_time:3262.086s step_avg:2289.18ms
step:1426/2750 train_time:3264.369s step_avg:2289.18ms
step:1427/2750 train_time:3266.653s step_avg:2289.18ms
step:1428/2750 train_time:3268.942s step_avg:2289.18ms
step:1429/2750 train_time:3271.226s step_avg:2289.17ms
step:1430/2750 train_time:3273.509s step_avg:2289.17ms
step:1431/2750 train_time:3275.795s step_avg:2289.16ms
step:1432/2750 train_time:3278.078s step_avg:2289.16ms
step:1433/2750 train_time:3280.366s step_avg:2289.16ms
step:1434/2750 train_time:3282.656s step_avg:2289.16ms
step:1435/2750 train_time:3284.943s step_avg:2289.16ms
step:1436/2750 train_time:3287.227s step_avg:2289.16ms
step:1437/2750 train_time:3289.519s step_avg:2289.16ms
step:1438/2750 train_time:3291.804s step_avg:2289.15ms
step:1439/2750 train_time:3294.085s step_avg:2289.15ms
step:1440/2750 train_time:3296.371s step_avg:2289.15ms
step:1441/2750 train_time:3298.656s step_avg:2289.14ms
step:1442/2750 train_time:3300.944s step_avg:2289.14ms
step:1443/2750 train_time:3303.229s step_avg:2289.14ms
step:1444/2750 train_time:3305.519s step_avg:2289.14ms
step:1445/2750 train_time:3307.806s step_avg:2289.14ms
step:1446/2750 train_time:3310.095s step_avg:2289.14ms
step:1447/2750 train_time:3312.379s step_avg:2289.14ms
step:1448/2750 train_time:3314.667s step_avg:2289.13ms
step:1449/2750 train_time:3316.956s step_avg:2289.13ms
step:1450/2750 train_time:3319.243s step_avg:2289.13ms
step:1451/2750 train_time:3321.526s step_avg:2289.13ms
step:1452/2750 train_time:3323.815s step_avg:2289.13ms
step:1453/2750 train_time:3326.101s step_avg:2289.13ms
step:1454/2750 train_time:3328.386s step_avg:2289.12ms
step:1455/2750 train_time:3330.670s step_avg:2289.12ms
step:1456/2750 train_time:3332.954s step_avg:2289.12ms
step:1457/2750 train_time:3335.243s step_avg:2289.12ms
step:1458/2750 train_time:3337.527s step_avg:2289.11ms
step:1459/2750 train_time:3339.812s step_avg:2289.11ms
step:1460/2750 train_time:3342.097s step_avg:2289.11ms
step:1461/2750 train_time:3344.383s step_avg:2289.11ms
step:1462/2750 train_time:3346.672s step_avg:2289.11ms
step:1463/2750 train_time:3348.956s step_avg:2289.10ms
step:1464/2750 train_time:3351.242s step_avg:2289.10ms
step:1465/2750 train_time:3353.530s step_avg:2289.10ms
step:1466/2750 train_time:3355.813s step_avg:2289.09ms
step:1467/2750 train_time:3358.094s step_avg:2289.09ms
step:1468/2750 train_time:3360.385s step_avg:2289.09ms
step:1469/2750 train_time:3362.670s step_avg:2289.09ms
step:1470/2750 train_time:3364.952s step_avg:2289.08ms
step:1471/2750 train_time:3367.234s step_avg:2289.08ms
step:1472/2750 train_time:3369.526s step_avg:2289.08ms
step:1473/2750 train_time:3371.809s step_avg:2289.08ms
step:1474/2750 train_time:3374.096s step_avg:2289.07ms
step:1475/2750 train_time:3376.384s step_avg:2289.07ms
step:1476/2750 train_time:3378.668s step_avg:2289.07ms
step:1477/2750 train_time:3380.957s step_avg:2289.07ms
step:1478/2750 train_time:3383.245s step_avg:2289.07ms
step:1479/2750 train_time:3385.525s step_avg:2289.06ms
step:1480/2750 train_time:3387.813s step_avg:2289.06ms
step:1481/2750 train_time:3390.103s step_avg:2289.06ms
step:1482/2750 train_time:3392.385s step_avg:2289.06ms
step:1483/2750 train_time:3394.673s step_avg:2289.06ms
step:1484/2750 train_time:3396.961s step_avg:2289.06ms
step:1485/2750 train_time:3399.244s step_avg:2289.05ms
step:1486/2750 train_time:3401.534s step_avg:2289.05ms
step:1487/2750 train_time:3403.826s step_avg:2289.06ms
step:1488/2750 train_time:3406.109s step_avg:2289.05ms
step:1489/2750 train_time:3408.393s step_avg:2289.05ms
step:1490/2750 train_time:3410.683s step_avg:2289.05ms
step:1491/2750 train_time:3412.964s step_avg:2289.04ms
step:1492/2750 train_time:3415.250s step_avg:2289.04ms
step:1493/2750 train_time:3417.536s step_avg:2289.04ms
step:1494/2750 train_time:3419.827s step_avg:2289.04ms
step:1495/2750 train_time:3422.114s step_avg:2289.04ms
step:1496/2750 train_time:3424.405s step_avg:2289.04ms
step:1497/2750 train_time:3426.690s step_avg:2289.04ms
step:1498/2750 train_time:3428.975s step_avg:2289.04ms
step:1499/2750 train_time:3431.265s step_avg:2289.04ms
step:1500/2750 train_time:3433.545s step_avg:2289.03ms
step:1500/2750 val_loss:3.49619 train_time:3433.545s step_avg:2286.34ms
step:1501/2750 train_time:3435.840s step_avg:2289.03ms
step:1502/2750 train_time:3438.126s step_avg:2289.03ms
step:1503/2750 train_time:3440.415s step_avg:2289.03ms
step:1504/2750 train_time:3442.704s step_avg:2289.03ms
step:1505/2750 train_time:3444.990s step_avg:2289.03ms
step:1506/2750 train_time:3447.284s step_avg:2289.03ms
step:1507/2750 train_time:3449.571s step_avg:2289.03ms
step:1508/2750 train_time:3451.864s step_avg:2289.03ms
step:1509/2750 train_time:3454.149s step_avg:2289.03ms
step:1510/2750 train_time:3456.438s step_avg:2289.03ms
step:1511/2750 train_time:3458.726s step_avg:2289.03ms
step:1512/2750 train_time:3461.008s step_avg:2289.03ms
step:1513/2750 train_time:3463.295s step_avg:2289.03ms
step:1514/2750 train_time:3465.585s step_avg:2289.03ms
step:1515/2750 train_time:3467.866s step_avg:2289.02ms
step:1516/2750 train_time:3470.152s step_avg:2289.02ms
step:1517/2750 train_time:3472.440s step_avg:2289.02ms
step:1518/2750 train_time:3474.722s step_avg:2289.01ms
step:1519/2750 train_time:3477.011s step_avg:2289.01ms
step:1520/2750 train_time:3479.301s step_avg:2289.01ms
step:1521/2750 train_time:3481.604s step_avg:2289.02ms
step:1522/2750 train_time:3483.889s step_avg:2289.02ms
step:1523/2750 train_time:3486.173s step_avg:2289.02ms
step:1524/2750 train_time:3488.455s step_avg:2289.01ms
step:1525/2750 train_time:3490.741s step_avg:2289.01ms
step:1526/2750 train_time:3493.031s step_avg:2289.01ms
step:1527/2750 train_time:3495.317s step_avg:2289.01ms
step:1528/2750 train_time:3497.604s step_avg:2289.01ms
step:1529/2750 train_time:3499.891s step_avg:2289.01ms
step:1530/2750 train_time:3502.177s step_avg:2289.00ms
step:1531/2750 train_time:3504.464s step_avg:2289.00ms
step:1532/2750 train_time:3506.755s step_avg:2289.00ms
step:1533/2750 train_time:3509.037s step_avg:2289.00ms
step:1534/2750 train_time:3511.326s step_avg:2289.00ms
step:1535/2750 train_time:3513.616s step_avg:2289.00ms
step:1536/2750 train_time:3515.906s step_avg:2289.00ms
step:1537/2750 train_time:3518.193s step_avg:2289.00ms
step:1538/2750 train_time:3520.479s step_avg:2289.00ms
step:1539/2750 train_time:3522.764s step_avg:2289.00ms
step:1540/2750 train_time:3525.047s step_avg:2288.99ms
step:1541/2750 train_time:3527.332s step_avg:2288.99ms
step:1542/2750 train_time:3529.614s step_avg:2288.98ms
step:1543/2750 train_time:3531.902s step_avg:2288.98ms
step:1544/2750 train_time:3534.192s step_avg:2288.98ms
step:1545/2750 train_time:3536.474s step_avg:2288.98ms
step:1546/2750 train_time:3538.759s step_avg:2288.98ms
step:1547/2750 train_time:3541.047s step_avg:2288.98ms
step:1548/2750 train_time:3543.329s step_avg:2288.97ms
step:1549/2750 train_time:3545.618s step_avg:2288.97ms
step:1550/2750 train_time:3547.911s step_avg:2288.97ms
step:1551/2750 train_time:3550.190s step_avg:2288.97ms
step:1552/2750 train_time:3552.478s step_avg:2288.97ms
step:1553/2750 train_time:3554.767s step_avg:2288.97ms
step:1554/2750 train_time:3557.049s step_avg:2288.96ms
step:1555/2750 train_time:3559.335s step_avg:2288.96ms
step:1556/2750 train_time:3561.624s step_avg:2288.96ms
step:1557/2750 train_time:3563.903s step_avg:2288.95ms
step:1558/2750 train_time:3566.198s step_avg:2288.96ms
step:1559/2750 train_time:3568.488s step_avg:2288.96ms
step:1560/2750 train_time:3570.772s step_avg:2288.96ms
step:1561/2750 train_time:3573.058s step_avg:2288.95ms
step:1562/2750 train_time:3575.346s step_avg:2288.95ms
step:1563/2750 train_time:3577.629s step_avg:2288.95ms
step:1564/2750 train_time:3579.920s step_avg:2288.95ms
step:1565/2750 train_time:3582.210s step_avg:2288.95ms
step:1566/2750 train_time:3584.490s step_avg:2288.95ms
step:1567/2750 train_time:3586.775s step_avg:2288.94ms
step:1568/2750 train_time:3589.069s step_avg:2288.95ms
step:1569/2750 train_time:3591.350s step_avg:2288.94ms
step:1570/2750 train_time:3593.634s step_avg:2288.94ms
step:1571/2750 train_time:3595.925s step_avg:2288.94ms
step:1572/2750 train_time:3598.205s step_avg:2288.93ms
step:1573/2750 train_time:3600.493s step_avg:2288.93ms
step:1574/2750 train_time:3602.784s step_avg:2288.94ms
step:1575/2750 train_time:3605.067s step_avg:2288.93ms
step:1576/2750 train_time:3607.356s step_avg:2288.93ms
step:1577/2750 train_time:3609.646s step_avg:2288.93ms
step:1578/2750 train_time:3611.928s step_avg:2288.93ms
step:1579/2750 train_time:3614.216s step_avg:2288.93ms
step:1580/2750 train_time:3616.508s step_avg:2288.93ms
step:1581/2750 train_time:3618.789s step_avg:2288.92ms
step:1582/2750 train_time:3621.075s step_avg:2288.92ms
step:1583/2750 train_time:3623.364s step_avg:2288.92ms
step:1584/2750 train_time:3625.645s step_avg:2288.92ms
step:1585/2750 train_time:3627.935s step_avg:2288.92ms
step:1586/2750 train_time:3630.224s step_avg:2288.92ms
step:1587/2750 train_time:3632.506s step_avg:2288.91ms
step:1588/2750 train_time:3634.794s step_avg:2288.91ms
step:1589/2750 train_time:3637.080s step_avg:2288.91ms
step:1590/2750 train_time:3639.367s step_avg:2288.91ms
step:1591/2750 train_time:3641.654s step_avg:2288.91ms
step:1592/2750 train_time:3643.945s step_avg:2288.91ms
step:1593/2750 train_time:3646.227s step_avg:2288.91ms
step:1594/2750 train_time:3648.514s step_avg:2288.90ms
step:1595/2750 train_time:3650.802s step_avg:2288.90ms
step:1596/2750 train_time:3653.085s step_avg:2288.90ms
step:1597/2750 train_time:3655.371s step_avg:2288.90ms
step:1598/2750 train_time:3657.657s step_avg:2288.90ms
step:1599/2750 train_time:3659.941s step_avg:2288.89ms
step:1600/2750 train_time:3662.231s step_avg:2288.89ms
step:1601/2750 train_time:3664.515s step_avg:2288.89ms
step:1602/2750 train_time:3666.800s step_avg:2288.89ms
step:1603/2750 train_time:3669.090s step_avg:2288.89ms
step:1604/2750 train_time:3671.374s step_avg:2288.89ms
step:1605/2750 train_time:3673.660s step_avg:2288.88ms
step:1606/2750 train_time:3675.948s step_avg:2288.88ms
step:1607/2750 train_time:3678.232s step_avg:2288.88ms
step:1608/2750 train_time:3680.519s step_avg:2288.88ms
step:1609/2750 train_time:3682.810s step_avg:2288.88ms
step:1610/2750 train_time:3685.094s step_avg:2288.88ms
step:1611/2750 train_time:3687.382s step_avg:2288.88ms
step:1612/2750 train_time:3689.673s step_avg:2288.88ms
step:1613/2750 train_time:3691.961s step_avg:2288.88ms
step:1614/2750 train_time:3694.241s step_avg:2288.87ms
step:1615/2750 train_time:3696.531s step_avg:2288.87ms
step:1616/2750 train_time:3698.816s step_avg:2288.87ms
step:1617/2750 train_time:3701.100s step_avg:2288.87ms
step:1618/2750 train_time:3703.388s step_avg:2288.87ms
step:1619/2750 train_time:3705.672s step_avg:2288.86ms
step:1620/2750 train_time:3707.961s step_avg:2288.87ms
step:1621/2750 train_time:3710.252s step_avg:2288.87ms
step:1622/2750 train_time:3712.542s step_avg:2288.87ms
step:1623/2750 train_time:3714.824s step_avg:2288.86ms
step:1624/2750 train_time:3717.114s step_avg:2288.86ms
step:1625/2750 train_time:3719.404s step_avg:2288.86ms
step:1625/2750 val_loss:3.47296 train_time:3719.404s step_avg:2286.87ms
step:1626/2750 train_time:3721.697s step_avg:2288.87ms
step:1627/2750 train_time:3723.986s step_avg:2288.87ms
step:1628/2750 train_time:3726.271s step_avg:2288.86ms
step:1629/2750 train_time:3728.557s step_avg:2288.86ms
step:1630/2750 train_time:3730.846s step_avg:2288.86ms
step:1631/2750 train_time:3733.131s step_avg:2288.86ms
step:1632/2750 train_time:3735.417s step_avg:2288.86ms
step:1633/2750 train_time:3737.704s step_avg:2288.86ms
step:1634/2750 train_time:3739.992s step_avg:2288.86ms
step:1635/2750 train_time:3742.278s step_avg:2288.86ms
step:1636/2750 train_time:3744.569s step_avg:2288.86ms
step:1637/2750 train_time:3746.855s step_avg:2288.85ms
step:1638/2750 train_time:3749.143s step_avg:2288.85ms
step:1639/2750 train_time:3751.434s step_avg:2288.86ms
step:1640/2750 train_time:3753.721s step_avg:2288.85ms
step:1641/2750 train_time:3756.006s step_avg:2288.85ms
step:1642/2750 train_time:3758.294s step_avg:2288.85ms
step:1643/2750 train_time:3760.584s step_avg:2288.85ms
step:1644/2750 train_time:3762.870s step_avg:2288.85ms
step:1645/2750 train_time:3765.157s step_avg:2288.85ms
step:1646/2750 train_time:3767.446s step_avg:2288.85ms
step:1647/2750 train_time:3769.730s step_avg:2288.85ms
step:1648/2750 train_time:3772.019s step_avg:2288.85ms
step:1649/2750 train_time:3774.308s step_avg:2288.85ms
step:1650/2750 train_time:3776.592s step_avg:2288.84ms
step:1651/2750 train_time:3778.880s step_avg:2288.84ms
step:1652/2750 train_time:3781.171s step_avg:2288.84ms
step:1653/2750 train_time:3783.453s step_avg:2288.84ms
step:1654/2750 train_time:3785.741s step_avg:2288.84ms
step:1655/2750 train_time:3788.033s step_avg:2288.84ms
step:1656/2750 train_time:3790.316s step_avg:2288.84ms
step:1657/2750 train_time:3792.600s step_avg:2288.84ms
step:1658/2750 train_time:3794.889s step_avg:2288.84ms
step:1659/2750 train_time:3797.168s step_avg:2288.83ms
step:1660/2750 train_time:3799.458s step_avg:2288.83ms
step:1661/2750 train_time:3801.744s step_avg:2288.83ms
step:1662/2750 train_time:3804.029s step_avg:2288.83ms
step:1663/2750 train_time:3806.317s step_avg:2288.83ms
step:1664/2750 train_time:3808.604s step_avg:2288.82ms
step:1665/2750 train_time:3810.896s step_avg:2288.83ms
step:1666/2750 train_time:3813.181s step_avg:2288.82ms
step:1667/2750 train_time:3815.470s step_avg:2288.82ms
step:1668/2750 train_time:3817.751s step_avg:2288.82ms
step:1669/2750 train_time:3820.037s step_avg:2288.82ms
step:1670/2750 train_time:3822.330s step_avg:2288.82ms
step:1671/2750 train_time:3824.612s step_avg:2288.82ms
step:1672/2750 train_time:3826.899s step_avg:2288.82ms
step:1673/2750 train_time:3829.191s step_avg:2288.82ms
step:1674/2750 train_time:3831.473s step_avg:2288.81ms
step:1675/2750 train_time:3833.763s step_avg:2288.81ms
step:1676/2750 train_time:3836.054s step_avg:2288.82ms
step:1677/2750 train_time:3838.337s step_avg:2288.81ms
step:1678/2750 train_time:3840.621s step_avg:2288.81ms
step:1679/2750 train_time:3842.912s step_avg:2288.81ms
step:1680/2750 train_time:3845.193s step_avg:2288.81ms
step:1681/2750 train_time:3847.481s step_avg:2288.80ms
step:1682/2750 train_time:3849.772s step_avg:2288.81ms
step:1683/2750 train_time:3852.056s step_avg:2288.80ms
step:1684/2750 train_time:3854.341s step_avg:2288.80ms
step:1685/2750 train_time:3856.631s step_avg:2288.80ms
step:1686/2750 train_time:3858.913s step_avg:2288.80ms
step:1687/2750 train_time:3861.201s step_avg:2288.80ms
step:1688/2750 train_time:3863.490s step_avg:2288.80ms
step:1689/2750 train_time:3865.768s step_avg:2288.79ms
step:1690/2750 train_time:3868.057s step_avg:2288.79ms
step:1691/2750 train_time:3870.342s step_avg:2288.79ms
step:1692/2750 train_time:3872.626s step_avg:2288.79ms
step:1693/2750 train_time:3874.912s step_avg:2288.78ms
step:1694/2750 train_time:3877.196s step_avg:2288.78ms
step:1695/2750 train_time:3879.480s step_avg:2288.78ms
step:1696/2750 train_time:3881.769s step_avg:2288.78ms
step:1697/2750 train_time:3884.053s step_avg:2288.78ms
step:1698/2750 train_time:3886.349s step_avg:2288.78ms
step:1699/2750 train_time:3888.636s step_avg:2288.78ms
step:1700/2750 train_time:3890.925s step_avg:2288.78ms
step:1701/2750 train_time:3893.206s step_avg:2288.77ms
step:1702/2750 train_time:3895.496s step_avg:2288.78ms
step:1703/2750 train_time:3897.789s step_avg:2288.78ms
step:1704/2750 train_time:3900.074s step_avg:2288.78ms
step:1705/2750 train_time:3902.361s step_avg:2288.77ms
step:1706/2750 train_time:3904.649s step_avg:2288.77ms
step:1707/2750 train_time:3906.931s step_avg:2288.77ms
step:1708/2750 train_time:3909.221s step_avg:2288.77ms
step:1709/2750 train_time:3911.510s step_avg:2288.77ms
step:1710/2750 train_time:3913.793s step_avg:2288.77ms
step:1711/2750 train_time:3916.096s step_avg:2288.78ms
step:1712/2750 train_time:3918.380s step_avg:2288.77ms
step:1713/2750 train_time:3920.666s step_avg:2288.77ms
step:1714/2750 train_time:3922.952s step_avg:2288.77ms
step:1715/2750 train_time:3925.244s step_avg:2288.77ms
step:1716/2750 train_time:3927.530s step_avg:2288.77ms
step:1717/2750 train_time:3929.817s step_avg:2288.77ms
step:1718/2750 train_time:3932.100s step_avg:2288.77ms
step:1719/2750 train_time:3934.379s step_avg:2288.76ms
step:1720/2750 train_time:3936.664s step_avg:2288.76ms
step:1721/2750 train_time:3938.953s step_avg:2288.76ms
step:1722/2750 train_time:3941.238s step_avg:2288.76ms
step:1723/2750 train_time:3943.525s step_avg:2288.75ms
step:1724/2750 train_time:3945.816s step_avg:2288.76ms
step:1725/2750 train_time:3948.102s step_avg:2288.75ms
step:1726/2750 train_time:3950.387s step_avg:2288.75ms
step:1727/2750 train_time:3952.676s step_avg:2288.75ms
step:1728/2750 train_time:3954.958s step_avg:2288.75ms
step:1729/2750 train_time:3957.244s step_avg:2288.75ms
step:1730/2750 train_time:3959.534s step_avg:2288.75ms
step:1731/2750 train_time:3961.816s step_avg:2288.74ms
step:1732/2750 train_time:3964.103s step_avg:2288.74ms
step:1733/2750 train_time:3966.393s step_avg:2288.74ms
step:1734/2750 train_time:3968.674s step_avg:2288.74ms
step:1735/2750 train_time:3970.959s step_avg:2288.74ms
step:1736/2750 train_time:3973.251s step_avg:2288.74ms
step:1737/2750 train_time:3975.534s step_avg:2288.74ms
step:1738/2750 train_time:3977.819s step_avg:2288.73ms
step:1739/2750 train_time:3980.110s step_avg:2288.73ms
step:1740/2750 train_time:3982.393s step_avg:2288.73ms
step:1741/2750 train_time:3984.682s step_avg:2288.73ms
step:1742/2750 train_time:3986.972s step_avg:2288.73ms
step:1743/2750 train_time:3989.257s step_avg:2288.73ms
step:1744/2750 train_time:3991.544s step_avg:2288.73ms
step:1745/2750 train_time:3993.834s step_avg:2288.73ms
step:1746/2750 train_time:3996.125s step_avg:2288.73ms
step:1747/2750 train_time:3998.411s step_avg:2288.73ms
step:1748/2750 train_time:4000.698s step_avg:2288.73ms
step:1749/2750 train_time:4002.983s step_avg:2288.73ms
step:1750/2750 train_time:4005.271s step_avg:2288.73ms
step:1750/2750 val_loss:3.44152 train_time:4005.271s step_avg:2286.94ms
step:1751/2750 train_time:4007.568s step_avg:2288.73ms
step:1752/2750 train_time:4009.851s step_avg:2288.73ms
step:1753/2750 train_time:4012.142s step_avg:2288.73ms
step:1754/2750 train_time:4014.433s step_avg:2288.73ms
step:1755/2750 train_time:4016.717s step_avg:2288.73ms
step:1756/2750 train_time:4019.002s step_avg:2288.73ms
step:1757/2750 train_time:4021.295s step_avg:2288.73ms
step:1758/2750 train_time:4023.577s step_avg:2288.72ms
step:1759/2750 train_time:4025.864s step_avg:2288.72ms
step:1760/2750 train_time:4028.155s step_avg:2288.72ms
step:1761/2750 train_time:4030.437s step_avg:2288.72ms
step:1762/2750 train_time:4032.725s step_avg:2288.72ms
step:1763/2750 train_time:4035.013s step_avg:2288.72ms
step:1764/2750 train_time:4037.297s step_avg:2288.72ms
step:1765/2750 train_time:4039.581s step_avg:2288.71ms
step:1766/2750 train_time:4041.870s step_avg:2288.71ms
step:1767/2750 train_time:4044.155s step_avg:2288.71ms
step:1768/2750 train_time:4046.440s step_avg:2288.71ms
step:1769/2750 train_time:4048.731s step_avg:2288.71ms
step:1770/2750 train_time:4051.015s step_avg:2288.71ms
step:1771/2750 train_time:4053.301s step_avg:2288.71ms
step:1772/2750 train_time:4055.591s step_avg:2288.71ms
step:1773/2750 train_time:4057.873s step_avg:2288.70ms
step:1774/2750 train_time:4060.160s step_avg:2288.70ms
step:1775/2750 train_time:4062.452s step_avg:2288.71ms
step:1776/2750 train_time:4064.734s step_avg:2288.70ms
step:1777/2750 train_time:4067.023s step_avg:2288.70ms
step:1778/2750 train_time:4069.311s step_avg:2288.70ms
step:1779/2750 train_time:4071.591s step_avg:2288.70ms
step:1780/2750 train_time:4073.881s step_avg:2288.70ms
step:1781/2750 train_time:4076.171s step_avg:2288.70ms
step:1782/2750 train_time:4078.454s step_avg:2288.69ms
step:1783/2750 train_time:4080.739s step_avg:2288.69ms
step:1784/2750 train_time:4083.032s step_avg:2288.70ms
step:1785/2750 train_time:4085.315s step_avg:2288.69ms
step:1786/2750 train_time:4087.603s step_avg:2288.69ms
step:1787/2750 train_time:4089.893s step_avg:2288.69ms
step:1788/2750 train_time:4092.177s step_avg:2288.69ms
step:1789/2750 train_time:4094.460s step_avg:2288.69ms
step:1790/2750 train_time:4096.750s step_avg:2288.69ms
step:1791/2750 train_time:4099.033s step_avg:2288.68ms
step:1792/2750 train_time:4101.321s step_avg:2288.68ms
step:1793/2750 train_time:4103.612s step_avg:2288.68ms
step:1794/2750 train_time:4105.897s step_avg:2288.68ms
step:1795/2750 train_time:4108.183s step_avg:2288.68ms
step:1796/2750 train_time:4110.475s step_avg:2288.68ms
step:1797/2750 train_time:4112.754s step_avg:2288.68ms
step:1798/2750 train_time:4115.044s step_avg:2288.68ms
step:1799/2750 train_time:4117.335s step_avg:2288.68ms
step:1800/2750 train_time:4119.618s step_avg:2288.68ms
step:1801/2750 train_time:4121.903s step_avg:2288.67ms
step:1802/2750 train_time:4124.195s step_avg:2288.68ms
step:1803/2750 train_time:4126.480s step_avg:2288.67ms
step:1804/2750 train_time:4128.767s step_avg:2288.67ms
step:1805/2750 train_time:4131.059s step_avg:2288.68ms
step:1806/2750 train_time:4133.343s step_avg:2288.67ms
step:1807/2750 train_time:4135.627s step_avg:2288.67ms
step:1808/2750 train_time:4137.917s step_avg:2288.67ms
step:1809/2750 train_time:4140.199s step_avg:2288.67ms
step:1810/2750 train_time:4142.485s step_avg:2288.67ms
step:1811/2750 train_time:4144.775s step_avg:2288.67ms
step:1812/2750 train_time:4147.060s step_avg:2288.66ms
step:1813/2750 train_time:4149.347s step_avg:2288.66ms
step:1814/2750 train_time:4151.639s step_avg:2288.67ms
step:1815/2750 train_time:4153.924s step_avg:2288.66ms
step:1816/2750 train_time:4156.209s step_avg:2288.66ms
step:1817/2750 train_time:4158.496s step_avg:2288.66ms
step:1818/2750 train_time:4160.781s step_avg:2288.66ms
step:1819/2750 train_time:4163.067s step_avg:2288.66ms
step:1820/2750 train_time:4165.360s step_avg:2288.66ms
step:1821/2750 train_time:4167.646s step_avg:2288.66ms
step:1822/2750 train_time:4169.930s step_avg:2288.66ms
step:1823/2750 train_time:4172.220s step_avg:2288.66ms
step:1824/2750 train_time:4174.504s step_avg:2288.65ms
step:1825/2750 train_time:4176.805s step_avg:2288.66ms
step:1826/2750 train_time:4179.093s step_avg:2288.66ms
step:1827/2750 train_time:4181.381s step_avg:2288.66ms
step:1828/2750 train_time:4183.665s step_avg:2288.66ms
step:1829/2750 train_time:4185.949s step_avg:2288.65ms
step:1830/2750 train_time:4188.233s step_avg:2288.65ms
step:1831/2750 train_time:4190.518s step_avg:2288.65ms
step:1832/2750 train_time:4192.807s step_avg:2288.65ms
step:1833/2750 train_time:4195.093s step_avg:2288.65ms
step:1834/2750 train_time:4197.379s step_avg:2288.65ms
step:1835/2750 train_time:4199.662s step_avg:2288.64ms
step:1836/2750 train_time:4201.945s step_avg:2288.64ms
step:1837/2750 train_time:4204.232s step_avg:2288.64ms
step:1838/2750 train_time:4206.522s step_avg:2288.64ms
step:1839/2750 train_time:4208.808s step_avg:2288.64ms
step:1840/2750 train_time:4211.093s step_avg:2288.64ms
step:1841/2750 train_time:4213.381s step_avg:2288.64ms
step:1842/2750 train_time:4215.664s step_avg:2288.63ms
step:1843/2750 train_time:4217.951s step_avg:2288.63ms
step:1844/2750 train_time:4220.242s step_avg:2288.63ms
step:1845/2750 train_time:4222.525s step_avg:2288.63ms
step:1846/2750 train_time:4224.811s step_avg:2288.63ms
step:1847/2750 train_time:4227.101s step_avg:2288.63ms
step:1848/2750 train_time:4229.381s step_avg:2288.63ms
step:1849/2750 train_time:4231.665s step_avg:2288.62ms
step:1850/2750 train_time:4233.953s step_avg:2288.62ms
step:1851/2750 train_time:4236.233s step_avg:2288.62ms
step:1852/2750 train_time:4238.524s step_avg:2288.62ms
step:1853/2750 train_time:4240.815s step_avg:2288.62ms
step:1854/2750 train_time:4243.100s step_avg:2288.62ms
step:1855/2750 train_time:4245.386s step_avg:2288.62ms
step:1856/2750 train_time:4247.675s step_avg:2288.62ms
step:1857/2750 train_time:4249.962s step_avg:2288.62ms
step:1858/2750 train_time:4252.248s step_avg:2288.62ms
step:1859/2750 train_time:4254.539s step_avg:2288.62ms
step:1860/2750 train_time:4256.818s step_avg:2288.61ms
step:1861/2750 train_time:4259.107s step_avg:2288.61ms
step:1862/2750 train_time:4261.404s step_avg:2288.62ms
step:1863/2750 train_time:4263.683s step_avg:2288.61ms
step:1864/2750 train_time:4265.970s step_avg:2288.61ms
step:1865/2750 train_time:4268.261s step_avg:2288.61ms
step:1866/2750 train_time:4270.543s step_avg:2288.61ms
step:1867/2750 train_time:4272.829s step_avg:2288.61ms
step:1868/2750 train_time:4275.119s step_avg:2288.61ms
step:1869/2750 train_time:4277.401s step_avg:2288.60ms
step:1870/2750 train_time:4279.687s step_avg:2288.60ms
step:1871/2750 train_time:4281.977s step_avg:2288.60ms
step:1872/2750 train_time:4284.258s step_avg:2288.60ms
step:1873/2750 train_time:4286.547s step_avg:2288.60ms
step:1874/2750 train_time:4288.834s step_avg:2288.60ms
step:1875/2750 train_time:4291.115s step_avg:2288.59ms
step:1875/2750 val_loss:3.41408 train_time:4291.115s step_avg:2286.75ms
step:1876/2750 train_time:4293.414s step_avg:2288.60ms
step:1877/2750 train_time:4295.703s step_avg:2288.60ms
step:1878/2750 train_time:4297.994s step_avg:2288.60ms
step:1879/2750 train_time:4300.282s step_avg:2288.60ms
step:1880/2750 train_time:4302.574s step_avg:2288.60ms
step:1881/2750 train_time:4304.859s step_avg:2288.60ms
step:1882/2750 train_time:4307.144s step_avg:2288.60ms
step:1883/2750 train_time:4309.435s step_avg:2288.60ms
step:1884/2750 train_time:4311.719s step_avg:2288.60ms
step:1885/2750 train_time:4314.006s step_avg:2288.60ms
step:1886/2750 train_time:4316.295s step_avg:2288.60ms
step:1887/2750 train_time:4318.579s step_avg:2288.60ms
step:1888/2750 train_time:4320.867s step_avg:2288.59ms
step:1889/2750 train_time:4323.156s step_avg:2288.60ms
step:1890/2750 train_time:4325.439s step_avg:2288.59ms
step:1891/2750 train_time:4327.722s step_avg:2288.59ms
step:1892/2750 train_time:4330.011s step_avg:2288.59ms
step:1893/2750 train_time:4332.292s step_avg:2288.59ms
step:1894/2750 train_time:4334.581s step_avg:2288.59ms
step:1895/2750 train_time:4336.869s step_avg:2288.59ms
step:1896/2750 train_time:4339.153s step_avg:2288.58ms
step:1897/2750 train_time:4341.440s step_avg:2288.58ms
step:1898/2750 train_time:4343.726s step_avg:2288.58ms
step:1899/2750 train_time:4346.007s step_avg:2288.58ms
step:1900/2750 train_time:4348.296s step_avg:2288.58ms
step:1901/2750 train_time:4350.604s step_avg:2288.59ms
step:1902/2750 train_time:4352.889s step_avg:2288.59ms
step:1903/2750 train_time:4355.176s step_avg:2288.58ms
step:1904/2750 train_time:4357.465s step_avg:2288.58ms
step:1905/2750 train_time:4359.752s step_avg:2288.58ms
step:1906/2750 train_time:4362.037s step_avg:2288.58ms
step:1907/2750 train_time:4364.322s step_avg:2288.58ms
step:1908/2750 train_time:4366.609s step_avg:2288.58ms
step:1909/2750 train_time:4368.895s step_avg:2288.58ms
step:1910/2750 train_time:4371.184s step_avg:2288.58ms
step:1911/2750 train_time:4373.470s step_avg:2288.58ms
step:1912/2750 train_time:4375.755s step_avg:2288.57ms
step:1913/2750 train_time:4378.043s step_avg:2288.57ms
step:1914/2750 train_time:4380.326s step_avg:2288.57ms
step:1915/2750 train_time:4382.610s step_avg:2288.57ms
step:1916/2750 train_time:4384.898s step_avg:2288.57ms
step:1917/2750 train_time:4387.183s step_avg:2288.57ms
step:1918/2750 train_time:4389.470s step_avg:2288.57ms
step:1919/2750 train_time:4391.759s step_avg:2288.57ms
step:1920/2750 train_time:4394.042s step_avg:2288.56ms
step:1921/2750 train_time:4396.330s step_avg:2288.56ms
step:1922/2750 train_time:4398.620s step_avg:2288.56ms
step:1923/2750 train_time:4400.902s step_avg:2288.56ms
step:1924/2750 train_time:4403.187s step_avg:2288.56ms
step:1925/2750 train_time:4405.477s step_avg:2288.56ms
step:1926/2750 train_time:4407.757s step_avg:2288.56ms
step:1927/2750 train_time:4410.045s step_avg:2288.55ms
step:1928/2750 train_time:4412.335s step_avg:2288.56ms
step:1929/2750 train_time:4414.618s step_avg:2288.55ms
step:1930/2750 train_time:4416.905s step_avg:2288.55ms
step:1931/2750 train_time:4419.195s step_avg:2288.55ms
step:1932/2750 train_time:4421.476s step_avg:2288.55ms
step:1933/2750 train_time:4423.760s step_avg:2288.55ms
step:1934/2750 train_time:4426.049s step_avg:2288.55ms
step:1935/2750 train_time:4428.332s step_avg:2288.54ms
step:1936/2750 train_time:4430.621s step_avg:2288.54ms
step:1937/2750 train_time:4432.909s step_avg:2288.54ms
step:1938/2750 train_time:4435.190s step_avg:2288.54ms
step:1939/2750 train_time:4437.481s step_avg:2288.54ms
step:1940/2750 train_time:4439.763s step_avg:2288.54ms
step:1941/2750 train_time:4442.057s step_avg:2288.54ms
step:1942/2750 train_time:4444.344s step_avg:2288.54ms
step:1943/2750 train_time:4446.636s step_avg:2288.54ms
step:1944/2750 train_time:4448.920s step_avg:2288.54ms
step:1945/2750 train_time:4451.207s step_avg:2288.54ms
step:1946/2750 train_time:4453.496s step_avg:2288.54ms
step:1947/2750 train_time:4455.776s step_avg:2288.53ms
step:1948/2750 train_time:4458.066s step_avg:2288.54ms
step:1949/2750 train_time:4460.358s step_avg:2288.54ms
step:1950/2750 train_time:4462.641s step_avg:2288.53ms
step:1951/2750 train_time:4464.925s step_avg:2288.53ms
step:1952/2750 train_time:4467.211s step_avg:2288.53ms
step:1953/2750 train_time:4469.494s step_avg:2288.53ms
step:1954/2750 train_time:4471.783s step_avg:2288.53ms
step:1955/2750 train_time:4474.068s step_avg:2288.53ms
step:1956/2750 train_time:4476.350s step_avg:2288.52ms
step:1957/2750 train_time:4478.639s step_avg:2288.52ms
step:1958/2750 train_time:4480.922s step_avg:2288.52ms
step:1959/2750 train_time:4483.205s step_avg:2288.52ms
step:1960/2750 train_time:4485.495s step_avg:2288.52ms
step:1961/2750 train_time:4487.778s step_avg:2288.52ms
step:1962/2750 train_time:4490.063s step_avg:2288.51ms
step:1963/2750 train_time:4492.348s step_avg:2288.51ms
step:1964/2750 train_time:4494.633s step_avg:2288.51ms
step:1965/2750 train_time:4496.918s step_avg:2288.51ms
step:1966/2750 train_time:4499.203s step_avg:2288.51ms
step:1967/2750 train_time:4501.490s step_avg:2288.51ms
step:1968/2750 train_time:4503.775s step_avg:2288.50ms
step:1969/2750 train_time:4506.056s step_avg:2288.50ms
step:1970/2750 train_time:4508.339s step_avg:2288.50ms
step:1971/2750 train_time:4510.624s step_avg:2288.50ms
step:1972/2750 train_time:4512.907s step_avg:2288.49ms
step:1973/2750 train_time:4515.190s step_avg:2288.49ms
step:1974/2750 train_time:4517.486s step_avg:2288.49ms
step:1975/2750 train_time:4519.772s step_avg:2288.49ms
step:1976/2750 train_time:4522.056s step_avg:2288.49ms
step:1977/2750 train_time:4524.343s step_avg:2288.49ms
step:1978/2750 train_time:4526.622s step_avg:2288.48ms
step:1979/2750 train_time:4528.908s step_avg:2288.48ms
step:1980/2750 train_time:4531.194s step_avg:2288.48ms
step:1981/2750 train_time:4533.477s step_avg:2288.48ms
step:1982/2750 train_time:4535.765s step_avg:2288.48ms
step:1983/2750 train_time:4538.049s step_avg:2288.48ms
step:1984/2750 train_time:4540.331s step_avg:2288.47ms
step:1985/2750 train_time:4542.620s step_avg:2288.47ms
step:1986/2750 train_time:4544.905s step_avg:2288.47ms
step:1987/2750 train_time:4547.192s step_avg:2288.47ms
step:1988/2750 train_time:4549.482s step_avg:2288.47ms
step:1989/2750 train_time:4551.767s step_avg:2288.47ms
step:1990/2750 train_time:4554.047s step_avg:2288.47ms
step:1991/2750 train_time:4556.336s step_avg:2288.47ms
step:1992/2750 train_time:4558.617s step_avg:2288.46ms
step:1993/2750 train_time:4560.897s step_avg:2288.46ms
step:1994/2750 train_time:4563.184s step_avg:2288.46ms
step:1995/2750 train_time:4565.469s step_avg:2288.46ms
step:1996/2750 train_time:4567.752s step_avg:2288.45ms
step:1997/2750 train_time:4570.036s step_avg:2288.45ms
step:1998/2750 train_time:4572.320s step_avg:2288.45ms
step:1999/2750 train_time:4574.608s step_avg:2288.45ms
step:2000/2750 train_time:4576.891s step_avg:2288.45ms
step:2000/2750 val_loss:3.38361 train_time:4576.891s step_avg:2286.21ms
step:2001/2750 train_time:4579.190s step_avg:2288.45ms
step:2002/2750 train_time:4581.482s step_avg:2288.45ms
step:2003/2750 train_time:4583.774s step_avg:2288.45ms
step:2004/2750 train_time:4586.064s step_avg:2288.46ms
step:2005/2750 train_time:4588.355s step_avg:2288.46ms
step:2006/2750 train_time:4590.650s step_avg:2288.46ms
step:2007/2750 train_time:4592.939s step_avg:2288.46ms
step:2008/2750 train_time:4595.227s step_avg:2288.46ms
step:2009/2750 train_time:4597.517s step_avg:2288.46ms
step:2010/2750 train_time:4599.807s step_avg:2288.46ms
step:2011/2750 train_time:4602.092s step_avg:2288.46ms
step:2012/2750 train_time:4604.382s step_avg:2288.46ms
step:2013/2750 train_time:4606.673s step_avg:2288.46ms
step:2014/2750 train_time:4608.958s step_avg:2288.46ms
step:2015/2750 train_time:4611.249s step_avg:2288.46ms
step:2016/2750 train_time:4613.541s step_avg:2288.46ms
step:2017/2750 train_time:4615.832s step_avg:2288.46ms
step:2018/2750 train_time:4618.125s step_avg:2288.47ms
step:2019/2750 train_time:4620.414s step_avg:2288.47ms
step:2020/2750 train_time:4622.705s step_avg:2288.47ms
step:2021/2750 train_time:4624.991s step_avg:2288.47ms
step:2022/2750 train_time:4627.277s step_avg:2288.47ms
step:2023/2750 train_time:4629.564s step_avg:2288.46ms
step:2024/2750 train_time:4631.853s step_avg:2288.46ms
step:2025/2750 train_time:4634.138s step_avg:2288.46ms
step:2026/2750 train_time:4636.430s step_avg:2288.47ms
step:2027/2750 train_time:4638.713s step_avg:2288.46ms
step:2028/2750 train_time:4641.003s step_avg:2288.46ms
step:2029/2750 train_time:4643.292s step_avg:2288.46ms
step:2030/2750 train_time:4645.581s step_avg:2288.46ms
step:2031/2750 train_time:4647.869s step_avg:2288.46ms
step:2032/2750 train_time:4650.159s step_avg:2288.46ms
step:2033/2750 train_time:4652.450s step_avg:2288.47ms
step:2034/2750 train_time:4654.736s step_avg:2288.46ms
step:2035/2750 train_time:4657.026s step_avg:2288.46ms
step:2036/2750 train_time:4659.319s step_avg:2288.47ms
step:2037/2750 train_time:4661.604s step_avg:2288.47ms
step:2038/2750 train_time:4663.891s step_avg:2288.46ms
step:2039/2750 train_time:4666.181s step_avg:2288.47ms
step:2040/2750 train_time:4668.471s step_avg:2288.47ms
step:2041/2750 train_time:4670.761s step_avg:2288.47ms
step:2042/2750 train_time:4673.050s step_avg:2288.47ms
step:2043/2750 train_time:4675.337s step_avg:2288.47ms
step:2044/2750 train_time:4677.630s step_avg:2288.47ms
step:2045/2750 train_time:4679.915s step_avg:2288.47ms
step:2046/2750 train_time:4682.206s step_avg:2288.47ms
step:2047/2750 train_time:4684.493s step_avg:2288.47ms
step:2048/2750 train_time:4686.777s step_avg:2288.47ms
step:2049/2750 train_time:4689.074s step_avg:2288.47ms
step:2050/2750 train_time:4691.354s step_avg:2288.47ms
step:2051/2750 train_time:4693.642s step_avg:2288.47ms
step:2052/2750 train_time:4695.932s step_avg:2288.47ms
step:2053/2750 train_time:4698.217s step_avg:2288.46ms
step:2054/2750 train_time:4700.504s step_avg:2288.46ms
step:2055/2750 train_time:4702.794s step_avg:2288.46ms
step:2056/2750 train_time:4705.083s step_avg:2288.46ms
step:2057/2750 train_time:4707.369s step_avg:2288.46ms
step:2058/2750 train_time:4709.661s step_avg:2288.47ms
step:2059/2750 train_time:4711.953s step_avg:2288.47ms
step:2060/2750 train_time:4714.236s step_avg:2288.46ms
step:2061/2750 train_time:4716.525s step_avg:2288.46ms
step:2062/2750 train_time:4718.818s step_avg:2288.47ms
step:2063/2750 train_time:4721.103s step_avg:2288.47ms
step:2064/2750 train_time:4723.394s step_avg:2288.47ms
step:2065/2750 train_time:4725.681s step_avg:2288.47ms
step:2066/2750 train_time:4727.969s step_avg:2288.47ms
step:2067/2750 train_time:4730.260s step_avg:2288.47ms
step:2068/2750 train_time:4732.549s step_avg:2288.47ms
step:2069/2750 train_time:4734.840s step_avg:2288.47ms
step:2070/2750 train_time:4737.131s step_avg:2288.47ms
step:2071/2750 train_time:4739.420s step_avg:2288.47ms
step:2072/2750 train_time:4741.713s step_avg:2288.47ms
step:2073/2750 train_time:4744.002s step_avg:2288.47ms
step:2074/2750 train_time:4746.286s step_avg:2288.47ms
step:2075/2750 train_time:4748.576s step_avg:2288.47ms
step:2076/2750 train_time:4750.863s step_avg:2288.47ms
step:2077/2750 train_time:4753.150s step_avg:2288.47ms
step:2078/2750 train_time:4755.440s step_avg:2288.47ms
step:2079/2750 train_time:4757.731s step_avg:2288.47ms
step:2080/2750 train_time:4760.014s step_avg:2288.47ms
step:2081/2750 train_time:4762.306s step_avg:2288.47ms
step:2082/2750 train_time:4764.602s step_avg:2288.47ms
step:2083/2750 train_time:4766.889s step_avg:2288.47ms
step:2084/2750 train_time:4769.183s step_avg:2288.48ms
step:2085/2750 train_time:4771.469s step_avg:2288.47ms
step:2086/2750 train_time:4773.761s step_avg:2288.48ms
step:2087/2750 train_time:4776.050s step_avg:2288.48ms
step:2088/2750 train_time:4778.339s step_avg:2288.48ms
step:2089/2750 train_time:4780.630s step_avg:2288.48ms
step:2090/2750 train_time:4782.916s step_avg:2288.48ms
step:2091/2750 train_time:4785.219s step_avg:2288.48ms
step:2092/2750 train_time:4787.507s step_avg:2288.48ms
step:2093/2750 train_time:4789.801s step_avg:2288.49ms
step:2094/2750 train_time:4792.093s step_avg:2288.49ms
step:2095/2750 train_time:4794.383s step_avg:2288.49ms
step:2096/2750 train_time:4796.671s step_avg:2288.49ms
step:2097/2750 train_time:4798.962s step_avg:2288.49ms
step:2098/2750 train_time:4801.251s step_avg:2288.49ms
step:2099/2750 train_time:4803.535s step_avg:2288.49ms
step:2100/2750 train_time:4805.823s step_avg:2288.49ms
step:2101/2750 train_time:4808.115s step_avg:2288.49ms
step:2102/2750 train_time:4810.403s step_avg:2288.49ms
step:2103/2750 train_time:4812.693s step_avg:2288.49ms
step:2104/2750 train_time:4814.981s step_avg:2288.49ms
step:2105/2750 train_time:4817.274s step_avg:2288.49ms
step:2106/2750 train_time:4819.563s step_avg:2288.49ms
step:2107/2750 train_time:4821.854s step_avg:2288.49ms
step:2108/2750 train_time:4824.141s step_avg:2288.49ms
step:2109/2750 train_time:4826.430s step_avg:2288.49ms
step:2110/2750 train_time:4828.720s step_avg:2288.49ms
step:2111/2750 train_time:4831.008s step_avg:2288.49ms
step:2112/2750 train_time:4833.295s step_avg:2288.49ms
step:2113/2750 train_time:4835.583s step_avg:2288.49ms
step:2114/2750 train_time:4837.870s step_avg:2288.49ms
step:2115/2750 train_time:4840.163s step_avg:2288.49ms
step:2116/2750 train_time:4842.453s step_avg:2288.49ms
step:2117/2750 train_time:4844.742s step_avg:2288.49ms
step:2118/2750 train_time:4847.035s step_avg:2288.50ms
step:2119/2750 train_time:4849.324s step_avg:2288.50ms
step:2120/2750 train_time:4851.616s step_avg:2288.50ms
step:2121/2750 train_time:4853.904s step_avg:2288.50ms
step:2122/2750 train_time:4856.189s step_avg:2288.50ms
step:2123/2750 train_time:4858.481s step_avg:2288.50ms
step:2124/2750 train_time:4860.773s step_avg:2288.50ms
step:2125/2750 train_time:4863.058s step_avg:2288.50ms
step:2125/2750 val_loss:3.33363 train_time:4863.058s step_avg:2289.33ms
step:2126/2750 train_time:4865.356s step_avg:2288.50ms
step:2127/2750 train_time:4867.653s step_avg:2288.51ms
step:2128/2750 train_time:4869.942s step_avg:2288.51ms
step:2129/2750 train_time:4872.232s step_avg:2288.51ms
step:2130/2750 train_time:4874.523s step_avg:2288.51ms
step:2131/2750 train_time:4876.815s step_avg:2288.51ms
step:2132/2750 train_time:4879.101s step_avg:2288.51ms
step:2133/2750 train_time:4881.387s step_avg:2288.51ms
step:2134/2750 train_time:4883.679s step_avg:2288.51ms
step:2135/2750 train_time:4885.967s step_avg:2288.51ms
step:2136/2750 train_time:4888.260s step_avg:2288.51ms
step:2137/2750 train_time:4890.550s step_avg:2288.51ms
step:2138/2750 train_time:4892.842s step_avg:2288.51ms
step:2139/2750 train_time:4895.125s step_avg:2288.51ms
step:2140/2750 train_time:4897.415s step_avg:2288.51ms
step:2141/2750 train_time:4899.707s step_avg:2288.51ms
step:2142/2750 train_time:4901.995s step_avg:2288.51ms
step:2143/2750 train_time:4904.286s step_avg:2288.51ms
step:2144/2750 train_time:4906.578s step_avg:2288.52ms
step:2145/2750 train_time:4908.868s step_avg:2288.52ms
step:2146/2750 train_time:4911.160s step_avg:2288.52ms
step:2147/2750 train_time:4913.444s step_avg:2288.52ms
step:2148/2750 train_time:4915.736s step_avg:2288.52ms
step:2149/2750 train_time:4918.024s step_avg:2288.52ms
step:2150/2750 train_time:4920.313s step_avg:2288.52ms
step:2151/2750 train_time:4922.606s step_avg:2288.52ms
step:2152/2750 train_time:4924.897s step_avg:2288.52ms
step:2153/2750 train_time:4927.184s step_avg:2288.52ms
step:2154/2750 train_time:4929.474s step_avg:2288.52ms
step:2155/2750 train_time:4931.769s step_avg:2288.52ms
step:2156/2750 train_time:4934.058s step_avg:2288.52ms
step:2157/2750 train_time:4936.344s step_avg:2288.52ms
step:2158/2750 train_time:4938.633s step_avg:2288.52ms
step:2159/2750 train_time:4940.920s step_avg:2288.52ms
step:2160/2750 train_time:4943.214s step_avg:2288.53ms
step:2161/2750 train_time:4945.504s step_avg:2288.53ms
step:2162/2750 train_time:4947.793s step_avg:2288.53ms
step:2163/2750 train_time:4950.083s step_avg:2288.53ms
step:2164/2750 train_time:4952.375s step_avg:2288.53ms
step:2165/2750 train_time:4954.665s step_avg:2288.53ms
step:2166/2750 train_time:4956.957s step_avg:2288.53ms
step:2167/2750 train_time:4959.242s step_avg:2288.53ms
step:2168/2750 train_time:4961.530s step_avg:2288.53ms
step:2169/2750 train_time:4963.823s step_avg:2288.53ms
step:2170/2750 train_time:4966.110s step_avg:2288.53ms
step:2171/2750 train_time:4968.400s step_avg:2288.53ms
step:2172/2750 train_time:4970.691s step_avg:2288.53ms
step:2173/2750 train_time:4972.980s step_avg:2288.53ms
step:2174/2750 train_time:4975.268s step_avg:2288.53ms
step:2175/2750 train_time:4977.559s step_avg:2288.53ms
step:2176/2750 train_time:4979.849s step_avg:2288.53ms
step:2177/2750 train_time:4982.140s step_avg:2288.53ms
step:2178/2750 train_time:4984.428s step_avg:2288.53ms
step:2179/2750 train_time:4986.720s step_avg:2288.54ms
step:2180/2750 train_time:4989.006s step_avg:2288.53ms
step:2181/2750 train_time:4991.295s step_avg:2288.54ms
step:2182/2750 train_time:4993.586s step_avg:2288.54ms
step:2183/2750 train_time:4995.880s step_avg:2288.54ms
step:2184/2750 train_time:4998.165s step_avg:2288.54ms
step:2185/2750 train_time:5000.450s step_avg:2288.54ms
step:2186/2750 train_time:5002.741s step_avg:2288.54ms
step:2187/2750 train_time:5005.025s step_avg:2288.53ms
step:2188/2750 train_time:5007.314s step_avg:2288.53ms
step:2189/2750 train_time:5009.608s step_avg:2288.54ms
step:2190/2750 train_time:5011.895s step_avg:2288.54ms
step:2191/2750 train_time:5014.182s step_avg:2288.54ms
step:2192/2750 train_time:5016.470s step_avg:2288.54ms
step:2193/2750 train_time:5018.756s step_avg:2288.53ms
step:2194/2750 train_time:5021.043s step_avg:2288.53ms
step:2195/2750 train_time:5023.331s step_avg:2288.53ms
step:2196/2750 train_time:5025.620s step_avg:2288.53ms
step:2197/2750 train_time:5027.909s step_avg:2288.53ms
step:2198/2750 train_time:5030.197s step_avg:2288.53ms
step:2199/2750 train_time:5032.487s step_avg:2288.53ms
step:2200/2750 train_time:5034.780s step_avg:2288.54ms
step:2201/2750 train_time:5037.069s step_avg:2288.54ms
step:2202/2750 train_time:5039.360s step_avg:2288.54ms
step:2203/2750 train_time:5041.644s step_avg:2288.54ms
step:2204/2750 train_time:5043.928s step_avg:2288.53ms
step:2205/2750 train_time:5046.220s step_avg:2288.54ms
step:2206/2750 train_time:5048.514s step_avg:2288.54ms
step:2207/2750 train_time:5050.800s step_avg:2288.54ms
step:2208/2750 train_time:5053.091s step_avg:2288.54ms
step:2209/2750 train_time:5055.382s step_avg:2288.54ms
step:2210/2750 train_time:5057.665s step_avg:2288.54ms
step:2211/2750 train_time:5059.953s step_avg:2288.54ms
step:2212/2750 train_time:5062.248s step_avg:2288.54ms
step:2213/2750 train_time:5064.538s step_avg:2288.54ms
step:2214/2750 train_time:5066.832s step_avg:2288.54ms
step:2215/2750 train_time:5069.124s step_avg:2288.54ms
step:2216/2750 train_time:5071.417s step_avg:2288.55ms
step:2217/2750 train_time:5073.705s step_avg:2288.55ms
step:2218/2750 train_time:5075.996s step_avg:2288.55ms
step:2219/2750 train_time:5078.289s step_avg:2288.55ms
step:2220/2750 train_time:5080.582s step_avg:2288.55ms
step:2221/2750 train_time:5082.870s step_avg:2288.55ms
step:2222/2750 train_time:5085.158s step_avg:2288.55ms
step:2223/2750 train_time:5087.447s step_avg:2288.55ms
step:2224/2750 train_time:5089.732s step_avg:2288.55ms
step:2225/2750 train_time:5092.023s step_avg:2288.55ms
step:2226/2750 train_time:5094.308s step_avg:2288.55ms
step:2227/2750 train_time:5096.598s step_avg:2288.55ms
step:2228/2750 train_time:5098.889s step_avg:2288.55ms
step:2229/2750 train_time:5101.180s step_avg:2288.55ms
step:2230/2750 train_time:5103.473s step_avg:2288.55ms
step:2231/2750 train_time:5105.764s step_avg:2288.55ms
step:2232/2750 train_time:5108.052s step_avg:2288.55ms
step:2233/2750 train_time:5110.346s step_avg:2288.56ms
step:2234/2750 train_time:5112.640s step_avg:2288.56ms
step:2235/2750 train_time:5114.925s step_avg:2288.56ms
step:2236/2750 train_time:5117.216s step_avg:2288.56ms
step:2237/2750 train_time:5119.509s step_avg:2288.56ms
step:2238/2750 train_time:5121.798s step_avg:2288.56ms
step:2239/2750 train_time:5124.087s step_avg:2288.56ms
step:2240/2750 train_time:5126.372s step_avg:2288.56ms
step:2241/2750 train_time:5128.662s step_avg:2288.56ms
step:2242/2750 train_time:5130.953s step_avg:2288.56ms
step:2243/2750 train_time:5133.243s step_avg:2288.56ms
step:2244/2750 train_time:5135.529s step_avg:2288.56ms
step:2245/2750 train_time:5137.820s step_avg:2288.56ms
step:2246/2750 train_time:5140.107s step_avg:2288.56ms
step:2247/2750 train_time:5142.399s step_avg:2288.56ms
step:2248/2750 train_time:5144.687s step_avg:2288.56ms
step:2249/2750 train_time:5146.977s step_avg:2288.56ms
step:2250/2750 train_time:5149.266s step_avg:2288.56ms
step:2250/2750 val_loss:3.31345 train_time:5149.266s step_avg:2289.67ms
step:2251/2750 train_time:5151.563s step_avg:2288.57ms
step:2252/2750 train_time:5153.851s step_avg:2288.57ms
step:2253/2750 train_time:5156.146s step_avg:2288.57ms
step:2254/2750 train_time:5158.440s step_avg:2288.57ms
step:2255/2750 train_time:5160.729s step_avg:2288.57ms
step:2256/2750 train_time:5163.021s step_avg:2288.57ms
step:2257/2750 train_time:5165.311s step_avg:2288.57ms
step:2258/2750 train_time:5167.600s step_avg:2288.57ms
step:2259/2750 train_time:5169.891s step_avg:2288.57ms
step:2260/2750 train_time:5172.178s step_avg:2288.57ms
step:2261/2750 train_time:5174.472s step_avg:2288.58ms
step:2262/2750 train_time:5176.759s step_avg:2288.58ms
step:2263/2750 train_time:5179.052s step_avg:2288.58ms
step:2264/2750 train_time:5181.346s step_avg:2288.58ms
step:2265/2750 train_time:5183.637s step_avg:2288.58ms
step:2266/2750 train_time:5185.922s step_avg:2288.58ms
step:2267/2750 train_time:5188.210s step_avg:2288.58ms
step:2268/2750 train_time:5190.504s step_avg:2288.58ms
step:2269/2750 train_time:5192.792s step_avg:2288.58ms
step:2270/2750 train_time:5195.076s step_avg:2288.58ms
step:2271/2750 train_time:5197.366s step_avg:2288.58ms
step:2272/2750 train_time:5199.651s step_avg:2288.58ms
step:2273/2750 train_time:5201.941s step_avg:2288.58ms
step:2274/2750 train_time:5204.229s step_avg:2288.58ms
step:2275/2750 train_time:5206.515s step_avg:2288.58ms
step:2276/2750 train_time:5208.805s step_avg:2288.58ms
step:2277/2750 train_time:5211.094s step_avg:2288.58ms
step:2278/2750 train_time:5213.385s step_avg:2288.58ms
step:2279/2750 train_time:5215.674s step_avg:2288.58ms
step:2280/2750 train_time:5217.962s step_avg:2288.58ms
step:2281/2750 train_time:5220.268s step_avg:2288.59ms
step:2282/2750 train_time:5222.562s step_avg:2288.59ms
step:2283/2750 train_time:5224.849s step_avg:2288.59ms
step:2284/2750 train_time:5227.137s step_avg:2288.59ms
step:2285/2750 train_time:5229.424s step_avg:2288.59ms
step:2286/2750 train_time:5231.707s step_avg:2288.59ms
step:2287/2750 train_time:5233.994s step_avg:2288.58ms
step:2288/2750 train_time:5236.283s step_avg:2288.59ms
step:2289/2750 train_time:5238.570s step_avg:2288.58ms
step:2290/2750 train_time:5240.860s step_avg:2288.59ms
step:2291/2750 train_time:5243.148s step_avg:2288.58ms
step:2292/2750 train_time:5245.437s step_avg:2288.58ms
step:2293/2750 train_time:5247.726s step_avg:2288.59ms
step:2294/2750 train_time:5250.014s step_avg:2288.59ms
step:2295/2750 train_time:5252.303s step_avg:2288.59ms
step:2296/2750 train_time:5254.593s step_avg:2288.59ms
step:2297/2750 train_time:5256.883s step_avg:2288.59ms
step:2298/2750 train_time:5259.175s step_avg:2288.59ms
step:2299/2750 train_time:5261.461s step_avg:2288.59ms
step:2300/2750 train_time:5263.750s step_avg:2288.59ms
step:2301/2750 train_time:5266.042s step_avg:2288.59ms
step:2302/2750 train_time:5268.336s step_avg:2288.59ms
step:2303/2750 train_time:5270.622s step_avg:2288.59ms
step:2304/2750 train_time:5272.912s step_avg:2288.59ms
step:2305/2750 train_time:5275.205s step_avg:2288.59ms
step:2306/2750 train_time:5277.493s step_avg:2288.59ms
step:2307/2750 train_time:5279.786s step_avg:2288.59ms
step:2308/2750 train_time:5282.074s step_avg:2288.59ms
step:2309/2750 train_time:5284.367s step_avg:2288.60ms
step:2310/2750 train_time:5286.659s step_avg:2288.60ms
step:2311/2750 train_time:5288.946s step_avg:2288.60ms
step:2312/2750 train_time:5291.247s step_avg:2288.60ms
step:2313/2750 train_time:5293.540s step_avg:2288.60ms
step:2314/2750 train_time:5295.823s step_avg:2288.60ms
step:2315/2750 train_time:5298.113s step_avg:2288.60ms
step:2316/2750 train_time:5300.408s step_avg:2288.60ms
step:2317/2750 train_time:5302.695s step_avg:2288.60ms
step:2318/2750 train_time:5304.982s step_avg:2288.60ms
step:2319/2750 train_time:5307.272s step_avg:2288.60ms
step:2320/2750 train_time:5309.558s step_avg:2288.60ms
step:2321/2750 train_time:5311.847s step_avg:2288.60ms
step:2322/2750 train_time:5314.139s step_avg:2288.60ms
step:2323/2750 train_time:5316.432s step_avg:2288.61ms
step:2324/2750 train_time:5318.719s step_avg:2288.61ms
step:2325/2750 train_time:5321.006s step_avg:2288.60ms
step:2326/2750 train_time:5323.298s step_avg:2288.61ms
step:2327/2750 train_time:5325.583s step_avg:2288.60ms
step:2328/2750 train_time:5327.873s step_avg:2288.61ms
step:2329/2750 train_time:5330.163s step_avg:2288.61ms
step:2330/2750 train_time:5332.453s step_avg:2288.61ms
step:2331/2750 train_time:5334.741s step_avg:2288.61ms
step:2332/2750 train_time:5337.030s step_avg:2288.61ms
step:2333/2750 train_time:5339.319s step_avg:2288.61ms
step:2334/2750 train_time:5341.605s step_avg:2288.61ms
step:2335/2750 train_time:5343.895s step_avg:2288.61ms
step:2336/2750 train_time:5346.185s step_avg:2288.61ms
step:2337/2750 train_time:5348.471s step_avg:2288.61ms
step:2338/2750 train_time:5350.758s step_avg:2288.60ms
step:2339/2750 train_time:5353.050s step_avg:2288.61ms
step:2340/2750 train_time:5355.339s step_avg:2288.61ms
step:2341/2750 train_time:5357.634s step_avg:2288.61ms
step:2342/2750 train_time:5359.919s step_avg:2288.61ms
step:2343/2750 train_time:5362.207s step_avg:2288.61ms
step:2344/2750 train_time:5364.498s step_avg:2288.61ms
step:2345/2750 train_time:5366.785s step_avg:2288.61ms
step:2346/2750 train_time:5369.076s step_avg:2288.61ms
step:2347/2750 train_time:5371.362s step_avg:2288.61ms
step:2348/2750 train_time:5373.656s step_avg:2288.61ms
step:2349/2750 train_time:5375.948s step_avg:2288.61ms
step:2350/2750 train_time:5378.240s step_avg:2288.61ms
step:2351/2750 train_time:5380.524s step_avg:2288.61ms
step:2352/2750 train_time:5382.812s step_avg:2288.61ms
step:2353/2750 train_time:5385.104s step_avg:2288.61ms
step:2354/2750 train_time:5387.389s step_avg:2288.61ms
step:2355/2750 train_time:5389.677s step_avg:2288.61ms
step:2356/2750 train_time:5391.969s step_avg:2288.61ms
step:2357/2750 train_time:5394.257s step_avg:2288.61ms
step:2358/2750 train_time:5396.546s step_avg:2288.61ms
step:2359/2750 train_time:5398.836s step_avg:2288.61ms
step:2360/2750 train_time:5401.125s step_avg:2288.61ms
step:2361/2750 train_time:5403.418s step_avg:2288.61ms
step:2362/2750 train_time:5405.708s step_avg:2288.61ms
step:2363/2750 train_time:5408.000s step_avg:2288.62ms
step:2364/2750 train_time:5410.290s step_avg:2288.62ms
step:2365/2750 train_time:5412.577s step_avg:2288.62ms
step:2366/2750 train_time:5414.866s step_avg:2288.62ms
step:2367/2750 train_time:5417.162s step_avg:2288.62ms
step:2368/2750 train_time:5419.446s step_avg:2288.62ms
step:2369/2750 train_time:5421.736s step_avg:2288.62ms
step:2370/2750 train_time:5424.025s step_avg:2288.62ms
step:2371/2750 train_time:5426.316s step_avg:2288.62ms
step:2372/2750 train_time:5428.601s step_avg:2288.62ms
step:2373/2750 train_time:5430.889s step_avg:2288.62ms
step:2374/2750 train_time:5433.178s step_avg:2288.62ms
step:2375/2750 train_time:5435.466s step_avg:2288.62ms
step:2375/2750 val_loss:3.30032 train_time:5435.466s step_avg:2289.60ms
step:2376/2750 train_time:5437.763s step_avg:2288.62ms
step:2377/2750 train_time:5440.053s step_avg:2288.62ms
step:2378/2750 train_time:5442.345s step_avg:2288.62ms
step:2379/2750 train_time:5444.635s step_avg:2288.62ms
step:2380/2750 train_time:5446.925s step_avg:2288.62ms
step:2381/2750 train_time:5449.216s step_avg:2288.62ms
step:2382/2750 train_time:5451.508s step_avg:2288.63ms
step:2383/2750 train_time:5453.799s step_avg:2288.63ms
step:2384/2750 train_time:5456.092s step_avg:2288.63ms
step:2385/2750 train_time:5458.381s step_avg:2288.63ms
step:2386/2750 train_time:5460.668s step_avg:2288.63ms
step:2387/2750 train_time:5462.957s step_avg:2288.63ms
step:2388/2750 train_time:5465.246s step_avg:2288.63ms
step:2389/2750 train_time:5467.537s step_avg:2288.63ms
step:2390/2750 train_time:5469.825s step_avg:2288.63ms
step:2391/2750 train_time:5472.112s step_avg:2288.63ms
step:2392/2750 train_time:5474.404s step_avg:2288.63ms
step:2393/2750 train_time:5476.692s step_avg:2288.63ms
step:2394/2750 train_time:5478.983s step_avg:2288.63ms
step:2395/2750 train_time:5481.272s step_avg:2288.63ms
step:2396/2750 train_time:5483.564s step_avg:2288.63ms
step:2397/2750 train_time:5485.857s step_avg:2288.63ms
step:2398/2750 train_time:5488.150s step_avg:2288.64ms
step:2399/2750 train_time:5490.435s step_avg:2288.63ms
step:2400/2750 train_time:5492.725s step_avg:2288.64ms
step:2401/2750 train_time:5495.017s step_avg:2288.64ms
step:2402/2750 train_time:5497.305s step_avg:2288.64ms
step:2403/2750 train_time:5499.594s step_avg:2288.64ms
step:2404/2750 train_time:5501.885s step_avg:2288.64ms
step:2405/2750 train_time:5504.173s step_avg:2288.64ms
step:2406/2750 train_time:5506.465s step_avg:2288.64ms
step:2407/2750 train_time:5508.750s step_avg:2288.64ms
step:2408/2750 train_time:5511.045s step_avg:2288.64ms
step:2409/2750 train_time:5513.334s step_avg:2288.64ms
step:2410/2750 train_time:5515.625s step_avg:2288.64ms
step:2411/2750 train_time:5517.919s step_avg:2288.64ms
step:2412/2750 train_time:5520.212s step_avg:2288.65ms
step:2413/2750 train_time:5522.498s step_avg:2288.64ms
step:2414/2750 train_time:5524.791s step_avg:2288.65ms
step:2415/2750 train_time:5527.080s step_avg:2288.65ms
step:2416/2750 train_time:5529.367s step_avg:2288.65ms
step:2417/2750 train_time:5531.657s step_avg:2288.65ms
step:2418/2750 train_time:5533.947s step_avg:2288.65ms
step:2419/2750 train_time:5536.239s step_avg:2288.65ms
step:2420/2750 train_time:5538.529s step_avg:2288.65ms
step:2421/2750 train_time:5540.821s step_avg:2288.65ms
step:2422/2750 train_time:5543.114s step_avg:2288.65ms
step:2423/2750 train_time:5545.406s step_avg:2288.65ms
step:2424/2750 train_time:5547.695s step_avg:2288.65ms
step:2425/2750 train_time:5549.983s step_avg:2288.65ms
step:2426/2750 train_time:5552.275s step_avg:2288.65ms
step:2427/2750 train_time:5554.561s step_avg:2288.65ms
step:2428/2750 train_time:5556.851s step_avg:2288.65ms
step:2429/2750 train_time:5559.142s step_avg:2288.65ms
step:2430/2750 train_time:5561.431s step_avg:2288.65ms
step:2431/2750 train_time:5563.721s step_avg:2288.66ms
step:2432/2750 train_time:5566.008s step_avg:2288.65ms
step:2433/2750 train_time:5568.299s step_avg:2288.66ms
step:2434/2750 train_time:5570.591s step_avg:2288.66ms
step:2435/2750 train_time:5572.880s step_avg:2288.66ms
step:2436/2750 train_time:5575.173s step_avg:2288.66ms
step:2437/2750 train_time:5577.464s step_avg:2288.66ms
step:2438/2750 train_time:5579.745s step_avg:2288.66ms
step:2439/2750 train_time:5582.037s step_avg:2288.66ms
step:2440/2750 train_time:5584.330s step_avg:2288.66ms
step:2441/2750 train_time:5586.612s step_avg:2288.66ms
step:2442/2750 train_time:5588.899s step_avg:2288.66ms
step:2443/2750 train_time:5591.194s step_avg:2288.66ms
step:2444/2750 train_time:5593.481s step_avg:2288.66ms
step:2445/2750 train_time:5595.768s step_avg:2288.66ms
step:2446/2750 train_time:5598.057s step_avg:2288.66ms
step:2447/2750 train_time:5600.346s step_avg:2288.66ms
step:2448/2750 train_time:5602.634s step_avg:2288.66ms
step:2449/2750 train_time:5604.921s step_avg:2288.66ms
step:2450/2750 train_time:5607.210s step_avg:2288.66ms
step:2451/2750 train_time:5609.502s step_avg:2288.66ms
step:2452/2750 train_time:5611.790s step_avg:2288.66ms
step:2453/2750 train_time:5614.080s step_avg:2288.66ms
step:2454/2750 train_time:5616.371s step_avg:2288.66ms
step:2455/2750 train_time:5618.661s step_avg:2288.66ms
step:2456/2750 train_time:5620.954s step_avg:2288.66ms
step:2457/2750 train_time:5623.248s step_avg:2288.66ms
step:2458/2750 train_time:5625.534s step_avg:2288.66ms
step:2459/2750 train_time:5627.822s step_avg:2288.66ms
step:2460/2750 train_time:5630.114s step_avg:2288.66ms
step:2461/2750 train_time:5632.403s step_avg:2288.66ms
step:2462/2750 train_time:5634.692s step_avg:2288.66ms
step:2463/2750 train_time:5636.983s step_avg:2288.67ms
step:2464/2750 train_time:5639.275s step_avg:2288.67ms
step:2465/2750 train_time:5641.566s step_avg:2288.67ms
step:2466/2750 train_time:5643.853s step_avg:2288.67ms
step:2467/2750 train_time:5646.145s step_avg:2288.67ms
step:2468/2750 train_time:5648.433s step_avg:2288.67ms
step:2469/2750 train_time:5650.724s step_avg:2288.67ms
step:2470/2750 train_time:5653.021s step_avg:2288.67ms
step:2471/2750 train_time:5655.328s step_avg:2288.68ms
step:2472/2750 train_time:5657.623s step_avg:2288.68ms
step:2473/2750 train_time:5659.913s step_avg:2288.68ms
step:2474/2750 train_time:5662.203s step_avg:2288.68ms
step:2475/2750 train_time:5664.495s step_avg:2288.68ms
step:2476/2750 train_time:5666.790s step_avg:2288.69ms
step:2477/2750 train_time:5669.077s step_avg:2288.69ms
step:2478/2750 train_time:5671.368s step_avg:2288.69ms
step:2479/2750 train_time:5673.659s step_avg:2288.69ms
step:2480/2750 train_time:5675.948s step_avg:2288.69ms
step:2481/2750 train_time:5678.237s step_avg:2288.69ms
step:2482/2750 train_time:5680.524s step_avg:2288.69ms
step:2483/2750 train_time:5682.810s step_avg:2288.69ms
step:2484/2750 train_time:5685.098s step_avg:2288.69ms
step:2485/2750 train_time:5687.388s step_avg:2288.69ms
step:2486/2750 train_time:5689.680s step_avg:2288.69ms
step:2487/2750 train_time:5691.970s step_avg:2288.69ms
step:2488/2750 train_time:5694.258s step_avg:2288.69ms
step:2489/2750 train_time:5696.551s step_avg:2288.69ms
step:2490/2750 train_time:5698.838s step_avg:2288.69ms
step:2491/2750 train_time:5701.128s step_avg:2288.69ms
step:2492/2750 train_time:5703.420s step_avg:2288.69ms
step:2493/2750 train_time:5705.714s step_avg:2288.69ms
step:2494/2750 train_time:5707.998s step_avg:2288.69ms
step:2495/2750 train_time:5710.286s step_avg:2288.69ms
step:2496/2750 train_time:5712.578s step_avg:2288.69ms
step:2497/2750 train_time:5714.862s step_avg:2288.69ms
step:2498/2750 train_time:5717.148s step_avg:2288.69ms
step:2499/2750 train_time:5719.439s step_avg:2288.69ms
step:2500/2750 train_time:5721.731s step_avg:2288.69ms
step:2500/2750 val_loss:3.28978 train_time:5721.731s step_avg:2290.12ms
step:2501/2750 train_time:5724.024s step_avg:2288.69ms
step:2502/2750 train_time:5726.318s step_avg:2288.70ms
step:2503/2750 train_time:5728.611s step_avg:2288.70ms
step:2504/2750 train_time:5730.899s step_avg:2288.70ms
step:2505/2750 train_time:5733.184s step_avg:2288.70ms
step:2506/2750 train_time:5735.476s step_avg:2288.70ms
step:2507/2750 train_time:5737.764s step_avg:2288.70ms
step:2508/2750 train_time:5740.057s step_avg:2288.70ms
step:2509/2750 train_time:5742.347s step_avg:2288.70ms
step:2510/2750 train_time:5744.643s step_avg:2288.70ms
step:2511/2750 train_time:5746.928s step_avg:2288.70ms
step:2512/2750 train_time:5749.216s step_avg:2288.70ms
step:2513/2750 train_time:5751.509s step_avg:2288.70ms
step:2514/2750 train_time:5753.801s step_avg:2288.70ms
step:2515/2750 train_time:5756.091s step_avg:2288.70ms
step:2516/2750 train_time:5758.381s step_avg:2288.70ms
step:2517/2750 train_time:5760.677s step_avg:2288.71ms
step:2518/2750 train_time:5762.965s step_avg:2288.71ms
step:2519/2750 train_time:5765.260s step_avg:2288.71ms
step:2520/2750 train_time:5767.548s step_avg:2288.71ms
step:2521/2750 train_time:5769.839s step_avg:2288.71ms
step:2522/2750 train_time:5772.123s step_avg:2288.71ms
step:2523/2750 train_time:5774.413s step_avg:2288.71ms
step:2524/2750 train_time:5776.705s step_avg:2288.71ms
step:2525/2750 train_time:5778.988s step_avg:2288.71ms
step:2526/2750 train_time:5781.280s step_avg:2288.71ms
step:2527/2750 train_time:5783.569s step_avg:2288.71ms
step:2528/2750 train_time:5785.862s step_avg:2288.71ms
step:2529/2750 train_time:5788.152s step_avg:2288.71ms
step:2530/2750 train_time:5790.442s step_avg:2288.71ms
step:2531/2750 train_time:5792.735s step_avg:2288.71ms
step:2532/2750 train_time:5795.024s step_avg:2288.71ms
step:2533/2750 train_time:5797.316s step_avg:2288.72ms
step:2534/2750 train_time:5799.607s step_avg:2288.72ms
step:2535/2750 train_time:5801.895s step_avg:2288.72ms
step:2536/2750 train_time:5804.179s step_avg:2288.71ms
step:2537/2750 train_time:5806.471s step_avg:2288.72ms
step:2538/2750 train_time:5808.763s step_avg:2288.72ms
step:2539/2750 train_time:5811.047s step_avg:2288.71ms
step:2540/2750 train_time:5813.338s step_avg:2288.72ms
step:2541/2750 train_time:5815.627s step_avg:2288.72ms
step:2542/2750 train_time:5817.911s step_avg:2288.71ms
step:2543/2750 train_time:5820.204s step_avg:2288.72ms
step:2544/2750 train_time:5822.493s step_avg:2288.72ms
step:2545/2750 train_time:5824.780s step_avg:2288.72ms
step:2546/2750 train_time:5827.073s step_avg:2288.72ms
step:2547/2750 train_time:5829.363s step_avg:2288.72ms
step:2548/2750 train_time:5831.653s step_avg:2288.72ms
step:2549/2750 train_time:5833.945s step_avg:2288.72ms
step:2550/2750 train_time:5836.234s step_avg:2288.72ms
step:2551/2750 train_time:5838.526s step_avg:2288.72ms
step:2552/2750 train_time:5840.821s step_avg:2288.72ms
step:2553/2750 train_time:5843.107s step_avg:2288.72ms
step:2554/2750 train_time:5845.396s step_avg:2288.72ms
step:2555/2750 train_time:5847.691s step_avg:2288.72ms
step:2556/2750 train_time:5849.983s step_avg:2288.73ms
step:2557/2750 train_time:5852.275s step_avg:2288.73ms
step:2558/2750 train_time:5854.562s step_avg:2288.73ms
step:2559/2750 train_time:5856.857s step_avg:2288.73ms
step:2560/2750 train_time:5859.142s step_avg:2288.73ms
step:2561/2750 train_time:5861.434s step_avg:2288.73ms
step:2562/2750 train_time:5863.724s step_avg:2288.73ms
step:2563/2750 train_time:5866.015s step_avg:2288.73ms
step:2564/2750 train_time:5868.301s step_avg:2288.73ms
step:2565/2750 train_time:5870.590s step_avg:2288.73ms
step:2566/2750 train_time:5872.883s step_avg:2288.73ms
step:2567/2750 train_time:5875.169s step_avg:2288.73ms
step:2568/2750 train_time:5877.463s step_avg:2288.73ms
step:2569/2750 train_time:5879.751s step_avg:2288.73ms
step:2570/2750 train_time:5882.041s step_avg:2288.73ms
step:2571/2750 train_time:5884.331s step_avg:2288.73ms
step:2572/2750 train_time:5886.620s step_avg:2288.73ms
step:2573/2750 train_time:5888.908s step_avg:2288.73ms
step:2574/2750 train_time:5891.196s step_avg:2288.73ms
step:2575/2750 train_time:5893.484s step_avg:2288.73ms
step:2576/2750 train_time:5895.778s step_avg:2288.73ms
step:2577/2750 train_time:5898.066s step_avg:2288.73ms
step:2578/2750 train_time:5900.359s step_avg:2288.74ms
step:2579/2750 train_time:5902.650s step_avg:2288.74ms
step:2580/2750 train_time:5904.941s step_avg:2288.74ms
step:2581/2750 train_time:5907.225s step_avg:2288.73ms
step:2582/2750 train_time:5909.516s step_avg:2288.74ms
step:2583/2750 train_time:5911.810s step_avg:2288.74ms
step:2584/2750 train_time:5914.095s step_avg:2288.74ms
step:2585/2750 train_time:5916.383s step_avg:2288.74ms
step:2586/2750 train_time:5918.671s step_avg:2288.74ms
step:2587/2750 train_time:5920.960s step_avg:2288.74ms
step:2588/2750 train_time:5923.249s step_avg:2288.74ms
step:2589/2750 train_time:5925.541s step_avg:2288.74ms
step:2590/2750 train_time:5927.834s step_avg:2288.74ms
step:2591/2750 train_time:5930.126s step_avg:2288.74ms
step:2592/2750 train_time:5932.417s step_avg:2288.74ms
step:2593/2750 train_time:5934.711s step_avg:2288.74ms
step:2594/2750 train_time:5937.005s step_avg:2288.75ms
step:2595/2750 train_time:5939.288s step_avg:2288.74ms
step:2596/2750 train_time:5941.577s step_avg:2288.74ms
step:2597/2750 train_time:5943.872s step_avg:2288.75ms
step:2598/2750 train_time:5946.163s step_avg:2288.75ms
step:2599/2750 train_time:5948.450s step_avg:2288.75ms
step:2600/2750 train_time:5950.739s step_avg:2288.75ms
step:2600/2750 val_loss:3.28289 train_time:5950.740s step_avg:2290.09ms
step:2601/2750 train_time:5953.033s step_avg:2288.75ms
step:2602/2750 train_time:5955.324s step_avg:2288.75ms
step:2603/2750 train_time:5957.613s step_avg:2288.75ms
step:2604/2750 train_time:5959.902s step_avg:2288.75ms
step:2605/2750 train_time:5962.193s step_avg:2288.75ms
step:2605/2750 val_loss:3.28260 train_time:5962.193s step_avg:2290.75ms
step:2606/2750 train_time:5964.483s step_avg:2288.75ms
step:2607/2750 train_time:5966.777s step_avg:2288.75ms
step:2608/2750 train_time:5969.067s step_avg:2288.75ms
step:2609/2750 train_time:5971.355s step_avg:2288.75ms
step:2610/2750 train_time:5973.647s step_avg:2288.75ms
step:2610/2750 val_loss:3.28230 train_time:5973.647s step_avg:2290.66ms
step:2611/2750 train_time:5975.945s step_avg:2288.76ms
step:2612/2750 train_time:5978.234s step_avg:2288.76ms
step:2613/2750 train_time:5980.529s step_avg:2288.76ms
step:2614/2750 train_time:5982.824s step_avg:2288.76ms
step:2615/2750 train_time:5985.114s step_avg:2288.76ms
step:2615/2750 val_loss:3.28201 train_time:5985.114s step_avg:2293.51ms
step:2616/2750 train_time:5987.409s step_avg:2288.76ms
step:2617/2750 train_time:5989.698s step_avg:2288.77ms
step:2618/2750 train_time:5991.992s step_avg:2288.77ms
step:2619/2750 train_time:5994.284s step_avg:2288.77ms
step:2620/2750 train_time:5996.572s step_avg:2288.77ms
step:2620/2750 val_loss:3.28166 train_time:5996.573s step_avg:2291.65ms
step:2621/2750 train_time:5998.868s step_avg:2288.77ms
step:2622/2750 train_time:6001.165s step_avg:2288.77ms
step:2623/2750 train_time:6003.452s step_avg:2288.77ms
step:2624/2750 train_time:6005.743s step_avg:2288.77ms
step:2625/2750 train_time:6008.033s step_avg:2288.77ms
step:2625/2750 val_loss:3.28138 train_time:6008.034s step_avg:2292.22ms
step:2626/2750 train_time:6010.323s step_avg:2288.78ms
step:2627/2750 train_time:6012.614s step_avg:2288.78ms
step:2628/2750 train_time:6014.908s step_avg:2288.78ms
step:2629/2750 train_time:6017.201s step_avg:2288.78ms
step:2630/2750 train_time:6019.493s step_avg:2288.78ms
step:2630/2750 val_loss:3.28105 train_time:6019.493s step_avg:2291.86ms
step:2631/2750 train_time:6021.784s step_avg:2288.78ms
step:2632/2750 train_time:6024.080s step_avg:2288.78ms
step:2633/2750 train_time:6026.368s step_avg:2288.78ms
step:2634/2750 train_time:6028.661s step_avg:2288.79ms
step:2635/2750 train_time:6030.953s step_avg:2288.79ms
step:2635/2750 val_loss:3.28076 train_time:6030.954s step_avg:2292.14ms
step:2636/2750 train_time:6033.248s step_avg:2288.79ms
step:2637/2750 train_time:6035.539s step_avg:2288.79ms
step:2638/2750 train_time:6037.829s step_avg:2288.79ms
step:2639/2750 train_time:6040.121s step_avg:2288.79ms
step:2640/2750 train_time:6042.411s step_avg:2288.79ms
step:2640/2750 val_loss:3.28045 train_time:6042.411s step_avg:2291.51ms
step:2641/2750 train_time:6044.704s step_avg:2288.79ms
step:2642/2750 train_time:6046.994s step_avg:2288.79ms
step:2643/2750 train_time:6049.288s step_avg:2288.80ms
step:2644/2750 train_time:6051.574s step_avg:2288.79ms
step:2645/2750 train_time:6053.867s step_avg:2288.80ms
step:2645/2750 val_loss:3.28013 train_time:6053.867s step_avg:2291.15ms
step:2646/2750 train_time:6056.157s step_avg:2288.80ms
step:2647/2750 train_time:6058.453s step_avg:2288.80ms
step:2648/2750 train_time:6060.739s step_avg:2288.80ms
step:2649/2750 train_time:6063.031s step_avg:2288.80ms
step:2650/2750 train_time:6065.324s step_avg:2288.80ms
step:2650/2750 val_loss:3.27986 train_time:6065.324s step_avg:2291.45ms
step:2651/2750 train_time:6067.613s step_avg:2288.80ms
step:2652/2750 train_time:6069.899s step_avg:2288.80ms
step:2653/2750 train_time:6072.197s step_avg:2288.80ms
step:2654/2750 train_time:6074.482s step_avg:2288.80ms
step:2655/2750 train_time:6076.772s step_avg:2288.80ms
step:2655/2750 val_loss:3.27955 train_time:6076.773s step_avg:2289.69ms
step:2656/2750 train_time:6079.069s step_avg:2288.81ms
step:2657/2750 train_time:6081.365s step_avg:2288.81ms
step:2658/2750 train_time:6083.657s step_avg:2288.81ms
step:2659/2750 train_time:6085.947s step_avg:2288.81ms
step:2660/2750 train_time:6088.237s step_avg:2288.81ms
step:2660/2750 val_loss:3.27927 train_time:6088.238s step_avg:2293.00ms
step:2661/2750 train_time:6090.542s step_avg:2288.82ms
step:2662/2750 train_time:6092.837s step_avg:2288.82ms
step:2663/2750 train_time:6095.130s step_avg:2288.82ms
step:2664/2750 train_time:6097.417s step_avg:2288.82ms
step:2665/2750 train_time:6099.710s step_avg:2288.82ms
step:2665/2750 val_loss:3.27897 train_time:6099.710s step_avg:2294.41ms
step:2666/2750 train_time:6102.009s step_avg:2288.83ms
step:2667/2750 train_time:6104.299s step_avg:2288.83ms
step:2668/2750 train_time:6106.589s step_avg:2288.83ms
step:2669/2750 train_time:6108.880s step_avg:2288.83ms
step:2670/2750 train_time:6111.170s step_avg:2288.83ms
step:2670/2750 val_loss:3.27869 train_time:6111.171s step_avg:2292.18ms
step:2671/2750 train_time:6113.463s step_avg:2288.83ms
step:2672/2750 train_time:6115.756s step_avg:2288.83ms
step:2673/2750 train_time:6118.045s step_avg:2288.83ms
step:2674/2750 train_time:6120.337s step_avg:2288.83ms
step:2675/2750 train_time:6122.624s step_avg:2288.83ms
step:2675/2750 val_loss:3.27841 train_time:6122.624s step_avg:2290.74ms
step:2676/2750 train_time:6124.925s step_avg:2288.84ms
step:2677/2750 train_time:6127.216s step_avg:2288.84ms
step:2678/2750 train_time:6129.507s step_avg:2288.84ms
step:2679/2750 train_time:6131.800s step_avg:2288.84ms
step:2680/2750 train_time:6134.093s step_avg:2288.84ms
step:2680/2750 val_loss:3.27816 train_time:6134.093s step_avg:2293.83ms
step:2681/2750 train_time:6136.387s step_avg:2288.84ms
step:2682/2750 train_time:6138.674s step_avg:2288.84ms
step:2683/2750 train_time:6140.966s step_avg:2288.84ms
step:2684/2750 train_time:6143.256s step_avg:2288.84ms
step:2685/2750 train_time:6145.549s step_avg:2288.85ms
step:2685/2750 val_loss:3.27787 train_time:6145.550s step_avg:2291.22ms
target_reached step:2685 val_loss:3.27787
step:2686/2750 train_time:6147.843s step_avg:2288.85ms
step:2687/2750 train_time:6150.135s step_avg:2288.85ms
step:2688/2750 train_time:6152.425s step_avg:2288.85ms
step:2689/2750 train_time:6154.714s step_avg:2288.85ms
step:2690/2750 train_time:6157.006s step_avg:2288.85ms
step:2690/2750 val_loss:3.27762 train_time:6157.006s step_avg:2291.40ms
target_reached step:2690 val_loss:3.27762
step:2691/2750 train_time:6159.308s step_avg:2288.85ms
step:2692/2750 train_time:6161.603s step_avg:2288.86ms
step:2693/2750 train_time:6163.896s step_avg:2288.86ms
step:2694/2750 train_time:6166.188s step_avg:2288.86ms
step:2695/2750 train_time:6168.482s step_avg:2288.86ms
step:2695/2750 val_loss:3.27738 train_time:6168.482s step_avg:2295.08ms
target_reached step:2695 val_loss:3.27738
step:2696/2750 train_time:6170.785s step_avg:2288.87ms
step:2697/2750 train_time:6173.079s step_avg:2288.87ms
step:2698/2750 train_time:6175.372s step_avg:2288.87ms
step:2699/2750 train_time:6177.663s step_avg:2288.87ms
step:2700/2750 train_time:6179.958s step_avg:2288.87ms
step:2700/2750 val_loss:3.27715 train_time:6179.958s step_avg:2295.27ms
target_reached step:2700 val_loss:3.27715
step:2701/2750 train_time:6182.259s step_avg:2288.88ms
step:2702/2750 train_time:6184.559s step_avg:2288.88ms
step:2703/2750 train_time:6186.850s step_avg:2288.88ms
step:2704/2750 train_time:6189.137s step_avg:2288.88ms
step:2705/2750 train_time:6191.432s step_avg:2288.88ms
step:2705/2750 val_loss:3.27689 train_time:6191.432s step_avg:2294.76ms
target_reached step:2705 val_loss:3.27689
step:2706/2750 train_time:6193.731s step_avg:2288.89ms
step:2707/2750 train_time:6196.022s step_avg:2288.89ms
step:2708/2750 train_time:6198.312s step_avg:2288.89ms
step:2709/2750 train_time:6200.608s step_avg:2288.89ms
step:2710/2750 train_time:6202.898s step_avg:2288.89ms
step:2710/2750 val_loss:3.27664 train_time:6202.898s step_avg:2293.15ms
target_reached step:2710 val_loss:3.27664
step:2711/2750 train_time:6205.203s step_avg:2288.90ms
step:2712/2750 train_time:6207.492s step_avg:2288.90ms
step:2713/2750 train_time:6209.787s step_avg:2288.90ms
step:2714/2750 train_time:6212.080s step_avg:2288.90ms
step:2715/2750 train_time:6214.367s step_avg:2288.90ms
step:2715/2750 val_loss:3.27640 train_time:6214.367s step_avg:2293.88ms
target_reached step:2715 val_loss:3.27640
step:2716/2750 train_time:6216.665s step_avg:2288.90ms
step:2717/2750 train_time:6218.958s step_avg:2288.91ms
step:2718/2750 train_time:6221.254s step_avg:2288.91ms
step:2719/2750 train_time:6223.543s step_avg:2288.91ms
step:2720/2750 train_time:6225.838s step_avg:2288.91ms
step:2720/2750 val_loss:3.27616 train_time:6225.838s step_avg:2294.16ms
target_reached step:2720 val_loss:3.27616
step:2721/2750 train_time:6228.130s step_avg:2288.91ms
step:2722/2750 train_time:6230.422s step_avg:2288.91ms
step:2723/2750 train_time:6232.710s step_avg:2288.91ms
step:2724/2750 train_time:6235.000s step_avg:2288.91ms
step:2725/2750 train_time:6237.293s step_avg:2288.91ms
step:2725/2750 val_loss:3.27596 train_time:6237.293s step_avg:2291.04ms
target_reached step:2725 val_loss:3.27596
step:2726/2750 train_time:6239.593s step_avg:2288.92ms
step:2727/2750 train_time:6241.887s step_avg:2288.92ms
step:2728/2750 train_time:6244.176s step_avg:2288.92ms
step:2729/2750 train_time:6246.468s step_avg:2288.92ms
step:2730/2750 train_time:6248.760s step_avg:2288.92ms
step:2730/2750 val_loss:3.27574 train_time:6248.760s step_avg:2293.41ms
target_reached step:2730 val_loss:3.27574
step:2731/2750 train_time:6251.053s step_avg:2288.92ms
step:2732/2750 train_time:6253.347s step_avg:2288.93ms
step:2733/2750 train_time:6255.646s step_avg:2288.93ms
step:2734/2750 train_time:6257.934s step_avg:2288.93ms
step:2735/2750 train_time:6260.222s step_avg:2288.93ms
step:2735/2750 val_loss:3.27553 train_time:6260.222s step_avg:2292.36ms
target_reached step:2735 val_loss:3.27553
step:2736/2750 train_time:6262.511s step_avg:2288.93ms
step:2737/2750 train_time:6264.809s step_avg:2288.93ms
step:2738/2750 train_time:6267.100s step_avg:2288.93ms
step:2739/2750 train_time:6269.394s step_avg:2288.94ms
step:2740/2750 train_time:6271.686s step_avg:2288.94ms
step:2740/2750 val_loss:3.27535 train_time:6271.686s step_avg:2292.74ms
target_reached step:2740 val_loss:3.27535
step:2741/2750 train_time:6273.985s step_avg:2288.94ms
step:2742/2750 train_time:6276.279s step_avg:2288.94ms
step:2743/2750 train_time:6278.572s step_avg:2288.94ms
step:2744/2750 train_time:6280.859s step_avg:2288.94ms
step:2745/2750 train_time:6283.151s step_avg:2288.94ms
step:2745/2750 val_loss:3.27515 train_time:6283.152s step_avg:2293.16ms
target_reached step:2745 val_loss:3.27515
step:2746/2750 train_time:6285.452s step_avg:2288.95ms
step:2747/2750 train_time:6287.737s step_avg:2288.95ms
step:2748/2750 train_time:6290.036s step_avg:2288.95ms
step:2749/2750 train_time:6292.328s step_avg:2288.95ms
step:2750/2750 train_time:6294.622s step_avg:2288.95ms
step:2750/2750 val_loss:3.27497 train_time:6294.622s step_avg:2294.17ms
target_reached step:2750 val_loss:3.27497
fixed_step_complete max_step:2750 val_loss:3.27497
