logs/71f1796e-6176-43f5-8077-e779784237a7.txt
step:0/2750 val_loss:10.82583 train_time:0.000s step_avg:nanms
step:1/2750 train_time:4.708s step_avg:4707.95ms
step:2/2750 train_time:6.867s step_avg:3433.75ms
step:3/2750 train_time:9.144s step_avg:3048.14ms
step:4/2750 train_time:11.442s step_avg:2860.40ms
step:5/2750 train_time:13.735s step_avg:2747.04ms
step:6/2750 train_time:16.028s step_avg:2671.25ms
step:7/2750 train_time:18.320s step_avg:2617.11ms
step:8/2750 train_time:20.614s step_avg:2576.75ms
step:9/2750 train_time:22.912s step_avg:2545.81ms
step:10/2750 train_time:25.210s step_avg:2520.99ms
step:11/2750 train_time:27.512s step_avg:2501.11ms
step:12/2750 train_time:29.815s step_avg:2484.56ms
step:13/2750 train_time:32.114s step_avg:2470.28ms
step:14/2750 train_time:34.413s step_avg:2458.06ms
step:15/2750 train_time:36.715s step_avg:2447.65ms
step:16/2750 train_time:39.013s step_avg:2438.32ms
step:17/2750 train_time:41.314s step_avg:2430.24ms
step:18/2750 train_time:43.610s step_avg:2422.78ms
step:19/2750 train_time:45.914s step_avg:2416.51ms
step:20/2750 train_time:48.213s step_avg:2410.65ms
step:21/2750 train_time:50.511s step_avg:2405.29ms
step:22/2750 train_time:52.815s step_avg:2400.67ms
step:23/2750 train_time:55.115s step_avg:2396.31ms
step:24/2750 train_time:57.416s step_avg:2392.34ms
step:25/2750 train_time:59.715s step_avg:2388.60ms
step:26/2750 train_time:62.015s step_avg:2385.19ms
step:27/2750 train_time:64.312s step_avg:2381.94ms
step:28/2750 train_time:66.610s step_avg:2378.91ms
step:29/2750 train_time:68.911s step_avg:2376.23ms
step:30/2750 train_time:71.209s step_avg:2373.63ms
step:31/2750 train_time:73.508s step_avg:2371.23ms
step:32/2750 train_time:75.810s step_avg:2369.06ms
step:33/2750 train_time:78.113s step_avg:2367.07ms
step:34/2750 train_time:80.412s step_avg:2365.06ms
step:35/2750 train_time:82.711s step_avg:2363.17ms
step:36/2750 train_time:85.014s step_avg:2361.51ms
step:37/2750 train_time:87.315s step_avg:2359.86ms
step:38/2750 train_time:89.613s step_avg:2358.24ms
step:39/2750 train_time:91.913s step_avg:2356.75ms
step:40/2750 train_time:94.213s step_avg:2355.32ms
step:41/2750 train_time:96.513s step_avg:2353.98ms
step:42/2750 train_time:98.813s step_avg:2352.68ms
step:43/2750 train_time:101.111s step_avg:2351.41ms
step:44/2750 train_time:103.409s step_avg:2350.20ms
step:45/2750 train_time:105.700s step_avg:2348.89ms
step:46/2750 train_time:107.992s step_avg:2347.65ms
step:47/2750 train_time:110.293s step_avg:2346.65ms
step:48/2750 train_time:112.595s step_avg:2345.73ms
step:49/2750 train_time:114.895s step_avg:2344.79ms
step:50/2750 train_time:117.192s step_avg:2343.83ms
step:51/2750 train_time:119.493s step_avg:2343.00ms
step:52/2750 train_time:121.794s step_avg:2342.19ms
step:53/2750 train_time:124.096s step_avg:2341.44ms
step:54/2750 train_time:126.393s step_avg:2340.61ms
step:55/2750 train_time:128.693s step_avg:2339.86ms
step:56/2750 train_time:130.994s step_avg:2339.17ms
step:57/2750 train_time:133.289s step_avg:2338.41ms
step:58/2750 train_time:135.593s step_avg:2337.82ms
step:59/2750 train_time:137.897s step_avg:2337.23ms
step:60/2750 train_time:140.191s step_avg:2336.51ms
step:61/2750 train_time:142.490s step_avg:2335.90ms
step:62/2750 train_time:144.789s step_avg:2335.31ms
step:63/2750 train_time:147.087s step_avg:2334.72ms
step:64/2750 train_time:149.381s step_avg:2334.08ms
step:65/2750 train_time:151.676s step_avg:2333.48ms
step:66/2750 train_time:153.972s step_avg:2332.92ms
step:67/2750 train_time:156.272s step_avg:2332.42ms
step:68/2750 train_time:158.570s step_avg:2331.91ms
step:69/2750 train_time:160.863s step_avg:2331.34ms
step:70/2750 train_time:163.157s step_avg:2330.82ms
step:71/2750 train_time:165.457s step_avg:2330.39ms
step:72/2750 train_time:167.755s step_avg:2329.93ms
step:73/2750 train_time:170.054s step_avg:2329.51ms
step:74/2750 train_time:172.349s step_avg:2329.04ms
step:75/2750 train_time:174.648s step_avg:2328.64ms
step:76/2750 train_time:176.946s step_avg:2328.24ms
step:77/2750 train_time:179.248s step_avg:2327.90ms
step:78/2750 train_time:181.548s step_avg:2327.54ms
step:79/2750 train_time:183.848s step_avg:2327.19ms
step:80/2750 train_time:186.146s step_avg:2326.82ms
step:81/2750 train_time:188.436s step_avg:2326.37ms
step:82/2750 train_time:190.731s step_avg:2325.99ms
step:83/2750 train_time:193.031s step_avg:2325.67ms
step:84/2750 train_time:195.331s step_avg:2325.37ms
step:85/2750 train_time:197.632s step_avg:2325.08ms
step:86/2750 train_time:199.924s step_avg:2324.70ms
step:87/2750 train_time:202.216s step_avg:2324.32ms
step:88/2750 train_time:204.513s step_avg:2324.01ms
step:89/2750 train_time:206.811s step_avg:2323.72ms
step:90/2750 train_time:209.104s step_avg:2323.38ms
step:91/2750 train_time:211.396s step_avg:2323.04ms
step:92/2750 train_time:213.694s step_avg:2322.76ms
step:93/2750 train_time:215.990s step_avg:2322.47ms
step:94/2750 train_time:218.292s step_avg:2322.26ms
step:95/2750 train_time:220.589s step_avg:2321.99ms
step:96/2750 train_time:222.880s step_avg:2321.66ms
step:97/2750 train_time:225.173s step_avg:2321.37ms
step:98/2750 train_time:227.470s step_avg:2321.12ms
step:99/2750 train_time:229.770s step_avg:2320.91ms
step:100/2750 train_time:232.065s step_avg:2320.65ms
step:101/2750 train_time:234.356s step_avg:2320.36ms
step:102/2750 train_time:236.651s step_avg:2320.11ms
step:103/2750 train_time:238.948s step_avg:2319.88ms
step:104/2750 train_time:241.249s step_avg:2319.70ms
step:105/2750 train_time:243.538s step_avg:2319.41ms
step:106/2750 train_time:245.834s step_avg:2319.19ms
step:107/2750 train_time:248.129s step_avg:2318.96ms
step:108/2750 train_time:250.429s step_avg:2318.79ms
step:109/2750 train_time:252.728s step_avg:2318.60ms
step:110/2750 train_time:255.018s step_avg:2318.35ms
step:111/2750 train_time:257.314s step_avg:2318.14ms
step:112/2750 train_time:259.610s step_avg:2317.95ms
step:113/2750 train_time:261.909s step_avg:2317.78ms
step:114/2750 train_time:264.209s step_avg:2317.62ms
step:115/2750 train_time:266.506s step_avg:2317.44ms
step:116/2750 train_time:268.796s step_avg:2317.21ms
step:117/2750 train_time:271.090s step_avg:2317.01ms
step:118/2750 train_time:273.389s step_avg:2316.86ms
step:119/2750 train_time:275.688s step_avg:2316.71ms
step:120/2750 train_time:277.979s step_avg:2316.49ms
step:121/2750 train_time:280.271s step_avg:2316.29ms
step:122/2750 train_time:282.568s step_avg:2316.13ms
step:123/2750 train_time:284.870s step_avg:2316.01ms
step:124/2750 train_time:287.166s step_avg:2315.86ms
step:125/2750 train_time:289.456s step_avg:2315.65ms
step:125/2750 val_loss:4.45061 train_time:289.456s step_avg:2315.65ms
step:126/2750 train_time:291.757s step_avg:2315.53ms
step:127/2750 train_time:294.048s step_avg:2315.34ms
step:128/2750 train_time:296.347s step_avg:2315.21ms
step:129/2750 train_time:298.640s step_avg:2315.04ms
step:130/2750 train_time:300.935s step_avg:2314.89ms
step:131/2750 train_time:303.233s step_avg:2314.76ms
step:132/2750 train_time:305.531s step_avg:2314.63ms
step:133/2750 train_time:307.829s step_avg:2314.50ms
step:134/2750 train_time:310.128s step_avg:2314.39ms
step:135/2750 train_time:312.417s step_avg:2314.20ms
step:136/2750 train_time:314.714s step_avg:2314.07ms
step:137/2750 train_time:317.009s step_avg:2313.93ms
step:138/2750 train_time:319.309s step_avg:2313.83ms
step:139/2750 train_time:321.607s step_avg:2313.72ms
step:140/2750 train_time:323.896s step_avg:2313.54ms
step:141/2750 train_time:326.194s step_avg:2313.43ms
step:142/2750 train_time:328.491s step_avg:2313.32ms
step:143/2750 train_time:330.788s step_avg:2313.21ms
step:144/2750 train_time:333.083s step_avg:2313.08ms
step:145/2750 train_time:335.379s step_avg:2312.96ms
step:146/2750 train_time:337.673s step_avg:2312.83ms
step:147/2750 train_time:339.970s step_avg:2312.72ms
step:148/2750 train_time:342.269s step_avg:2312.63ms
step:149/2750 train_time:344.569s step_avg:2312.55ms
step:150/2750 train_time:346.862s step_avg:2312.41ms
step:151/2750 train_time:349.155s step_avg:2312.29ms
step:152/2750 train_time:351.449s step_avg:2312.16ms
step:153/2750 train_time:353.747s step_avg:2312.07ms
step:154/2750 train_time:356.038s step_avg:2311.93ms
step:155/2750 train_time:358.333s step_avg:2311.82ms
step:156/2750 train_time:360.630s step_avg:2311.73ms
step:157/2750 train_time:362.927s step_avg:2311.64ms
step:158/2750 train_time:365.226s step_avg:2311.56ms
step:159/2750 train_time:367.518s step_avg:2311.43ms
step:160/2750 train_time:369.810s step_avg:2311.31ms
step:161/2750 train_time:372.106s step_avg:2311.22ms
step:162/2750 train_time:374.399s step_avg:2311.11ms
step:163/2750 train_time:376.693s step_avg:2311.00ms
step:164/2750 train_time:378.976s step_avg:2310.83ms
step:165/2750 train_time:381.270s step_avg:2310.73ms
step:166/2750 train_time:383.567s step_avg:2310.64ms
step:167/2750 train_time:385.856s step_avg:2310.51ms
step:168/2750 train_time:388.152s step_avg:2310.43ms
step:169/2750 train_time:390.441s step_avg:2310.30ms
step:170/2750 train_time:392.734s step_avg:2310.20ms
step:171/2750 train_time:395.027s step_avg:2310.10ms
step:172/2750 train_time:397.314s step_avg:2309.97ms
step:173/2750 train_time:399.609s step_avg:2309.88ms
step:174/2750 train_time:401.911s step_avg:2309.83ms
step:175/2750 train_time:404.206s step_avg:2309.75ms
step:176/2750 train_time:406.493s step_avg:2309.62ms
step:177/2750 train_time:408.787s step_avg:2309.53ms
step:178/2750 train_time:411.084s step_avg:2309.46ms
step:179/2750 train_time:413.374s step_avg:2309.35ms
step:180/2750 train_time:415.661s step_avg:2309.23ms
step:181/2750 train_time:417.954s step_avg:2309.14ms
step:182/2750 train_time:420.242s step_avg:2309.02ms
step:183/2750 train_time:422.534s step_avg:2308.93ms
step:184/2750 train_time:424.831s step_avg:2308.87ms
step:185/2750 train_time:427.120s step_avg:2308.76ms
step:186/2750 train_time:429.412s step_avg:2308.67ms
step:187/2750 train_time:431.701s step_avg:2308.56ms
step:188/2750 train_time:433.994s step_avg:2308.48ms
step:189/2750 train_time:436.287s step_avg:2308.40ms
step:190/2750 train_time:438.586s step_avg:2308.35ms
step:191/2750 train_time:440.913s step_avg:2308.44ms
step:192/2750 train_time:443.203s step_avg:2308.35ms
step:193/2750 train_time:445.492s step_avg:2308.25ms
step:194/2750 train_time:447.779s step_avg:2308.14ms
step:195/2750 train_time:450.070s step_avg:2308.05ms
step:196/2750 train_time:452.362s step_avg:2307.97ms
step:197/2750 train_time:454.655s step_avg:2307.89ms
step:198/2750 train_time:456.943s step_avg:2307.79ms
step:199/2750 train_time:459.235s step_avg:2307.72ms
step:200/2750 train_time:461.530s step_avg:2307.65ms
step:201/2750 train_time:463.816s step_avg:2307.54ms
step:202/2750 train_time:466.104s step_avg:2307.44ms
step:203/2750 train_time:468.397s step_avg:2307.38ms
step:204/2750 train_time:470.684s step_avg:2307.27ms
step:205/2750 train_time:472.976s step_avg:2307.20ms
step:206/2750 train_time:475.266s step_avg:2307.12ms
step:207/2750 train_time:477.555s step_avg:2307.03ms
step:208/2750 train_time:479.850s step_avg:2306.97ms
step:209/2750 train_time:482.134s step_avg:2306.86ms
step:210/2750 train_time:484.429s step_avg:2306.80ms
step:211/2750 train_time:486.718s step_avg:2306.72ms
step:212/2750 train_time:489.012s step_avg:2306.66ms
step:213/2750 train_time:491.305s step_avg:2306.59ms
step:214/2750 train_time:493.598s step_avg:2306.53ms
step:215/2750 train_time:495.880s step_avg:2306.42ms
step:216/2750 train_time:498.170s step_avg:2306.34ms
step:217/2750 train_time:500.465s step_avg:2306.29ms
step:218/2750 train_time:502.756s step_avg:2306.22ms
step:219/2750 train_time:505.047s step_avg:2306.15ms
step:220/2750 train_time:507.335s step_avg:2306.07ms
step:221/2750 train_time:509.629s step_avg:2306.01ms
step:222/2750 train_time:511.916s step_avg:2305.93ms
step:223/2750 train_time:514.202s step_avg:2305.84ms
step:224/2750 train_time:516.495s step_avg:2305.78ms
step:225/2750 train_time:518.784s step_avg:2305.71ms
step:226/2750 train_time:521.070s step_avg:2305.62ms
step:227/2750 train_time:523.360s step_avg:2305.55ms
step:228/2750 train_time:525.651s step_avg:2305.49ms
step:229/2750 train_time:527.936s step_avg:2305.40ms
step:230/2750 train_time:530.228s step_avg:2305.34ms
step:231/2750 train_time:532.519s step_avg:2305.28ms
step:232/2750 train_time:534.810s step_avg:2305.21ms
step:233/2750 train_time:537.098s step_avg:2305.14ms
step:234/2750 train_time:539.388s step_avg:2305.08ms
step:235/2750 train_time:541.673s step_avg:2304.99ms
step:236/2750 train_time:543.965s step_avg:2304.94ms
step:237/2750 train_time:546.251s step_avg:2304.86ms
step:238/2750 train_time:548.543s step_avg:2304.80ms
step:239/2750 train_time:550.832s step_avg:2304.74ms
step:240/2750 train_time:553.121s step_avg:2304.67ms
step:241/2750 train_time:555.411s step_avg:2304.61ms
step:242/2750 train_time:557.696s step_avg:2304.53ms
step:243/2750 train_time:559.988s step_avg:2304.48ms
step:244/2750 train_time:562.281s step_avg:2304.43ms
step:245/2750 train_time:564.575s step_avg:2304.39ms
step:246/2750 train_time:566.857s step_avg:2304.30ms
step:247/2750 train_time:569.147s step_avg:2304.24ms
step:248/2750 train_time:571.441s step_avg:2304.20ms
step:249/2750 train_time:573.726s step_avg:2304.12ms
step:250/2750 train_time:576.014s step_avg:2304.05ms
step:250/2750 val_loss:4.08838 train_time:576.014s step_avg:2292.46ms
step:251/2750 train_time:578.313s step_avg:2304.04ms
step:252/2750 train_time:580.600s step_avg:2303.97ms
step:253/2750 train_time:582.891s step_avg:2303.92ms
step:254/2750 train_time:585.185s step_avg:2303.88ms
step:255/2750 train_time:587.467s step_avg:2303.79ms
step:256/2750 train_time:589.756s step_avg:2303.73ms
step:257/2750 train_time:592.049s step_avg:2303.69ms
step:258/2750 train_time:594.337s step_avg:2303.63ms
step:259/2750 train_time:596.626s step_avg:2303.57ms
step:260/2750 train_time:598.911s step_avg:2303.50ms
step:261/2750 train_time:601.204s step_avg:2303.46ms
step:262/2750 train_time:603.494s step_avg:2303.41ms
step:263/2750 train_time:605.778s step_avg:2303.34ms
step:264/2750 train_time:608.067s step_avg:2303.29ms
step:265/2750 train_time:610.360s step_avg:2303.24ms
step:266/2750 train_time:612.644s step_avg:2303.17ms
step:267/2750 train_time:614.937s step_avg:2303.13ms
step:268/2750 train_time:617.223s step_avg:2303.07ms
step:269/2750 train_time:619.511s step_avg:2303.02ms
step:270/2750 train_time:621.799s step_avg:2302.96ms
step:271/2750 train_time:624.084s step_avg:2302.89ms
step:272/2750 train_time:626.373s step_avg:2302.84ms
step:273/2750 train_time:628.663s step_avg:2302.80ms
step:274/2750 train_time:630.952s step_avg:2302.74ms
step:275/2750 train_time:633.235s step_avg:2302.67ms
step:276/2750 train_time:635.526s step_avg:2302.63ms
step:277/2750 train_time:637.817s step_avg:2302.59ms
step:278/2750 train_time:640.102s step_avg:2302.53ms
step:279/2750 train_time:642.390s step_avg:2302.47ms
step:280/2750 train_time:644.681s step_avg:2302.43ms
step:281/2750 train_time:646.964s step_avg:2302.36ms
step:282/2750 train_time:649.248s step_avg:2302.30ms
step:283/2750 train_time:651.540s step_avg:2302.26ms
step:284/2750 train_time:653.822s step_avg:2302.19ms
step:285/2750 train_time:656.113s step_avg:2302.15ms
step:286/2750 train_time:658.405s step_avg:2302.12ms
step:287/2750 train_time:660.688s step_avg:2302.05ms
step:288/2750 train_time:662.973s step_avg:2301.99ms
step:289/2750 train_time:665.269s step_avg:2301.97ms
step:290/2750 train_time:667.554s step_avg:2301.91ms
step:291/2750 train_time:669.840s step_avg:2301.86ms
step:292/2750 train_time:672.131s step_avg:2301.82ms
step:293/2750 train_time:674.415s step_avg:2301.76ms
step:294/2750 train_time:676.702s step_avg:2301.71ms
step:295/2750 train_time:678.988s step_avg:2301.65ms
step:296/2750 train_time:681.274s step_avg:2301.60ms
step:297/2750 train_time:683.559s step_avg:2301.55ms
step:298/2750 train_time:685.848s step_avg:2301.50ms
step:299/2750 train_time:688.136s step_avg:2301.46ms
step:300/2750 train_time:690.421s step_avg:2301.40ms
step:301/2750 train_time:692.707s step_avg:2301.35ms
step:302/2750 train_time:694.995s step_avg:2301.31ms
step:303/2750 train_time:697.282s step_avg:2301.26ms
step:304/2750 train_time:699.567s step_avg:2301.21ms
step:305/2750 train_time:701.854s step_avg:2301.16ms
step:306/2750 train_time:704.139s step_avg:2301.11ms
step:307/2750 train_time:706.429s step_avg:2301.07ms
step:308/2750 train_time:708.718s step_avg:2301.03ms
step:309/2750 train_time:711.005s step_avg:2300.99ms
step:310/2750 train_time:713.300s step_avg:2300.97ms
step:311/2750 train_time:715.592s step_avg:2300.94ms
step:312/2750 train_time:717.884s step_avg:2300.91ms
step:313/2750 train_time:720.175s step_avg:2300.88ms
step:314/2750 train_time:722.464s step_avg:2300.84ms
step:315/2750 train_time:724.753s step_avg:2300.80ms
step:316/2750 train_time:727.033s step_avg:2300.74ms
step:317/2750 train_time:729.324s step_avg:2300.71ms
step:318/2750 train_time:731.611s step_avg:2300.66ms
step:319/2750 train_time:733.894s step_avg:2300.61ms
step:320/2750 train_time:736.185s step_avg:2300.58ms
step:321/2750 train_time:738.476s step_avg:2300.55ms
step:322/2750 train_time:740.761s step_avg:2300.50ms
step:323/2750 train_time:743.045s step_avg:2300.45ms
step:324/2750 train_time:745.337s step_avg:2300.42ms
step:325/2750 train_time:747.621s step_avg:2300.37ms
step:326/2750 train_time:749.912s step_avg:2300.34ms
step:327/2750 train_time:752.202s step_avg:2300.31ms
step:328/2750 train_time:754.485s step_avg:2300.26ms
step:329/2750 train_time:756.774s step_avg:2300.23ms
step:330/2750 train_time:759.066s step_avg:2300.20ms
step:331/2750 train_time:761.351s step_avg:2300.15ms
step:332/2750 train_time:763.637s step_avg:2300.11ms
step:333/2750 train_time:765.928s step_avg:2300.08ms
step:334/2750 train_time:768.214s step_avg:2300.04ms
step:335/2750 train_time:770.504s step_avg:2300.01ms
step:336/2750 train_time:772.790s step_avg:2299.97ms
step:337/2750 train_time:775.079s step_avg:2299.94ms
step:338/2750 train_time:777.368s step_avg:2299.91ms
step:339/2750 train_time:779.659s step_avg:2299.88ms
step:340/2750 train_time:781.945s step_avg:2299.84ms
step:341/2750 train_time:784.230s step_avg:2299.80ms
step:342/2750 train_time:786.520s step_avg:2299.77ms
step:343/2750 train_time:788.813s step_avg:2299.75ms
step:344/2750 train_time:791.102s step_avg:2299.71ms
step:345/2750 train_time:793.384s step_avg:2299.67ms
step:346/2750 train_time:795.678s step_avg:2299.65ms
step:347/2750 train_time:797.963s step_avg:2299.60ms
step:348/2750 train_time:800.250s step_avg:2299.57ms
step:349/2750 train_time:802.539s step_avg:2299.54ms
step:350/2750 train_time:804.822s step_avg:2299.49ms
step:351/2750 train_time:807.106s step_avg:2299.45ms
step:352/2750 train_time:809.399s step_avg:2299.43ms
step:353/2750 train_time:811.687s step_avg:2299.40ms
step:354/2750 train_time:813.978s step_avg:2299.37ms
step:355/2750 train_time:816.266s step_avg:2299.34ms
step:356/2750 train_time:818.558s step_avg:2299.32ms
step:357/2750 train_time:820.839s step_avg:2299.27ms
step:358/2750 train_time:823.127s step_avg:2299.24ms
step:359/2750 train_time:825.417s step_avg:2299.21ms
step:360/2750 train_time:827.697s step_avg:2299.16ms
step:361/2750 train_time:829.990s step_avg:2299.14ms
step:362/2750 train_time:832.277s step_avg:2299.11ms
step:363/2750 train_time:834.561s step_avg:2299.07ms
step:364/2750 train_time:836.849s step_avg:2299.03ms
step:365/2750 train_time:839.139s step_avg:2299.01ms
step:366/2750 train_time:841.424s step_avg:2298.97ms
step:367/2750 train_time:843.710s step_avg:2298.94ms
step:368/2750 train_time:846.002s step_avg:2298.92ms
step:369/2750 train_time:848.285s step_avg:2298.88ms
step:370/2750 train_time:850.574s step_avg:2298.85ms
step:371/2750 train_time:852.863s step_avg:2298.82ms
step:372/2750 train_time:855.142s step_avg:2298.77ms
step:373/2750 train_time:857.427s step_avg:2298.73ms
step:374/2750 train_time:859.719s step_avg:2298.71ms
step:375/2750 train_time:862.001s step_avg:2298.67ms
step:375/2750 val_loss:3.93725 train_time:862.001s step_avg:2287.90ms
step:376/2750 train_time:864.296s step_avg:2298.66ms
step:377/2750 train_time:866.586s step_avg:2298.64ms
step:378/2750 train_time:868.875s step_avg:2298.61ms
step:379/2750 train_time:871.165s step_avg:2298.59ms
step:380/2750 train_time:873.451s step_avg:2298.56ms
step:381/2750 train_time:875.754s step_avg:2298.57ms
step:382/2750 train_time:878.039s step_avg:2298.53ms
step:383/2750 train_time:880.331s step_avg:2298.51ms
step:384/2750 train_time:882.615s step_avg:2298.48ms
step:385/2750 train_time:884.901s step_avg:2298.44ms
step:386/2750 train_time:887.192s step_avg:2298.43ms
step:387/2750 train_time:889.478s step_avg:2298.39ms
step:388/2750 train_time:891.767s step_avg:2298.37ms
step:389/2750 train_time:894.056s step_avg:2298.35ms
step:390/2750 train_time:896.341s step_avg:2298.31ms
step:391/2750 train_time:898.630s step_avg:2298.29ms
step:392/2750 train_time:900.919s step_avg:2298.26ms
step:393/2750 train_time:903.214s step_avg:2298.25ms
step:394/2750 train_time:905.502s step_avg:2298.23ms
step:395/2750 train_time:907.790s step_avg:2298.20ms
step:396/2750 train_time:910.080s step_avg:2298.18ms
step:397/2750 train_time:912.367s step_avg:2298.15ms
step:398/2750 train_time:914.654s step_avg:2298.12ms
step:399/2750 train_time:916.942s step_avg:2298.10ms
step:400/2750 train_time:919.231s step_avg:2298.08ms
step:401/2750 train_time:921.515s step_avg:2298.04ms
step:402/2750 train_time:923.807s step_avg:2298.03ms
step:403/2750 train_time:926.093s step_avg:2298.00ms
step:404/2750 train_time:928.381s step_avg:2297.97ms
step:405/2750 train_time:930.670s step_avg:2297.95ms
step:406/2750 train_time:932.956s step_avg:2297.92ms
step:407/2750 train_time:935.242s step_avg:2297.89ms
step:408/2750 train_time:937.531s step_avg:2297.87ms
step:409/2750 train_time:939.824s step_avg:2297.86ms
step:410/2750 train_time:942.106s step_avg:2297.82ms
step:411/2750 train_time:944.396s step_avg:2297.80ms
step:412/2750 train_time:946.685s step_avg:2297.78ms
step:413/2750 train_time:948.967s step_avg:2297.74ms
step:414/2750 train_time:951.256s step_avg:2297.72ms
step:415/2750 train_time:953.549s step_avg:2297.71ms
step:416/2750 train_time:955.834s step_avg:2297.68ms
step:417/2750 train_time:958.122s step_avg:2297.66ms
step:418/2750 train_time:960.413s step_avg:2297.64ms
step:419/2750 train_time:962.699s step_avg:2297.61ms
step:420/2750 train_time:964.988s step_avg:2297.59ms
step:421/2750 train_time:967.278s step_avg:2297.57ms
step:422/2750 train_time:969.563s step_avg:2297.54ms
step:423/2750 train_time:971.851s step_avg:2297.52ms
step:424/2750 train_time:974.142s step_avg:2297.50ms
step:425/2750 train_time:976.426s step_avg:2297.47ms
step:426/2750 train_time:978.712s step_avg:2297.45ms
step:427/2750 train_time:980.999s step_avg:2297.42ms
step:428/2750 train_time:983.285s step_avg:2297.39ms
step:429/2750 train_time:985.571s step_avg:2297.37ms
step:430/2750 train_time:987.863s step_avg:2297.35ms
step:431/2750 train_time:990.147s step_avg:2297.33ms
step:432/2750 train_time:992.435s step_avg:2297.30ms
step:433/2750 train_time:994.722s step_avg:2297.28ms
step:434/2750 train_time:997.003s step_avg:2297.24ms
step:435/2750 train_time:999.288s step_avg:2297.21ms
step:436/2750 train_time:1001.579s step_avg:2297.20ms
step:437/2750 train_time:1003.866s step_avg:2297.18ms
step:438/2750 train_time:1006.151s step_avg:2297.15ms
step:439/2750 train_time:1008.437s step_avg:2297.12ms
step:440/2750 train_time:1010.720s step_avg:2297.09ms
step:441/2750 train_time:1013.007s step_avg:2297.07ms
step:442/2750 train_time:1015.308s step_avg:2297.08ms
step:443/2750 train_time:1017.599s step_avg:2297.06ms
step:444/2750 train_time:1019.890s step_avg:2297.05ms
step:445/2750 train_time:1022.174s step_avg:2297.02ms
step:446/2750 train_time:1024.463s step_avg:2297.00ms
step:447/2750 train_time:1026.751s step_avg:2296.98ms
step:448/2750 train_time:1029.037s step_avg:2296.96ms
step:449/2750 train_time:1031.322s step_avg:2296.93ms
step:450/2750 train_time:1033.607s step_avg:2296.91ms
step:451/2750 train_time:1035.896s step_avg:2296.89ms
step:452/2750 train_time:1038.187s step_avg:2296.87ms
step:453/2750 train_time:1040.473s step_avg:2296.85ms
step:454/2750 train_time:1042.757s step_avg:2296.82ms
step:455/2750 train_time:1045.048s step_avg:2296.81ms
step:456/2750 train_time:1047.332s step_avg:2296.78ms
step:457/2750 train_time:1049.621s step_avg:2296.76ms
step:458/2750 train_time:1051.913s step_avg:2296.75ms
step:459/2750 train_time:1054.199s step_avg:2296.73ms
step:460/2750 train_time:1056.486s step_avg:2296.71ms
step:461/2750 train_time:1058.777s step_avg:2296.70ms
step:462/2750 train_time:1061.069s step_avg:2296.69ms
step:463/2750 train_time:1063.352s step_avg:2296.66ms
step:464/2750 train_time:1065.638s step_avg:2296.63ms
step:465/2750 train_time:1067.929s step_avg:2296.62ms
step:466/2750 train_time:1070.211s step_avg:2296.59ms
step:467/2750 train_time:1072.500s step_avg:2296.57ms
step:468/2750 train_time:1074.788s step_avg:2296.56ms
step:469/2750 train_time:1077.074s step_avg:2296.53ms
step:470/2750 train_time:1079.362s step_avg:2296.52ms
step:471/2750 train_time:1081.654s step_avg:2296.50ms
step:472/2750 train_time:1083.939s step_avg:2296.48ms
step:473/2750 train_time:1086.225s step_avg:2296.46ms
step:474/2750 train_time:1088.518s step_avg:2296.45ms
step:475/2750 train_time:1090.802s step_avg:2296.43ms
step:476/2750 train_time:1093.089s step_avg:2296.41ms
step:477/2750 train_time:1095.380s step_avg:2296.39ms
step:478/2750 train_time:1097.663s step_avg:2296.37ms
step:479/2750 train_time:1099.949s step_avg:2296.35ms
step:480/2750 train_time:1102.240s step_avg:2296.33ms
step:481/2750 train_time:1104.524s step_avg:2296.31ms
step:482/2750 train_time:1106.808s step_avg:2296.28ms
step:483/2750 train_time:1109.100s step_avg:2296.27ms
step:484/2750 train_time:1111.385s step_avg:2296.25ms
step:485/2750 train_time:1113.675s step_avg:2296.24ms
step:486/2750 train_time:1115.964s step_avg:2296.22ms
step:487/2750 train_time:1118.251s step_avg:2296.20ms
step:488/2750 train_time:1120.541s step_avg:2296.19ms
step:489/2750 train_time:1122.828s step_avg:2296.17ms
step:490/2750 train_time:1125.111s step_avg:2296.14ms
step:491/2750 train_time:1127.397s step_avg:2296.12ms
step:492/2750 train_time:1129.681s step_avg:2296.10ms
step:493/2750 train_time:1131.966s step_avg:2296.08ms
step:494/2750 train_time:1134.252s step_avg:2296.06ms
step:495/2750 train_time:1136.544s step_avg:2296.05ms
step:496/2750 train_time:1138.835s step_avg:2296.04ms
step:497/2750 train_time:1141.119s step_avg:2296.01ms
step:498/2750 train_time:1143.406s step_avg:2296.00ms
step:499/2750 train_time:1145.687s step_avg:2295.97ms
step:500/2750 train_time:1147.976s step_avg:2295.95ms
step:500/2750 val_loss:3.81578 train_time:1147.976s step_avg:2287.80ms
step:501/2750 train_time:1150.270s step_avg:2295.95ms
step:502/2750 train_time:1152.556s step_avg:2295.93ms
step:503/2750 train_time:1154.846s step_avg:2295.92ms
step:504/2750 train_time:1157.137s step_avg:2295.91ms
step:505/2750 train_time:1159.420s step_avg:2295.88ms
step:506/2750 train_time:1161.707s step_avg:2295.86ms
step:507/2750 train_time:1163.995s step_avg:2295.85ms
step:508/2750 train_time:1166.279s step_avg:2295.82ms
step:509/2750 train_time:1168.561s step_avg:2295.80ms
step:510/2750 train_time:1170.852s step_avg:2295.79ms
step:511/2750 train_time:1173.133s step_avg:2295.76ms
step:512/2750 train_time:1175.424s step_avg:2295.75ms
step:513/2750 train_time:1177.714s step_avg:2295.74ms
step:514/2750 train_time:1179.997s step_avg:2295.71ms
step:515/2750 train_time:1182.284s step_avg:2295.70ms
step:516/2750 train_time:1184.573s step_avg:2295.68ms
step:517/2750 train_time:1186.856s step_avg:2295.66ms
step:518/2750 train_time:1189.144s step_avg:2295.64ms
step:519/2750 train_time:1191.432s step_avg:2295.63ms
step:520/2750 train_time:1193.716s step_avg:2295.61ms
step:521/2750 train_time:1196.000s step_avg:2295.59ms
step:522/2750 train_time:1198.284s step_avg:2295.56ms
step:523/2750 train_time:1200.568s step_avg:2295.54ms
step:524/2750 train_time:1202.858s step_avg:2295.53ms
step:525/2750 train_time:1205.141s step_avg:2295.51ms
step:526/2750 train_time:1207.428s step_avg:2295.49ms
step:527/2750 train_time:1209.715s step_avg:2295.47ms
step:528/2750 train_time:1211.997s step_avg:2295.45ms
step:529/2750 train_time:1214.284s step_avg:2295.43ms
step:530/2750 train_time:1216.574s step_avg:2295.42ms
step:531/2750 train_time:1218.861s step_avg:2295.41ms
step:532/2750 train_time:1221.148s step_avg:2295.39ms
step:533/2750 train_time:1223.436s step_avg:2295.38ms
step:534/2750 train_time:1225.719s step_avg:2295.35ms
step:535/2750 train_time:1228.006s step_avg:2295.34ms
step:536/2750 train_time:1230.296s step_avg:2295.33ms
step:537/2750 train_time:1232.579s step_avg:2295.30ms
step:538/2750 train_time:1234.863s step_avg:2295.28ms
step:539/2750 train_time:1237.152s step_avg:2295.27ms
step:540/2750 train_time:1239.440s step_avg:2295.26ms
step:541/2750 train_time:1241.726s step_avg:2295.24ms
step:542/2750 train_time:1244.016s step_avg:2295.23ms
step:543/2750 train_time:1246.298s step_avg:2295.21ms
step:544/2750 train_time:1248.584s step_avg:2295.19ms
step:545/2750 train_time:1250.874s step_avg:2295.18ms
step:546/2750 train_time:1253.160s step_avg:2295.16ms
step:547/2750 train_time:1255.446s step_avg:2295.15ms
step:548/2750 train_time:1257.737s step_avg:2295.14ms
step:549/2750 train_time:1260.021s step_avg:2295.12ms
step:550/2750 train_time:1262.310s step_avg:2295.11ms
step:551/2750 train_time:1264.600s step_avg:2295.10ms
step:552/2750 train_time:1266.888s step_avg:2295.09ms
step:553/2750 train_time:1269.173s step_avg:2295.07ms
step:554/2750 train_time:1271.464s step_avg:2295.06ms
step:555/2750 train_time:1273.753s step_avg:2295.05ms
step:556/2750 train_time:1276.039s step_avg:2295.03ms
step:557/2750 train_time:1278.325s step_avg:2295.02ms
step:558/2750 train_time:1280.615s step_avg:2295.01ms
step:559/2750 train_time:1282.899s step_avg:2294.99ms
step:560/2750 train_time:1285.186s step_avg:2294.97ms
step:561/2750 train_time:1287.477s step_avg:2294.97ms
step:562/2750 train_time:1289.762s step_avg:2294.95ms
step:563/2750 train_time:1292.050s step_avg:2294.94ms
step:564/2750 train_time:1294.342s step_avg:2294.93ms
step:565/2750 train_time:1296.626s step_avg:2294.91ms
step:566/2750 train_time:1298.914s step_avg:2294.90ms
step:567/2750 train_time:1301.204s step_avg:2294.89ms
step:568/2750 train_time:1303.488s step_avg:2294.87ms
step:569/2750 train_time:1305.774s step_avg:2294.86ms
step:570/2750 train_time:1308.061s step_avg:2294.84ms
step:571/2750 train_time:1310.371s step_avg:2294.87ms
step:572/2750 train_time:1312.657s step_avg:2294.86ms
step:573/2750 train_time:1314.941s step_avg:2294.84ms
step:574/2750 train_time:1317.232s step_avg:2294.83ms
step:575/2750 train_time:1319.519s step_avg:2294.82ms
step:576/2750 train_time:1321.810s step_avg:2294.81ms
step:577/2750 train_time:1324.099s step_avg:2294.80ms
step:578/2750 train_time:1326.386s step_avg:2294.79ms
step:579/2750 train_time:1328.670s step_avg:2294.77ms
step:580/2750 train_time:1330.959s step_avg:2294.76ms
step:581/2750 train_time:1333.248s step_avg:2294.75ms
step:582/2750 train_time:1335.534s step_avg:2294.73ms
step:583/2750 train_time:1337.821s step_avg:2294.72ms
step:584/2750 train_time:1340.106s step_avg:2294.70ms
step:585/2750 train_time:1342.393s step_avg:2294.69ms
step:586/2750 train_time:1344.684s step_avg:2294.68ms
step:587/2750 train_time:1346.974s step_avg:2294.68ms
step:588/2750 train_time:1349.259s step_avg:2294.66ms
step:589/2750 train_time:1351.549s step_avg:2294.65ms
step:590/2750 train_time:1353.841s step_avg:2294.65ms
step:591/2750 train_time:1356.125s step_avg:2294.63ms
step:592/2750 train_time:1358.413s step_avg:2294.62ms
step:593/2750 train_time:1360.704s step_avg:2294.61ms
step:594/2750 train_time:1362.990s step_avg:2294.60ms
step:595/2750 train_time:1365.276s step_avg:2294.58ms
step:596/2750 train_time:1367.567s step_avg:2294.58ms
step:597/2750 train_time:1369.856s step_avg:2294.57ms
step:598/2750 train_time:1372.142s step_avg:2294.55ms
step:599/2750 train_time:1374.429s step_avg:2294.54ms
step:600/2750 train_time:1376.716s step_avg:2294.53ms
step:601/2750 train_time:1379.006s step_avg:2294.52ms
step:602/2750 train_time:1381.292s step_avg:2294.50ms
step:603/2750 train_time:1383.579s step_avg:2294.49ms
step:604/2750 train_time:1385.865s step_avg:2294.48ms
step:605/2750 train_time:1388.148s step_avg:2294.46ms
step:606/2750 train_time:1390.437s step_avg:2294.45ms
step:607/2750 train_time:1392.724s step_avg:2294.44ms
step:608/2750 train_time:1395.007s step_avg:2294.42ms
step:609/2750 train_time:1397.288s step_avg:2294.40ms
step:610/2750 train_time:1399.575s step_avg:2294.38ms
step:611/2750 train_time:1401.863s step_avg:2294.37ms
step:612/2750 train_time:1404.149s step_avg:2294.36ms
step:613/2750 train_time:1406.437s step_avg:2294.35ms
step:614/2750 train_time:1408.727s step_avg:2294.34ms
step:615/2750 train_time:1411.014s step_avg:2294.33ms
step:616/2750 train_time:1413.299s step_avg:2294.32ms
step:617/2750 train_time:1415.588s step_avg:2294.31ms
step:618/2750 train_time:1417.876s step_avg:2294.30ms
step:619/2750 train_time:1420.164s step_avg:2294.29ms
step:620/2750 train_time:1422.453s step_avg:2294.28ms
step:621/2750 train_time:1424.740s step_avg:2294.27ms
step:622/2750 train_time:1427.026s step_avg:2294.25ms
step:623/2750 train_time:1429.311s step_avg:2294.24ms
step:624/2750 train_time:1431.601s step_avg:2294.23ms
step:625/2750 train_time:1433.887s step_avg:2294.22ms
step:625/2750 val_loss:3.73494 train_time:1433.887s step_avg:2287.29ms
step:626/2750 train_time:1436.181s step_avg:2294.22ms
step:627/2750 train_time:1438.466s step_avg:2294.20ms
step:628/2750 train_time:1440.753s step_avg:2294.19ms
step:629/2750 train_time:1443.046s step_avg:2294.19ms
step:630/2750 train_time:1445.335s step_avg:2294.18ms
step:631/2750 train_time:1447.622s step_avg:2294.17ms
step:632/2750 train_time:1449.911s step_avg:2294.16ms
step:633/2750 train_time:1452.205s step_avg:2294.16ms
step:634/2750 train_time:1454.497s step_avg:2294.16ms
step:635/2750 train_time:1456.781s step_avg:2294.14ms
step:636/2750 train_time:1459.069s step_avg:2294.13ms
step:637/2750 train_time:1461.361s step_avg:2294.13ms
step:638/2750 train_time:1463.649s step_avg:2294.12ms
step:639/2750 train_time:1465.938s step_avg:2294.11ms
step:640/2750 train_time:1468.226s step_avg:2294.10ms
step:641/2750 train_time:1470.514s step_avg:2294.09ms
step:642/2750 train_time:1472.803s step_avg:2294.09ms
step:643/2750 train_time:1475.091s step_avg:2294.08ms
step:644/2750 train_time:1477.373s step_avg:2294.06ms
step:645/2750 train_time:1479.663s step_avg:2294.05ms
step:646/2750 train_time:1481.949s step_avg:2294.04ms
step:647/2750 train_time:1484.233s step_avg:2294.02ms
step:648/2750 train_time:1486.527s step_avg:2294.02ms
step:649/2750 train_time:1488.814s step_avg:2294.01ms
step:650/2750 train_time:1491.097s step_avg:2293.99ms
step:651/2750 train_time:1493.387s step_avg:2293.99ms
step:652/2750 train_time:1495.679s step_avg:2293.99ms
step:653/2750 train_time:1497.961s step_avg:2293.97ms
step:654/2750 train_time:1500.248s step_avg:2293.96ms
step:655/2750 train_time:1502.542s step_avg:2293.96ms
step:656/2750 train_time:1504.825s step_avg:2293.94ms
step:657/2750 train_time:1507.117s step_avg:2293.94ms
step:658/2750 train_time:1509.408s step_avg:2293.93ms
step:659/2750 train_time:1511.694s step_avg:2293.92ms
step:660/2750 train_time:1513.978s step_avg:2293.91ms
step:661/2750 train_time:1516.271s step_avg:2293.91ms
step:662/2750 train_time:1518.556s step_avg:2293.89ms
step:663/2750 train_time:1520.844s step_avg:2293.88ms
step:664/2750 train_time:1523.125s step_avg:2293.86ms
step:665/2750 train_time:1525.406s step_avg:2293.84ms
step:666/2750 train_time:1527.692s step_avg:2293.83ms
step:667/2750 train_time:1529.980s step_avg:2293.82ms
step:668/2750 train_time:1532.263s step_avg:2293.81ms
step:669/2750 train_time:1534.549s step_avg:2293.80ms
step:670/2750 train_time:1536.838s step_avg:2293.79ms
step:671/2750 train_time:1539.124s step_avg:2293.78ms
step:672/2750 train_time:1541.414s step_avg:2293.77ms
step:673/2750 train_time:1543.706s step_avg:2293.77ms
step:674/2750 train_time:1545.992s step_avg:2293.76ms
step:675/2750 train_time:1548.282s step_avg:2293.75ms
step:676/2750 train_time:1550.574s step_avg:2293.75ms
step:677/2750 train_time:1552.860s step_avg:2293.74ms
step:678/2750 train_time:1555.146s step_avg:2293.73ms
step:679/2750 train_time:1557.436s step_avg:2293.72ms
step:680/2750 train_time:1559.722s step_avg:2293.71ms
step:681/2750 train_time:1562.008s step_avg:2293.70ms
step:682/2750 train_time:1564.292s step_avg:2293.68ms
step:683/2750 train_time:1566.580s step_avg:2293.67ms
step:684/2750 train_time:1568.868s step_avg:2293.67ms
step:685/2750 train_time:1571.156s step_avg:2293.66ms
step:686/2750 train_time:1573.447s step_avg:2293.66ms
step:687/2750 train_time:1575.732s step_avg:2293.64ms
step:688/2750 train_time:1578.019s step_avg:2293.63ms
step:689/2750 train_time:1580.302s step_avg:2293.62ms
step:690/2750 train_time:1582.586s step_avg:2293.60ms
step:691/2750 train_time:1584.876s step_avg:2293.60ms
step:692/2750 train_time:1587.165s step_avg:2293.59ms
step:693/2750 train_time:1589.453s step_avg:2293.58ms
step:694/2750 train_time:1591.741s step_avg:2293.57ms
step:695/2750 train_time:1594.026s step_avg:2293.56ms
step:696/2750 train_time:1596.315s step_avg:2293.56ms
step:697/2750 train_time:1598.596s step_avg:2293.54ms
step:698/2750 train_time:1600.884s step_avg:2293.53ms
step:699/2750 train_time:1603.170s step_avg:2293.52ms
step:700/2750 train_time:1605.458s step_avg:2293.51ms
step:701/2750 train_time:1607.748s step_avg:2293.51ms
step:702/2750 train_time:1610.037s step_avg:2293.50ms
step:703/2750 train_time:1612.326s step_avg:2293.49ms
step:704/2750 train_time:1614.617s step_avg:2293.49ms
step:705/2750 train_time:1616.904s step_avg:2293.48ms
step:706/2750 train_time:1619.193s step_avg:2293.48ms
step:707/2750 train_time:1621.480s step_avg:2293.47ms
step:708/2750 train_time:1623.764s step_avg:2293.45ms
step:709/2750 train_time:1626.055s step_avg:2293.45ms
step:710/2750 train_time:1628.347s step_avg:2293.45ms
step:711/2750 train_time:1630.639s step_avg:2293.44ms
step:712/2750 train_time:1632.924s step_avg:2293.43ms
step:713/2750 train_time:1635.211s step_avg:2293.42ms
step:714/2750 train_time:1637.500s step_avg:2293.42ms
step:715/2750 train_time:1639.783s step_avg:2293.40ms
step:716/2750 train_time:1642.069s step_avg:2293.39ms
step:717/2750 train_time:1644.360s step_avg:2293.39ms
step:718/2750 train_time:1646.648s step_avg:2293.38ms
step:719/2750 train_time:1648.934s step_avg:2293.37ms
step:720/2750 train_time:1651.223s step_avg:2293.37ms
step:721/2750 train_time:1653.508s step_avg:2293.35ms
step:722/2750 train_time:1655.795s step_avg:2293.34ms
step:723/2750 train_time:1658.084s step_avg:2293.34ms
step:724/2750 train_time:1660.365s step_avg:2293.32ms
step:725/2750 train_time:1662.652s step_avg:2293.31ms
step:726/2750 train_time:1664.940s step_avg:2293.31ms
step:727/2750 train_time:1667.224s step_avg:2293.29ms
step:728/2750 train_time:1669.510s step_avg:2293.28ms
step:729/2750 train_time:1671.801s step_avg:2293.28ms
step:730/2750 train_time:1674.085s step_avg:2293.27ms
step:731/2750 train_time:1676.371s step_avg:2293.26ms
step:732/2750 train_time:1678.662s step_avg:2293.25ms
step:733/2750 train_time:1680.949s step_avg:2293.25ms
step:734/2750 train_time:1683.239s step_avg:2293.24ms
step:735/2750 train_time:1685.529s step_avg:2293.24ms
step:736/2750 train_time:1687.812s step_avg:2293.22ms
step:737/2750 train_time:1690.101s step_avg:2293.22ms
step:738/2750 train_time:1692.389s step_avg:2293.21ms
step:739/2750 train_time:1694.677s step_avg:2293.20ms
step:740/2750 train_time:1696.963s step_avg:2293.19ms
step:741/2750 train_time:1699.247s step_avg:2293.18ms
step:742/2750 train_time:1701.529s step_avg:2293.17ms
step:743/2750 train_time:1703.815s step_avg:2293.16ms
step:744/2750 train_time:1706.113s step_avg:2293.16ms
step:745/2750 train_time:1708.406s step_avg:2293.16ms
step:746/2750 train_time:1710.690s step_avg:2293.15ms
step:747/2750 train_time:1712.978s step_avg:2293.14ms
step:748/2750 train_time:1715.260s step_avg:2293.13ms
step:749/2750 train_time:1717.544s step_avg:2293.12ms
step:750/2750 train_time:1719.830s step_avg:2293.11ms
step:750/2750 val_loss:3.68950 train_time:1719.831s step_avg:2287.55ms
step:751/2750 train_time:1722.125s step_avg:2293.11ms
step:752/2750 train_time:1724.412s step_avg:2293.10ms
step:753/2750 train_time:1726.703s step_avg:2293.10ms
step:754/2750 train_time:1728.988s step_avg:2293.09ms
step:755/2750 train_time:1731.275s step_avg:2293.08ms
step:756/2750 train_time:1733.567s step_avg:2293.08ms
step:757/2750 train_time:1735.849s step_avg:2293.06ms
step:758/2750 train_time:1738.140s step_avg:2293.06ms
step:759/2750 train_time:1740.434s step_avg:2293.06ms
step:760/2750 train_time:1742.720s step_avg:2293.05ms
step:761/2750 train_time:1745.030s step_avg:2293.08ms
step:762/2750 train_time:1747.317s step_avg:2293.07ms
step:763/2750 train_time:1749.607s step_avg:2293.06ms
step:764/2750 train_time:1751.896s step_avg:2293.06ms
step:765/2750 train_time:1754.179s step_avg:2293.04ms
step:766/2750 train_time:1756.468s step_avg:2293.04ms
step:767/2750 train_time:1758.759s step_avg:2293.04ms
step:768/2750 train_time:1761.045s step_avg:2293.03ms
step:769/2750 train_time:1763.331s step_avg:2293.02ms
step:770/2750 train_time:1765.623s step_avg:2293.02ms
step:771/2750 train_time:1767.907s step_avg:2293.01ms
step:772/2750 train_time:1770.194s step_avg:2293.00ms
step:773/2750 train_time:1772.484s step_avg:2292.99ms
step:774/2750 train_time:1774.764s step_avg:2292.98ms
step:775/2750 train_time:1777.054s step_avg:2292.97ms
step:776/2750 train_time:1779.341s step_avg:2292.96ms
step:777/2750 train_time:1781.625s step_avg:2292.95ms
step:778/2750 train_time:1783.913s step_avg:2292.95ms
step:779/2750 train_time:1786.201s step_avg:2292.94ms
step:780/2750 train_time:1788.483s step_avg:2292.93ms
step:781/2750 train_time:1790.773s step_avg:2292.92ms
step:782/2750 train_time:1793.066s step_avg:2292.92ms
step:783/2750 train_time:1795.350s step_avg:2292.91ms
step:784/2750 train_time:1797.634s step_avg:2292.90ms
step:785/2750 train_time:1799.923s step_avg:2292.90ms
step:786/2750 train_time:1802.206s step_avg:2292.88ms
step:787/2750 train_time:1804.493s step_avg:2292.88ms
step:788/2750 train_time:1806.784s step_avg:2292.87ms
step:789/2750 train_time:1809.067s step_avg:2292.86ms
step:790/2750 train_time:1811.356s step_avg:2292.86ms
step:791/2750 train_time:1813.646s step_avg:2292.85ms
step:792/2750 train_time:1815.927s step_avg:2292.84ms
step:793/2750 train_time:1818.215s step_avg:2292.83ms
step:794/2750 train_time:1820.508s step_avg:2292.83ms
step:795/2750 train_time:1822.791s step_avg:2292.82ms
step:796/2750 train_time:1825.079s step_avg:2292.81ms
step:797/2750 train_time:1827.371s step_avg:2292.81ms
step:798/2750 train_time:1829.651s step_avg:2292.80ms
step:799/2750 train_time:1831.939s step_avg:2292.79ms
step:800/2750 train_time:1834.230s step_avg:2292.79ms
step:801/2750 train_time:1836.509s step_avg:2292.77ms
step:802/2750 train_time:1838.793s step_avg:2292.76ms
step:803/2750 train_time:1841.085s step_avg:2292.76ms
step:804/2750 train_time:1843.369s step_avg:2292.75ms
step:805/2750 train_time:1845.655s step_avg:2292.74ms
step:806/2750 train_time:1847.946s step_avg:2292.74ms
step:807/2750 train_time:1850.231s step_avg:2292.73ms
step:808/2750 train_time:1852.518s step_avg:2292.72ms
step:809/2750 train_time:1854.809s step_avg:2292.72ms
step:810/2750 train_time:1857.091s step_avg:2292.71ms
step:811/2750 train_time:1859.379s step_avg:2292.70ms
step:812/2750 train_time:1861.670s step_avg:2292.70ms
step:813/2750 train_time:1863.952s step_avg:2292.68ms
step:814/2750 train_time:1866.240s step_avg:2292.68ms
step:815/2750 train_time:1868.533s step_avg:2292.68ms
step:816/2750 train_time:1870.817s step_avg:2292.67ms
step:817/2750 train_time:1873.106s step_avg:2292.66ms
step:818/2750 train_time:1875.395s step_avg:2292.66ms
step:819/2750 train_time:1877.680s step_avg:2292.65ms
step:820/2750 train_time:1879.968s step_avg:2292.64ms
step:821/2750 train_time:1882.254s step_avg:2292.64ms
step:822/2750 train_time:1884.539s step_avg:2292.63ms
step:823/2750 train_time:1886.826s step_avg:2292.62ms
step:824/2750 train_time:1889.113s step_avg:2292.61ms
step:825/2750 train_time:1891.396s step_avg:2292.60ms
step:826/2750 train_time:1893.684s step_avg:2292.60ms
step:827/2750 train_time:1895.973s step_avg:2292.59ms
step:828/2750 train_time:1898.252s step_avg:2292.57ms
step:829/2750 train_time:1900.541s step_avg:2292.57ms
step:830/2750 train_time:1902.835s step_avg:2292.57ms
step:831/2750 train_time:1905.122s step_avg:2292.57ms
step:832/2750 train_time:1907.412s step_avg:2292.56ms
step:833/2750 train_time:1909.705s step_avg:2292.56ms
step:834/2750 train_time:1911.991s step_avg:2292.55ms
step:835/2750 train_time:1914.280s step_avg:2292.55ms
step:836/2750 train_time:1916.566s step_avg:2292.54ms
step:837/2750 train_time:1918.855s step_avg:2292.54ms
step:838/2750 train_time:1921.146s step_avg:2292.54ms
step:839/2750 train_time:1923.433s step_avg:2292.53ms
step:840/2750 train_time:1925.722s step_avg:2292.53ms
step:841/2750 train_time:1928.006s step_avg:2292.52ms
step:842/2750 train_time:1930.292s step_avg:2292.51ms
step:843/2750 train_time:1932.581s step_avg:2292.50ms
step:844/2750 train_time:1934.870s step_avg:2292.50ms
step:845/2750 train_time:1937.161s step_avg:2292.50ms
step:846/2750 train_time:1939.451s step_avg:2292.50ms
step:847/2750 train_time:1941.739s step_avg:2292.49ms
step:848/2750 train_time:1944.020s step_avg:2292.48ms
step:849/2750 train_time:1946.307s step_avg:2292.47ms
step:850/2750 train_time:1948.592s step_avg:2292.46ms
step:851/2750 train_time:1950.883s step_avg:2292.46ms
step:852/2750 train_time:1953.173s step_avg:2292.46ms
step:853/2750 train_time:1955.464s step_avg:2292.45ms
step:854/2750 train_time:1957.748s step_avg:2292.44ms
step:855/2750 train_time:1960.036s step_avg:2292.44ms
step:856/2750 train_time:1962.326s step_avg:2292.44ms
step:857/2750 train_time:1964.611s step_avg:2292.43ms
step:858/2750 train_time:1966.895s step_avg:2292.42ms
step:859/2750 train_time:1969.184s step_avg:2292.41ms
step:860/2750 train_time:1971.467s step_avg:2292.40ms
step:861/2750 train_time:1973.755s step_avg:2292.40ms
step:862/2750 train_time:1976.048s step_avg:2292.40ms
step:863/2750 train_time:1978.335s step_avg:2292.39ms
step:864/2750 train_time:1980.628s step_avg:2292.39ms
step:865/2750 train_time:1982.915s step_avg:2292.39ms
step:866/2750 train_time:1985.200s step_avg:2292.38ms
step:867/2750 train_time:1987.486s step_avg:2292.37ms
step:868/2750 train_time:1989.776s step_avg:2292.37ms
step:869/2750 train_time:1992.060s step_avg:2292.36ms
step:870/2750 train_time:1994.348s step_avg:2292.35ms
step:871/2750 train_time:1996.637s step_avg:2292.35ms
step:872/2750 train_time:1998.919s step_avg:2292.34ms
step:873/2750 train_time:2001.205s step_avg:2292.33ms
step:874/2750 train_time:2003.492s step_avg:2292.32ms
step:875/2750 train_time:2005.777s step_avg:2292.32ms
step:875/2750 val_loss:3.64745 train_time:2005.777s step_avg:2287.57ms
step:876/2750 train_time:2008.075s step_avg:2292.32ms
step:877/2750 train_time:2010.368s step_avg:2292.32ms
step:878/2750 train_time:2012.654s step_avg:2292.32ms
step:879/2750 train_time:2014.942s step_avg:2292.31ms
step:880/2750 train_time:2017.234s step_avg:2292.31ms
step:881/2750 train_time:2019.516s step_avg:2292.30ms
step:882/2750 train_time:2021.803s step_avg:2292.29ms
step:883/2750 train_time:2024.096s step_avg:2292.29ms
step:884/2750 train_time:2026.378s step_avg:2292.28ms
step:885/2750 train_time:2028.667s step_avg:2292.28ms
step:886/2750 train_time:2030.957s step_avg:2292.28ms
step:887/2750 train_time:2033.243s step_avg:2292.27ms
step:888/2750 train_time:2035.528s step_avg:2292.26ms
step:889/2750 train_time:2037.816s step_avg:2292.26ms
step:890/2750 train_time:2040.103s step_avg:2292.25ms
step:891/2750 train_time:2042.389s step_avg:2292.24ms
step:892/2750 train_time:2044.677s step_avg:2292.24ms
step:893/2750 train_time:2046.961s step_avg:2292.23ms
step:894/2750 train_time:2049.248s step_avg:2292.22ms
step:895/2750 train_time:2051.541s step_avg:2292.22ms
step:896/2750 train_time:2053.830s step_avg:2292.22ms
step:897/2750 train_time:2056.118s step_avg:2292.22ms
step:898/2750 train_time:2058.407s step_avg:2292.21ms
step:899/2750 train_time:2060.694s step_avg:2292.21ms
step:900/2750 train_time:2062.982s step_avg:2292.20ms
step:901/2750 train_time:2065.268s step_avg:2292.20ms
step:902/2750 train_time:2067.557s step_avg:2292.19ms
step:903/2750 train_time:2069.848s step_avg:2292.19ms
step:904/2750 train_time:2072.135s step_avg:2292.18ms
step:905/2750 train_time:2074.425s step_avg:2292.18ms
step:906/2750 train_time:2076.712s step_avg:2292.18ms
step:907/2750 train_time:2079.003s step_avg:2292.18ms
step:908/2750 train_time:2081.293s step_avg:2292.17ms
step:909/2750 train_time:2083.580s step_avg:2292.17ms
step:910/2750 train_time:2085.862s step_avg:2292.16ms
step:911/2750 train_time:2088.151s step_avg:2292.15ms
step:912/2750 train_time:2090.439s step_avg:2292.15ms
step:913/2750 train_time:2092.727s step_avg:2292.14ms
step:914/2750 train_time:2095.016s step_avg:2292.14ms
step:915/2750 train_time:2097.305s step_avg:2292.14ms
step:916/2750 train_time:2099.590s step_avg:2292.13ms
step:917/2750 train_time:2101.878s step_avg:2292.12ms
step:918/2750 train_time:2104.170s step_avg:2292.12ms
step:919/2750 train_time:2106.452s step_avg:2292.11ms
step:920/2750 train_time:2108.738s step_avg:2292.11ms
step:921/2750 train_time:2111.031s step_avg:2292.11ms
step:922/2750 train_time:2113.313s step_avg:2292.10ms
step:923/2750 train_time:2115.602s step_avg:2292.09ms
step:924/2750 train_time:2117.896s step_avg:2292.10ms
step:925/2750 train_time:2120.180s step_avg:2292.09ms
step:926/2750 train_time:2122.469s step_avg:2292.08ms
step:927/2750 train_time:2124.757s step_avg:2292.08ms
step:928/2750 train_time:2127.044s step_avg:2292.07ms
step:929/2750 train_time:2129.331s step_avg:2292.07ms
step:930/2750 train_time:2131.619s step_avg:2292.06ms
step:931/2750 train_time:2133.901s step_avg:2292.05ms
step:932/2750 train_time:2136.189s step_avg:2292.05ms
step:933/2750 train_time:2138.477s step_avg:2292.04ms
step:934/2750 train_time:2140.758s step_avg:2292.03ms
step:935/2750 train_time:2143.046s step_avg:2292.03ms
step:936/2750 train_time:2145.339s step_avg:2292.03ms
step:937/2750 train_time:2147.626s step_avg:2292.02ms
step:938/2750 train_time:2149.913s step_avg:2292.02ms
step:939/2750 train_time:2152.199s step_avg:2292.01ms
step:940/2750 train_time:2154.490s step_avg:2292.01ms
step:941/2750 train_time:2156.777s step_avg:2292.00ms
step:942/2750 train_time:2159.062s step_avg:2292.00ms
step:943/2750 train_time:2161.345s step_avg:2291.99ms
step:944/2750 train_time:2163.630s step_avg:2291.98ms
step:945/2750 train_time:2165.921s step_avg:2291.98ms
step:946/2750 train_time:2168.206s step_avg:2291.97ms
step:947/2750 train_time:2170.494s step_avg:2291.97ms
step:948/2750 train_time:2172.781s step_avg:2291.96ms
step:949/2750 train_time:2175.065s step_avg:2291.95ms
step:950/2750 train_time:2177.351s step_avg:2291.95ms
step:951/2750 train_time:2179.655s step_avg:2291.96ms
step:952/2750 train_time:2181.945s step_avg:2291.96ms
step:953/2750 train_time:2184.232s step_avg:2291.95ms
step:954/2750 train_time:2186.516s step_avg:2291.95ms
step:955/2750 train_time:2188.804s step_avg:2291.94ms
step:956/2750 train_time:2191.091s step_avg:2291.94ms
step:957/2750 train_time:2193.376s step_avg:2291.93ms
step:958/2750 train_time:2195.666s step_avg:2291.93ms
step:959/2750 train_time:2197.952s step_avg:2291.92ms
step:960/2750 train_time:2200.234s step_avg:2291.91ms
step:961/2750 train_time:2202.521s step_avg:2291.91ms
step:962/2750 train_time:2204.810s step_avg:2291.90ms
step:963/2750 train_time:2207.097s step_avg:2291.90ms
step:964/2750 train_time:2209.384s step_avg:2291.89ms
step:965/2750 train_time:2211.670s step_avg:2291.89ms
step:966/2750 train_time:2213.955s step_avg:2291.88ms
step:967/2750 train_time:2216.247s step_avg:2291.88ms
step:968/2750 train_time:2218.531s step_avg:2291.87ms
step:969/2750 train_time:2220.812s step_avg:2291.86ms
step:970/2750 train_time:2223.101s step_avg:2291.86ms
step:971/2750 train_time:2225.390s step_avg:2291.85ms
step:972/2750 train_time:2227.674s step_avg:2291.85ms
step:973/2750 train_time:2229.965s step_avg:2291.84ms
step:974/2750 train_time:2232.262s step_avg:2291.85ms
step:975/2750 train_time:2234.547s step_avg:2291.84ms
step:976/2750 train_time:2236.836s step_avg:2291.84ms
step:977/2750 train_time:2239.127s step_avg:2291.84ms
step:978/2750 train_time:2241.410s step_avg:2291.83ms
step:979/2750 train_time:2243.699s step_avg:2291.83ms
step:980/2750 train_time:2245.990s step_avg:2291.83ms
step:981/2750 train_time:2248.272s step_avg:2291.82ms
step:982/2750 train_time:2250.559s step_avg:2291.81ms
step:983/2750 train_time:2252.850s step_avg:2291.81ms
step:984/2750 train_time:2255.134s step_avg:2291.80ms
step:985/2750 train_time:2257.424s step_avg:2291.80ms
step:986/2750 train_time:2259.714s step_avg:2291.80ms
step:987/2750 train_time:2261.996s step_avg:2291.79ms
step:988/2750 train_time:2264.282s step_avg:2291.78ms
step:989/2750 train_time:2266.573s step_avg:2291.78ms
step:990/2750 train_time:2268.858s step_avg:2291.78ms
step:991/2750 train_time:2271.143s step_avg:2291.77ms
step:992/2750 train_time:2273.435s step_avg:2291.77ms
step:993/2750 train_time:2275.717s step_avg:2291.76ms
step:994/2750 train_time:2278.005s step_avg:2291.76ms
step:995/2750 train_time:2280.295s step_avg:2291.75ms
step:996/2750 train_time:2282.578s step_avg:2291.74ms
step:997/2750 train_time:2284.866s step_avg:2291.74ms
step:998/2750 train_time:2287.158s step_avg:2291.74ms
step:999/2750 train_time:2289.441s step_avg:2291.73ms
step:1000/2750 train_time:2291.730s step_avg:2291.73ms
step:1000/2750 val_loss:3.60864 train_time:2291.730s step_avg:2287.62ms
step:1001/2750 train_time:2294.028s step_avg:2291.74ms
step:1002/2750 train_time:2296.313s step_avg:2291.73ms
step:1003/2750 train_time:2298.600s step_avg:2291.73ms
step:1004/2750 train_time:2300.894s step_avg:2291.73ms
step:1005/2750 train_time:2303.177s step_avg:2291.72ms
step:1006/2750 train_time:2305.464s step_avg:2291.71ms
step:1007/2750 train_time:2307.760s step_avg:2291.72ms
step:1008/2750 train_time:2310.045s step_avg:2291.71ms
step:1009/2750 train_time:2312.330s step_avg:2291.70ms
step:1010/2750 train_time:2314.622s step_avg:2291.70ms
step:1011/2750 train_time:2316.912s step_avg:2291.70ms
step:1012/2750 train_time:2319.205s step_avg:2291.70ms
step:1013/2750 train_time:2321.493s step_avg:2291.70ms
step:1014/2750 train_time:2323.783s step_avg:2291.70ms
step:1015/2750 train_time:2326.071s step_avg:2291.70ms
step:1016/2750 train_time:2328.356s step_avg:2291.69ms
step:1017/2750 train_time:2330.648s step_avg:2291.69ms
step:1018/2750 train_time:2332.932s step_avg:2291.68ms
step:1019/2750 train_time:2335.219s step_avg:2291.68ms
step:1020/2750 train_time:2337.507s step_avg:2291.67ms
step:1021/2750 train_time:2339.792s step_avg:2291.67ms
step:1022/2750 train_time:2342.080s step_avg:2291.66ms
step:1023/2750 train_time:2344.370s step_avg:2291.66ms
step:1024/2750 train_time:2346.650s step_avg:2291.65ms
step:1025/2750 train_time:2348.934s step_avg:2291.64ms
step:1026/2750 train_time:2351.223s step_avg:2291.64ms
step:1027/2750 train_time:2353.509s step_avg:2291.63ms
step:1028/2750 train_time:2355.794s step_avg:2291.63ms
step:1029/2750 train_time:2358.082s step_avg:2291.63ms
step:1030/2750 train_time:2360.371s step_avg:2291.62ms
step:1031/2750 train_time:2362.657s step_avg:2291.62ms
step:1032/2750 train_time:2364.941s step_avg:2291.61ms
step:1033/2750 train_time:2367.224s step_avg:2291.60ms
step:1034/2750 train_time:2369.509s step_avg:2291.59ms
step:1035/2750 train_time:2371.797s step_avg:2291.59ms
step:1036/2750 train_time:2374.084s step_avg:2291.59ms
step:1037/2750 train_time:2376.370s step_avg:2291.58ms
step:1038/2750 train_time:2378.659s step_avg:2291.58ms
step:1039/2750 train_time:2380.943s step_avg:2291.57ms
step:1040/2750 train_time:2383.232s step_avg:2291.57ms
step:1041/2750 train_time:2385.518s step_avg:2291.56ms
step:1042/2750 train_time:2387.805s step_avg:2291.56ms
step:1043/2750 train_time:2390.092s step_avg:2291.56ms
step:1044/2750 train_time:2392.380s step_avg:2291.55ms
step:1045/2750 train_time:2394.672s step_avg:2291.55ms
step:1046/2750 train_time:2396.959s step_avg:2291.55ms
step:1047/2750 train_time:2399.246s step_avg:2291.54ms
step:1048/2750 train_time:2401.533s step_avg:2291.54ms
step:1049/2750 train_time:2403.815s step_avg:2291.53ms
step:1050/2750 train_time:2406.104s step_avg:2291.53ms
step:1051/2750 train_time:2408.390s step_avg:2291.52ms
step:1052/2750 train_time:2410.676s step_avg:2291.52ms
step:1053/2750 train_time:2412.966s step_avg:2291.52ms
step:1054/2750 train_time:2415.251s step_avg:2291.51ms
step:1055/2750 train_time:2417.536s step_avg:2291.50ms
step:1056/2750 train_time:2419.824s step_avg:2291.50ms
step:1057/2750 train_time:2422.111s step_avg:2291.50ms
step:1058/2750 train_time:2424.399s step_avg:2291.49ms
step:1059/2750 train_time:2426.690s step_avg:2291.49ms
step:1060/2750 train_time:2428.978s step_avg:2291.49ms
step:1061/2750 train_time:2431.268s step_avg:2291.49ms
step:1062/2750 train_time:2433.560s step_avg:2291.49ms
step:1063/2750 train_time:2435.850s step_avg:2291.49ms
step:1064/2750 train_time:2438.131s step_avg:2291.48ms
step:1065/2750 train_time:2440.418s step_avg:2291.47ms
step:1066/2750 train_time:2442.702s step_avg:2291.46ms
step:1067/2750 train_time:2444.987s step_avg:2291.46ms
step:1068/2750 train_time:2447.282s step_avg:2291.46ms
step:1069/2750 train_time:2449.574s step_avg:2291.46ms
step:1070/2750 train_time:2451.859s step_avg:2291.46ms
step:1071/2750 train_time:2454.149s step_avg:2291.46ms
step:1072/2750 train_time:2456.440s step_avg:2291.46ms
step:1073/2750 train_time:2458.724s step_avg:2291.45ms
step:1074/2750 train_time:2461.010s step_avg:2291.44ms
step:1075/2750 train_time:2463.298s step_avg:2291.44ms
step:1076/2750 train_time:2465.584s step_avg:2291.44ms
step:1077/2750 train_time:2467.872s step_avg:2291.43ms
step:1078/2750 train_time:2470.160s step_avg:2291.43ms
step:1079/2750 train_time:2472.444s step_avg:2291.42ms
step:1080/2750 train_time:2474.729s step_avg:2291.42ms
step:1081/2750 train_time:2477.016s step_avg:2291.41ms
step:1082/2750 train_time:2479.302s step_avg:2291.41ms
step:1083/2750 train_time:2481.589s step_avg:2291.40ms
step:1084/2750 train_time:2483.882s step_avg:2291.40ms
step:1085/2750 train_time:2486.167s step_avg:2291.40ms
step:1086/2750 train_time:2488.457s step_avg:2291.40ms
step:1087/2750 train_time:2490.743s step_avg:2291.39ms
step:1088/2750 train_time:2493.028s step_avg:2291.39ms
step:1089/2750 train_time:2495.317s step_avg:2291.38ms
step:1090/2750 train_time:2497.602s step_avg:2291.38ms
step:1091/2750 train_time:2499.889s step_avg:2291.37ms
step:1092/2750 train_time:2502.178s step_avg:2291.37ms
step:1093/2750 train_time:2504.467s step_avg:2291.37ms
step:1094/2750 train_time:2506.752s step_avg:2291.36ms
step:1095/2750 train_time:2509.040s step_avg:2291.36ms
step:1096/2750 train_time:2511.326s step_avg:2291.36ms
step:1097/2750 train_time:2513.612s step_avg:2291.35ms
step:1098/2750 train_time:2515.897s step_avg:2291.34ms
step:1099/2750 train_time:2518.184s step_avg:2291.34ms
step:1100/2750 train_time:2520.470s step_avg:2291.34ms
step:1101/2750 train_time:2522.757s step_avg:2291.33ms
step:1102/2750 train_time:2525.041s step_avg:2291.33ms
step:1103/2750 train_time:2527.330s step_avg:2291.32ms
step:1104/2750 train_time:2529.620s step_avg:2291.32ms
step:1105/2750 train_time:2531.908s step_avg:2291.32ms
step:1106/2750 train_time:2534.190s step_avg:2291.31ms
step:1107/2750 train_time:2536.478s step_avg:2291.31ms
step:1108/2750 train_time:2538.764s step_avg:2291.30ms
step:1109/2750 train_time:2541.050s step_avg:2291.30ms
step:1110/2750 train_time:2543.338s step_avg:2291.30ms
step:1111/2750 train_time:2545.622s step_avg:2291.29ms
step:1112/2750 train_time:2547.906s step_avg:2291.28ms
step:1113/2750 train_time:2550.193s step_avg:2291.28ms
step:1114/2750 train_time:2552.481s step_avg:2291.28ms
step:1115/2750 train_time:2554.765s step_avg:2291.27ms
step:1116/2750 train_time:2557.054s step_avg:2291.27ms
step:1117/2750 train_time:2559.345s step_avg:2291.27ms
step:1118/2750 train_time:2561.633s step_avg:2291.26ms
step:1119/2750 train_time:2563.920s step_avg:2291.26ms
step:1120/2750 train_time:2566.208s step_avg:2291.26ms
step:1121/2750 train_time:2568.497s step_avg:2291.25ms
step:1122/2750 train_time:2570.788s step_avg:2291.25ms
step:1123/2750 train_time:2573.074s step_avg:2291.25ms
step:1124/2750 train_time:2575.360s step_avg:2291.25ms
step:1125/2750 train_time:2577.648s step_avg:2291.24ms
step:1125/2750 val_loss:3.58424 train_time:2577.648s step_avg:2287.34ms
step:1126/2750 train_time:2579.941s step_avg:2291.24ms
step:1127/2750 train_time:2582.225s step_avg:2291.24ms
step:1128/2750 train_time:2584.511s step_avg:2291.23ms
step:1129/2750 train_time:2586.802s step_avg:2291.23ms
step:1130/2750 train_time:2589.093s step_avg:2291.23ms
step:1131/2750 train_time:2591.382s step_avg:2291.23ms
step:1132/2750 train_time:2593.669s step_avg:2291.23ms
step:1133/2750 train_time:2595.956s step_avg:2291.22ms
step:1134/2750 train_time:2598.250s step_avg:2291.23ms
step:1135/2750 train_time:2600.537s step_avg:2291.22ms
step:1136/2750 train_time:2602.827s step_avg:2291.22ms
step:1137/2750 train_time:2605.113s step_avg:2291.22ms
step:1138/2750 train_time:2607.401s step_avg:2291.21ms
step:1139/2750 train_time:2609.690s step_avg:2291.21ms
step:1140/2750 train_time:2611.975s step_avg:2291.21ms
step:1141/2750 train_time:2614.281s step_avg:2291.22ms
step:1142/2750 train_time:2616.570s step_avg:2291.22ms
step:1143/2750 train_time:2618.859s step_avg:2291.22ms
step:1144/2750 train_time:2621.146s step_avg:2291.21ms
step:1145/2750 train_time:2623.434s step_avg:2291.21ms
step:1146/2750 train_time:2625.719s step_avg:2291.20ms
step:1147/2750 train_time:2628.001s step_avg:2291.20ms
step:1148/2750 train_time:2630.290s step_avg:2291.19ms
step:1149/2750 train_time:2632.577s step_avg:2291.19ms
step:1150/2750 train_time:2634.859s step_avg:2291.18ms
step:1151/2750 train_time:2637.154s step_avg:2291.19ms
step:1152/2750 train_time:2639.441s step_avg:2291.18ms
step:1153/2750 train_time:2641.727s step_avg:2291.18ms
step:1154/2750 train_time:2644.012s step_avg:2291.17ms
step:1155/2750 train_time:2646.299s step_avg:2291.17ms
step:1156/2750 train_time:2648.582s step_avg:2291.16ms
step:1157/2750 train_time:2650.872s step_avg:2291.16ms
step:1158/2750 train_time:2653.159s step_avg:2291.16ms
step:1159/2750 train_time:2655.442s step_avg:2291.15ms
step:1160/2750 train_time:2657.731s step_avg:2291.15ms
step:1161/2750 train_time:2660.021s step_avg:2291.15ms
step:1162/2750 train_time:2662.311s step_avg:2291.15ms
step:1163/2750 train_time:2664.596s step_avg:2291.14ms
step:1164/2750 train_time:2666.882s step_avg:2291.14ms
step:1165/2750 train_time:2669.170s step_avg:2291.13ms
step:1166/2750 train_time:2671.457s step_avg:2291.13ms
step:1167/2750 train_time:2673.741s step_avg:2291.12ms
step:1168/2750 train_time:2676.028s step_avg:2291.12ms
step:1169/2750 train_time:2678.314s step_avg:2291.12ms
step:1170/2750 train_time:2680.605s step_avg:2291.12ms
step:1171/2750 train_time:2682.891s step_avg:2291.11ms
step:1172/2750 train_time:2685.181s step_avg:2291.11ms
step:1173/2750 train_time:2687.470s step_avg:2291.11ms
step:1174/2750 train_time:2689.758s step_avg:2291.11ms
step:1175/2750 train_time:2692.045s step_avg:2291.10ms
step:1176/2750 train_time:2694.331s step_avg:2291.10ms
step:1177/2750 train_time:2696.619s step_avg:2291.10ms
step:1178/2750 train_time:2698.912s step_avg:2291.10ms
step:1179/2750 train_time:2701.198s step_avg:2291.09ms
step:1180/2750 train_time:2703.490s step_avg:2291.09ms
step:1181/2750 train_time:2705.775s step_avg:2291.09ms
step:1182/2750 train_time:2708.066s step_avg:2291.09ms
step:1183/2750 train_time:2710.357s step_avg:2291.09ms
step:1184/2750 train_time:2712.646s step_avg:2291.09ms
step:1185/2750 train_time:2714.932s step_avg:2291.08ms
step:1186/2750 train_time:2717.217s step_avg:2291.08ms
step:1187/2750 train_time:2719.506s step_avg:2291.08ms
step:1188/2750 train_time:2721.790s step_avg:2291.07ms
step:1189/2750 train_time:2724.081s step_avg:2291.07ms
step:1190/2750 train_time:2726.371s step_avg:2291.07ms
step:1191/2750 train_time:2728.655s step_avg:2291.06ms
step:1192/2750 train_time:2730.943s step_avg:2291.06ms
step:1193/2750 train_time:2733.235s step_avg:2291.06ms
step:1194/2750 train_time:2735.518s step_avg:2291.05ms
step:1195/2750 train_time:2737.805s step_avg:2291.05ms
step:1196/2750 train_time:2740.097s step_avg:2291.05ms
step:1197/2750 train_time:2742.379s step_avg:2291.04ms
step:1198/2750 train_time:2744.664s step_avg:2291.04ms
step:1199/2750 train_time:2746.952s step_avg:2291.04ms
step:1200/2750 train_time:2749.237s step_avg:2291.03ms
step:1201/2750 train_time:2751.522s step_avg:2291.03ms
step:1202/2750 train_time:2753.812s step_avg:2291.03ms
step:1203/2750 train_time:2756.097s step_avg:2291.02ms
step:1204/2750 train_time:2758.383s step_avg:2291.02ms
step:1205/2750 train_time:2760.671s step_avg:2291.01ms
step:1206/2750 train_time:2762.957s step_avg:2291.01ms
step:1207/2750 train_time:2765.243s step_avg:2291.00ms
step:1208/2750 train_time:2767.535s step_avg:2291.01ms
step:1209/2750 train_time:2769.821s step_avg:2291.00ms
step:1210/2750 train_time:2772.112s step_avg:2291.00ms
step:1211/2750 train_time:2774.400s step_avg:2291.00ms
step:1212/2750 train_time:2776.682s step_avg:2290.99ms
step:1213/2750 train_time:2778.969s step_avg:2290.99ms
step:1214/2750 train_time:2781.259s step_avg:2290.99ms
step:1215/2750 train_time:2783.543s step_avg:2290.98ms
step:1216/2750 train_time:2785.832s step_avg:2290.98ms
step:1217/2750 train_time:2788.120s step_avg:2290.98ms
step:1218/2750 train_time:2790.402s step_avg:2290.97ms
step:1219/2750 train_time:2792.691s step_avg:2290.97ms
step:1220/2750 train_time:2794.975s step_avg:2290.96ms
step:1221/2750 train_time:2797.258s step_avg:2290.96ms
step:1222/2750 train_time:2799.545s step_avg:2290.95ms
step:1223/2750 train_time:2801.837s step_avg:2290.95ms
step:1224/2750 train_time:2804.124s step_avg:2290.95ms
step:1225/2750 train_time:2806.414s step_avg:2290.95ms
step:1226/2750 train_time:2808.702s step_avg:2290.95ms
step:1227/2750 train_time:2810.992s step_avg:2290.95ms
step:1228/2750 train_time:2813.282s step_avg:2290.95ms
step:1229/2750 train_time:2815.566s step_avg:2290.94ms
step:1230/2750 train_time:2817.851s step_avg:2290.94ms
step:1231/2750 train_time:2820.137s step_avg:2290.93ms
step:1232/2750 train_time:2822.420s step_avg:2290.93ms
step:1233/2750 train_time:2824.701s step_avg:2290.92ms
step:1234/2750 train_time:2826.986s step_avg:2290.91ms
step:1235/2750 train_time:2829.273s step_avg:2290.91ms
step:1236/2750 train_time:2831.554s step_avg:2290.90ms
step:1237/2750 train_time:2833.841s step_avg:2290.90ms
step:1238/2750 train_time:2836.132s step_avg:2290.90ms
step:1239/2750 train_time:2838.414s step_avg:2290.89ms
step:1240/2750 train_time:2840.700s step_avg:2290.89ms
step:1241/2750 train_time:2842.992s step_avg:2290.89ms
step:1242/2750 train_time:2845.276s step_avg:2290.88ms
step:1243/2750 train_time:2847.565s step_avg:2290.88ms
step:1244/2750 train_time:2849.855s step_avg:2290.88ms
step:1245/2750 train_time:2852.137s step_avg:2290.87ms
step:1246/2750 train_time:2854.425s step_avg:2290.87ms
step:1247/2750 train_time:2856.715s step_avg:2290.87ms
step:1248/2750 train_time:2859.001s step_avg:2290.87ms
step:1249/2750 train_time:2861.286s step_avg:2290.86ms
step:1250/2750 train_time:2863.577s step_avg:2290.86ms
step:1250/2750 val_loss:3.55377 train_time:2863.577s step_avg:2287.43ms
step:1251/2750 train_time:2865.873s step_avg:2290.87ms
step:1252/2750 train_time:2868.162s step_avg:2290.86ms
step:1253/2750 train_time:2870.452s step_avg:2290.86ms
step:1254/2750 train_time:2872.738s step_avg:2290.86ms
step:1255/2750 train_time:2875.026s step_avg:2290.86ms
step:1256/2750 train_time:2877.320s step_avg:2290.86ms
step:1257/2750 train_time:2879.610s step_avg:2290.86ms
step:1258/2750 train_time:2881.896s step_avg:2290.85ms
step:1259/2750 train_time:2884.183s step_avg:2290.85ms
step:1260/2750 train_time:2886.470s step_avg:2290.85ms
step:1261/2750 train_time:2888.757s step_avg:2290.85ms
step:1262/2750 train_time:2891.044s step_avg:2290.84ms
step:1263/2750 train_time:2893.332s step_avg:2290.84ms
step:1264/2750 train_time:2895.623s step_avg:2290.84ms
step:1265/2750 train_time:2897.910s step_avg:2290.84ms
step:1266/2750 train_time:2900.200s step_avg:2290.84ms
step:1267/2750 train_time:2902.491s step_avg:2290.84ms
step:1268/2750 train_time:2904.778s step_avg:2290.83ms
step:1269/2750 train_time:2907.069s step_avg:2290.83ms
step:1270/2750 train_time:2909.351s step_avg:2290.83ms
step:1271/2750 train_time:2911.637s step_avg:2290.82ms
step:1272/2750 train_time:2913.928s step_avg:2290.82ms
step:1273/2750 train_time:2916.213s step_avg:2290.82ms
step:1274/2750 train_time:2918.500s step_avg:2290.82ms
step:1275/2750 train_time:2920.788s step_avg:2290.81ms
step:1276/2750 train_time:2923.072s step_avg:2290.81ms
step:1277/2750 train_time:2925.359s step_avg:2290.81ms
step:1278/2750 train_time:2927.649s step_avg:2290.80ms
step:1279/2750 train_time:2929.934s step_avg:2290.80ms
step:1280/2750 train_time:2932.221s step_avg:2290.80ms
step:1281/2750 train_time:2934.511s step_avg:2290.80ms
step:1282/2750 train_time:2936.797s step_avg:2290.79ms
step:1283/2750 train_time:2939.086s step_avg:2290.79ms
step:1284/2750 train_time:2941.376s step_avg:2290.79ms
step:1285/2750 train_time:2943.662s step_avg:2290.79ms
step:1286/2750 train_time:2945.946s step_avg:2290.78ms
step:1287/2750 train_time:2948.238s step_avg:2290.78ms
step:1288/2750 train_time:2950.527s step_avg:2290.78ms
step:1289/2750 train_time:2952.811s step_avg:2290.78ms
step:1290/2750 train_time:2955.099s step_avg:2290.77ms
step:1291/2750 train_time:2957.391s step_avg:2290.78ms
step:1292/2750 train_time:2959.678s step_avg:2290.77ms
step:1293/2750 train_time:2961.965s step_avg:2290.77ms
step:1294/2750 train_time:2964.255s step_avg:2290.77ms
step:1295/2750 train_time:2966.538s step_avg:2290.76ms
step:1296/2750 train_time:2968.827s step_avg:2290.76ms
step:1297/2750 train_time:2971.121s step_avg:2290.76ms
step:1298/2750 train_time:2973.402s step_avg:2290.76ms
step:1299/2750 train_time:2975.692s step_avg:2290.76ms
step:1300/2750 train_time:2977.979s step_avg:2290.75ms
step:1301/2750 train_time:2980.259s step_avg:2290.75ms
step:1302/2750 train_time:2982.548s step_avg:2290.74ms
step:1303/2750 train_time:2984.839s step_avg:2290.74ms
step:1304/2750 train_time:2987.130s step_avg:2290.74ms
step:1305/2750 train_time:2989.421s step_avg:2290.74ms
step:1306/2750 train_time:2991.708s step_avg:2290.74ms
step:1307/2750 train_time:2993.990s step_avg:2290.73ms
step:1308/2750 train_time:2996.277s step_avg:2290.73ms
step:1309/2750 train_time:2998.565s step_avg:2290.73ms
step:1310/2750 train_time:3000.850s step_avg:2290.73ms
step:1311/2750 train_time:3003.139s step_avg:2290.72ms
step:1312/2750 train_time:3005.424s step_avg:2290.72ms
step:1313/2750 train_time:3007.710s step_avg:2290.72ms
step:1314/2750 train_time:3009.993s step_avg:2290.71ms
step:1315/2750 train_time:3012.279s step_avg:2290.71ms
step:1316/2750 train_time:3014.563s step_avg:2290.70ms
step:1317/2750 train_time:3016.850s step_avg:2290.70ms
step:1318/2750 train_time:3019.141s step_avg:2290.70ms
step:1319/2750 train_time:3021.427s step_avg:2290.70ms
step:1320/2750 train_time:3023.716s step_avg:2290.69ms
step:1321/2750 train_time:3026.003s step_avg:2290.69ms
step:1322/2750 train_time:3028.291s step_avg:2290.69ms
step:1323/2750 train_time:3030.582s step_avg:2290.69ms
step:1324/2750 train_time:3032.872s step_avg:2290.69ms
step:1325/2750 train_time:3035.162s step_avg:2290.69ms
step:1326/2750 train_time:3037.445s step_avg:2290.68ms
step:1327/2750 train_time:3039.733s step_avg:2290.68ms
step:1328/2750 train_time:3042.023s step_avg:2290.68ms
step:1329/2750 train_time:3044.311s step_avg:2290.68ms
step:1330/2750 train_time:3046.595s step_avg:2290.67ms
step:1331/2750 train_time:3048.903s step_avg:2290.69ms
step:1332/2750 train_time:3051.193s step_avg:2290.69ms
step:1333/2750 train_time:3053.474s step_avg:2290.68ms
step:1334/2750 train_time:3055.761s step_avg:2290.68ms
step:1335/2750 train_time:3058.054s step_avg:2290.68ms
step:1336/2750 train_time:3060.337s step_avg:2290.67ms
step:1337/2750 train_time:3062.624s step_avg:2290.67ms
step:1338/2750 train_time:3064.915s step_avg:2290.67ms
step:1339/2750 train_time:3067.199s step_avg:2290.66ms
step:1340/2750 train_time:3069.486s step_avg:2290.66ms
step:1341/2750 train_time:3071.779s step_avg:2290.66ms
step:1342/2750 train_time:3074.063s step_avg:2290.66ms
step:1343/2750 train_time:3076.348s step_avg:2290.65ms
step:1344/2750 train_time:3078.641s step_avg:2290.66ms
step:1345/2750 train_time:3080.925s step_avg:2290.65ms
step:1346/2750 train_time:3083.214s step_avg:2290.65ms
step:1347/2750 train_time:3085.503s step_avg:2290.65ms
step:1348/2750 train_time:3087.791s step_avg:2290.65ms
step:1349/2750 train_time:3090.080s step_avg:2290.64ms
step:1350/2750 train_time:3092.367s step_avg:2290.64ms
step:1351/2750 train_time:3094.649s step_avg:2290.64ms
step:1352/2750 train_time:3096.937s step_avg:2290.63ms
step:1353/2750 train_time:3099.224s step_avg:2290.63ms
step:1354/2750 train_time:3101.509s step_avg:2290.63ms
step:1355/2750 train_time:3103.796s step_avg:2290.62ms
step:1356/2750 train_time:3106.081s step_avg:2290.62ms
step:1357/2750 train_time:3108.363s step_avg:2290.61ms
step:1358/2750 train_time:3110.652s step_avg:2290.61ms
step:1359/2750 train_time:3112.945s step_avg:2290.61ms
step:1360/2750 train_time:3115.232s step_avg:2290.61ms
step:1361/2750 train_time:3117.519s step_avg:2290.61ms
step:1362/2750 train_time:3119.806s step_avg:2290.61ms
step:1363/2750 train_time:3122.094s step_avg:2290.60ms
step:1364/2750 train_time:3124.383s step_avg:2290.60ms
step:1365/2750 train_time:3126.672s step_avg:2290.60ms
step:1366/2750 train_time:3128.960s step_avg:2290.60ms
step:1367/2750 train_time:3131.246s step_avg:2290.60ms
step:1368/2750 train_time:3133.533s step_avg:2290.59ms
step:1369/2750 train_time:3135.822s step_avg:2290.59ms
step:1370/2750 train_time:3138.113s step_avg:2290.59ms
step:1371/2750 train_time:3140.404s step_avg:2290.59ms
step:1372/2750 train_time:3142.693s step_avg:2290.59ms
step:1373/2750 train_time:3144.975s step_avg:2290.59ms
step:1374/2750 train_time:3147.260s step_avg:2290.58ms
step:1375/2750 train_time:3149.554s step_avg:2290.58ms
step:1375/2750 val_loss:3.52973 train_time:3149.554s step_avg:2287.82ms
step:1376/2750 train_time:3151.851s step_avg:2290.59ms
step:1377/2750 train_time:3154.140s step_avg:2290.59ms
step:1378/2750 train_time:3156.432s step_avg:2290.59ms
step:1379/2750 train_time:3158.717s step_avg:2290.59ms
step:1380/2750 train_time:3161.002s step_avg:2290.58ms
step:1381/2750 train_time:3163.295s step_avg:2290.58ms
step:1382/2750 train_time:3165.579s step_avg:2290.58ms
step:1383/2750 train_time:3167.872s step_avg:2290.58ms
step:1384/2750 train_time:3170.168s step_avg:2290.58ms
step:1385/2750 train_time:3172.460s step_avg:2290.58ms
step:1386/2750 train_time:3174.743s step_avg:2290.58ms
step:1387/2750 train_time:3177.030s step_avg:2290.58ms
step:1388/2750 train_time:3179.323s step_avg:2290.58ms
step:1389/2750 train_time:3181.613s step_avg:2290.58ms
step:1390/2750 train_time:3183.902s step_avg:2290.58ms
step:1391/2750 train_time:3186.191s step_avg:2290.58ms
step:1392/2750 train_time:3188.480s step_avg:2290.57ms
step:1393/2750 train_time:3190.772s step_avg:2290.58ms
step:1394/2750 train_time:3193.058s step_avg:2290.57ms
step:1395/2750 train_time:3195.350s step_avg:2290.57ms
step:1396/2750 train_time:3197.636s step_avg:2290.57ms
step:1397/2750 train_time:3199.924s step_avg:2290.57ms
step:1398/2750 train_time:3202.215s step_avg:2290.57ms
step:1399/2750 train_time:3204.501s step_avg:2290.57ms
step:1400/2750 train_time:3206.785s step_avg:2290.56ms
step:1401/2750 train_time:3209.074s step_avg:2290.56ms
step:1402/2750 train_time:3211.361s step_avg:2290.56ms
step:1403/2750 train_time:3213.651s step_avg:2290.56ms
step:1404/2750 train_time:3215.946s step_avg:2290.56ms
step:1405/2750 train_time:3218.237s step_avg:2290.56ms
step:1406/2750 train_time:3220.520s step_avg:2290.55ms
step:1407/2750 train_time:3222.808s step_avg:2290.55ms
step:1408/2750 train_time:3225.098s step_avg:2290.55ms
step:1409/2750 train_time:3227.383s step_avg:2290.55ms
step:1410/2750 train_time:3229.669s step_avg:2290.55ms
step:1411/2750 train_time:3231.957s step_avg:2290.54ms
step:1412/2750 train_time:3234.242s step_avg:2290.54ms
step:1413/2750 train_time:3236.529s step_avg:2290.54ms
step:1414/2750 train_time:3238.823s step_avg:2290.54ms
step:1415/2750 train_time:3241.103s step_avg:2290.53ms
step:1416/2750 train_time:3243.393s step_avg:2290.53ms
step:1417/2750 train_time:3245.685s step_avg:2290.53ms
step:1418/2750 train_time:3247.968s step_avg:2290.53ms
step:1419/2750 train_time:3250.256s step_avg:2290.53ms
step:1420/2750 train_time:3252.544s step_avg:2290.52ms
step:1421/2750 train_time:3254.828s step_avg:2290.52ms
step:1422/2750 train_time:3257.116s step_avg:2290.52ms
step:1423/2750 train_time:3259.403s step_avg:2290.52ms
step:1424/2750 train_time:3261.693s step_avg:2290.51ms
step:1425/2750 train_time:3263.980s step_avg:2290.51ms
step:1426/2750 train_time:3266.267s step_avg:2290.51ms
step:1427/2750 train_time:3268.557s step_avg:2290.51ms
step:1428/2750 train_time:3270.846s step_avg:2290.51ms
step:1429/2750 train_time:3273.131s step_avg:2290.50ms
step:1430/2750 train_time:3275.421s step_avg:2290.50ms
step:1431/2750 train_time:3277.712s step_avg:2290.50ms
step:1432/2750 train_time:3279.998s step_avg:2290.50ms
step:1433/2750 train_time:3282.288s step_avg:2290.50ms
step:1434/2750 train_time:3284.575s step_avg:2290.50ms
step:1435/2750 train_time:3286.861s step_avg:2290.50ms
step:1436/2750 train_time:3289.154s step_avg:2290.50ms
step:1437/2750 train_time:3291.437s step_avg:2290.49ms
step:1438/2750 train_time:3293.725s step_avg:2290.49ms
step:1439/2750 train_time:3296.013s step_avg:2290.49ms
step:1440/2750 train_time:3298.299s step_avg:2290.49ms
step:1441/2750 train_time:3300.584s step_avg:2290.48ms
step:1442/2750 train_time:3302.877s step_avg:2290.48ms
step:1443/2750 train_time:3305.163s step_avg:2290.48ms
step:1444/2750 train_time:3307.448s step_avg:2290.48ms
step:1445/2750 train_time:3309.736s step_avg:2290.47ms
step:1446/2750 train_time:3312.021s step_avg:2290.47ms
step:1447/2750 train_time:3314.305s step_avg:2290.47ms
step:1448/2750 train_time:3316.596s step_avg:2290.47ms
step:1449/2750 train_time:3318.880s step_avg:2290.46ms
step:1450/2750 train_time:3321.170s step_avg:2290.46ms
step:1451/2750 train_time:3323.465s step_avg:2290.47ms
step:1452/2750 train_time:3325.756s step_avg:2290.47ms
step:1453/2750 train_time:3328.039s step_avg:2290.46ms
step:1454/2750 train_time:3330.327s step_avg:2290.46ms
step:1455/2750 train_time:3332.616s step_avg:2290.46ms
step:1456/2750 train_time:3334.899s step_avg:2290.45ms
step:1457/2750 train_time:3337.187s step_avg:2290.45ms
step:1458/2750 train_time:3339.480s step_avg:2290.45ms
step:1459/2750 train_time:3341.762s step_avg:2290.45ms
step:1460/2750 train_time:3344.050s step_avg:2290.45ms
step:1461/2750 train_time:3346.341s step_avg:2290.45ms
step:1462/2750 train_time:3348.628s step_avg:2290.44ms
step:1463/2750 train_time:3350.912s step_avg:2290.44ms
step:1464/2750 train_time:3353.205s step_avg:2290.44ms
step:1465/2750 train_time:3355.491s step_avg:2290.44ms
step:1466/2750 train_time:3357.777s step_avg:2290.43ms
step:1467/2750 train_time:3360.066s step_avg:2290.43ms
step:1468/2750 train_time:3362.354s step_avg:2290.43ms
step:1469/2750 train_time:3364.643s step_avg:2290.43ms
step:1470/2750 train_time:3366.932s step_avg:2290.43ms
step:1471/2750 train_time:3369.218s step_avg:2290.43ms
step:1472/2750 train_time:3371.505s step_avg:2290.42ms
step:1473/2750 train_time:3373.792s step_avg:2290.42ms
step:1474/2750 train_time:3376.079s step_avg:2290.42ms
step:1475/2750 train_time:3378.367s step_avg:2290.42ms
step:1476/2750 train_time:3380.655s step_avg:2290.42ms
step:1477/2750 train_time:3382.937s step_avg:2290.41ms
step:1478/2750 train_time:3385.227s step_avg:2290.41ms
step:1479/2750 train_time:3387.517s step_avg:2290.41ms
step:1480/2750 train_time:3389.804s step_avg:2290.41ms
step:1481/2750 train_time:3392.094s step_avg:2290.41ms
step:1482/2750 train_time:3394.377s step_avg:2290.40ms
step:1483/2750 train_time:3396.669s step_avg:2290.40ms
step:1484/2750 train_time:3398.959s step_avg:2290.40ms
step:1485/2750 train_time:3401.247s step_avg:2290.40ms
step:1486/2750 train_time:3403.538s step_avg:2290.40ms
step:1487/2750 train_time:3405.824s step_avg:2290.40ms
step:1488/2750 train_time:3408.109s step_avg:2290.40ms
step:1489/2750 train_time:3410.398s step_avg:2290.39ms
step:1490/2750 train_time:3412.683s step_avg:2290.39ms
step:1491/2750 train_time:3414.973s step_avg:2290.39ms
step:1492/2750 train_time:3417.268s step_avg:2290.39ms
step:1493/2750 train_time:3419.558s step_avg:2290.39ms
step:1494/2750 train_time:3421.839s step_avg:2290.39ms
step:1495/2750 train_time:3424.129s step_avg:2290.39ms
step:1496/2750 train_time:3426.420s step_avg:2290.39ms
step:1497/2750 train_time:3428.702s step_avg:2290.38ms
step:1498/2750 train_time:3430.990s step_avg:2290.38ms
step:1499/2750 train_time:3433.280s step_avg:2290.38ms
step:1500/2750 train_time:3435.561s step_avg:2290.37ms
step:1500/2750 val_loss:3.49908 train_time:3435.561s step_avg:2288.06ms
step:1501/2750 train_time:3437.859s step_avg:2290.38ms
step:1502/2750 train_time:3440.150s step_avg:2290.38ms
step:1503/2750 train_time:3442.436s step_avg:2290.38ms
step:1504/2750 train_time:3444.726s step_avg:2290.38ms
step:1505/2750 train_time:3447.019s step_avg:2290.38ms
step:1506/2750 train_time:3449.304s step_avg:2290.37ms
step:1507/2750 train_time:3451.593s step_avg:2290.37ms
step:1508/2750 train_time:3453.886s step_avg:2290.38ms
step:1509/2750 train_time:3456.171s step_avg:2290.37ms
step:1510/2750 train_time:3458.458s step_avg:2290.37ms
step:1511/2750 train_time:3460.747s step_avg:2290.37ms
step:1512/2750 train_time:3463.034s step_avg:2290.37ms
step:1513/2750 train_time:3465.320s step_avg:2290.36ms
step:1514/2750 train_time:3467.609s step_avg:2290.36ms
step:1515/2750 train_time:3469.892s step_avg:2290.36ms
step:1516/2750 train_time:3472.179s step_avg:2290.36ms
step:1517/2750 train_time:3474.465s step_avg:2290.35ms
step:1518/2750 train_time:3476.753s step_avg:2290.35ms
step:1519/2750 train_time:3479.042s step_avg:2290.35ms
step:1520/2750 train_time:3481.331s step_avg:2290.35ms
step:1521/2750 train_time:3483.640s step_avg:2290.36ms
step:1522/2750 train_time:3485.934s step_avg:2290.36ms
step:1523/2750 train_time:3488.215s step_avg:2290.36ms
step:1524/2750 train_time:3490.508s step_avg:2290.36ms
step:1525/2750 train_time:3492.798s step_avg:2290.36ms
step:1526/2750 train_time:3495.085s step_avg:2290.36ms
step:1527/2750 train_time:3497.375s step_avg:2290.36ms
step:1528/2750 train_time:3499.663s step_avg:2290.36ms
step:1529/2750 train_time:3501.948s step_avg:2290.35ms
step:1530/2750 train_time:3504.235s step_avg:2290.35ms
step:1531/2750 train_time:3506.527s step_avg:2290.35ms
step:1532/2750 train_time:3508.812s step_avg:2290.35ms
step:1533/2750 train_time:3511.097s step_avg:2290.34ms
step:1534/2750 train_time:3513.385s step_avg:2290.34ms
step:1535/2750 train_time:3515.668s step_avg:2290.34ms
step:1536/2750 train_time:3517.955s step_avg:2290.34ms
step:1537/2750 train_time:3520.248s step_avg:2290.34ms
step:1538/2750 train_time:3522.534s step_avg:2290.33ms
step:1539/2750 train_time:3524.820s step_avg:2290.33ms
step:1540/2750 train_time:3527.111s step_avg:2290.33ms
step:1541/2750 train_time:3529.392s step_avg:2290.33ms
step:1542/2750 train_time:3531.677s step_avg:2290.32ms
step:1543/2750 train_time:3533.967s step_avg:2290.32ms
step:1544/2750 train_time:3536.250s step_avg:2290.32ms
step:1545/2750 train_time:3538.542s step_avg:2290.32ms
step:1546/2750 train_time:3540.831s step_avg:2290.32ms
step:1547/2750 train_time:3543.119s step_avg:2290.32ms
step:1548/2750 train_time:3545.409s step_avg:2290.32ms
step:1549/2750 train_time:3547.694s step_avg:2290.31ms
step:1550/2750 train_time:3549.990s step_avg:2290.32ms
step:1551/2750 train_time:3552.277s step_avg:2290.31ms
step:1552/2750 train_time:3554.564s step_avg:2290.31ms
step:1553/2750 train_time:3556.854s step_avg:2290.31ms
step:1554/2750 train_time:3559.141s step_avg:2290.31ms
step:1555/2750 train_time:3561.425s step_avg:2290.31ms
step:1556/2750 train_time:3563.715s step_avg:2290.30ms
step:1557/2750 train_time:3566.002s step_avg:2290.30ms
step:1558/2750 train_time:3568.289s step_avg:2290.30ms
step:1559/2750 train_time:3570.582s step_avg:2290.30ms
step:1560/2750 train_time:3572.867s step_avg:2290.30ms
step:1561/2750 train_time:3575.156s step_avg:2290.30ms
step:1562/2750 train_time:3577.448s step_avg:2290.30ms
step:1563/2750 train_time:3579.737s step_avg:2290.30ms
step:1564/2750 train_time:3582.020s step_avg:2290.29ms
step:1565/2750 train_time:3584.309s step_avg:2290.29ms
step:1566/2750 train_time:3586.600s step_avg:2290.29ms
step:1567/2750 train_time:3588.883s step_avg:2290.29ms
step:1568/2750 train_time:3591.171s step_avg:2290.29ms
step:1569/2750 train_time:3593.462s step_avg:2290.29ms
step:1570/2750 train_time:3595.750s step_avg:2290.29ms
step:1571/2750 train_time:3598.037s step_avg:2290.28ms
step:1572/2750 train_time:3600.326s step_avg:2290.28ms
step:1573/2750 train_time:3602.613s step_avg:2290.28ms
step:1574/2750 train_time:3604.900s step_avg:2290.28ms
step:1575/2750 train_time:3607.188s step_avg:2290.28ms
step:1576/2750 train_time:3609.471s step_avg:2290.27ms
step:1577/2750 train_time:3611.755s step_avg:2290.27ms
step:1578/2750 train_time:3614.046s step_avg:2290.27ms
step:1579/2750 train_time:3616.331s step_avg:2290.27ms
step:1580/2750 train_time:3618.618s step_avg:2290.26ms
step:1581/2750 train_time:3620.909s step_avg:2290.27ms
step:1582/2750 train_time:3623.195s step_avg:2290.26ms
step:1583/2750 train_time:3625.481s step_avg:2290.26ms
step:1584/2750 train_time:3627.769s step_avg:2290.26ms
step:1585/2750 train_time:3630.055s step_avg:2290.26ms
step:1586/2750 train_time:3632.341s step_avg:2290.25ms
step:1587/2750 train_time:3634.626s step_avg:2290.25ms
step:1588/2750 train_time:3636.907s step_avg:2290.24ms
step:1589/2750 train_time:3639.196s step_avg:2290.24ms
step:1590/2750 train_time:3641.489s step_avg:2290.24ms
step:1591/2750 train_time:3643.772s step_avg:2290.24ms
step:1592/2750 train_time:3646.062s step_avg:2290.24ms
step:1593/2750 train_time:3648.353s step_avg:2290.24ms
step:1594/2750 train_time:3650.636s step_avg:2290.24ms
step:1595/2750 train_time:3652.923s step_avg:2290.23ms
step:1596/2750 train_time:3655.210s step_avg:2290.23ms
step:1597/2750 train_time:3657.493s step_avg:2290.23ms
step:1598/2750 train_time:3659.780s step_avg:2290.23ms
step:1599/2750 train_time:3662.067s step_avg:2290.22ms
step:1600/2750 train_time:3664.355s step_avg:2290.22ms
step:1601/2750 train_time:3666.644s step_avg:2290.22ms
step:1602/2750 train_time:3668.932s step_avg:2290.22ms
step:1603/2750 train_time:3671.220s step_avg:2290.22ms
step:1604/2750 train_time:3673.508s step_avg:2290.22ms
step:1605/2750 train_time:3675.794s step_avg:2290.21ms
step:1606/2750 train_time:3678.078s step_avg:2290.21ms
step:1607/2750 train_time:3680.363s step_avg:2290.21ms
step:1608/2750 train_time:3682.651s step_avg:2290.21ms
step:1609/2750 train_time:3684.936s step_avg:2290.20ms
step:1610/2750 train_time:3687.231s step_avg:2290.21ms
step:1611/2750 train_time:3689.520s step_avg:2290.21ms
step:1612/2750 train_time:3691.812s step_avg:2290.21ms
step:1613/2750 train_time:3694.102s step_avg:2290.21ms
step:1614/2750 train_time:3696.388s step_avg:2290.20ms
step:1615/2750 train_time:3698.680s step_avg:2290.20ms
step:1616/2750 train_time:3700.965s step_avg:2290.20ms
step:1617/2750 train_time:3703.254s step_avg:2290.20ms
step:1618/2750 train_time:3705.543s step_avg:2290.20ms
step:1619/2750 train_time:3707.830s step_avg:2290.20ms
step:1620/2750 train_time:3710.118s step_avg:2290.20ms
step:1621/2750 train_time:3712.406s step_avg:2290.19ms
step:1622/2750 train_time:3714.694s step_avg:2290.19ms
step:1623/2750 train_time:3716.975s step_avg:2290.19ms
step:1624/2750 train_time:3719.266s step_avg:2290.19ms
step:1625/2750 train_time:3721.559s step_avg:2290.19ms
step:1625/2750 val_loss:3.47435 train_time:3721.559s step_avg:2287.98ms
step:1626/2750 train_time:3723.854s step_avg:2290.19ms
step:1627/2750 train_time:3726.143s step_avg:2290.19ms
step:1628/2750 train_time:3728.430s step_avg:2290.19ms
step:1629/2750 train_time:3730.718s step_avg:2290.19ms
step:1630/2750 train_time:3733.010s step_avg:2290.19ms
step:1631/2750 train_time:3735.303s step_avg:2290.19ms
step:1632/2750 train_time:3737.589s step_avg:2290.19ms
step:1633/2750 train_time:3739.878s step_avg:2290.19ms
step:1634/2750 train_time:3742.170s step_avg:2290.19ms
step:1635/2750 train_time:3744.456s step_avg:2290.19ms
step:1636/2750 train_time:3746.744s step_avg:2290.19ms
step:1637/2750 train_time:3749.030s step_avg:2290.18ms
step:1638/2750 train_time:3751.315s step_avg:2290.18ms
step:1639/2750 train_time:3753.601s step_avg:2290.18ms
step:1640/2750 train_time:3755.889s step_avg:2290.18ms
step:1641/2750 train_time:3758.175s step_avg:2290.17ms
step:1642/2750 train_time:3760.464s step_avg:2290.17ms
step:1643/2750 train_time:3762.752s step_avg:2290.17ms
step:1644/2750 train_time:3765.037s step_avg:2290.17ms
step:1645/2750 train_time:3767.325s step_avg:2290.17ms
step:1646/2750 train_time:3769.614s step_avg:2290.17ms
step:1647/2750 train_time:3771.899s step_avg:2290.16ms
step:1648/2750 train_time:3774.186s step_avg:2290.16ms
step:1649/2750 train_time:3776.473s step_avg:2290.16ms
step:1650/2750 train_time:3778.758s step_avg:2290.16ms
step:1651/2750 train_time:3781.046s step_avg:2290.16ms
step:1652/2750 train_time:3783.331s step_avg:2290.15ms
step:1653/2750 train_time:3785.619s step_avg:2290.15ms
step:1654/2750 train_time:3787.908s step_avg:2290.15ms
step:1655/2750 train_time:3790.194s step_avg:2290.15ms
step:1656/2750 train_time:3792.480s step_avg:2290.15ms
step:1657/2750 train_time:3794.769s step_avg:2290.14ms
step:1658/2750 train_time:3797.060s step_avg:2290.14ms
step:1659/2750 train_time:3799.351s step_avg:2290.15ms
step:1660/2750 train_time:3801.638s step_avg:2290.14ms
step:1661/2750 train_time:3803.921s step_avg:2290.14ms
step:1662/2750 train_time:3806.204s step_avg:2290.14ms
step:1663/2750 train_time:3808.490s step_avg:2290.13ms
step:1664/2750 train_time:3810.778s step_avg:2290.13ms
step:1665/2750 train_time:3813.064s step_avg:2290.13ms
step:1666/2750 train_time:3815.351s step_avg:2290.13ms
step:1667/2750 train_time:3817.640s step_avg:2290.13ms
step:1668/2750 train_time:3819.932s step_avg:2290.13ms
step:1669/2750 train_time:3822.220s step_avg:2290.13ms
step:1670/2750 train_time:3824.505s step_avg:2290.12ms
step:1671/2750 train_time:3826.793s step_avg:2290.12ms
step:1672/2750 train_time:3829.080s step_avg:2290.12ms
step:1673/2750 train_time:3831.367s step_avg:2290.12ms
step:1674/2750 train_time:3833.659s step_avg:2290.12ms
step:1675/2750 train_time:3835.946s step_avg:2290.12ms
step:1676/2750 train_time:3838.231s step_avg:2290.11ms
step:1677/2750 train_time:3840.524s step_avg:2290.12ms
step:1678/2750 train_time:3842.808s step_avg:2290.11ms
step:1679/2750 train_time:3845.102s step_avg:2290.11ms
step:1680/2750 train_time:3847.392s step_avg:2290.11ms
step:1681/2750 train_time:3849.678s step_avg:2290.11ms
step:1682/2750 train_time:3851.967s step_avg:2290.11ms
step:1683/2750 train_time:3854.252s step_avg:2290.11ms
step:1684/2750 train_time:3856.543s step_avg:2290.11ms
step:1685/2750 train_time:3858.828s step_avg:2290.11ms
step:1686/2750 train_time:3861.115s step_avg:2290.10ms
step:1687/2750 train_time:3863.408s step_avg:2290.11ms
step:1688/2750 train_time:3865.695s step_avg:2290.10ms
step:1689/2750 train_time:3867.984s step_avg:2290.10ms
step:1690/2750 train_time:3870.273s step_avg:2290.10ms
step:1691/2750 train_time:3872.559s step_avg:2290.10ms
step:1692/2750 train_time:3874.844s step_avg:2290.10ms
step:1693/2750 train_time:3877.135s step_avg:2290.10ms
step:1694/2750 train_time:3879.420s step_avg:2290.09ms
step:1695/2750 train_time:3881.709s step_avg:2290.09ms
step:1696/2750 train_time:3883.995s step_avg:2290.09ms
step:1697/2750 train_time:3886.278s step_avg:2290.09ms
step:1698/2750 train_time:3888.565s step_avg:2290.09ms
step:1699/2750 train_time:3890.858s step_avg:2290.09ms
step:1700/2750 train_time:3893.145s step_avg:2290.09ms
step:1701/2750 train_time:3895.435s step_avg:2290.09ms
step:1702/2750 train_time:3897.722s step_avg:2290.08ms
step:1703/2750 train_time:3900.011s step_avg:2290.08ms
step:1704/2750 train_time:3902.301s step_avg:2290.08ms
step:1705/2750 train_time:3904.588s step_avg:2290.08ms
step:1706/2750 train_time:3906.878s step_avg:2290.08ms
step:1707/2750 train_time:3909.164s step_avg:2290.08ms
step:1708/2750 train_time:3911.454s step_avg:2290.08ms
step:1709/2750 train_time:3913.743s step_avg:2290.08ms
step:1710/2750 train_time:3916.023s step_avg:2290.07ms
step:1711/2750 train_time:3918.326s step_avg:2290.08ms
step:1712/2750 train_time:3920.614s step_avg:2290.08ms
step:1713/2750 train_time:3922.904s step_avg:2290.08ms
step:1714/2750 train_time:3925.186s step_avg:2290.07ms
step:1715/2750 train_time:3927.472s step_avg:2290.07ms
step:1716/2750 train_time:3929.762s step_avg:2290.07ms
step:1717/2750 train_time:3932.044s step_avg:2290.07ms
step:1718/2750 train_time:3934.332s step_avg:2290.07ms
step:1719/2750 train_time:3936.621s step_avg:2290.06ms
step:1720/2750 train_time:3938.907s step_avg:2290.06ms
step:1721/2750 train_time:3941.195s step_avg:2290.06ms
step:1722/2750 train_time:3943.487s step_avg:2290.06ms
step:1723/2750 train_time:3945.770s step_avg:2290.06ms
step:1724/2750 train_time:3948.067s step_avg:2290.06ms
step:1725/2750 train_time:3950.354s step_avg:2290.06ms
step:1726/2750 train_time:3952.641s step_avg:2290.06ms
step:1727/2750 train_time:3954.930s step_avg:2290.06ms
step:1728/2750 train_time:3957.217s step_avg:2290.06ms
step:1729/2750 train_time:3959.505s step_avg:2290.05ms
step:1730/2750 train_time:3961.794s step_avg:2290.05ms
step:1731/2750 train_time:3964.083s step_avg:2290.05ms
step:1732/2750 train_time:3966.370s step_avg:2290.05ms
step:1733/2750 train_time:3968.658s step_avg:2290.05ms
step:1734/2750 train_time:3970.946s step_avg:2290.05ms
step:1735/2750 train_time:3973.232s step_avg:2290.05ms
step:1736/2750 train_time:3975.519s step_avg:2290.05ms
step:1737/2750 train_time:3977.806s step_avg:2290.04ms
step:1738/2750 train_time:3980.096s step_avg:2290.04ms
step:1739/2750 train_time:3982.387s step_avg:2290.04ms
step:1740/2750 train_time:3984.677s step_avg:2290.04ms
step:1741/2750 train_time:3986.970s step_avg:2290.05ms
step:1742/2750 train_time:3989.258s step_avg:2290.04ms
step:1743/2750 train_time:3991.540s step_avg:2290.04ms
step:1744/2750 train_time:3993.834s step_avg:2290.04ms
step:1745/2750 train_time:3996.121s step_avg:2290.04ms
step:1746/2750 train_time:3998.407s step_avg:2290.04ms
step:1747/2750 train_time:4000.697s step_avg:2290.04ms
step:1748/2750 train_time:4002.988s step_avg:2290.04ms
step:1749/2750 train_time:4005.272s step_avg:2290.04ms
step:1750/2750 train_time:4007.560s step_avg:2290.03ms
step:1750/2750 val_loss:3.44289 train_time:4007.561s step_avg:2288.01ms
step:1751/2750 train_time:4009.856s step_avg:2290.04ms
step:1752/2750 train_time:4012.142s step_avg:2290.04ms
step:1753/2750 train_time:4014.430s step_avg:2290.03ms
step:1754/2750 train_time:4016.721s step_avg:2290.03ms
step:1755/2750 train_time:4019.003s step_avg:2290.03ms
step:1756/2750 train_time:4021.292s step_avg:2290.03ms
step:1757/2750 train_time:4023.583s step_avg:2290.03ms
step:1758/2750 train_time:4025.870s step_avg:2290.03ms
step:1759/2750 train_time:4028.157s step_avg:2290.03ms
step:1760/2750 train_time:4030.448s step_avg:2290.03ms
step:1761/2750 train_time:4032.728s step_avg:2290.02ms
step:1762/2750 train_time:4035.018s step_avg:2290.02ms
step:1763/2750 train_time:4037.310s step_avg:2290.02ms
step:1764/2750 train_time:4039.599s step_avg:2290.02ms
step:1765/2750 train_time:4041.886s step_avg:2290.02ms
step:1766/2750 train_time:4044.171s step_avg:2290.02ms
step:1767/2750 train_time:4046.454s step_avg:2290.01ms
step:1768/2750 train_time:4048.744s step_avg:2290.01ms
step:1769/2750 train_time:4051.032s step_avg:2290.01ms
step:1770/2750 train_time:4053.319s step_avg:2290.01ms
step:1771/2750 train_time:4055.605s step_avg:2290.01ms
step:1772/2750 train_time:4057.892s step_avg:2290.01ms
step:1773/2750 train_time:4060.181s step_avg:2290.01ms
step:1774/2750 train_time:4062.468s step_avg:2290.00ms
step:1775/2750 train_time:4064.754s step_avg:2290.00ms
step:1776/2750 train_time:4067.038s step_avg:2290.00ms
step:1777/2750 train_time:4069.326s step_avg:2290.00ms
step:1778/2750 train_time:4071.611s step_avg:2289.99ms
step:1779/2750 train_time:4073.899s step_avg:2289.99ms
step:1780/2750 train_time:4076.189s step_avg:2289.99ms
step:1781/2750 train_time:4078.475s step_avg:2289.99ms
step:1782/2750 train_time:4080.766s step_avg:2289.99ms
step:1783/2750 train_time:4083.056s step_avg:2289.99ms
step:1784/2750 train_time:4085.344s step_avg:2289.99ms
step:1785/2750 train_time:4087.636s step_avg:2289.99ms
step:1786/2750 train_time:4089.924s step_avg:2289.99ms
step:1787/2750 train_time:4092.209s step_avg:2289.99ms
step:1788/2750 train_time:4094.500s step_avg:2289.99ms
step:1789/2750 train_time:4096.786s step_avg:2289.99ms
step:1790/2750 train_time:4099.074s step_avg:2289.99ms
step:1791/2750 train_time:4101.364s step_avg:2289.99ms
step:1792/2750 train_time:4103.649s step_avg:2289.98ms
step:1793/2750 train_time:4105.941s step_avg:2289.98ms
step:1794/2750 train_time:4108.232s step_avg:2289.98ms
step:1795/2750 train_time:4110.523s step_avg:2289.98ms
step:1796/2750 train_time:4112.807s step_avg:2289.98ms
step:1797/2750 train_time:4115.090s step_avg:2289.98ms
step:1798/2750 train_time:4117.382s step_avg:2289.98ms
step:1799/2750 train_time:4119.667s step_avg:2289.98ms
step:1800/2750 train_time:4121.954s step_avg:2289.97ms
step:1801/2750 train_time:4124.242s step_avg:2289.97ms
step:1802/2750 train_time:4126.526s step_avg:2289.97ms
step:1803/2750 train_time:4128.814s step_avg:2289.97ms
step:1804/2750 train_time:4131.103s step_avg:2289.97ms
step:1805/2750 train_time:4133.385s step_avg:2289.96ms
step:1806/2750 train_time:4135.674s step_avg:2289.96ms
step:1807/2750 train_time:4137.966s step_avg:2289.96ms
step:1808/2750 train_time:4140.249s step_avg:2289.96ms
step:1809/2750 train_time:4142.538s step_avg:2289.96ms
step:1810/2750 train_time:4144.827s step_avg:2289.96ms
step:1811/2750 train_time:4147.108s step_avg:2289.95ms
step:1812/2750 train_time:4149.393s step_avg:2289.95ms
step:1813/2750 train_time:4151.682s step_avg:2289.95ms
step:1814/2750 train_time:4153.964s step_avg:2289.95ms
step:1815/2750 train_time:4156.255s step_avg:2289.95ms
step:1816/2750 train_time:4158.546s step_avg:2289.95ms
step:1817/2750 train_time:4160.829s step_avg:2289.94ms
step:1818/2750 train_time:4163.116s step_avg:2289.94ms
step:1819/2750 train_time:4165.405s step_avg:2289.94ms
step:1820/2750 train_time:4167.686s step_avg:2289.94ms
step:1821/2750 train_time:4169.976s step_avg:2289.94ms
step:1822/2750 train_time:4172.265s step_avg:2289.94ms
step:1823/2750 train_time:4174.551s step_avg:2289.93ms
step:1824/2750 train_time:4176.841s step_avg:2289.93ms
step:1825/2750 train_time:4179.131s step_avg:2289.93ms
step:1826/2750 train_time:4181.418s step_avg:2289.93ms
step:1827/2750 train_time:4183.704s step_avg:2289.93ms
step:1828/2750 train_time:4185.992s step_avg:2289.93ms
step:1829/2750 train_time:4188.276s step_avg:2289.93ms
step:1830/2750 train_time:4190.562s step_avg:2289.92ms
step:1831/2750 train_time:4192.849s step_avg:2289.92ms
step:1832/2750 train_time:4195.133s step_avg:2289.92ms
step:1833/2750 train_time:4197.419s step_avg:2289.92ms
step:1834/2750 train_time:4199.709s step_avg:2289.92ms
step:1835/2750 train_time:4201.992s step_avg:2289.91ms
step:1836/2750 train_time:4204.280s step_avg:2289.91ms
step:1837/2750 train_time:4206.572s step_avg:2289.91ms
step:1838/2750 train_time:4208.858s step_avg:2289.91ms
step:1839/2750 train_time:4211.146s step_avg:2289.91ms
step:1840/2750 train_time:4213.432s step_avg:2289.91ms
step:1841/2750 train_time:4215.715s step_avg:2289.91ms
step:1842/2750 train_time:4218.000s step_avg:2289.90ms
step:1843/2750 train_time:4220.289s step_avg:2289.90ms
step:1844/2750 train_time:4222.574s step_avg:2289.90ms
step:1845/2750 train_time:4224.867s step_avg:2289.90ms
step:1846/2750 train_time:4227.154s step_avg:2289.90ms
step:1847/2750 train_time:4229.438s step_avg:2289.90ms
step:1848/2750 train_time:4231.723s step_avg:2289.89ms
step:1849/2750 train_time:4234.012s step_avg:2289.89ms
step:1850/2750 train_time:4236.296s step_avg:2289.89ms
step:1851/2750 train_time:4238.584s step_avg:2289.89ms
step:1852/2750 train_time:4240.876s step_avg:2289.89ms
step:1853/2750 train_time:4243.162s step_avg:2289.89ms
step:1854/2750 train_time:4245.451s step_avg:2289.89ms
step:1855/2750 train_time:4247.740s step_avg:2289.89ms
step:1856/2750 train_time:4250.025s step_avg:2289.88ms
step:1857/2750 train_time:4252.313s step_avg:2289.88ms
step:1858/2750 train_time:4254.602s step_avg:2289.88ms
step:1859/2750 train_time:4256.886s step_avg:2289.88ms
step:1860/2750 train_time:4259.173s step_avg:2289.88ms
step:1861/2750 train_time:4261.460s step_avg:2289.88ms
step:1862/2750 train_time:4263.743s step_avg:2289.87ms
step:1863/2750 train_time:4266.031s step_avg:2289.87ms
step:1864/2750 train_time:4268.321s step_avg:2289.87ms
step:1865/2750 train_time:4270.606s step_avg:2289.87ms
step:1866/2750 train_time:4272.894s step_avg:2289.87ms
step:1867/2750 train_time:4275.181s step_avg:2289.87ms
step:1868/2750 train_time:4277.472s step_avg:2289.87ms
step:1869/2750 train_time:4279.761s step_avg:2289.87ms
step:1870/2750 train_time:4282.047s step_avg:2289.86ms
step:1871/2750 train_time:4284.339s step_avg:2289.87ms
step:1872/2750 train_time:4286.628s step_avg:2289.87ms
step:1873/2750 train_time:4288.915s step_avg:2289.86ms
step:1874/2750 train_time:4291.205s step_avg:2289.86ms
step:1875/2750 train_time:4293.490s step_avg:2289.86ms
step:1875/2750 val_loss:3.41539 train_time:4293.490s step_avg:2287.43ms
step:1876/2750 train_time:4295.784s step_avg:2289.86ms
step:1877/2750 train_time:4298.076s step_avg:2289.86ms
step:1878/2750 train_time:4300.362s step_avg:2289.86ms
step:1879/2750 train_time:4302.651s step_avg:2289.86ms
step:1880/2750 train_time:4304.946s step_avg:2289.86ms
step:1881/2750 train_time:4307.232s step_avg:2289.86ms
step:1882/2750 train_time:4309.524s step_avg:2289.86ms
step:1883/2750 train_time:4311.819s step_avg:2289.87ms
step:1884/2750 train_time:4314.121s step_avg:2289.87ms
step:1885/2750 train_time:4316.414s step_avg:2289.87ms
step:1886/2750 train_time:4318.706s step_avg:2289.88ms
step:1887/2750 train_time:4320.993s step_avg:2289.87ms
step:1888/2750 train_time:4323.285s step_avg:2289.88ms
step:1889/2750 train_time:4325.568s step_avg:2289.87ms
step:1890/2750 train_time:4327.854s step_avg:2289.87ms
step:1891/2750 train_time:4330.146s step_avg:2289.87ms
step:1892/2750 train_time:4332.430s step_avg:2289.87ms
step:1893/2750 train_time:4334.718s step_avg:2289.87ms
step:1894/2750 train_time:4337.009s step_avg:2289.87ms
step:1895/2750 train_time:4339.293s step_avg:2289.86ms
step:1896/2750 train_time:4341.583s step_avg:2289.86ms
step:1897/2750 train_time:4343.873s step_avg:2289.86ms
step:1898/2750 train_time:4346.162s step_avg:2289.86ms
step:1899/2750 train_time:4348.447s step_avg:2289.86ms
step:1900/2750 train_time:4350.741s step_avg:2289.86ms
step:1901/2750 train_time:4353.050s step_avg:2289.87ms
step:1902/2750 train_time:4355.342s step_avg:2289.87ms
step:1903/2750 train_time:4357.628s step_avg:2289.87ms
step:1904/2750 train_time:4359.915s step_avg:2289.87ms
step:1905/2750 train_time:4362.205s step_avg:2289.87ms
step:1906/2750 train_time:4364.489s step_avg:2289.87ms
step:1907/2750 train_time:4366.773s step_avg:2289.87ms
step:1908/2750 train_time:4369.063s step_avg:2289.87ms
step:1909/2750 train_time:4371.352s step_avg:2289.86ms
step:1910/2750 train_time:4373.637s step_avg:2289.86ms
step:1911/2750 train_time:4375.929s step_avg:2289.86ms
step:1912/2750 train_time:4378.217s step_avg:2289.86ms
step:1913/2750 train_time:4380.506s step_avg:2289.86ms
step:1914/2750 train_time:4382.794s step_avg:2289.86ms
step:1915/2750 train_time:4385.084s step_avg:2289.86ms
step:1916/2750 train_time:4387.369s step_avg:2289.86ms
step:1917/2750 train_time:4389.655s step_avg:2289.86ms
step:1918/2750 train_time:4391.946s step_avg:2289.86ms
step:1919/2750 train_time:4394.227s step_avg:2289.85ms
step:1920/2750 train_time:4396.514s step_avg:2289.85ms
step:1921/2750 train_time:4398.807s step_avg:2289.85ms
step:1922/2750 train_time:4401.092s step_avg:2289.85ms
step:1923/2750 train_time:4403.380s step_avg:2289.85ms
step:1924/2750 train_time:4405.670s step_avg:2289.85ms
step:1925/2750 train_time:4407.955s step_avg:2289.85ms
step:1926/2750 train_time:4410.245s step_avg:2289.85ms
step:1927/2750 train_time:4412.538s step_avg:2289.85ms
step:1928/2750 train_time:4414.825s step_avg:2289.85ms
step:1929/2750 train_time:4417.112s step_avg:2289.85ms
step:1930/2750 train_time:4419.400s step_avg:2289.84ms
step:1931/2750 train_time:4421.685s step_avg:2289.84ms
step:1932/2750 train_time:4423.971s step_avg:2289.84ms
step:1933/2750 train_time:4426.259s step_avg:2289.84ms
step:1934/2750 train_time:4428.543s step_avg:2289.84ms
step:1935/2750 train_time:4430.829s step_avg:2289.83ms
step:1936/2750 train_time:4433.119s step_avg:2289.83ms
step:1937/2750 train_time:4435.404s step_avg:2289.83ms
step:1938/2750 train_time:4437.688s step_avg:2289.83ms
step:1939/2750 train_time:4439.979s step_avg:2289.83ms
step:1940/2750 train_time:4442.263s step_avg:2289.83ms
step:1941/2750 train_time:4444.550s step_avg:2289.82ms
step:1942/2750 train_time:4446.837s step_avg:2289.82ms
step:1943/2750 train_time:4449.127s step_avg:2289.82ms
step:1944/2750 train_time:4451.415s step_avg:2289.82ms
step:1945/2750 train_time:4453.702s step_avg:2289.82ms
step:1946/2750 train_time:4455.988s step_avg:2289.82ms
step:1947/2750 train_time:4458.274s step_avg:2289.82ms
step:1948/2750 train_time:4460.561s step_avg:2289.82ms
step:1949/2750 train_time:4462.846s step_avg:2289.81ms
step:1950/2750 train_time:4465.136s step_avg:2289.81ms
step:1951/2750 train_time:4467.422s step_avg:2289.81ms
step:1952/2750 train_time:4469.705s step_avg:2289.81ms
step:1953/2750 train_time:4471.990s step_avg:2289.81ms
step:1954/2750 train_time:4474.275s step_avg:2289.80ms
step:1955/2750 train_time:4476.557s step_avg:2289.80ms
step:1956/2750 train_time:4478.840s step_avg:2289.80ms
step:1957/2750 train_time:4481.130s step_avg:2289.80ms
step:1958/2750 train_time:4483.414s step_avg:2289.79ms
step:1959/2750 train_time:4485.703s step_avg:2289.79ms
step:1960/2750 train_time:4487.994s step_avg:2289.79ms
step:1961/2750 train_time:4490.276s step_avg:2289.79ms
step:1962/2750 train_time:4492.558s step_avg:2289.78ms
step:1963/2750 train_time:4494.850s step_avg:2289.79ms
step:1964/2750 train_time:4497.131s step_avg:2289.78ms
step:1965/2750 train_time:4499.416s step_avg:2289.78ms
step:1966/2750 train_time:4501.707s step_avg:2289.78ms
step:1967/2750 train_time:4503.988s step_avg:2289.78ms
step:1968/2750 train_time:4506.276s step_avg:2289.77ms
step:1969/2750 train_time:4508.568s step_avg:2289.78ms
step:1970/2750 train_time:4510.853s step_avg:2289.77ms
step:1971/2750 train_time:4513.142s step_avg:2289.77ms
step:1972/2750 train_time:4515.432s step_avg:2289.77ms
step:1973/2750 train_time:4517.714s step_avg:2289.77ms
step:1974/2750 train_time:4520.001s step_avg:2289.77ms
step:1975/2750 train_time:4522.291s step_avg:2289.77ms
step:1976/2750 train_time:4524.573s step_avg:2289.76ms
step:1977/2750 train_time:4526.860s step_avg:2289.76ms
step:1978/2750 train_time:4529.151s step_avg:2289.76ms
step:1979/2750 train_time:4531.431s step_avg:2289.76ms
step:1980/2750 train_time:4533.718s step_avg:2289.76ms
step:1981/2750 train_time:4536.009s step_avg:2289.76ms
step:1982/2750 train_time:4538.295s step_avg:2289.76ms
step:1983/2750 train_time:4540.584s step_avg:2289.75ms
step:1984/2750 train_time:4542.878s step_avg:2289.76ms
step:1985/2750 train_time:4545.167s step_avg:2289.76ms
step:1986/2750 train_time:4547.450s step_avg:2289.75ms
step:1987/2750 train_time:4549.743s step_avg:2289.75ms
step:1988/2750 train_time:4552.028s step_avg:2289.75ms
step:1989/2750 train_time:4554.313s step_avg:2289.75ms
step:1990/2750 train_time:4556.598s step_avg:2289.75ms
step:1991/2750 train_time:4558.877s step_avg:2289.74ms
step:1992/2750 train_time:4561.166s step_avg:2289.74ms
step:1993/2750 train_time:4563.450s step_avg:2289.74ms
step:1994/2750 train_time:4565.732s step_avg:2289.74ms
step:1995/2750 train_time:4568.022s step_avg:2289.74ms
step:1996/2750 train_time:4570.311s step_avg:2289.73ms
step:1997/2750 train_time:4572.593s step_avg:2289.73ms
step:1998/2750 train_time:4574.884s step_avg:2289.73ms
step:1999/2750 train_time:4577.171s step_avg:2289.73ms
step:2000/2750 train_time:4579.455s step_avg:2289.73ms
step:2000/2750 val_loss:3.38465 train_time:4579.455s step_avg:2287.72ms
step:2001/2750 train_time:4581.751s step_avg:2289.73ms
step:2002/2750 train_time:4584.046s step_avg:2289.73ms
step:2003/2750 train_time:4586.331s step_avg:2289.73ms
step:2004/2750 train_time:4588.623s step_avg:2289.73ms
step:2005/2750 train_time:4590.913s step_avg:2289.73ms
step:2006/2750 train_time:4593.209s step_avg:2289.74ms
step:2007/2750 train_time:4595.498s step_avg:2289.74ms
step:2008/2750 train_time:4597.788s step_avg:2289.73ms
step:2009/2750 train_time:4600.083s step_avg:2289.74ms
step:2010/2750 train_time:4602.370s step_avg:2289.74ms
step:2011/2750 train_time:4604.658s step_avg:2289.74ms
step:2012/2750 train_time:4606.947s step_avg:2289.74ms
step:2013/2750 train_time:4609.239s step_avg:2289.74ms
step:2014/2750 train_time:4611.524s step_avg:2289.73ms
step:2015/2750 train_time:4613.816s step_avg:2289.73ms
step:2016/2750 train_time:4616.108s step_avg:2289.74ms
step:2017/2750 train_time:4618.398s step_avg:2289.74ms
step:2018/2750 train_time:4620.688s step_avg:2289.74ms
step:2019/2750 train_time:4622.977s step_avg:2289.74ms
step:2020/2750 train_time:4625.268s step_avg:2289.74ms
step:2021/2750 train_time:4627.563s step_avg:2289.74ms
step:2022/2750 train_time:4629.854s step_avg:2289.74ms
step:2023/2750 train_time:4632.145s step_avg:2289.74ms
step:2024/2750 train_time:4634.436s step_avg:2289.74ms
step:2025/2750 train_time:4636.720s step_avg:2289.74ms
step:2026/2750 train_time:4639.012s step_avg:2289.74ms
step:2027/2750 train_time:4641.308s step_avg:2289.74ms
step:2028/2750 train_time:4643.591s step_avg:2289.74ms
step:2029/2750 train_time:4645.882s step_avg:2289.74ms
step:2030/2750 train_time:4648.170s step_avg:2289.74ms
step:2031/2750 train_time:4650.462s step_avg:2289.74ms
step:2032/2750 train_time:4652.753s step_avg:2289.74ms
step:2033/2750 train_time:4655.041s step_avg:2289.74ms
step:2034/2750 train_time:4657.337s step_avg:2289.74ms
step:2035/2750 train_time:4659.625s step_avg:2289.74ms
step:2036/2750 train_time:4661.920s step_avg:2289.74ms
step:2037/2750 train_time:4664.209s step_avg:2289.74ms
step:2038/2750 train_time:4666.502s step_avg:2289.75ms
step:2039/2750 train_time:4668.791s step_avg:2289.75ms
step:2040/2750 train_time:4671.079s step_avg:2289.74ms
step:2041/2750 train_time:4673.370s step_avg:2289.75ms
step:2042/2750 train_time:4675.659s step_avg:2289.74ms
step:2043/2750 train_time:4677.951s step_avg:2289.75ms
step:2044/2750 train_time:4680.242s step_avg:2289.75ms
step:2045/2750 train_time:4682.537s step_avg:2289.75ms
step:2046/2750 train_time:4684.825s step_avg:2289.75ms
step:2047/2750 train_time:4687.114s step_avg:2289.75ms
step:2048/2750 train_time:4689.405s step_avg:2289.75ms
step:2049/2750 train_time:4691.699s step_avg:2289.75ms
step:2050/2750 train_time:4693.988s step_avg:2289.75ms
step:2051/2750 train_time:4696.281s step_avg:2289.75ms
step:2052/2750 train_time:4698.574s step_avg:2289.75ms
step:2053/2750 train_time:4700.862s step_avg:2289.75ms
step:2054/2750 train_time:4703.151s step_avg:2289.75ms
step:2055/2750 train_time:4705.439s step_avg:2289.75ms
step:2056/2750 train_time:4707.731s step_avg:2289.75ms
step:2057/2750 train_time:4710.019s step_avg:2289.75ms
step:2058/2750 train_time:4712.307s step_avg:2289.75ms
step:2059/2750 train_time:4714.601s step_avg:2289.75ms
step:2060/2750 train_time:4716.889s step_avg:2289.75ms
step:2061/2750 train_time:4719.179s step_avg:2289.75ms
step:2062/2750 train_time:4721.470s step_avg:2289.75ms
step:2063/2750 train_time:4723.764s step_avg:2289.75ms
step:2064/2750 train_time:4726.049s step_avg:2289.75ms
step:2065/2750 train_time:4728.337s step_avg:2289.75ms
step:2066/2750 train_time:4730.631s step_avg:2289.75ms
step:2067/2750 train_time:4732.926s step_avg:2289.76ms
step:2068/2750 train_time:4735.214s step_avg:2289.76ms
step:2069/2750 train_time:4737.500s step_avg:2289.75ms
step:2070/2750 train_time:4739.793s step_avg:2289.75ms
step:2071/2750 train_time:4742.083s step_avg:2289.75ms
step:2072/2750 train_time:4744.372s step_avg:2289.75ms
step:2073/2750 train_time:4746.666s step_avg:2289.76ms
step:2074/2750 train_time:4748.960s step_avg:2289.76ms
step:2075/2750 train_time:4751.243s step_avg:2289.76ms
step:2076/2750 train_time:4753.532s step_avg:2289.76ms
step:2077/2750 train_time:4755.823s step_avg:2289.76ms
step:2078/2750 train_time:4758.106s step_avg:2289.75ms
step:2079/2750 train_time:4760.395s step_avg:2289.75ms
step:2080/2750 train_time:4762.693s step_avg:2289.76ms
step:2081/2750 train_time:4764.987s step_avg:2289.76ms
step:2082/2750 train_time:4767.281s step_avg:2289.76ms
step:2083/2750 train_time:4769.572s step_avg:2289.76ms
step:2084/2750 train_time:4771.866s step_avg:2289.76ms
step:2085/2750 train_time:4774.162s step_avg:2289.77ms
step:2086/2750 train_time:4776.449s step_avg:2289.76ms
step:2087/2750 train_time:4778.740s step_avg:2289.77ms
step:2088/2750 train_time:4781.033s step_avg:2289.77ms
step:2089/2750 train_time:4783.322s step_avg:2289.77ms
step:2090/2750 train_time:4785.614s step_avg:2289.77ms
step:2091/2750 train_time:4787.923s step_avg:2289.78ms
step:2092/2750 train_time:4790.212s step_avg:2289.78ms
step:2093/2750 train_time:4792.508s step_avg:2289.78ms
step:2094/2750 train_time:4794.799s step_avg:2289.78ms
step:2095/2750 train_time:4797.089s step_avg:2289.78ms
step:2096/2750 train_time:4799.378s step_avg:2289.78ms
step:2097/2750 train_time:4801.674s step_avg:2289.78ms
step:2098/2750 train_time:4803.963s step_avg:2289.78ms
step:2099/2750 train_time:4806.253s step_avg:2289.78ms
step:2100/2750 train_time:4808.547s step_avg:2289.78ms
step:2101/2750 train_time:4810.840s step_avg:2289.79ms
step:2102/2750 train_time:4813.125s step_avg:2289.78ms
step:2103/2750 train_time:4815.414s step_avg:2289.78ms
step:2104/2750 train_time:4817.708s step_avg:2289.79ms
step:2105/2750 train_time:4819.998s step_avg:2289.79ms
step:2106/2750 train_time:4822.290s step_avg:2289.79ms
step:2107/2750 train_time:4824.579s step_avg:2289.79ms
step:2108/2750 train_time:4826.870s step_avg:2289.79ms
step:2109/2750 train_time:4829.164s step_avg:2289.79ms
step:2110/2750 train_time:4831.453s step_avg:2289.79ms
step:2111/2750 train_time:4833.746s step_avg:2289.79ms
step:2112/2750 train_time:4836.036s step_avg:2289.79ms
step:2113/2750 train_time:4838.322s step_avg:2289.79ms
step:2114/2750 train_time:4840.614s step_avg:2289.79ms
step:2115/2750 train_time:4842.910s step_avg:2289.79ms
step:2116/2750 train_time:4845.198s step_avg:2289.79ms
step:2117/2750 train_time:4847.488s step_avg:2289.79ms
step:2118/2750 train_time:4849.781s step_avg:2289.79ms
step:2119/2750 train_time:4852.076s step_avg:2289.80ms
step:2120/2750 train_time:4854.366s step_avg:2289.80ms
step:2121/2750 train_time:4856.658s step_avg:2289.80ms
step:2122/2750 train_time:4858.949s step_avg:2289.80ms
step:2123/2750 train_time:4861.245s step_avg:2289.80ms
step:2124/2750 train_time:4863.531s step_avg:2289.80ms
step:2125/2750 train_time:4865.825s step_avg:2289.80ms
step:2125/2750 val_loss:3.33456 train_time:4865.825s step_avg:2290.96ms
step:2126/2750 train_time:4868.124s step_avg:2289.80ms
step:2127/2750 train_time:4870.419s step_avg:2289.81ms
step:2128/2750 train_time:4872.713s step_avg:2289.81ms
step:2129/2750 train_time:4875.003s step_avg:2289.81ms
step:2130/2750 train_time:4877.302s step_avg:2289.81ms
step:2131/2750 train_time:4879.596s step_avg:2289.81ms
step:2132/2750 train_time:4881.883s step_avg:2289.81ms
step:2133/2750 train_time:4884.172s step_avg:2289.81ms
step:2134/2750 train_time:4886.460s step_avg:2289.81ms
step:2135/2750 train_time:4888.749s step_avg:2289.81ms
step:2136/2750 train_time:4891.045s step_avg:2289.82ms
step:2137/2750 train_time:4893.335s step_avg:2289.82ms
step:2138/2750 train_time:4895.630s step_avg:2289.82ms
step:2139/2750 train_time:4897.918s step_avg:2289.82ms
step:2140/2750 train_time:4900.213s step_avg:2289.82ms
step:2141/2750 train_time:4902.505s step_avg:2289.82ms
step:2142/2750 train_time:4904.795s step_avg:2289.82ms
step:2143/2750 train_time:4907.079s step_avg:2289.82ms
step:2144/2750 train_time:4909.367s step_avg:2289.82ms
step:2145/2750 train_time:4911.658s step_avg:2289.82ms
step:2146/2750 train_time:4913.945s step_avg:2289.82ms
step:2147/2750 train_time:4916.235s step_avg:2289.82ms
step:2148/2750 train_time:4918.525s step_avg:2289.82ms
step:2149/2750 train_time:4920.815s step_avg:2289.82ms
step:2150/2750 train_time:4923.109s step_avg:2289.82ms
step:2151/2750 train_time:4925.395s step_avg:2289.82ms
step:2152/2750 train_time:4927.685s step_avg:2289.82ms
step:2153/2750 train_time:4929.972s step_avg:2289.82ms
step:2154/2750 train_time:4932.261s step_avg:2289.81ms
step:2155/2750 train_time:4934.554s step_avg:2289.82ms
step:2156/2750 train_time:4936.842s step_avg:2289.82ms
step:2157/2750 train_time:4939.126s step_avg:2289.81ms
step:2158/2750 train_time:4941.421s step_avg:2289.82ms
step:2159/2750 train_time:4943.711s step_avg:2289.82ms
step:2160/2750 train_time:4945.999s step_avg:2289.81ms
step:2161/2750 train_time:4948.292s step_avg:2289.82ms
step:2162/2750 train_time:4950.585s step_avg:2289.82ms
step:2163/2750 train_time:4952.872s step_avg:2289.82ms
step:2164/2750 train_time:4955.164s step_avg:2289.82ms
step:2165/2750 train_time:4957.454s step_avg:2289.82ms
step:2166/2750 train_time:4959.748s step_avg:2289.82ms
step:2167/2750 train_time:4962.036s step_avg:2289.82ms
step:2168/2750 train_time:4964.327s step_avg:2289.82ms
step:2169/2750 train_time:4966.623s step_avg:2289.82ms
step:2170/2750 train_time:4968.917s step_avg:2289.82ms
step:2171/2750 train_time:4971.202s step_avg:2289.82ms
step:2172/2750 train_time:4973.492s step_avg:2289.82ms
step:2173/2750 train_time:4975.783s step_avg:2289.82ms
step:2174/2750 train_time:4978.076s step_avg:2289.82ms
step:2175/2750 train_time:4980.363s step_avg:2289.82ms
step:2176/2750 train_time:4982.651s step_avg:2289.82ms
step:2177/2750 train_time:4984.944s step_avg:2289.82ms
step:2178/2750 train_time:4987.234s step_avg:2289.82ms
step:2179/2750 train_time:4989.525s step_avg:2289.82ms
step:2180/2750 train_time:4991.818s step_avg:2289.82ms
step:2181/2750 train_time:4994.107s step_avg:2289.82ms
step:2182/2750 train_time:4996.394s step_avg:2289.82ms
step:2183/2750 train_time:4998.682s step_avg:2289.82ms
step:2184/2750 train_time:5000.976s step_avg:2289.82ms
step:2185/2750 train_time:5003.260s step_avg:2289.82ms
step:2186/2750 train_time:5005.552s step_avg:2289.82ms
step:2187/2750 train_time:5007.846s step_avg:2289.82ms
step:2188/2750 train_time:5010.140s step_avg:2289.83ms
step:2189/2750 train_time:5012.432s step_avg:2289.83ms
step:2190/2750 train_time:5014.723s step_avg:2289.83ms
step:2191/2750 train_time:5017.012s step_avg:2289.83ms
step:2192/2750 train_time:5019.298s step_avg:2289.83ms
step:2193/2750 train_time:5021.586s step_avg:2289.82ms
step:2194/2750 train_time:5023.878s step_avg:2289.83ms
step:2195/2750 train_time:5026.168s step_avg:2289.83ms
step:2196/2750 train_time:5028.457s step_avg:2289.83ms
step:2197/2750 train_time:5030.746s step_avg:2289.83ms
step:2198/2750 train_time:5033.041s step_avg:2289.83ms
step:2199/2750 train_time:5035.332s step_avg:2289.83ms
step:2200/2750 train_time:5037.626s step_avg:2289.83ms
step:2201/2750 train_time:5039.915s step_avg:2289.83ms
step:2202/2750 train_time:5042.208s step_avg:2289.83ms
step:2203/2750 train_time:5044.494s step_avg:2289.83ms
step:2204/2750 train_time:5046.782s step_avg:2289.83ms
step:2205/2750 train_time:5049.075s step_avg:2289.83ms
step:2206/2750 train_time:5051.359s step_avg:2289.83ms
step:2207/2750 train_time:5053.646s step_avg:2289.83ms
step:2208/2750 train_time:5055.939s step_avg:2289.83ms
step:2209/2750 train_time:5058.235s step_avg:2289.83ms
step:2210/2750 train_time:5060.521s step_avg:2289.83ms
step:2211/2750 train_time:5062.810s step_avg:2289.83ms
step:2212/2750 train_time:5065.104s step_avg:2289.83ms
step:2213/2750 train_time:5067.393s step_avg:2289.83ms
step:2214/2750 train_time:5069.683s step_avg:2289.83ms
step:2215/2750 train_time:5071.975s step_avg:2289.83ms
step:2216/2750 train_time:5074.265s step_avg:2289.83ms
step:2217/2750 train_time:5076.555s step_avg:2289.83ms
step:2218/2750 train_time:5078.846s step_avg:2289.83ms
step:2219/2750 train_time:5081.142s step_avg:2289.83ms
step:2220/2750 train_time:5083.434s step_avg:2289.83ms
step:2221/2750 train_time:5085.718s step_avg:2289.83ms
step:2222/2750 train_time:5088.009s step_avg:2289.83ms
step:2223/2750 train_time:5090.308s step_avg:2289.84ms
step:2224/2750 train_time:5092.604s step_avg:2289.84ms
step:2225/2750 train_time:5094.895s step_avg:2289.84ms
step:2226/2750 train_time:5097.186s step_avg:2289.84ms
step:2227/2750 train_time:5099.480s step_avg:2289.84ms
step:2228/2750 train_time:5101.774s step_avg:2289.84ms
step:2229/2750 train_time:5104.061s step_avg:2289.84ms
step:2230/2750 train_time:5106.351s step_avg:2289.84ms
step:2231/2750 train_time:5108.648s step_avg:2289.85ms
step:2232/2750 train_time:5110.937s step_avg:2289.85ms
step:2233/2750 train_time:5113.231s step_avg:2289.85ms
step:2234/2750 train_time:5115.517s step_avg:2289.85ms
step:2235/2750 train_time:5117.811s step_avg:2289.85ms
step:2236/2750 train_time:5120.099s step_avg:2289.85ms
step:2237/2750 train_time:5122.387s step_avg:2289.85ms
step:2238/2750 train_time:5124.681s step_avg:2289.85ms
step:2239/2750 train_time:5126.977s step_avg:2289.85ms
step:2240/2750 train_time:5129.265s step_avg:2289.85ms
step:2241/2750 train_time:5131.554s step_avg:2289.85ms
step:2242/2750 train_time:5133.845s step_avg:2289.85ms
step:2243/2750 train_time:5136.131s step_avg:2289.85ms
step:2244/2750 train_time:5138.424s step_avg:2289.85ms
step:2245/2750 train_time:5140.715s step_avg:2289.85ms
step:2246/2750 train_time:5143.009s step_avg:2289.85ms
step:2247/2750 train_time:5145.295s step_avg:2289.85ms
step:2248/2750 train_time:5147.586s step_avg:2289.85ms
step:2249/2750 train_time:5149.878s step_avg:2289.85ms
step:2250/2750 train_time:5152.167s step_avg:2289.85ms
step:2250/2750 val_loss:3.31426 train_time:5152.168s step_avg:2290.74ms
step:2251/2750 train_time:5154.466s step_avg:2289.86ms
step:2252/2750 train_time:5156.757s step_avg:2289.86ms
step:2253/2750 train_time:5159.055s step_avg:2289.86ms
step:2254/2750 train_time:5161.351s step_avg:2289.86ms
step:2255/2750 train_time:5163.643s step_avg:2289.86ms
step:2256/2750 train_time:5165.933s step_avg:2289.86ms
step:2257/2750 train_time:5168.225s step_avg:2289.86ms
step:2258/2750 train_time:5170.514s step_avg:2289.86ms
step:2259/2750 train_time:5172.801s step_avg:2289.86ms
step:2260/2750 train_time:5175.095s step_avg:2289.87ms
step:2261/2750 train_time:5177.392s step_avg:2289.87ms
step:2262/2750 train_time:5179.681s step_avg:2289.87ms
step:2263/2750 train_time:5181.973s step_avg:2289.87ms
step:2264/2750 train_time:5184.265s step_avg:2289.87ms
step:2265/2750 train_time:5186.563s step_avg:2289.87ms
step:2266/2750 train_time:5188.851s step_avg:2289.87ms
step:2267/2750 train_time:5191.143s step_avg:2289.87ms
step:2268/2750 train_time:5193.433s step_avg:2289.87ms
step:2269/2750 train_time:5195.726s step_avg:2289.87ms
step:2270/2750 train_time:5198.011s step_avg:2289.87ms
step:2271/2750 train_time:5200.299s step_avg:2289.87ms
step:2272/2750 train_time:5202.591s step_avg:2289.87ms
step:2273/2750 train_time:5204.880s step_avg:2289.87ms
step:2274/2750 train_time:5207.170s step_avg:2289.87ms
step:2275/2750 train_time:5209.461s step_avg:2289.87ms
step:2276/2750 train_time:5211.753s step_avg:2289.87ms
step:2277/2750 train_time:5214.045s step_avg:2289.87ms
step:2278/2750 train_time:5216.334s step_avg:2289.87ms
step:2279/2750 train_time:5218.625s step_avg:2289.87ms
step:2280/2750 train_time:5220.910s step_avg:2289.87ms
step:2281/2750 train_time:5223.213s step_avg:2289.88ms
step:2282/2750 train_time:5225.504s step_avg:2289.88ms
step:2283/2750 train_time:5227.795s step_avg:2289.88ms
step:2284/2750 train_time:5230.082s step_avg:2289.88ms
step:2285/2750 train_time:5232.374s step_avg:2289.88ms
step:2286/2750 train_time:5234.664s step_avg:2289.88ms
step:2287/2750 train_time:5236.958s step_avg:2289.88ms
step:2288/2750 train_time:5239.248s step_avg:2289.88ms
step:2289/2750 train_time:5241.537s step_avg:2289.88ms
step:2290/2750 train_time:5243.830s step_avg:2289.88ms
step:2291/2750 train_time:5246.126s step_avg:2289.88ms
step:2292/2750 train_time:5248.413s step_avg:2289.88ms
step:2293/2750 train_time:5250.703s step_avg:2289.88ms
step:2294/2750 train_time:5253.004s step_avg:2289.89ms
step:2295/2750 train_time:5255.298s step_avg:2289.89ms
step:2296/2750 train_time:5257.592s step_avg:2289.89ms
step:2297/2750 train_time:5259.882s step_avg:2289.89ms
step:2298/2750 train_time:5262.175s step_avg:2289.89ms
step:2299/2750 train_time:5264.467s step_avg:2289.89ms
step:2300/2750 train_time:5266.754s step_avg:2289.89ms
step:2301/2750 train_time:5269.041s step_avg:2289.89ms
step:2302/2750 train_time:5271.336s step_avg:2289.89ms
step:2303/2750 train_time:5273.624s step_avg:2289.89ms
step:2304/2750 train_time:5275.915s step_avg:2289.89ms
step:2305/2750 train_time:5278.204s step_avg:2289.89ms
step:2306/2750 train_time:5280.497s step_avg:2289.89ms
step:2307/2750 train_time:5282.790s step_avg:2289.90ms
step:2308/2750 train_time:5285.079s step_avg:2289.90ms
step:2309/2750 train_time:5287.374s step_avg:2289.90ms
step:2310/2750 train_time:5289.668s step_avg:2289.90ms
step:2311/2750 train_time:5291.955s step_avg:2289.90ms
step:2312/2750 train_time:5294.249s step_avg:2289.90ms
step:2313/2750 train_time:5296.538s step_avg:2289.90ms
step:2314/2750 train_time:5298.832s step_avg:2289.90ms
step:2315/2750 train_time:5301.126s step_avg:2289.90ms
step:2316/2750 train_time:5303.421s step_avg:2289.91ms
step:2317/2750 train_time:5305.711s step_avg:2289.91ms
step:2318/2750 train_time:5308.004s step_avg:2289.91ms
step:2319/2750 train_time:5310.290s step_avg:2289.91ms
step:2320/2750 train_time:5312.577s step_avg:2289.90ms
step:2321/2750 train_time:5314.872s step_avg:2289.91ms
step:2322/2750 train_time:5317.163s step_avg:2289.91ms
step:2323/2750 train_time:5319.452s step_avg:2289.91ms
step:2324/2750 train_time:5321.740s step_avg:2289.91ms
step:2325/2750 train_time:5324.034s step_avg:2289.91ms
step:2326/2750 train_time:5326.324s step_avg:2289.91ms
step:2327/2750 train_time:5328.611s step_avg:2289.91ms
step:2328/2750 train_time:5330.904s step_avg:2289.91ms
step:2329/2750 train_time:5333.193s step_avg:2289.91ms
step:2330/2750 train_time:5335.482s step_avg:2289.91ms
step:2331/2750 train_time:5337.778s step_avg:2289.91ms
step:2332/2750 train_time:5340.073s step_avg:2289.91ms
step:2333/2750 train_time:5342.365s step_avg:2289.91ms
step:2334/2750 train_time:5344.658s step_avg:2289.91ms
step:2335/2750 train_time:5346.950s step_avg:2289.91ms
step:2336/2750 train_time:5349.241s step_avg:2289.91ms
step:2337/2750 train_time:5351.527s step_avg:2289.91ms
step:2338/2750 train_time:5353.817s step_avg:2289.91ms
step:2339/2750 train_time:5356.110s step_avg:2289.91ms
step:2340/2750 train_time:5358.403s step_avg:2289.92ms
step:2341/2750 train_time:5360.689s step_avg:2289.91ms
step:2342/2750 train_time:5362.978s step_avg:2289.91ms
step:2343/2750 train_time:5365.273s step_avg:2289.92ms
step:2344/2750 train_time:5367.564s step_avg:2289.92ms
step:2345/2750 train_time:5369.856s step_avg:2289.92ms
step:2346/2750 train_time:5372.146s step_avg:2289.92ms
step:2347/2750 train_time:5374.437s step_avg:2289.92ms
step:2348/2750 train_time:5376.727s step_avg:2289.92ms
step:2349/2750 train_time:5379.012s step_avg:2289.92ms
step:2350/2750 train_time:5381.304s step_avg:2289.92ms
step:2351/2750 train_time:5383.591s step_avg:2289.92ms
step:2352/2750 train_time:5385.886s step_avg:2289.92ms
step:2353/2750 train_time:5388.180s step_avg:2289.92ms
step:2354/2750 train_time:5390.477s step_avg:2289.92ms
step:2355/2750 train_time:5392.766s step_avg:2289.92ms
step:2356/2750 train_time:5395.059s step_avg:2289.92ms
step:2357/2750 train_time:5397.350s step_avg:2289.92ms
step:2358/2750 train_time:5399.644s step_avg:2289.93ms
step:2359/2750 train_time:5401.931s step_avg:2289.92ms
step:2360/2750 train_time:5404.221s step_avg:2289.92ms
step:2361/2750 train_time:5406.511s step_avg:2289.92ms
step:2362/2750 train_time:5408.803s step_avg:2289.93ms
step:2363/2750 train_time:5411.092s step_avg:2289.92ms
step:2364/2750 train_time:5413.384s step_avg:2289.93ms
step:2365/2750 train_time:5415.675s step_avg:2289.93ms
step:2366/2750 train_time:5417.965s step_avg:2289.93ms
step:2367/2750 train_time:5420.262s step_avg:2289.93ms
step:2368/2750 train_time:5422.548s step_avg:2289.93ms
step:2369/2750 train_time:5424.838s step_avg:2289.93ms
step:2370/2750 train_time:5427.126s step_avg:2289.93ms
step:2371/2750 train_time:5429.413s step_avg:2289.93ms
step:2372/2750 train_time:5431.709s step_avg:2289.93ms
step:2373/2750 train_time:5433.995s step_avg:2289.93ms
step:2374/2750 train_time:5436.287s step_avg:2289.93ms
step:2375/2750 train_time:5438.575s step_avg:2289.93ms
step:2375/2750 val_loss:3.30100 train_time:5438.575s step_avg:2291.26ms
step:2376/2750 train_time:5440.875s step_avg:2289.93ms
step:2377/2750 train_time:5443.164s step_avg:2289.93ms
step:2378/2750 train_time:5445.457s step_avg:2289.93ms
step:2379/2750 train_time:5447.751s step_avg:2289.93ms
step:2380/2750 train_time:5450.049s step_avg:2289.94ms
step:2381/2750 train_time:5452.340s step_avg:2289.94ms
step:2382/2750 train_time:5454.634s step_avg:2289.94ms
step:2383/2750 train_time:5456.929s step_avg:2289.94ms
step:2384/2750 train_time:5459.225s step_avg:2289.94ms
step:2385/2750 train_time:5461.512s step_avg:2289.94ms
step:2386/2750 train_time:5463.801s step_avg:2289.94ms
step:2387/2750 train_time:5466.092s step_avg:2289.94ms
step:2388/2750 train_time:5468.385s step_avg:2289.94ms
step:2389/2750 train_time:5470.678s step_avg:2289.94ms
step:2390/2750 train_time:5472.963s step_avg:2289.94ms
step:2391/2750 train_time:5475.258s step_avg:2289.95ms
step:2392/2750 train_time:5477.544s step_avg:2289.94ms
step:2393/2750 train_time:5479.835s step_avg:2289.94ms
step:2394/2750 train_time:5482.129s step_avg:2289.95ms
step:2395/2750 train_time:5484.421s step_avg:2289.95ms
step:2396/2750 train_time:5486.709s step_avg:2289.95ms
step:2397/2750 train_time:5489.001s step_avg:2289.95ms
step:2398/2750 train_time:5491.292s step_avg:2289.95ms
step:2399/2750 train_time:5493.586s step_avg:2289.95ms
step:2400/2750 train_time:5495.874s step_avg:2289.95ms
step:2401/2750 train_time:5498.163s step_avg:2289.95ms
step:2402/2750 train_time:5500.455s step_avg:2289.95ms
step:2403/2750 train_time:5502.741s step_avg:2289.95ms
step:2404/2750 train_time:5505.035s step_avg:2289.95ms
step:2405/2750 train_time:5507.328s step_avg:2289.95ms
step:2406/2750 train_time:5509.619s step_avg:2289.95ms
step:2407/2750 train_time:5511.904s step_avg:2289.95ms
step:2408/2750 train_time:5514.197s step_avg:2289.95ms
step:2409/2750 train_time:5516.486s step_avg:2289.95ms
step:2410/2750 train_time:5518.773s step_avg:2289.95ms
step:2411/2750 train_time:5521.065s step_avg:2289.95ms
step:2412/2750 train_time:5523.357s step_avg:2289.95ms
step:2413/2750 train_time:5525.650s step_avg:2289.95ms
step:2414/2750 train_time:5527.940s step_avg:2289.95ms
step:2415/2750 train_time:5530.233s step_avg:2289.95ms
step:2416/2750 train_time:5532.527s step_avg:2289.95ms
step:2417/2750 train_time:5534.820s step_avg:2289.95ms
step:2418/2750 train_time:5537.115s step_avg:2289.96ms
step:2419/2750 train_time:5539.406s step_avg:2289.96ms
step:2420/2750 train_time:5541.695s step_avg:2289.96ms
step:2421/2750 train_time:5543.986s step_avg:2289.96ms
step:2422/2750 train_time:5546.276s step_avg:2289.96ms
step:2423/2750 train_time:5548.564s step_avg:2289.96ms
step:2424/2750 train_time:5550.856s step_avg:2289.96ms
step:2425/2750 train_time:5553.144s step_avg:2289.96ms
step:2426/2750 train_time:5555.438s step_avg:2289.96ms
step:2427/2750 train_time:5557.725s step_avg:2289.96ms
step:2428/2750 train_time:5560.021s step_avg:2289.96ms
step:2429/2750 train_time:5562.307s step_avg:2289.96ms
step:2430/2750 train_time:5564.601s step_avg:2289.96ms
step:2431/2750 train_time:5566.892s step_avg:2289.96ms
step:2432/2750 train_time:5569.177s step_avg:2289.96ms
step:2433/2750 train_time:5571.468s step_avg:2289.96ms
step:2434/2750 train_time:5573.757s step_avg:2289.96ms
step:2435/2750 train_time:5576.048s step_avg:2289.96ms
step:2436/2750 train_time:5578.340s step_avg:2289.96ms
step:2437/2750 train_time:5580.633s step_avg:2289.96ms
step:2438/2750 train_time:5582.932s step_avg:2289.96ms
step:2439/2750 train_time:5585.228s step_avg:2289.97ms
step:2440/2750 train_time:5587.520s step_avg:2289.97ms
step:2441/2750 train_time:5589.810s step_avg:2289.97ms
step:2442/2750 train_time:5592.101s step_avg:2289.97ms
step:2443/2750 train_time:5594.399s step_avg:2289.97ms
step:2444/2750 train_time:5596.689s step_avg:2289.97ms
step:2445/2750 train_time:5598.978s step_avg:2289.97ms
step:2446/2750 train_time:5601.268s step_avg:2289.97ms
step:2447/2750 train_time:5603.561s step_avg:2289.97ms
step:2448/2750 train_time:5605.849s step_avg:2289.97ms
step:2449/2750 train_time:5608.141s step_avg:2289.97ms
step:2450/2750 train_time:5610.428s step_avg:2289.97ms
step:2451/2750 train_time:5612.722s step_avg:2289.97ms
step:2452/2750 train_time:5615.012s step_avg:2289.97ms
step:2453/2750 train_time:5617.299s step_avg:2289.97ms
step:2454/2750 train_time:5619.593s step_avg:2289.97ms
step:2455/2750 train_time:5621.882s step_avg:2289.97ms
step:2456/2750 train_time:5624.168s step_avg:2289.97ms
step:2457/2750 train_time:5626.461s step_avg:2289.97ms
step:2458/2750 train_time:5628.748s step_avg:2289.97ms
step:2459/2750 train_time:5631.041s step_avg:2289.97ms
step:2460/2750 train_time:5633.334s step_avg:2289.97ms
step:2461/2750 train_time:5635.630s step_avg:2289.98ms
step:2462/2750 train_time:5637.921s step_avg:2289.98ms
step:2463/2750 train_time:5640.213s step_avg:2289.98ms
step:2464/2750 train_time:5642.500s step_avg:2289.98ms
step:2465/2750 train_time:5644.794s step_avg:2289.98ms
step:2466/2750 train_time:5647.083s step_avg:2289.98ms
step:2467/2750 train_time:5649.373s step_avg:2289.98ms
step:2468/2750 train_time:5651.667s step_avg:2289.98ms
step:2469/2750 train_time:5653.959s step_avg:2289.98ms
step:2470/2750 train_time:5656.247s step_avg:2289.98ms
step:2471/2750 train_time:5658.559s step_avg:2289.99ms
step:2472/2750 train_time:5660.849s step_avg:2289.99ms
step:2473/2750 train_time:5663.138s step_avg:2289.99ms
step:2474/2750 train_time:5665.426s step_avg:2289.99ms
step:2475/2750 train_time:5667.718s step_avg:2289.99ms
step:2476/2750 train_time:5670.010s step_avg:2289.99ms
step:2477/2750 train_time:5672.304s step_avg:2289.99ms
step:2478/2750 train_time:5674.594s step_avg:2289.99ms
step:2479/2750 train_time:5676.882s step_avg:2289.99ms
step:2480/2750 train_time:5679.170s step_avg:2289.99ms
step:2481/2750 train_time:5681.461s step_avg:2289.99ms
step:2482/2750 train_time:5683.751s step_avg:2289.99ms
step:2483/2750 train_time:5686.039s step_avg:2289.99ms
step:2484/2750 train_time:5688.333s step_avg:2289.99ms
step:2485/2750 train_time:5690.623s step_avg:2289.99ms
step:2486/2750 train_time:5692.911s step_avg:2289.99ms
step:2487/2750 train_time:5695.205s step_avg:2289.99ms
step:2488/2750 train_time:5697.498s step_avg:2289.99ms
step:2489/2750 train_time:5699.784s step_avg:2289.99ms
step:2490/2750 train_time:5702.075s step_avg:2289.99ms
step:2491/2750 train_time:5704.371s step_avg:2289.99ms
step:2492/2750 train_time:5706.665s step_avg:2289.99ms
step:2493/2750 train_time:5708.952s step_avg:2289.99ms
step:2494/2750 train_time:5711.240s step_avg:2289.99ms
step:2495/2750 train_time:5713.533s step_avg:2289.99ms
step:2496/2750 train_time:5715.824s step_avg:2289.99ms
step:2497/2750 train_time:5718.120s step_avg:2290.00ms
step:2498/2750 train_time:5720.410s step_avg:2290.00ms
step:2499/2750 train_time:5722.704s step_avg:2290.00ms
step:2500/2750 train_time:5724.992s step_avg:2290.00ms
step:2500/2750 val_loss:3.29044 train_time:5724.992s step_avg:2291.33ms
step:2501/2750 train_time:5727.285s step_avg:2290.00ms
step:2502/2750 train_time:5729.581s step_avg:2290.00ms
step:2503/2750 train_time:5731.873s step_avg:2290.00ms
step:2504/2750 train_time:5734.171s step_avg:2290.00ms
step:2505/2750 train_time:5736.462s step_avg:2290.00ms
step:2506/2750 train_time:5738.755s step_avg:2290.01ms
step:2507/2750 train_time:5741.047s step_avg:2290.01ms
step:2508/2750 train_time:5743.336s step_avg:2290.01ms
step:2509/2750 train_time:5745.631s step_avg:2290.01ms
step:2510/2750 train_time:5747.923s step_avg:2290.01ms
step:2511/2750 train_time:5750.215s step_avg:2290.01ms
step:2512/2750 train_time:5752.505s step_avg:2290.01ms
step:2513/2750 train_time:5754.796s step_avg:2290.01ms
step:2514/2750 train_time:5757.091s step_avg:2290.01ms
step:2515/2750 train_time:5759.382s step_avg:2290.01ms
step:2516/2750 train_time:5761.670s step_avg:2290.01ms
step:2517/2750 train_time:5763.962s step_avg:2290.01ms
step:2518/2750 train_time:5766.254s step_avg:2290.01ms
step:2519/2750 train_time:5768.537s step_avg:2290.01ms
step:2520/2750 train_time:5770.827s step_avg:2290.01ms
step:2521/2750 train_time:5773.119s step_avg:2290.01ms
step:2522/2750 train_time:5775.412s step_avg:2290.01ms
step:2523/2750 train_time:5777.704s step_avg:2290.01ms
step:2524/2750 train_time:5779.994s step_avg:2290.01ms
step:2525/2750 train_time:5782.291s step_avg:2290.02ms
step:2526/2750 train_time:5784.579s step_avg:2290.02ms
step:2527/2750 train_time:5786.871s step_avg:2290.02ms
step:2528/2750 train_time:5789.159s step_avg:2290.02ms
step:2529/2750 train_time:5791.449s step_avg:2290.02ms
step:2530/2750 train_time:5793.732s step_avg:2290.01ms
step:2531/2750 train_time:5796.017s step_avg:2290.01ms
step:2532/2750 train_time:5798.311s step_avg:2290.01ms
step:2533/2750 train_time:5800.600s step_avg:2290.01ms
step:2534/2750 train_time:5802.890s step_avg:2290.01ms
step:2535/2750 train_time:5805.179s step_avg:2290.01ms
step:2536/2750 train_time:5807.467s step_avg:2290.01ms
step:2537/2750 train_time:5809.757s step_avg:2290.01ms
step:2538/2750 train_time:5812.047s step_avg:2290.01ms
step:2539/2750 train_time:5814.337s step_avg:2290.01ms
step:2540/2750 train_time:5816.624s step_avg:2290.01ms
step:2541/2750 train_time:5818.916s step_avg:2290.01ms
step:2542/2750 train_time:5821.208s step_avg:2290.01ms
step:2543/2750 train_time:5823.496s step_avg:2290.01ms
step:2544/2750 train_time:5825.789s step_avg:2290.01ms
step:2545/2750 train_time:5828.080s step_avg:2290.01ms
step:2546/2750 train_time:5830.373s step_avg:2290.01ms
step:2547/2750 train_time:5832.657s step_avg:2290.01ms
step:2548/2750 train_time:5834.945s step_avg:2290.01ms
step:2549/2750 train_time:5837.239s step_avg:2290.01ms
step:2550/2750 train_time:5839.529s step_avg:2290.01ms
step:2551/2750 train_time:5841.820s step_avg:2290.01ms
step:2552/2750 train_time:5844.114s step_avg:2290.01ms
step:2553/2750 train_time:5846.410s step_avg:2290.02ms
step:2554/2750 train_time:5848.696s step_avg:2290.01ms
step:2555/2750 train_time:5850.990s step_avg:2290.02ms
step:2556/2750 train_time:5853.282s step_avg:2290.02ms
step:2557/2750 train_time:5855.576s step_avg:2290.02ms
step:2558/2750 train_time:5857.863s step_avg:2290.02ms
step:2559/2750 train_time:5860.150s step_avg:2290.02ms
step:2560/2750 train_time:5862.439s step_avg:2290.02ms
step:2561/2750 train_time:5864.732s step_avg:2290.02ms
step:2562/2750 train_time:5867.023s step_avg:2290.02ms
step:2563/2750 train_time:5869.311s step_avg:2290.02ms
step:2564/2750 train_time:5871.602s step_avg:2290.02ms
step:2565/2750 train_time:5873.894s step_avg:2290.02ms
step:2566/2750 train_time:5876.190s step_avg:2290.02ms
step:2567/2750 train_time:5878.483s step_avg:2290.02ms
step:2568/2750 train_time:5880.780s step_avg:2290.02ms
step:2569/2750 train_time:5883.068s step_avg:2290.02ms
step:2570/2750 train_time:5885.361s step_avg:2290.02ms
step:2571/2750 train_time:5887.654s step_avg:2290.02ms
step:2572/2750 train_time:5889.944s step_avg:2290.03ms
step:2573/2750 train_time:5892.233s step_avg:2290.02ms
step:2574/2750 train_time:5894.521s step_avg:2290.02ms
step:2575/2750 train_time:5896.811s step_avg:2290.02ms
step:2576/2750 train_time:5899.102s step_avg:2290.02ms
step:2577/2750 train_time:5901.387s step_avg:2290.02ms
step:2578/2750 train_time:5903.677s step_avg:2290.02ms
step:2579/2750 train_time:5905.972s step_avg:2290.02ms
step:2580/2750 train_time:5908.258s step_avg:2290.02ms
step:2581/2750 train_time:5910.551s step_avg:2290.02ms
step:2582/2750 train_time:5912.841s step_avg:2290.02ms
step:2583/2750 train_time:5915.131s step_avg:2290.02ms
step:2584/2750 train_time:5917.423s step_avg:2290.02ms
step:2585/2750 train_time:5919.714s step_avg:2290.02ms
step:2586/2750 train_time:5922.008s step_avg:2290.03ms
step:2587/2750 train_time:5924.295s step_avg:2290.03ms
step:2588/2750 train_time:5926.586s step_avg:2290.03ms
step:2589/2750 train_time:5928.879s step_avg:2290.03ms
step:2590/2750 train_time:5931.173s step_avg:2290.03ms
step:2591/2750 train_time:5933.463s step_avg:2290.03ms
step:2592/2750 train_time:5935.755s step_avg:2290.03ms
step:2593/2750 train_time:5938.044s step_avg:2290.03ms
step:2594/2750 train_time:5940.333s step_avg:2290.03ms
step:2595/2750 train_time:5942.621s step_avg:2290.03ms
step:2596/2750 train_time:5944.910s step_avg:2290.03ms
step:2597/2750 train_time:5947.204s step_avg:2290.03ms
step:2598/2750 train_time:5949.495s step_avg:2290.03ms
step:2599/2750 train_time:5951.783s step_avg:2290.03ms
step:2600/2750 train_time:5954.077s step_avg:2290.03ms
step:2600/2750 val_loss:3.28351 train_time:5954.077s step_avg:2290.85ms
step:2601/2750 train_time:5956.375s step_avg:2290.03ms
step:2602/2750 train_time:5958.663s step_avg:2290.03ms
step:2603/2750 train_time:5960.953s step_avg:2290.03ms
step:2604/2750 train_time:5963.247s step_avg:2290.03ms
step:2605/2750 train_time:5965.538s step_avg:2290.03ms
step:2605/2750 val_loss:3.28322 train_time:5965.539s step_avg:2292.32ms
step:2606/2750 train_time:5967.837s step_avg:2290.04ms
step:2607/2750 train_time:5970.131s step_avg:2290.04ms
step:2608/2750 train_time:5972.427s step_avg:2290.04ms
step:2609/2750 train_time:5974.717s step_avg:2290.04ms
step:2610/2750 train_time:5977.007s step_avg:2290.04ms
step:2610/2750 val_loss:3.28290 train_time:5977.007s step_avg:2293.76ms
step:2611/2750 train_time:5979.300s step_avg:2290.04ms
step:2612/2750 train_time:5981.589s step_avg:2290.04ms
step:2613/2750 train_time:5983.875s step_avg:2290.04ms
step:2614/2750 train_time:5986.164s step_avg:2290.04ms
step:2615/2750 train_time:5988.459s step_avg:2290.04ms
step:2615/2750 val_loss:3.28260 train_time:5988.459s step_avg:2290.43ms
step:2616/2750 train_time:5990.761s step_avg:2290.05ms
step:2617/2750 train_time:5993.055s step_avg:2290.05ms
step:2618/2750 train_time:5995.348s step_avg:2290.05ms
step:2619/2750 train_time:5997.640s step_avg:2290.05ms
step:2620/2750 train_time:5999.936s step_avg:2290.05ms
step:2620/2750 val_loss:3.28229 train_time:5999.936s step_avg:2295.25ms
step:2621/2750 train_time:6002.235s step_avg:2290.06ms
step:2622/2750 train_time:6004.530s step_avg:2290.06ms
step:2623/2750 train_time:6006.820s step_avg:2290.06ms
step:2624/2750 train_time:6009.117s step_avg:2290.06ms
step:2625/2750 train_time:6011.414s step_avg:2290.06ms
step:2625/2750 val_loss:3.28198 train_time:6011.414s step_avg:2295.67ms
step:2626/2750 train_time:6013.719s step_avg:2290.07ms
step:2627/2750 train_time:6016.014s step_avg:2290.07ms
step:2628/2750 train_time:6018.307s step_avg:2290.07ms
step:2629/2750 train_time:6020.605s step_avg:2290.07ms
step:2630/2750 train_time:6022.901s step_avg:2290.08ms
step:2630/2750 val_loss:3.28164 train_time:6022.901s step_avg:2297.35ms
step:2631/2750 train_time:6025.199s step_avg:2290.08ms
step:2632/2750 train_time:6027.495s step_avg:2290.08ms
step:2633/2750 train_time:6029.788s step_avg:2290.08ms
step:2634/2750 train_time:6032.081s step_avg:2290.08ms
step:2635/2750 train_time:6034.374s step_avg:2290.09ms
step:2635/2750 val_loss:3.28134 train_time:6034.375s step_avg:2294.77ms
step:2636/2750 train_time:6036.668s step_avg:2290.09ms
step:2637/2750 train_time:6038.959s step_avg:2290.09ms
step:2638/2750 train_time:6041.252s step_avg:2290.09ms
step:2639/2750 train_time:6043.546s step_avg:2290.09ms
step:2640/2750 train_time:6045.837s step_avg:2290.09ms
step:2640/2750 val_loss:3.28104 train_time:6045.838s step_avg:2292.59ms
step:2641/2750 train_time:6048.138s step_avg:2290.09ms
step:2642/2750 train_time:6050.437s step_avg:2290.10ms
step:2643/2750 train_time:6052.734s step_avg:2290.10ms
step:2644/2750 train_time:6055.026s step_avg:2290.10ms
step:2645/2750 train_time:6057.316s step_avg:2290.10ms
step:2645/2750 val_loss:3.28073 train_time:6057.317s step_avg:2295.80ms
step:2646/2750 train_time:6059.614s step_avg:2290.10ms
step:2647/2750 train_time:6061.909s step_avg:2290.11ms
step:2648/2750 train_time:6064.206s step_avg:2290.11ms
step:2649/2750 train_time:6066.498s step_avg:2290.11ms
step:2650/2750 train_time:6068.791s step_avg:2290.11ms
step:2650/2750 val_loss:3.28047 train_time:6068.791s step_avg:2294.89ms
step:2651/2750 train_time:6071.079s step_avg:2290.11ms
step:2652/2750 train_time:6073.377s step_avg:2290.11ms
step:2653/2750 train_time:6075.669s step_avg:2290.11ms
step:2654/2750 train_time:6077.962s step_avg:2290.11ms
step:2655/2750 train_time:6080.256s step_avg:2290.12ms
step:2655/2750 val_loss:3.28016 train_time:6080.256s step_avg:2292.99ms
step:2656/2750 train_time:6082.557s step_avg:2290.12ms
step:2657/2750 train_time:6084.854s step_avg:2290.12ms
step:2658/2750 train_time:6087.143s step_avg:2290.12ms
step:2659/2750 train_time:6089.438s step_avg:2290.12ms
step:2660/2750 train_time:6091.729s step_avg:2290.12ms
step:2660/2750 val_loss:3.27987 train_time:6091.729s step_avg:2294.57ms
step:2661/2750 train_time:6094.038s step_avg:2290.13ms
step:2662/2750 train_time:6096.337s step_avg:2290.13ms
step:2663/2750 train_time:6098.630s step_avg:2290.14ms
step:2664/2750 train_time:6100.919s step_avg:2290.13ms
step:2665/2750 train_time:6103.211s step_avg:2290.14ms
step:2665/2750 val_loss:3.27957 train_time:6103.211s step_avg:2296.39ms
step:2666/2750 train_time:6105.507s step_avg:2290.14ms
step:2667/2750 train_time:6107.796s step_avg:2290.14ms
step:2668/2750 train_time:6110.085s step_avg:2290.14ms
step:2669/2750 train_time:6112.375s step_avg:2290.14ms
step:2670/2750 train_time:6114.667s step_avg:2290.14ms
step:2670/2750 val_loss:3.27928 train_time:6114.667s step_avg:2291.17ms
step:2671/2750 train_time:6116.964s step_avg:2290.14ms
step:2672/2750 train_time:6119.253s step_avg:2290.14ms
step:2673/2750 train_time:6121.548s step_avg:2290.14ms
step:2674/2750 train_time:6123.837s step_avg:2290.14ms
step:2675/2750 train_time:6126.126s step_avg:2290.14ms
step:2675/2750 val_loss:3.27900 train_time:6126.127s step_avg:2291.99ms
step:2676/2750 train_time:6128.420s step_avg:2290.14ms
step:2677/2750 train_time:6130.716s step_avg:2290.14ms
step:2678/2750 train_time:6133.008s step_avg:2290.14ms
step:2679/2750 train_time:6135.301s step_avg:2290.15ms
step:2680/2750 train_time:6137.593s step_avg:2290.15ms
step:2680/2750 val_loss:3.27874 train_time:6137.593s step_avg:2293.36ms
step:2681/2750 train_time:6139.893s step_avg:2290.15ms
step:2682/2750 train_time:6142.186s step_avg:2290.15ms
step:2683/2750 train_time:6144.471s step_avg:2290.15ms
step:2684/2750 train_time:6146.763s step_avg:2290.15ms
step:2685/2750 train_time:6149.060s step_avg:2290.15ms
step:2685/2750 val_loss:3.27847 train_time:6149.060s step_avg:2293.29ms
step:2686/2750 train_time:6151.364s step_avg:2290.16ms
step:2687/2750 train_time:6153.657s step_avg:2290.16ms
step:2688/2750 train_time:6155.947s step_avg:2290.16ms
step:2689/2750 train_time:6158.240s step_avg:2290.16ms
step:2690/2750 train_time:6160.532s step_avg:2290.16ms
step:2690/2750 val_loss:3.27822 train_time:6160.532s step_avg:2294.44ms
step:2691/2750 train_time:6162.836s step_avg:2290.17ms
step:2692/2750 train_time:6165.130s step_avg:2290.17ms
step:2693/2750 train_time:6167.421s step_avg:2290.17ms
step:2694/2750 train_time:6169.714s step_avg:2290.17ms
step:2695/2750 train_time:6172.011s step_avg:2290.17ms
step:2695/2750 val_loss:3.27797 train_time:6172.012s step_avg:2295.90ms
target_reached step:2695 val_loss:3.27797
step:2696/2750 train_time:6174.309s step_avg:2290.17ms
step:2697/2750 train_time:6176.607s step_avg:2290.18ms
step:2698/2750 train_time:6178.897s step_avg:2290.18ms
step:2699/2750 train_time:6181.194s step_avg:2290.18ms
step:2700/2750 train_time:6183.488s step_avg:2290.18ms
step:2700/2750 val_loss:3.27774 train_time:6183.488s step_avg:2295.23ms
target_reached step:2700 val_loss:3.27774
step:2701/2750 train_time:6185.782s step_avg:2290.18ms
step:2702/2750 train_time:6188.076s step_avg:2290.18ms
step:2703/2750 train_time:6190.368s step_avg:2290.18ms
step:2704/2750 train_time:6192.662s step_avg:2290.19ms
step:2705/2750 train_time:6194.953s step_avg:2290.19ms
step:2705/2750 val_loss:3.27746 train_time:6194.953s step_avg:2293.04ms
target_reached step:2705 val_loss:3.27746
step:2706/2750 train_time:6197.253s step_avg:2290.19ms
step:2707/2750 train_time:6199.546s step_avg:2290.19ms
step:2708/2750 train_time:6201.840s step_avg:2290.19ms
step:2709/2750 train_time:6204.135s step_avg:2290.19ms
step:2710/2750 train_time:6206.429s step_avg:2290.20ms
step:2710/2750 val_loss:3.27723 train_time:6206.429s step_avg:2295.23ms
target_reached step:2710 val_loss:3.27723
step:2711/2750 train_time:6208.733s step_avg:2290.20ms
step:2712/2750 train_time:6211.027s step_avg:2290.20ms
step:2713/2750 train_time:6213.322s step_avg:2290.20ms
step:2714/2750 train_time:6215.617s step_avg:2290.21ms
step:2715/2750 train_time:6217.910s step_avg:2290.21ms
step:2715/2750 val_loss:3.27701 train_time:6217.910s step_avg:2296.25ms
target_reached step:2715 val_loss:3.27701
step:2716/2750 train_time:6220.211s step_avg:2290.21ms
step:2717/2750 train_time:6222.507s step_avg:2290.21ms
step:2718/2750 train_time:6224.801s step_avg:2290.21ms
step:2719/2750 train_time:6227.095s step_avg:2290.22ms
step:2720/2750 train_time:6229.389s step_avg:2290.22ms
step:2720/2750 val_loss:3.27676 train_time:6229.390s step_avg:2295.85ms
target_reached step:2720 val_loss:3.27676
step:2721/2750 train_time:6231.687s step_avg:2290.22ms
step:2722/2750 train_time:6233.985s step_avg:2290.22ms
step:2723/2750 train_time:6236.283s step_avg:2290.23ms
step:2724/2750 train_time:6238.580s step_avg:2290.23ms
step:2725/2750 train_time:6240.866s step_avg:2290.23ms
step:2725/2750 val_loss:3.27656 train_time:6240.866s step_avg:2295.29ms
target_reached step:2725 val_loss:3.27656
step:2726/2750 train_time:6243.166s step_avg:2290.23ms
step:2727/2750 train_time:6245.460s step_avg:2290.23ms
step:2728/2750 train_time:6247.761s step_avg:2290.23ms
step:2729/2750 train_time:6250.056s step_avg:2290.24ms
step:2730/2750 train_time:6252.348s step_avg:2290.24ms
step:2730/2750 val_loss:3.27634 train_time:6252.348s step_avg:2296.40ms
target_reached step:2730 val_loss:3.27634
step:2731/2750 train_time:6254.649s step_avg:2290.24ms
step:2732/2750 train_time:6256.943s step_avg:2290.24ms
step:2733/2750 train_time:6259.241s step_avg:2290.25ms
step:2734/2750 train_time:6261.539s step_avg:2290.25ms
step:2735/2750 train_time:6263.833s step_avg:2290.25ms
step:2735/2750 val_loss:3.27612 train_time:6263.834s step_avg:2297.10ms
target_reached step:2735 val_loss:3.27612
step:2736/2750 train_time:6266.132s step_avg:2290.25ms
step:2737/2750 train_time:6268.423s step_avg:2290.25ms
step:2738/2750 train_time:6270.722s step_avg:2290.26ms
step:2739/2750 train_time:6273.017s step_avg:2290.26ms
step:2740/2750 train_time:6275.305s step_avg:2290.26ms
step:2740/2750 val_loss:3.27593 train_time:6275.305s step_avg:2294.28ms
target_reached step:2740 val_loss:3.27593
step:2741/2750 train_time:6277.603s step_avg:2290.26ms
step:2742/2750 train_time:6279.897s step_avg:2290.26ms
step:2743/2750 train_time:6282.192s step_avg:2290.26ms
step:2744/2750 train_time:6284.483s step_avg:2290.26ms
step:2745/2750 train_time:6286.778s step_avg:2290.27ms
step:2745/2750 val_loss:3.27572 train_time:6286.778s step_avg:2294.72ms
target_reached step:2745 val_loss:3.27572
step:2746/2750 train_time:6289.076s step_avg:2290.27ms
step:2747/2750 train_time:6291.368s step_avg:2290.27ms
step:2748/2750 train_time:6293.661s step_avg:2290.27ms
step:2749/2750 train_time:6295.949s step_avg:2290.27ms
step:2750/2750 train_time:6298.240s step_avg:2290.27ms
step:2750/2750 val_loss:3.27552 train_time:6298.241s step_avg:2292.43ms
target_reached step:2750 val_loss:3.27552
fixed_step_complete max_step:2750 val_loss:3.27552
