logs/e4706d27-bba3-4d34-a42c-6b39d45e3e54.txt
step:0/2750 val_loss:10.82583 train_time:0.000s step_avg:nanms
step:1/2750 train_time:4.737s step_avg:4736.95ms
step:2/2750 train_time:6.907s step_avg:3453.51ms
step:3/2750 train_time:9.192s step_avg:3063.94ms
step:4/2750 train_time:11.493s step_avg:2873.19ms
step:5/2750 train_time:13.786s step_avg:2757.20ms
step:6/2750 train_time:16.086s step_avg:2681.06ms
step:7/2750 train_time:18.379s step_avg:2625.58ms
step:8/2750 train_time:20.678s step_avg:2584.70ms
step:9/2750 train_time:22.975s step_avg:2552.73ms
step:10/2750 train_time:25.273s step_avg:2527.32ms
step:11/2750 train_time:27.573s step_avg:2506.65ms
step:12/2750 train_time:29.876s step_avg:2489.67ms
step:13/2750 train_time:32.178s step_avg:2475.26ms
step:14/2750 train_time:34.479s step_avg:2462.76ms
step:15/2750 train_time:36.778s step_avg:2451.84ms
step:16/2750 train_time:39.080s step_avg:2442.48ms
step:17/2750 train_time:41.376s step_avg:2433.88ms
step:18/2750 train_time:43.678s step_avg:2426.57ms
step:19/2750 train_time:45.979s step_avg:2419.93ms
step:20/2750 train_time:48.277s step_avg:2413.86ms
step:21/2750 train_time:50.577s step_avg:2408.44ms
step:22/2750 train_time:52.878s step_avg:2403.55ms
step:23/2750 train_time:55.181s step_avg:2399.17ms
step:24/2750 train_time:57.479s step_avg:2394.94ms
step:25/2750 train_time:59.778s step_avg:2391.13ms
step:26/2750 train_time:62.079s step_avg:2387.67ms
step:27/2750 train_time:64.378s step_avg:2384.36ms
step:28/2750 train_time:66.677s step_avg:2381.32ms
step:29/2750 train_time:68.977s step_avg:2378.50ms
step:30/2750 train_time:71.280s step_avg:2376.01ms
step:31/2750 train_time:73.579s step_avg:2373.53ms
step:32/2750 train_time:75.878s step_avg:2371.18ms
step:33/2750 train_time:78.179s step_avg:2369.05ms
step:34/2750 train_time:80.479s step_avg:2367.04ms
step:35/2750 train_time:82.780s step_avg:2365.15ms
step:36/2750 train_time:85.077s step_avg:2363.25ms
step:37/2750 train_time:87.378s step_avg:2361.56ms
step:38/2750 train_time:89.674s step_avg:2359.84ms
step:39/2750 train_time:91.975s step_avg:2358.33ms
step:40/2750 train_time:94.278s step_avg:2356.95ms
step:41/2750 train_time:96.579s step_avg:2355.59ms
step:42/2750 train_time:98.879s step_avg:2354.26ms
step:43/2750 train_time:101.179s step_avg:2353.00ms
step:44/2750 train_time:103.479s step_avg:2351.80ms
step:45/2750 train_time:105.778s step_avg:2350.63ms
step:46/2750 train_time:108.078s step_avg:2349.52ms
step:47/2750 train_time:110.378s step_avg:2348.47ms
step:48/2750 train_time:112.680s step_avg:2347.49ms
step:49/2750 train_time:114.980s step_avg:2346.54ms
step:50/2750 train_time:117.277s step_avg:2345.54ms
step:51/2750 train_time:119.577s step_avg:2344.66ms
step:52/2750 train_time:121.877s step_avg:2343.79ms
step:53/2750 train_time:124.179s step_avg:2343.01ms
step:54/2750 train_time:126.479s step_avg:2342.21ms
step:55/2750 train_time:128.778s step_avg:2341.43ms
step:56/2750 train_time:131.078s step_avg:2340.67ms
step:57/2750 train_time:133.377s step_avg:2339.95ms
step:58/2750 train_time:135.680s step_avg:2339.30ms
step:59/2750 train_time:137.977s step_avg:2338.59ms
step:60/2750 train_time:140.277s step_avg:2337.95ms
step:61/2750 train_time:142.578s step_avg:2337.35ms
step:62/2750 train_time:144.878s step_avg:2336.73ms
step:63/2750 train_time:147.177s step_avg:2336.14ms
step:64/2750 train_time:149.476s step_avg:2335.56ms
step:65/2750 train_time:151.778s step_avg:2335.04ms
step:66/2750 train_time:154.080s step_avg:2334.54ms
step:67/2750 train_time:156.377s step_avg:2333.98ms
step:68/2750 train_time:158.679s step_avg:2333.51ms
step:69/2750 train_time:160.974s step_avg:2332.96ms
step:70/2750 train_time:163.271s step_avg:2332.45ms
step:71/2750 train_time:165.574s step_avg:2332.03ms
step:72/2750 train_time:167.878s step_avg:2331.64ms
step:73/2750 train_time:170.177s step_avg:2331.20ms
step:74/2750 train_time:172.476s step_avg:2330.76ms
step:75/2750 train_time:174.775s step_avg:2330.33ms
step:76/2750 train_time:177.076s step_avg:2329.95ms
step:77/2750 train_time:179.373s step_avg:2329.52ms
step:78/2750 train_time:181.677s step_avg:2329.19ms
step:79/2750 train_time:183.976s step_avg:2328.82ms
step:80/2750 train_time:186.277s step_avg:2328.46ms
step:81/2750 train_time:188.575s step_avg:2328.09ms
step:82/2750 train_time:190.878s step_avg:2327.78ms
step:83/2750 train_time:193.178s step_avg:2327.45ms
step:84/2750 train_time:195.474s step_avg:2327.08ms
step:85/2750 train_time:197.777s step_avg:2326.79ms
step:86/2750 train_time:200.075s step_avg:2326.46ms
step:87/2750 train_time:202.377s step_avg:2326.17ms
step:88/2750 train_time:204.674s step_avg:2325.84ms
step:89/2750 train_time:206.975s step_avg:2325.56ms
step:90/2750 train_time:209.274s step_avg:2325.26ms
step:91/2750 train_time:211.573s step_avg:2324.98ms
step:92/2750 train_time:213.876s step_avg:2324.74ms
step:93/2750 train_time:216.177s step_avg:2324.48ms
step:94/2750 train_time:218.476s step_avg:2324.21ms
step:95/2750 train_time:220.775s step_avg:2323.95ms
step:96/2750 train_time:223.075s step_avg:2323.70ms
step:97/2750 train_time:225.374s step_avg:2323.44ms
step:98/2750 train_time:227.668s step_avg:2323.14ms
step:99/2750 train_time:229.967s step_avg:2322.90ms
step:100/2750 train_time:232.261s step_avg:2322.61ms
step:101/2750 train_time:234.560s step_avg:2322.38ms
step:102/2750 train_time:236.859s step_avg:2322.15ms
step:103/2750 train_time:239.156s step_avg:2321.90ms
step:104/2750 train_time:241.457s step_avg:2321.70ms
step:105/2750 train_time:243.758s step_avg:2321.51ms
step:106/2750 train_time:246.056s step_avg:2321.29ms
step:107/2750 train_time:248.352s step_avg:2321.05ms
step:108/2750 train_time:250.655s step_avg:2320.88ms
step:109/2750 train_time:252.954s step_avg:2320.68ms
step:110/2750 train_time:255.248s step_avg:2320.43ms
step:111/2750 train_time:257.541s step_avg:2320.19ms
step:112/2750 train_time:259.837s step_avg:2319.97ms
step:113/2750 train_time:262.136s step_avg:2319.79ms
step:114/2750 train_time:264.434s step_avg:2319.59ms
step:115/2750 train_time:266.723s step_avg:2319.33ms
step:116/2750 train_time:269.018s step_avg:2319.12ms
step:117/2750 train_time:271.317s step_avg:2318.94ms
step:118/2750 train_time:273.615s step_avg:2318.78ms
step:119/2750 train_time:275.914s step_avg:2318.60ms
step:120/2750 train_time:278.205s step_avg:2318.38ms
step:121/2750 train_time:280.499s step_avg:2318.17ms
step:122/2750 train_time:282.794s step_avg:2317.98ms
step:123/2750 train_time:285.095s step_avg:2317.84ms
step:124/2750 train_time:287.393s step_avg:2317.69ms
step:125/2750 train_time:289.684s step_avg:2317.47ms
step:125/2750 val_loss:4.45846 train_time:289.684s step_avg:2317.47ms
step:126/2750 train_time:291.983s step_avg:2317.33ms
step:127/2750 train_time:294.280s step_avg:2317.16ms
step:128/2750 train_time:296.579s step_avg:2317.03ms
step:129/2750 train_time:298.876s step_avg:2316.87ms
step:130/2750 train_time:301.165s step_avg:2316.65ms
step:131/2750 train_time:303.462s step_avg:2316.51ms
step:132/2750 train_time:305.759s step_avg:2316.35ms
step:133/2750 train_time:308.062s step_avg:2316.25ms
step:134/2750 train_time:310.359s step_avg:2316.11ms
step:135/2750 train_time:312.653s step_avg:2315.95ms
step:136/2750 train_time:314.954s step_avg:2315.84ms
step:137/2750 train_time:317.243s step_avg:2315.65ms
step:138/2750 train_time:319.542s step_avg:2315.52ms
step:139/2750 train_time:321.839s step_avg:2315.39ms
step:140/2750 train_time:324.128s step_avg:2315.20ms
step:141/2750 train_time:326.421s step_avg:2315.04ms
step:142/2750 train_time:328.717s step_avg:2314.91ms
step:143/2750 train_time:331.019s step_avg:2314.82ms
step:144/2750 train_time:333.312s step_avg:2314.67ms
step:145/2750 train_time:335.602s step_avg:2314.50ms
step:146/2750 train_time:337.898s step_avg:2314.37ms
step:147/2750 train_time:340.196s step_avg:2314.26ms
step:148/2750 train_time:342.493s step_avg:2314.14ms
step:149/2750 train_time:344.782s step_avg:2313.97ms
step:150/2750 train_time:347.080s step_avg:2313.87ms
step:151/2750 train_time:349.376s step_avg:2313.75ms
step:152/2750 train_time:351.678s step_avg:2313.67ms
step:153/2750 train_time:353.975s step_avg:2313.56ms
step:154/2750 train_time:356.266s step_avg:2313.42ms
step:155/2750 train_time:358.557s step_avg:2313.27ms
step:156/2750 train_time:360.855s step_avg:2313.17ms
step:157/2750 train_time:363.153s step_avg:2313.08ms
step:158/2750 train_time:365.449s step_avg:2312.97ms
step:159/2750 train_time:367.741s step_avg:2312.84ms
step:160/2750 train_time:370.035s step_avg:2312.72ms
step:161/2750 train_time:372.336s step_avg:2312.65ms
step:162/2750 train_time:374.632s step_avg:2312.55ms
step:163/2750 train_time:376.924s step_avg:2312.42ms
step:164/2750 train_time:379.218s step_avg:2312.30ms
step:165/2750 train_time:381.513s step_avg:2312.20ms
step:166/2750 train_time:383.808s step_avg:2312.09ms
step:167/2750 train_time:386.106s step_avg:2312.01ms
step:168/2750 train_time:388.400s step_avg:2311.90ms
step:169/2750 train_time:390.695s step_avg:2311.81ms
step:170/2750 train_time:392.988s step_avg:2311.69ms
step:171/2750 train_time:395.281s step_avg:2311.59ms
step:172/2750 train_time:397.575s step_avg:2311.48ms
step:173/2750 train_time:399.864s step_avg:2311.35ms
step:174/2750 train_time:402.156s step_avg:2311.24ms
step:175/2750 train_time:404.451s step_avg:2311.15ms
step:176/2750 train_time:406.742s step_avg:2311.03ms
step:177/2750 train_time:409.039s step_avg:2310.96ms
step:178/2750 train_time:411.332s step_avg:2310.85ms
step:179/2750 train_time:413.628s step_avg:2310.77ms
step:180/2750 train_time:415.922s step_avg:2310.68ms
step:181/2750 train_time:418.207s step_avg:2310.53ms
step:182/2750 train_time:420.500s step_avg:2310.44ms
step:183/2750 train_time:422.794s step_avg:2310.35ms
step:184/2750 train_time:425.090s step_avg:2310.27ms
step:185/2750 train_time:427.382s step_avg:2310.17ms
step:186/2750 train_time:429.679s step_avg:2310.10ms
step:187/2750 train_time:431.978s step_avg:2310.04ms
step:188/2750 train_time:434.269s step_avg:2309.94ms
step:189/2750 train_time:436.562s step_avg:2309.85ms
step:190/2750 train_time:438.858s step_avg:2309.78ms
step:191/2750 train_time:441.177s step_avg:2309.83ms
step:192/2750 train_time:443.470s step_avg:2309.74ms
step:193/2750 train_time:445.761s step_avg:2309.64ms
step:194/2750 train_time:448.058s step_avg:2309.58ms
step:195/2750 train_time:450.346s step_avg:2309.47ms
step:196/2750 train_time:452.640s step_avg:2309.39ms
step:197/2750 train_time:454.936s step_avg:2309.32ms
step:198/2750 train_time:457.229s step_avg:2309.24ms
step:199/2750 train_time:459.521s step_avg:2309.15ms
step:200/2750 train_time:461.814s step_avg:2309.07ms
step:201/2750 train_time:464.103s step_avg:2308.97ms
step:202/2750 train_time:466.399s step_avg:2308.90ms
step:203/2750 train_time:468.684s step_avg:2308.79ms
step:204/2750 train_time:470.988s step_avg:2308.77ms
step:205/2750 train_time:473.279s step_avg:2308.68ms
step:206/2750 train_time:475.571s step_avg:2308.60ms
step:207/2750 train_time:477.859s step_avg:2308.50ms
step:208/2750 train_time:480.151s step_avg:2308.42ms
step:209/2750 train_time:482.440s step_avg:2308.33ms
step:210/2750 train_time:484.735s step_avg:2308.26ms
step:211/2750 train_time:487.026s step_avg:2308.18ms
step:212/2750 train_time:489.320s step_avg:2308.11ms
step:213/2750 train_time:491.614s step_avg:2308.05ms
step:214/2750 train_time:493.914s step_avg:2308.01ms
step:215/2750 train_time:496.204s step_avg:2307.93ms
step:216/2750 train_time:498.498s step_avg:2307.86ms
step:217/2750 train_time:500.787s step_avg:2307.77ms
step:218/2750 train_time:503.081s step_avg:2307.71ms
step:219/2750 train_time:505.369s step_avg:2307.62ms
step:220/2750 train_time:507.657s step_avg:2307.53ms
step:221/2750 train_time:509.955s step_avg:2307.49ms
step:222/2750 train_time:512.252s step_avg:2307.44ms
step:223/2750 train_time:514.545s step_avg:2307.37ms
step:224/2750 train_time:516.834s step_avg:2307.30ms
step:225/2750 train_time:519.123s step_avg:2307.21ms
step:226/2750 train_time:521.419s step_avg:2307.16ms
step:227/2750 train_time:523.709s step_avg:2307.09ms
step:228/2750 train_time:526.001s step_avg:2307.02ms
step:229/2750 train_time:528.297s step_avg:2306.97ms
step:230/2750 train_time:530.592s step_avg:2306.92ms
step:231/2750 train_time:532.878s step_avg:2306.83ms
step:232/2750 train_time:535.167s step_avg:2306.75ms
step:233/2750 train_time:537.457s step_avg:2306.68ms
step:234/2750 train_time:539.749s step_avg:2306.62ms
step:235/2750 train_time:542.041s step_avg:2306.56ms
step:236/2750 train_time:544.333s step_avg:2306.49ms
step:237/2750 train_time:546.628s step_avg:2306.45ms
step:238/2750 train_time:548.919s step_avg:2306.38ms
step:239/2750 train_time:551.205s step_avg:2306.30ms
step:240/2750 train_time:553.495s step_avg:2306.23ms
step:241/2750 train_time:555.792s step_avg:2306.19ms
step:242/2750 train_time:558.088s step_avg:2306.15ms
step:243/2750 train_time:560.383s step_avg:2306.10ms
step:244/2750 train_time:562.676s step_avg:2306.05ms
step:245/2750 train_time:564.966s step_avg:2305.98ms
step:246/2750 train_time:567.259s step_avg:2305.93ms
step:247/2750 train_time:569.555s step_avg:2305.89ms
step:248/2750 train_time:571.846s step_avg:2305.83ms
step:249/2750 train_time:574.137s step_avg:2305.77ms
step:250/2750 train_time:576.430s step_avg:2305.72ms
step:250/2750 val_loss:4.08596 train_time:576.430s step_avg:2293.97ms
step:251/2750 train_time:578.721s step_avg:2305.66ms
step:252/2750 train_time:581.013s step_avg:2305.61ms
step:253/2750 train_time:583.301s step_avg:2305.54ms
step:254/2750 train_time:585.590s step_avg:2305.47ms
step:255/2750 train_time:587.877s step_avg:2305.40ms
step:256/2750 train_time:590.168s step_avg:2305.34ms
step:257/2750 train_time:592.462s step_avg:2305.30ms
step:258/2750 train_time:594.749s step_avg:2305.23ms
step:259/2750 train_time:597.044s step_avg:2305.19ms
step:260/2750 train_time:599.331s step_avg:2305.12ms
step:261/2750 train_time:601.618s step_avg:2305.05ms
step:262/2750 train_time:603.910s step_avg:2305.00ms
step:263/2750 train_time:606.197s step_avg:2304.93ms
step:264/2750 train_time:608.489s step_avg:2304.88ms
step:265/2750 train_time:610.780s step_avg:2304.83ms
step:266/2750 train_time:613.070s step_avg:2304.77ms
step:267/2750 train_time:615.356s step_avg:2304.70ms
step:268/2750 train_time:617.651s step_avg:2304.67ms
step:269/2750 train_time:619.939s step_avg:2304.60ms
step:270/2750 train_time:622.227s step_avg:2304.54ms
step:271/2750 train_time:624.519s step_avg:2304.50ms
step:272/2750 train_time:626.810s step_avg:2304.45ms
step:273/2750 train_time:629.102s step_avg:2304.40ms
step:274/2750 train_time:631.391s step_avg:2304.35ms
step:275/2750 train_time:633.680s step_avg:2304.29ms
step:276/2750 train_time:635.968s step_avg:2304.23ms
step:277/2750 train_time:638.256s step_avg:2304.17ms
step:278/2750 train_time:640.543s step_avg:2304.11ms
step:279/2750 train_time:642.835s step_avg:2304.07ms
step:280/2750 train_time:645.127s step_avg:2304.02ms
step:281/2750 train_time:647.413s step_avg:2303.96ms
step:282/2750 train_time:649.700s step_avg:2303.90ms
step:283/2750 train_time:651.995s step_avg:2303.87ms
step:284/2750 train_time:654.277s step_avg:2303.79ms
step:285/2750 train_time:656.567s step_avg:2303.74ms
step:286/2750 train_time:658.856s step_avg:2303.69ms
step:287/2750 train_time:661.146s step_avg:2303.64ms
step:288/2750 train_time:663.431s step_avg:2303.58ms
step:289/2750 train_time:665.719s step_avg:2303.53ms
step:290/2750 train_time:668.010s step_avg:2303.48ms
step:291/2750 train_time:670.299s step_avg:2303.43ms
step:292/2750 train_time:672.589s step_avg:2303.39ms
step:293/2750 train_time:674.878s step_avg:2303.34ms
step:294/2750 train_time:677.168s step_avg:2303.29ms
step:295/2750 train_time:679.458s step_avg:2303.25ms
step:296/2750 train_time:681.748s step_avg:2303.20ms
step:297/2750 train_time:684.033s step_avg:2303.14ms
step:298/2750 train_time:686.321s step_avg:2303.09ms
step:299/2750 train_time:688.614s step_avg:2303.06ms
step:300/2750 train_time:690.905s step_avg:2303.02ms
step:301/2750 train_time:693.188s step_avg:2302.95ms
step:302/2750 train_time:695.479s step_avg:2302.91ms
step:303/2750 train_time:697.773s step_avg:2302.88ms
step:304/2750 train_time:700.061s step_avg:2302.83ms
step:305/2750 train_time:702.351s step_avg:2302.79ms
step:306/2750 train_time:704.641s step_avg:2302.75ms
step:307/2750 train_time:706.930s step_avg:2302.70ms
step:308/2750 train_time:709.219s step_avg:2302.66ms
step:309/2750 train_time:711.508s step_avg:2302.62ms
step:310/2750 train_time:713.798s step_avg:2302.57ms
step:311/2750 train_time:716.088s step_avg:2302.53ms
step:312/2750 train_time:718.375s step_avg:2302.48ms
step:313/2750 train_time:720.667s step_avg:2302.45ms
step:314/2750 train_time:722.952s step_avg:2302.40ms
step:315/2750 train_time:725.241s step_avg:2302.35ms
step:316/2750 train_time:727.530s step_avg:2302.31ms
step:317/2750 train_time:729.816s step_avg:2302.26ms
step:318/2750 train_time:732.102s step_avg:2302.21ms
step:319/2750 train_time:734.393s step_avg:2302.17ms
step:320/2750 train_time:736.682s step_avg:2302.13ms
step:321/2750 train_time:738.969s step_avg:2302.08ms
step:322/2750 train_time:741.259s step_avg:2302.05ms
step:323/2750 train_time:743.553s step_avg:2302.02ms
step:324/2750 train_time:745.843s step_avg:2301.98ms
step:325/2750 train_time:748.131s step_avg:2301.94ms
step:326/2750 train_time:750.419s step_avg:2301.90ms
step:327/2750 train_time:752.705s step_avg:2301.85ms
step:328/2750 train_time:754.998s step_avg:2301.82ms
step:329/2750 train_time:757.287s step_avg:2301.78ms
step:330/2750 train_time:759.579s step_avg:2301.76ms
step:331/2750 train_time:761.871s step_avg:2301.72ms
step:332/2750 train_time:764.161s step_avg:2301.69ms
step:333/2750 train_time:766.453s step_avg:2301.66ms
step:334/2750 train_time:768.746s step_avg:2301.63ms
step:335/2750 train_time:771.030s step_avg:2301.58ms
step:336/2750 train_time:773.320s step_avg:2301.55ms
step:337/2750 train_time:775.612s step_avg:2301.52ms
step:338/2750 train_time:777.896s step_avg:2301.47ms
step:339/2750 train_time:780.184s step_avg:2301.43ms
step:340/2750 train_time:782.475s step_avg:2301.40ms
step:341/2750 train_time:784.762s step_avg:2301.36ms
step:342/2750 train_time:787.054s step_avg:2301.33ms
step:343/2750 train_time:789.344s step_avg:2301.30ms
step:344/2750 train_time:791.638s step_avg:2301.27ms
step:345/2750 train_time:793.927s step_avg:2301.24ms
step:346/2750 train_time:796.212s step_avg:2301.19ms
step:347/2750 train_time:798.503s step_avg:2301.16ms
step:348/2750 train_time:800.790s step_avg:2301.12ms
step:349/2750 train_time:803.077s step_avg:2301.08ms
step:350/2750 train_time:805.371s step_avg:2301.06ms
step:351/2750 train_time:807.655s step_avg:2301.01ms
step:352/2750 train_time:809.942s step_avg:2300.97ms
step:353/2750 train_time:812.231s step_avg:2300.94ms
step:354/2750 train_time:814.521s step_avg:2300.91ms
step:355/2750 train_time:816.805s step_avg:2300.86ms
step:356/2750 train_time:819.097s step_avg:2300.83ms
step:357/2750 train_time:821.389s step_avg:2300.81ms
step:358/2750 train_time:823.674s step_avg:2300.76ms
step:359/2750 train_time:825.964s step_avg:2300.73ms
step:360/2750 train_time:828.261s step_avg:2300.72ms
step:361/2750 train_time:830.553s step_avg:2300.70ms
step:362/2750 train_time:832.844s step_avg:2300.67ms
step:363/2750 train_time:835.131s step_avg:2300.64ms
step:364/2750 train_time:837.422s step_avg:2300.61ms
step:365/2750 train_time:839.713s step_avg:2300.58ms
step:366/2750 train_time:842.007s step_avg:2300.57ms
step:367/2750 train_time:844.299s step_avg:2300.54ms
step:368/2750 train_time:846.592s step_avg:2300.52ms
step:369/2750 train_time:848.876s step_avg:2300.48ms
step:370/2750 train_time:851.167s step_avg:2300.45ms
step:371/2750 train_time:853.457s step_avg:2300.42ms
step:372/2750 train_time:855.740s step_avg:2300.38ms
step:373/2750 train_time:858.029s step_avg:2300.35ms
step:374/2750 train_time:860.318s step_avg:2300.32ms
step:375/2750 train_time:862.605s step_avg:2300.28ms
step:375/2750 val_loss:3.93223 train_time:862.605s step_avg:2289.40ms
step:376/2750 train_time:864.906s step_avg:2300.28ms
step:377/2750 train_time:867.198s step_avg:2300.26ms
step:378/2750 train_time:869.482s step_avg:2300.22ms
step:379/2750 train_time:871.775s step_avg:2300.20ms
step:380/2750 train_time:874.068s step_avg:2300.18ms
step:381/2750 train_time:876.379s step_avg:2300.21ms
step:382/2750 train_time:878.669s step_avg:2300.18ms
step:383/2750 train_time:880.959s step_avg:2300.15ms
step:384/2750 train_time:883.251s step_avg:2300.13ms
step:385/2750 train_time:885.545s step_avg:2300.12ms
step:386/2750 train_time:887.830s step_avg:2300.08ms
step:387/2750 train_time:890.121s step_avg:2300.05ms
step:388/2750 train_time:892.416s step_avg:2300.04ms
step:389/2750 train_time:894.708s step_avg:2300.02ms
step:390/2750 train_time:896.995s step_avg:2299.99ms
step:391/2750 train_time:899.285s step_avg:2299.96ms
step:392/2750 train_time:901.586s step_avg:2299.96ms
step:393/2750 train_time:903.876s step_avg:2299.94ms
step:394/2750 train_time:906.160s step_avg:2299.90ms
step:395/2750 train_time:908.451s step_avg:2299.88ms
step:396/2750 train_time:910.738s step_avg:2299.84ms
step:397/2750 train_time:913.021s step_avg:2299.80ms
step:398/2750 train_time:915.309s step_avg:2299.77ms
step:399/2750 train_time:917.597s step_avg:2299.74ms
step:400/2750 train_time:919.883s step_avg:2299.71ms
step:401/2750 train_time:922.174s step_avg:2299.69ms
step:402/2750 train_time:924.465s step_avg:2299.66ms
step:403/2750 train_time:926.747s step_avg:2299.62ms
step:404/2750 train_time:929.033s step_avg:2299.59ms
step:405/2750 train_time:931.323s step_avg:2299.56ms
step:406/2750 train_time:933.605s step_avg:2299.52ms
step:407/2750 train_time:935.896s step_avg:2299.50ms
step:408/2750 train_time:938.189s step_avg:2299.48ms
step:409/2750 train_time:940.469s step_avg:2299.44ms
step:410/2750 train_time:942.757s step_avg:2299.41ms
step:411/2750 train_time:945.047s step_avg:2299.38ms
step:412/2750 train_time:947.332s step_avg:2299.35ms
step:413/2750 train_time:949.620s step_avg:2299.32ms
step:414/2750 train_time:951.916s step_avg:2299.31ms
step:415/2750 train_time:954.204s step_avg:2299.29ms
step:416/2750 train_time:956.491s step_avg:2299.26ms
step:417/2750 train_time:958.778s step_avg:2299.23ms
step:418/2750 train_time:961.068s step_avg:2299.21ms
step:419/2750 train_time:963.354s step_avg:2299.17ms
step:420/2750 train_time:965.647s step_avg:2299.16ms
step:421/2750 train_time:967.938s step_avg:2299.14ms
step:422/2750 train_time:970.227s step_avg:2299.12ms
step:423/2750 train_time:972.515s step_avg:2299.09ms
step:424/2750 train_time:974.808s step_avg:2299.08ms
step:425/2750 train_time:977.096s step_avg:2299.05ms
step:426/2750 train_time:979.383s step_avg:2299.02ms
step:427/2750 train_time:981.675s step_avg:2299.00ms
step:428/2750 train_time:983.966s step_avg:2298.99ms
step:429/2750 train_time:986.251s step_avg:2298.95ms
step:430/2750 train_time:988.541s step_avg:2298.93ms
step:431/2750 train_time:990.835s step_avg:2298.92ms
step:432/2750 train_time:993.122s step_avg:2298.89ms
step:433/2750 train_time:995.412s step_avg:2298.87ms
step:434/2750 train_time:997.700s step_avg:2298.85ms
step:435/2750 train_time:999.992s step_avg:2298.83ms
step:436/2750 train_time:1002.282s step_avg:2298.81ms
step:437/2750 train_time:1004.568s step_avg:2298.78ms
step:438/2750 train_time:1006.858s step_avg:2298.76ms
step:439/2750 train_time:1009.146s step_avg:2298.74ms
step:440/2750 train_time:1011.433s step_avg:2298.71ms
step:441/2750 train_time:1013.724s step_avg:2298.69ms
step:442/2750 train_time:1016.008s step_avg:2298.66ms
step:443/2750 train_time:1018.295s step_avg:2298.63ms
step:444/2750 train_time:1020.584s step_avg:2298.61ms
step:445/2750 train_time:1022.869s step_avg:2298.58ms
step:446/2750 train_time:1025.161s step_avg:2298.57ms
step:447/2750 train_time:1027.453s step_avg:2298.55ms
step:448/2750 train_time:1029.739s step_avg:2298.53ms
step:449/2750 train_time:1032.024s step_avg:2298.50ms
step:450/2750 train_time:1034.312s step_avg:2298.47ms
step:451/2750 train_time:1036.606s step_avg:2298.46ms
step:452/2750 train_time:1038.892s step_avg:2298.43ms
step:453/2750 train_time:1041.179s step_avg:2298.41ms
step:454/2750 train_time:1043.472s step_avg:2298.40ms
step:455/2750 train_time:1045.756s step_avg:2298.36ms
step:456/2750 train_time:1048.046s step_avg:2298.35ms
step:457/2750 train_time:1050.334s step_avg:2298.32ms
step:458/2750 train_time:1052.623s step_avg:2298.30ms
step:459/2750 train_time:1054.912s step_avg:2298.28ms
step:460/2750 train_time:1057.200s step_avg:2298.26ms
step:461/2750 train_time:1059.490s step_avg:2298.24ms
step:462/2750 train_time:1061.778s step_avg:2298.22ms
step:463/2750 train_time:1064.068s step_avg:2298.20ms
step:464/2750 train_time:1066.360s step_avg:2298.19ms
step:465/2750 train_time:1068.650s step_avg:2298.17ms
step:466/2750 train_time:1070.942s step_avg:2298.16ms
step:467/2750 train_time:1073.237s step_avg:2298.15ms
step:468/2750 train_time:1075.530s step_avg:2298.14ms
step:469/2750 train_time:1077.817s step_avg:2298.12ms
step:470/2750 train_time:1080.102s step_avg:2298.09ms
step:471/2750 train_time:1082.395s step_avg:2298.08ms
step:472/2750 train_time:1084.682s step_avg:2298.05ms
step:473/2750 train_time:1086.968s step_avg:2298.03ms
step:474/2750 train_time:1089.257s step_avg:2298.01ms
step:475/2750 train_time:1091.547s step_avg:2297.99ms
step:476/2750 train_time:1093.839s step_avg:2297.98ms
step:477/2750 train_time:1096.128s step_avg:2297.96ms
step:478/2750 train_time:1098.418s step_avg:2297.95ms
step:479/2750 train_time:1100.705s step_avg:2297.92ms
step:480/2750 train_time:1102.991s step_avg:2297.90ms
step:481/2750 train_time:1105.282s step_avg:2297.88ms
step:482/2750 train_time:1107.567s step_avg:2297.86ms
step:483/2750 train_time:1109.853s step_avg:2297.83ms
step:484/2750 train_time:1112.146s step_avg:2297.82ms
step:485/2750 train_time:1114.430s step_avg:2297.79ms
step:486/2750 train_time:1116.722s step_avg:2297.78ms
step:487/2750 train_time:1119.009s step_avg:2297.76ms
step:488/2750 train_time:1121.295s step_avg:2297.74ms
step:489/2750 train_time:1123.586s step_avg:2297.72ms
step:490/2750 train_time:1125.877s step_avg:2297.71ms
step:491/2750 train_time:1128.169s step_avg:2297.70ms
step:492/2750 train_time:1130.451s step_avg:2297.66ms
step:493/2750 train_time:1132.737s step_avg:2297.64ms
step:494/2750 train_time:1135.029s step_avg:2297.63ms
step:495/2750 train_time:1137.315s step_avg:2297.61ms
step:496/2750 train_time:1139.606s step_avg:2297.59ms
step:497/2750 train_time:1141.894s step_avg:2297.57ms
step:498/2750 train_time:1144.176s step_avg:2297.54ms
step:499/2750 train_time:1146.464s step_avg:2297.52ms
step:500/2750 train_time:1148.756s step_avg:2297.51ms
step:500/2750 val_loss:3.81084 train_time:1148.756s step_avg:2289.20ms
step:501/2750 train_time:1151.052s step_avg:2297.51ms
step:502/2750 train_time:1153.344s step_avg:2297.50ms
step:503/2750 train_time:1155.636s step_avg:2297.49ms
step:504/2750 train_time:1157.921s step_avg:2297.46ms
step:505/2750 train_time:1160.208s step_avg:2297.44ms
step:506/2750 train_time:1162.498s step_avg:2297.43ms
step:507/2750 train_time:1164.785s step_avg:2297.41ms
step:508/2750 train_time:1167.073s step_avg:2297.39ms
step:509/2750 train_time:1169.362s step_avg:2297.37ms
step:510/2750 train_time:1171.652s step_avg:2297.36ms
step:511/2750 train_time:1173.941s step_avg:2297.34ms
step:512/2750 train_time:1176.229s step_avg:2297.32ms
step:513/2750 train_time:1178.520s step_avg:2297.31ms
step:514/2750 train_time:1180.812s step_avg:2297.30ms
step:515/2750 train_time:1183.101s step_avg:2297.28ms
step:516/2750 train_time:1185.390s step_avg:2297.27ms
step:517/2750 train_time:1187.676s step_avg:2297.25ms
step:518/2750 train_time:1189.963s step_avg:2297.23ms
step:519/2750 train_time:1192.254s step_avg:2297.21ms
step:520/2750 train_time:1194.546s step_avg:2297.20ms
step:521/2750 train_time:1196.833s step_avg:2297.18ms
step:522/2750 train_time:1199.122s step_avg:2297.17ms
step:523/2750 train_time:1201.413s step_avg:2297.16ms
step:524/2750 train_time:1203.698s step_avg:2297.13ms
step:525/2750 train_time:1205.988s step_avg:2297.12ms
step:526/2750 train_time:1208.283s step_avg:2297.12ms
step:527/2750 train_time:1210.575s step_avg:2297.11ms
step:528/2750 train_time:1212.862s step_avg:2297.09ms
step:529/2750 train_time:1215.148s step_avg:2297.07ms
step:530/2750 train_time:1217.435s step_avg:2297.05ms
step:531/2750 train_time:1219.723s step_avg:2297.03ms
step:532/2750 train_time:1222.013s step_avg:2297.02ms
step:533/2750 train_time:1224.306s step_avg:2297.01ms
step:534/2750 train_time:1226.594s step_avg:2296.99ms
step:535/2750 train_time:1228.883s step_avg:2296.98ms
step:536/2750 train_time:1231.174s step_avg:2296.97ms
step:537/2750 train_time:1233.459s step_avg:2296.94ms
step:538/2750 train_time:1235.749s step_avg:2296.93ms
step:539/2750 train_time:1238.039s step_avg:2296.92ms
step:540/2750 train_time:1240.331s step_avg:2296.91ms
step:541/2750 train_time:1242.617s step_avg:2296.89ms
step:542/2750 train_time:1244.905s step_avg:2296.87ms
step:543/2750 train_time:1247.197s step_avg:2296.86ms
step:544/2750 train_time:1249.482s step_avg:2296.84ms
step:545/2750 train_time:1251.768s step_avg:2296.82ms
step:546/2750 train_time:1254.061s step_avg:2296.81ms
step:547/2750 train_time:1256.343s step_avg:2296.79ms
step:548/2750 train_time:1258.633s step_avg:2296.77ms
step:549/2750 train_time:1260.923s step_avg:2296.76ms
step:550/2750 train_time:1263.212s step_avg:2296.75ms
step:551/2750 train_time:1265.499s step_avg:2296.73ms
step:552/2750 train_time:1267.790s step_avg:2296.72ms
step:553/2750 train_time:1270.081s step_avg:2296.71ms
step:554/2750 train_time:1272.366s step_avg:2296.69ms
step:555/2750 train_time:1274.652s step_avg:2296.67ms
step:556/2750 train_time:1276.942s step_avg:2296.66ms
step:557/2750 train_time:1279.234s step_avg:2296.65ms
step:558/2750 train_time:1281.520s step_avg:2296.63ms
step:559/2750 train_time:1283.812s step_avg:2296.62ms
step:560/2750 train_time:1286.097s step_avg:2296.60ms
step:561/2750 train_time:1288.387s step_avg:2296.59ms
step:562/2750 train_time:1290.677s step_avg:2296.58ms
step:563/2750 train_time:1292.969s step_avg:2296.57ms
step:564/2750 train_time:1295.256s step_avg:2296.55ms
step:565/2750 train_time:1297.545s step_avg:2296.54ms
step:566/2750 train_time:1299.838s step_avg:2296.53ms
step:567/2750 train_time:1302.118s step_avg:2296.50ms
step:568/2750 train_time:1304.405s step_avg:2296.49ms
step:569/2750 train_time:1306.696s step_avg:2296.48ms
step:570/2750 train_time:1308.982s step_avg:2296.46ms
step:571/2750 train_time:1311.288s step_avg:2296.48ms
step:572/2750 train_time:1313.574s step_avg:2296.46ms
step:573/2750 train_time:1315.863s step_avg:2296.44ms
step:574/2750 train_time:1318.153s step_avg:2296.43ms
step:575/2750 train_time:1320.440s step_avg:2296.42ms
step:576/2750 train_time:1322.731s step_avg:2296.41ms
step:577/2750 train_time:1325.017s step_avg:2296.39ms
step:578/2750 train_time:1327.305s step_avg:2296.38ms
step:579/2750 train_time:1329.596s step_avg:2296.37ms
step:580/2750 train_time:1331.884s step_avg:2296.35ms
step:581/2750 train_time:1334.170s step_avg:2296.33ms
step:582/2750 train_time:1336.459s step_avg:2296.32ms
step:583/2750 train_time:1338.750s step_avg:2296.31ms
step:584/2750 train_time:1341.031s step_avg:2296.29ms
step:585/2750 train_time:1343.322s step_avg:2296.28ms
step:586/2750 train_time:1345.613s step_avg:2296.27ms
step:587/2750 train_time:1347.901s step_avg:2296.25ms
step:588/2750 train_time:1350.191s step_avg:2296.24ms
step:589/2750 train_time:1352.480s step_avg:2296.23ms
step:590/2750 train_time:1354.764s step_avg:2296.21ms
step:591/2750 train_time:1357.051s step_avg:2296.19ms
step:592/2750 train_time:1359.340s step_avg:2296.18ms
step:593/2750 train_time:1361.630s step_avg:2296.17ms
step:594/2750 train_time:1363.918s step_avg:2296.16ms
step:595/2750 train_time:1366.201s step_avg:2296.14ms
step:596/2750 train_time:1368.486s step_avg:2296.12ms
step:597/2750 train_time:1370.774s step_avg:2296.10ms
step:598/2750 train_time:1373.062s step_avg:2296.09ms
step:599/2750 train_time:1375.348s step_avg:2296.07ms
step:600/2750 train_time:1377.632s step_avg:2296.05ms
step:601/2750 train_time:1379.922s step_avg:2296.04ms
step:602/2750 train_time:1382.212s step_avg:2296.03ms
step:603/2750 train_time:1384.502s step_avg:2296.02ms
step:604/2750 train_time:1386.789s step_avg:2296.01ms
step:605/2750 train_time:1389.080s step_avg:2296.00ms
step:606/2750 train_time:1391.368s step_avg:2295.99ms
step:607/2750 train_time:1393.654s step_avg:2295.97ms
step:608/2750 train_time:1395.944s step_avg:2295.96ms
step:609/2750 train_time:1398.234s step_avg:2295.95ms
step:610/2750 train_time:1400.521s step_avg:2295.94ms
step:611/2750 train_time:1402.811s step_avg:2295.93ms
step:612/2750 train_time:1405.096s step_avg:2295.91ms
step:613/2750 train_time:1407.385s step_avg:2295.90ms
step:614/2750 train_time:1409.674s step_avg:2295.89ms
step:615/2750 train_time:1411.965s step_avg:2295.88ms
step:616/2750 train_time:1414.253s step_avg:2295.86ms
step:617/2750 train_time:1416.542s step_avg:2295.85ms
step:618/2750 train_time:1418.834s step_avg:2295.85ms
step:619/2750 train_time:1421.123s step_avg:2295.84ms
step:620/2750 train_time:1423.411s step_avg:2295.82ms
step:621/2750 train_time:1425.699s step_avg:2295.81ms
step:622/2750 train_time:1427.982s step_avg:2295.79ms
step:623/2750 train_time:1430.272s step_avg:2295.78ms
step:624/2750 train_time:1432.562s step_avg:2295.77ms
step:625/2750 train_time:1434.852s step_avg:2295.76ms
step:625/2750 val_loss:3.73196 train_time:1434.852s step_avg:2288.77ms
step:626/2750 train_time:1437.151s step_avg:2295.77ms
step:627/2750 train_time:1439.446s step_avg:2295.77ms
step:628/2750 train_time:1441.732s step_avg:2295.75ms
step:629/2750 train_time:1444.020s step_avg:2295.74ms
step:630/2750 train_time:1446.310s step_avg:2295.73ms
step:631/2750 train_time:1448.594s step_avg:2295.71ms
step:632/2750 train_time:1450.883s step_avg:2295.70ms
step:633/2750 train_time:1453.170s step_avg:2295.69ms
step:634/2750 train_time:1455.458s step_avg:2295.67ms
step:635/2750 train_time:1457.744s step_avg:2295.66ms
step:636/2750 train_time:1460.033s step_avg:2295.65ms
step:637/2750 train_time:1462.323s step_avg:2295.64ms
step:638/2750 train_time:1464.615s step_avg:2295.64ms
step:639/2750 train_time:1466.901s step_avg:2295.62ms
step:640/2750 train_time:1469.195s step_avg:2295.62ms
step:641/2750 train_time:1471.483s step_avg:2295.61ms
step:642/2750 train_time:1473.769s step_avg:2295.59ms
step:643/2750 train_time:1476.059s step_avg:2295.58ms
step:644/2750 train_time:1478.347s step_avg:2295.57ms
step:645/2750 train_time:1480.634s step_avg:2295.56ms
step:646/2750 train_time:1482.927s step_avg:2295.55ms
step:647/2750 train_time:1485.217s step_avg:2295.54ms
step:648/2750 train_time:1487.502s step_avg:2295.53ms
step:649/2750 train_time:1489.790s step_avg:2295.52ms
step:650/2750 train_time:1492.085s step_avg:2295.51ms
step:651/2750 train_time:1494.373s step_avg:2295.50ms
step:652/2750 train_time:1496.661s step_avg:2295.49ms
step:653/2750 train_time:1498.949s step_avg:2295.48ms
step:654/2750 train_time:1501.237s step_avg:2295.47ms
step:655/2750 train_time:1503.528s step_avg:2295.46ms
step:656/2750 train_time:1505.818s step_avg:2295.45ms
step:657/2750 train_time:1508.108s step_avg:2295.45ms
step:658/2750 train_time:1510.400s step_avg:2295.44ms
step:659/2750 train_time:1512.686s step_avg:2295.43ms
step:660/2750 train_time:1514.979s step_avg:2295.42ms
step:661/2750 train_time:1517.262s step_avg:2295.40ms
step:662/2750 train_time:1519.550s step_avg:2295.39ms
step:663/2750 train_time:1521.841s step_avg:2295.39ms
step:664/2750 train_time:1524.128s step_avg:2295.37ms
step:665/2750 train_time:1526.409s step_avg:2295.35ms
step:666/2750 train_time:1528.699s step_avg:2295.34ms
step:667/2750 train_time:1530.986s step_avg:2295.33ms
step:668/2750 train_time:1533.279s step_avg:2295.33ms
step:669/2750 train_time:1535.572s step_avg:2295.32ms
step:670/2750 train_time:1537.866s step_avg:2295.32ms
step:671/2750 train_time:1540.148s step_avg:2295.30ms
step:672/2750 train_time:1542.438s step_avg:2295.29ms
step:673/2750 train_time:1544.726s step_avg:2295.28ms
step:674/2750 train_time:1547.013s step_avg:2295.27ms
step:675/2750 train_time:1549.303s step_avg:2295.26ms
step:676/2750 train_time:1551.592s step_avg:2295.25ms
step:677/2750 train_time:1553.887s step_avg:2295.25ms
step:678/2750 train_time:1556.175s step_avg:2295.24ms
step:679/2750 train_time:1558.462s step_avg:2295.23ms
step:680/2750 train_time:1560.753s step_avg:2295.22ms
step:681/2750 train_time:1563.041s step_avg:2295.21ms
step:682/2750 train_time:1565.328s step_avg:2295.20ms
step:683/2750 train_time:1567.617s step_avg:2295.19ms
step:684/2750 train_time:1569.900s step_avg:2295.18ms
step:685/2750 train_time:1572.188s step_avg:2295.16ms
step:686/2750 train_time:1574.479s step_avg:2295.16ms
step:687/2750 train_time:1576.763s step_avg:2295.14ms
step:688/2750 train_time:1579.052s step_avg:2295.13ms
step:689/2750 train_time:1581.342s step_avg:2295.13ms
step:690/2750 train_time:1583.634s step_avg:2295.12ms
step:691/2750 train_time:1585.920s step_avg:2295.11ms
step:692/2750 train_time:1588.207s step_avg:2295.10ms
step:693/2750 train_time:1590.497s step_avg:2295.09ms
step:694/2750 train_time:1592.778s step_avg:2295.07ms
step:695/2750 train_time:1595.064s step_avg:2295.06ms
step:696/2750 train_time:1597.359s step_avg:2295.06ms
step:697/2750 train_time:1599.641s step_avg:2295.04ms
step:698/2750 train_time:1601.928s step_avg:2295.03ms
step:699/2750 train_time:1604.222s step_avg:2295.02ms
step:700/2750 train_time:1606.508s step_avg:2295.01ms
step:701/2750 train_time:1608.798s step_avg:2295.00ms
step:702/2750 train_time:1611.087s step_avg:2295.00ms
step:703/2750 train_time:1613.375s step_avg:2294.99ms
step:704/2750 train_time:1615.662s step_avg:2294.97ms
step:705/2750 train_time:1617.951s step_avg:2294.97ms
step:706/2750 train_time:1620.238s step_avg:2294.96ms
step:707/2750 train_time:1622.526s step_avg:2294.95ms
step:708/2750 train_time:1624.817s step_avg:2294.94ms
step:709/2750 train_time:1627.105s step_avg:2294.93ms
step:710/2750 train_time:1629.393s step_avg:2294.92ms
step:711/2750 train_time:1631.690s step_avg:2294.92ms
step:712/2750 train_time:1633.982s step_avg:2294.92ms
step:713/2750 train_time:1636.270s step_avg:2294.91ms
step:714/2750 train_time:1638.558s step_avg:2294.90ms
step:715/2750 train_time:1640.848s step_avg:2294.89ms
step:716/2750 train_time:1643.137s step_avg:2294.88ms
step:717/2750 train_time:1645.422s step_avg:2294.87ms
step:718/2750 train_time:1647.709s step_avg:2294.86ms
step:719/2750 train_time:1650.010s step_avg:2294.87ms
step:720/2750 train_time:1652.297s step_avg:2294.86ms
step:721/2750 train_time:1654.587s step_avg:2294.85ms
step:722/2750 train_time:1656.878s step_avg:2294.85ms
step:723/2750 train_time:1659.168s step_avg:2294.84ms
step:724/2750 train_time:1661.460s step_avg:2294.83ms
step:725/2750 train_time:1663.750s step_avg:2294.83ms
step:726/2750 train_time:1666.041s step_avg:2294.82ms
step:727/2750 train_time:1668.338s step_avg:2294.82ms
step:728/2750 train_time:1670.623s step_avg:2294.81ms
step:729/2750 train_time:1672.914s step_avg:2294.81ms
step:730/2750 train_time:1675.206s step_avg:2294.80ms
step:731/2750 train_time:1677.493s step_avg:2294.79ms
step:732/2750 train_time:1679.782s step_avg:2294.78ms
step:733/2750 train_time:1682.068s step_avg:2294.77ms
step:734/2750 train_time:1684.354s step_avg:2294.76ms
step:735/2750 train_time:1686.642s step_avg:2294.75ms
step:736/2750 train_time:1688.929s step_avg:2294.74ms
step:737/2750 train_time:1691.219s step_avg:2294.73ms
step:738/2750 train_time:1693.511s step_avg:2294.73ms
step:739/2750 train_time:1695.799s step_avg:2294.72ms
step:740/2750 train_time:1698.089s step_avg:2294.71ms
step:741/2750 train_time:1700.377s step_avg:2294.71ms
step:742/2750 train_time:1702.663s step_avg:2294.69ms
step:743/2750 train_time:1704.958s step_avg:2294.69ms
step:744/2750 train_time:1707.243s step_avg:2294.68ms
step:745/2750 train_time:1709.528s step_avg:2294.67ms
step:746/2750 train_time:1711.820s step_avg:2294.66ms
step:747/2750 train_time:1714.106s step_avg:2294.65ms
step:748/2750 train_time:1716.395s step_avg:2294.65ms
step:749/2750 train_time:1718.684s step_avg:2294.64ms
step:750/2750 train_time:1720.973s step_avg:2294.63ms
step:750/2750 val_loss:3.68526 train_time:1720.974s step_avg:2288.97ms
step:751/2750 train_time:1723.271s step_avg:2294.63ms
step:752/2750 train_time:1725.561s step_avg:2294.63ms
step:753/2750 train_time:1727.847s step_avg:2294.62ms
step:754/2750 train_time:1730.142s step_avg:2294.62ms
step:755/2750 train_time:1732.431s step_avg:2294.61ms
step:756/2750 train_time:1734.725s step_avg:2294.61ms
step:757/2750 train_time:1737.010s step_avg:2294.60ms
step:758/2750 train_time:1739.300s step_avg:2294.59ms
step:759/2750 train_time:1741.591s step_avg:2294.59ms
step:760/2750 train_time:1743.876s step_avg:2294.57ms
step:761/2750 train_time:1746.188s step_avg:2294.60ms
step:762/2750 train_time:1748.477s step_avg:2294.59ms
step:763/2750 train_time:1750.770s step_avg:2294.59ms
step:764/2750 train_time:1753.066s step_avg:2294.59ms
step:765/2750 train_time:1755.353s step_avg:2294.58ms
step:766/2750 train_time:1757.643s step_avg:2294.57ms
step:767/2750 train_time:1759.936s step_avg:2294.57ms
step:768/2750 train_time:1762.228s step_avg:2294.57ms
step:769/2750 train_time:1764.518s step_avg:2294.56ms
step:770/2750 train_time:1766.805s step_avg:2294.55ms
step:771/2750 train_time:1769.095s step_avg:2294.55ms
step:772/2750 train_time:1771.382s step_avg:2294.54ms
step:773/2750 train_time:1773.670s step_avg:2294.53ms
step:774/2750 train_time:1775.962s step_avg:2294.52ms
step:775/2750 train_time:1778.251s step_avg:2294.52ms
step:776/2750 train_time:1780.541s step_avg:2294.51ms
step:777/2750 train_time:1782.834s step_avg:2294.51ms
step:778/2750 train_time:1785.127s step_avg:2294.51ms
step:779/2750 train_time:1787.424s step_avg:2294.51ms
step:780/2750 train_time:1789.714s step_avg:2294.51ms
step:781/2750 train_time:1792.003s step_avg:2294.50ms
step:782/2750 train_time:1794.293s step_avg:2294.49ms
step:783/2750 train_time:1796.584s step_avg:2294.49ms
step:784/2750 train_time:1798.872s step_avg:2294.48ms
step:785/2750 train_time:1801.163s step_avg:2294.47ms
step:786/2750 train_time:1803.449s step_avg:2294.46ms
step:787/2750 train_time:1805.740s step_avg:2294.46ms
step:788/2750 train_time:1808.029s step_avg:2294.45ms
step:789/2750 train_time:1810.323s step_avg:2294.45ms
step:790/2750 train_time:1812.608s step_avg:2294.44ms
step:791/2750 train_time:1814.896s step_avg:2294.43ms
step:792/2750 train_time:1817.188s step_avg:2294.43ms
step:793/2750 train_time:1819.476s step_avg:2294.42ms
step:794/2750 train_time:1821.765s step_avg:2294.41ms
step:795/2750 train_time:1824.050s step_avg:2294.40ms
step:796/2750 train_time:1826.338s step_avg:2294.39ms
step:797/2750 train_time:1828.626s step_avg:2294.39ms
step:798/2750 train_time:1830.915s step_avg:2294.38ms
step:799/2750 train_time:1833.200s step_avg:2294.37ms
step:800/2750 train_time:1835.490s step_avg:2294.36ms
step:801/2750 train_time:1837.779s step_avg:2294.36ms
step:802/2750 train_time:1840.064s step_avg:2294.34ms
step:803/2750 train_time:1842.354s step_avg:2294.34ms
step:804/2750 train_time:1844.643s step_avg:2294.33ms
step:805/2750 train_time:1846.932s step_avg:2294.33ms
step:806/2750 train_time:1849.222s step_avg:2294.32ms
step:807/2750 train_time:1851.508s step_avg:2294.31ms
step:808/2750 train_time:1853.799s step_avg:2294.31ms
step:809/2750 train_time:1856.086s step_avg:2294.30ms
step:810/2750 train_time:1858.376s step_avg:2294.29ms
step:811/2750 train_time:1860.668s step_avg:2294.29ms
step:812/2750 train_time:1862.959s step_avg:2294.28ms
step:813/2750 train_time:1865.246s step_avg:2294.28ms
step:814/2750 train_time:1867.535s step_avg:2294.27ms
step:815/2750 train_time:1869.831s step_avg:2294.27ms
step:816/2750 train_time:1872.120s step_avg:2294.26ms
step:817/2750 train_time:1874.409s step_avg:2294.26ms
step:818/2750 train_time:1876.694s step_avg:2294.25ms
step:819/2750 train_time:1878.981s step_avg:2294.24ms
step:820/2750 train_time:1881.271s step_avg:2294.23ms
step:821/2750 train_time:1883.559s step_avg:2294.23ms
step:822/2750 train_time:1885.851s step_avg:2294.22ms
step:823/2750 train_time:1888.140s step_avg:2294.22ms
step:824/2750 train_time:1890.425s step_avg:2294.21ms
step:825/2750 train_time:1892.716s step_avg:2294.20ms
step:826/2750 train_time:1895.004s step_avg:2294.19ms
step:827/2750 train_time:1897.288s step_avg:2294.18ms
step:828/2750 train_time:1899.579s step_avg:2294.18ms
step:829/2750 train_time:1901.866s step_avg:2294.17ms
step:830/2750 train_time:1904.155s step_avg:2294.16ms
step:831/2750 train_time:1906.447s step_avg:2294.16ms
step:832/2750 train_time:1908.737s step_avg:2294.16ms
step:833/2750 train_time:1911.023s step_avg:2294.14ms
step:834/2750 train_time:1913.311s step_avg:2294.14ms
step:835/2750 train_time:1915.604s step_avg:2294.14ms
step:836/2750 train_time:1917.889s step_avg:2294.13ms
step:837/2750 train_time:1920.180s step_avg:2294.12ms
step:838/2750 train_time:1922.471s step_avg:2294.12ms
step:839/2750 train_time:1924.756s step_avg:2294.11ms
step:840/2750 train_time:1927.046s step_avg:2294.10ms
step:841/2750 train_time:1929.334s step_avg:2294.09ms
step:842/2750 train_time:1931.620s step_avg:2294.08ms
step:843/2750 train_time:1933.912s step_avg:2294.08ms
step:844/2750 train_time:1936.205s step_avg:2294.08ms
step:845/2750 train_time:1938.500s step_avg:2294.08ms
step:846/2750 train_time:1940.784s step_avg:2294.07ms
step:847/2750 train_time:1943.072s step_avg:2294.06ms
step:848/2750 train_time:1945.363s step_avg:2294.06ms
step:849/2750 train_time:1947.649s step_avg:2294.05ms
step:850/2750 train_time:1949.943s step_avg:2294.05ms
step:851/2750 train_time:1952.232s step_avg:2294.04ms
step:852/2750 train_time:1954.526s step_avg:2294.04ms
step:853/2750 train_time:1956.811s step_avg:2294.03ms
step:854/2750 train_time:1959.099s step_avg:2294.03ms
step:855/2750 train_time:1961.392s step_avg:2294.03ms
step:856/2750 train_time:1963.678s step_avg:2294.02ms
step:857/2750 train_time:1965.970s step_avg:2294.01ms
step:858/2750 train_time:1968.261s step_avg:2294.01ms
step:859/2750 train_time:1970.551s step_avg:2294.01ms
step:860/2750 train_time:1972.839s step_avg:2294.00ms
step:861/2750 train_time:1975.123s step_avg:2293.99ms
step:862/2750 train_time:1977.416s step_avg:2293.99ms
step:863/2750 train_time:1979.703s step_avg:2293.98ms
step:864/2750 train_time:1981.988s step_avg:2293.97ms
step:865/2750 train_time:1984.281s step_avg:2293.97ms
step:866/2750 train_time:1986.566s step_avg:2293.96ms
step:867/2750 train_time:1988.856s step_avg:2293.95ms
step:868/2750 train_time:1991.148s step_avg:2293.95ms
step:869/2750 train_time:1993.445s step_avg:2293.95ms
step:870/2750 train_time:1995.730s step_avg:2293.94ms
step:871/2750 train_time:1998.017s step_avg:2293.93ms
step:872/2750 train_time:2000.312s step_avg:2293.94ms
step:873/2750 train_time:2002.599s step_avg:2293.93ms
step:874/2750 train_time:2004.887s step_avg:2293.92ms
step:875/2750 train_time:2007.175s step_avg:2293.91ms
step:875/2750 val_loss:3.64412 train_time:2007.175s step_avg:2289.61ms
step:876/2750 train_time:2009.472s step_avg:2293.92ms
step:877/2750 train_time:2011.760s step_avg:2293.91ms
step:878/2750 train_time:2014.049s step_avg:2293.91ms
step:879/2750 train_time:2016.339s step_avg:2293.90ms
step:880/2750 train_time:2018.632s step_avg:2293.90ms
step:881/2750 train_time:2020.921s step_avg:2293.89ms
step:882/2750 train_time:2023.211s step_avg:2293.89ms
step:883/2750 train_time:2025.499s step_avg:2293.88ms
step:884/2750 train_time:2027.785s step_avg:2293.87ms
step:885/2750 train_time:2030.078s step_avg:2293.87ms
step:886/2750 train_time:2032.362s step_avg:2293.86ms
step:887/2750 train_time:2034.648s step_avg:2293.85ms
step:888/2750 train_time:2036.937s step_avg:2293.85ms
step:889/2750 train_time:2039.225s step_avg:2293.84ms
step:890/2750 train_time:2041.517s step_avg:2293.84ms
step:891/2750 train_time:2043.807s step_avg:2293.84ms
step:892/2750 train_time:2046.102s step_avg:2293.84ms
step:893/2750 train_time:2048.386s step_avg:2293.83ms
step:894/2750 train_time:2050.678s step_avg:2293.82ms
step:895/2750 train_time:2052.969s step_avg:2293.82ms
step:896/2750 train_time:2055.257s step_avg:2293.81ms
step:897/2750 train_time:2057.544s step_avg:2293.81ms
step:898/2750 train_time:2059.836s step_avg:2293.80ms
step:899/2750 train_time:2062.119s step_avg:2293.79ms
step:900/2750 train_time:2064.410s step_avg:2293.79ms
step:901/2750 train_time:2066.701s step_avg:2293.79ms
step:902/2750 train_time:2068.990s step_avg:2293.78ms
step:903/2750 train_time:2071.280s step_avg:2293.78ms
step:904/2750 train_time:2073.566s step_avg:2293.77ms
step:905/2750 train_time:2075.857s step_avg:2293.76ms
step:906/2750 train_time:2078.145s step_avg:2293.76ms
step:907/2750 train_time:2080.434s step_avg:2293.75ms
step:908/2750 train_time:2082.727s step_avg:2293.75ms
step:909/2750 train_time:2085.018s step_avg:2293.75ms
step:910/2750 train_time:2087.302s step_avg:2293.74ms
step:911/2750 train_time:2089.590s step_avg:2293.73ms
step:912/2750 train_time:2091.884s step_avg:2293.73ms
step:913/2750 train_time:2094.167s step_avg:2293.72ms
step:914/2750 train_time:2096.457s step_avg:2293.72ms
step:915/2750 train_time:2098.749s step_avg:2293.71ms
step:916/2750 train_time:2101.037s step_avg:2293.71ms
step:917/2750 train_time:2103.329s step_avg:2293.71ms
step:918/2750 train_time:2105.621s step_avg:2293.70ms
step:919/2750 train_time:2107.910s step_avg:2293.70ms
step:920/2750 train_time:2110.200s step_avg:2293.70ms
step:921/2750 train_time:2112.487s step_avg:2293.69ms
step:922/2750 train_time:2114.779s step_avg:2293.69ms
step:923/2750 train_time:2117.062s step_avg:2293.67ms
step:924/2750 train_time:2119.347s step_avg:2293.67ms
step:925/2750 train_time:2121.639s step_avg:2293.66ms
step:926/2750 train_time:2123.924s step_avg:2293.65ms
step:927/2750 train_time:2126.215s step_avg:2293.65ms
step:928/2750 train_time:2128.504s step_avg:2293.65ms
step:929/2750 train_time:2130.794s step_avg:2293.64ms
step:930/2750 train_time:2133.078s step_avg:2293.63ms
step:931/2750 train_time:2135.369s step_avg:2293.63ms
step:932/2750 train_time:2137.659s step_avg:2293.63ms
step:933/2750 train_time:2139.946s step_avg:2293.62ms
step:934/2750 train_time:2142.236s step_avg:2293.61ms
step:935/2750 train_time:2144.529s step_avg:2293.61ms
step:936/2750 train_time:2146.817s step_avg:2293.61ms
step:937/2750 train_time:2149.108s step_avg:2293.60ms
step:938/2750 train_time:2151.396s step_avg:2293.60ms
step:939/2750 train_time:2153.684s step_avg:2293.59ms
step:940/2750 train_time:2155.972s step_avg:2293.59ms
step:941/2750 train_time:2158.261s step_avg:2293.58ms
step:942/2750 train_time:2160.547s step_avg:2293.57ms
step:943/2750 train_time:2162.839s step_avg:2293.57ms
step:944/2750 train_time:2165.124s step_avg:2293.56ms
step:945/2750 train_time:2167.414s step_avg:2293.56ms
step:946/2750 train_time:2169.704s step_avg:2293.56ms
step:947/2750 train_time:2171.991s step_avg:2293.55ms
step:948/2750 train_time:2174.282s step_avg:2293.55ms
step:949/2750 train_time:2176.567s step_avg:2293.54ms
step:950/2750 train_time:2178.854s step_avg:2293.53ms
step:951/2750 train_time:2181.160s step_avg:2293.54ms
step:952/2750 train_time:2183.452s step_avg:2293.54ms
step:953/2750 train_time:2185.739s step_avg:2293.54ms
step:954/2750 train_time:2188.028s step_avg:2293.53ms
step:955/2750 train_time:2190.313s step_avg:2293.52ms
step:956/2750 train_time:2192.599s step_avg:2293.51ms
step:957/2750 train_time:2194.888s step_avg:2293.51ms
step:958/2750 train_time:2197.174s step_avg:2293.50ms
step:959/2750 train_time:2199.459s step_avg:2293.49ms
step:960/2750 train_time:2201.750s step_avg:2293.49ms
step:961/2750 train_time:2204.037s step_avg:2293.48ms
step:962/2750 train_time:2206.329s step_avg:2293.48ms
step:963/2750 train_time:2208.618s step_avg:2293.48ms
step:964/2750 train_time:2210.905s step_avg:2293.47ms
step:965/2750 train_time:2213.194s step_avg:2293.47ms
step:966/2750 train_time:2215.484s step_avg:2293.46ms
step:967/2750 train_time:2217.772s step_avg:2293.46ms
step:968/2750 train_time:2220.063s step_avg:2293.45ms
step:969/2750 train_time:2222.348s step_avg:2293.44ms
step:970/2750 train_time:2224.639s step_avg:2293.44ms
step:971/2750 train_time:2226.930s step_avg:2293.44ms
step:972/2750 train_time:2229.225s step_avg:2293.44ms
step:973/2750 train_time:2231.510s step_avg:2293.43ms
step:974/2750 train_time:2233.799s step_avg:2293.43ms
step:975/2750 train_time:2236.091s step_avg:2293.43ms
step:976/2750 train_time:2238.381s step_avg:2293.42ms
step:977/2750 train_time:2240.667s step_avg:2293.42ms
step:978/2750 train_time:2242.955s step_avg:2293.41ms
step:979/2750 train_time:2245.248s step_avg:2293.41ms
step:980/2750 train_time:2247.539s step_avg:2293.41ms
step:981/2750 train_time:2249.824s step_avg:2293.40ms
step:982/2750 train_time:2252.115s step_avg:2293.40ms
step:983/2750 train_time:2254.403s step_avg:2293.39ms
step:984/2750 train_time:2256.692s step_avg:2293.39ms
step:985/2750 train_time:2258.982s step_avg:2293.38ms
step:986/2750 train_time:2261.267s step_avg:2293.37ms
step:987/2750 train_time:2263.554s step_avg:2293.37ms
step:988/2750 train_time:2265.846s step_avg:2293.37ms
step:989/2750 train_time:2268.140s step_avg:2293.37ms
step:990/2750 train_time:2270.427s step_avg:2293.36ms
step:991/2750 train_time:2272.715s step_avg:2293.36ms
step:992/2750 train_time:2275.005s step_avg:2293.35ms
step:993/2750 train_time:2277.289s step_avg:2293.34ms
step:994/2750 train_time:2279.580s step_avg:2293.34ms
step:995/2750 train_time:2281.872s step_avg:2293.34ms
step:996/2750 train_time:2284.161s step_avg:2293.33ms
step:997/2750 train_time:2286.452s step_avg:2293.33ms
step:998/2750 train_time:2288.738s step_avg:2293.32ms
step:999/2750 train_time:2291.027s step_avg:2293.32ms
step:1000/2750 train_time:2293.314s step_avg:2293.31ms
step:1000/2750 val_loss:3.60689 train_time:2293.314s step_avg:2289.11ms
step:1001/2750 train_time:2295.614s step_avg:2293.32ms
step:1002/2750 train_time:2297.904s step_avg:2293.32ms
step:1003/2750 train_time:2300.193s step_avg:2293.31ms
step:1004/2750 train_time:2302.482s step_avg:2293.31ms
step:1005/2750 train_time:2304.771s step_avg:2293.30ms
step:1006/2750 train_time:2307.059s step_avg:2293.30ms
step:1007/2750 train_time:2309.348s step_avg:2293.30ms
step:1008/2750 train_time:2311.636s step_avg:2293.29ms
step:1009/2750 train_time:2313.923s step_avg:2293.28ms
step:1010/2750 train_time:2316.214s step_avg:2293.28ms
step:1011/2750 train_time:2318.510s step_avg:2293.28ms
step:1012/2750 train_time:2320.803s step_avg:2293.28ms
step:1013/2750 train_time:2323.087s step_avg:2293.27ms
step:1014/2750 train_time:2325.373s step_avg:2293.27ms
step:1015/2750 train_time:2327.665s step_avg:2293.27ms
step:1016/2750 train_time:2329.951s step_avg:2293.26ms
step:1017/2750 train_time:2332.240s step_avg:2293.25ms
step:1018/2750 train_time:2334.529s step_avg:2293.25ms
step:1019/2750 train_time:2336.816s step_avg:2293.24ms
step:1020/2750 train_time:2339.105s step_avg:2293.24ms
step:1021/2750 train_time:2341.395s step_avg:2293.24ms
step:1022/2750 train_time:2343.681s step_avg:2293.23ms
step:1023/2750 train_time:2345.975s step_avg:2293.23ms
step:1024/2750 train_time:2348.264s step_avg:2293.23ms
step:1025/2750 train_time:2350.556s step_avg:2293.23ms
step:1026/2750 train_time:2352.843s step_avg:2293.22ms
step:1027/2750 train_time:2355.129s step_avg:2293.21ms
step:1028/2750 train_time:2357.421s step_avg:2293.21ms
step:1029/2750 train_time:2359.708s step_avg:2293.21ms
step:1030/2750 train_time:2361.997s step_avg:2293.20ms
step:1031/2750 train_time:2364.293s step_avg:2293.20ms
step:1032/2750 train_time:2366.592s step_avg:2293.21ms
step:1033/2750 train_time:2368.878s step_avg:2293.20ms
step:1034/2750 train_time:2371.165s step_avg:2293.20ms
step:1035/2750 train_time:2373.452s step_avg:2293.19ms
step:1036/2750 train_time:2375.734s step_avg:2293.18ms
step:1037/2750 train_time:2378.023s step_avg:2293.18ms
step:1038/2750 train_time:2380.313s step_avg:2293.17ms
step:1039/2750 train_time:2382.595s step_avg:2293.16ms
step:1040/2750 train_time:2384.884s step_avg:2293.16ms
step:1041/2750 train_time:2387.174s step_avg:2293.15ms
step:1042/2750 train_time:2389.463s step_avg:2293.15ms
step:1043/2750 train_time:2391.755s step_avg:2293.15ms
step:1044/2750 train_time:2394.043s step_avg:2293.14ms
step:1045/2750 train_time:2396.333s step_avg:2293.14ms
step:1046/2750 train_time:2398.621s step_avg:2293.14ms
step:1047/2750 train_time:2400.910s step_avg:2293.13ms
step:1048/2750 train_time:2403.203s step_avg:2293.13ms
step:1049/2750 train_time:2405.490s step_avg:2293.13ms
step:1050/2750 train_time:2407.779s step_avg:2293.12ms
step:1051/2750 train_time:2410.069s step_avg:2293.12ms
step:1052/2750 train_time:2412.357s step_avg:2293.11ms
step:1053/2750 train_time:2414.643s step_avg:2293.11ms
step:1054/2750 train_time:2416.934s step_avg:2293.11ms
step:1055/2750 train_time:2419.225s step_avg:2293.10ms
step:1056/2750 train_time:2421.510s step_avg:2293.10ms
step:1057/2750 train_time:2423.796s step_avg:2293.09ms
step:1058/2750 train_time:2426.088s step_avg:2293.09ms
step:1059/2750 train_time:2428.374s step_avg:2293.08ms
step:1060/2750 train_time:2430.667s step_avg:2293.08ms
step:1061/2750 train_time:2432.954s step_avg:2293.08ms
step:1062/2750 train_time:2435.243s step_avg:2293.07ms
step:1063/2750 train_time:2437.532s step_avg:2293.07ms
step:1064/2750 train_time:2439.824s step_avg:2293.07ms
step:1065/2750 train_time:2442.114s step_avg:2293.06ms
step:1066/2750 train_time:2444.404s step_avg:2293.06ms
step:1067/2750 train_time:2446.688s step_avg:2293.05ms
step:1068/2750 train_time:2448.979s step_avg:2293.05ms
step:1069/2750 train_time:2451.267s step_avg:2293.05ms
step:1070/2750 train_time:2453.552s step_avg:2293.04ms
step:1071/2750 train_time:2455.843s step_avg:2293.04ms
step:1072/2750 train_time:2458.128s step_avg:2293.03ms
step:1073/2750 train_time:2460.414s step_avg:2293.02ms
step:1074/2750 train_time:2462.706s step_avg:2293.02ms
step:1075/2750 train_time:2464.990s step_avg:2293.01ms
step:1076/2750 train_time:2467.281s step_avg:2293.01ms
step:1077/2750 train_time:2469.570s step_avg:2293.01ms
step:1078/2750 train_time:2471.861s step_avg:2293.01ms
step:1079/2750 train_time:2474.147s step_avg:2293.00ms
step:1080/2750 train_time:2476.437s step_avg:2293.00ms
step:1081/2750 train_time:2478.733s step_avg:2293.00ms
step:1082/2750 train_time:2481.023s step_avg:2293.00ms
step:1083/2750 train_time:2483.313s step_avg:2292.99ms
step:1084/2750 train_time:2485.603s step_avg:2292.99ms
step:1085/2750 train_time:2487.890s step_avg:2292.99ms
step:1086/2750 train_time:2490.182s step_avg:2292.99ms
step:1087/2750 train_time:2492.471s step_avg:2292.98ms
step:1088/2750 train_time:2494.764s step_avg:2292.98ms
step:1089/2750 train_time:2497.049s step_avg:2292.97ms
step:1090/2750 train_time:2499.341s step_avg:2292.97ms
step:1091/2750 train_time:2501.633s step_avg:2292.97ms
step:1092/2750 train_time:2503.922s step_avg:2292.97ms
step:1093/2750 train_time:2506.210s step_avg:2292.96ms
step:1094/2750 train_time:2508.500s step_avg:2292.96ms
step:1095/2750 train_time:2510.796s step_avg:2292.96ms
step:1096/2750 train_time:2513.086s step_avg:2292.96ms
step:1097/2750 train_time:2515.372s step_avg:2292.96ms
step:1098/2750 train_time:2517.664s step_avg:2292.95ms
step:1099/2750 train_time:2519.951s step_avg:2292.95ms
step:1100/2750 train_time:2522.240s step_avg:2292.95ms
step:1101/2750 train_time:2524.530s step_avg:2292.94ms
step:1102/2750 train_time:2526.820s step_avg:2292.94ms
step:1103/2750 train_time:2529.107s step_avg:2292.93ms
step:1104/2750 train_time:2531.395s step_avg:2292.93ms
step:1105/2750 train_time:2533.687s step_avg:2292.93ms
step:1106/2750 train_time:2535.979s step_avg:2292.93ms
step:1107/2750 train_time:2538.265s step_avg:2292.92ms
step:1108/2750 train_time:2540.554s step_avg:2292.92ms
step:1109/2750 train_time:2542.846s step_avg:2292.92ms
step:1110/2750 train_time:2545.131s step_avg:2292.91ms
step:1111/2750 train_time:2547.423s step_avg:2292.91ms
step:1112/2750 train_time:2549.714s step_avg:2292.91ms
step:1113/2750 train_time:2551.999s step_avg:2292.90ms
step:1114/2750 train_time:2554.285s step_avg:2292.90ms
step:1115/2750 train_time:2556.577s step_avg:2292.89ms
step:1116/2750 train_time:2558.866s step_avg:2292.89ms
step:1117/2750 train_time:2561.156s step_avg:2292.89ms
step:1118/2750 train_time:2563.444s step_avg:2292.88ms
step:1119/2750 train_time:2565.734s step_avg:2292.88ms
step:1120/2750 train_time:2568.024s step_avg:2292.88ms
step:1121/2750 train_time:2570.310s step_avg:2292.87ms
step:1122/2750 train_time:2572.602s step_avg:2292.87ms
step:1123/2750 train_time:2574.890s step_avg:2292.87ms
step:1124/2750 train_time:2577.180s step_avg:2292.86ms
step:1125/2750 train_time:2579.472s step_avg:2292.86ms
step:1125/2750 val_loss:3.58231 train_time:2579.472s step_avg:2289.26ms
step:1126/2750 train_time:2581.769s step_avg:2292.87ms
step:1127/2750 train_time:2584.059s step_avg:2292.87ms
step:1128/2750 train_time:2586.353s step_avg:2292.87ms
step:1129/2750 train_time:2588.648s step_avg:2292.87ms
step:1130/2750 train_time:2590.936s step_avg:2292.86ms
step:1131/2750 train_time:2593.225s step_avg:2292.86ms
step:1132/2750 train_time:2595.516s step_avg:2292.86ms
step:1133/2750 train_time:2597.804s step_avg:2292.85ms
step:1134/2750 train_time:2600.094s step_avg:2292.85ms
step:1135/2750 train_time:2602.382s step_avg:2292.85ms
step:1136/2750 train_time:2604.672s step_avg:2292.85ms
step:1137/2750 train_time:2606.964s step_avg:2292.84ms
step:1138/2750 train_time:2609.252s step_avg:2292.84ms
step:1139/2750 train_time:2611.541s step_avg:2292.84ms
step:1140/2750 train_time:2613.830s step_avg:2292.83ms
step:1141/2750 train_time:2616.137s step_avg:2292.85ms
step:1142/2750 train_time:2618.425s step_avg:2292.84ms
step:1143/2750 train_time:2620.714s step_avg:2292.84ms
step:1144/2750 train_time:2623.001s step_avg:2292.83ms
step:1145/2750 train_time:2625.288s step_avg:2292.83ms
step:1146/2750 train_time:2627.576s step_avg:2292.82ms
step:1147/2750 train_time:2629.865s step_avg:2292.82ms
step:1148/2750 train_time:2632.155s step_avg:2292.82ms
step:1149/2750 train_time:2634.444s step_avg:2292.81ms
step:1150/2750 train_time:2636.732s step_avg:2292.81ms
step:1151/2750 train_time:2639.019s step_avg:2292.81ms
step:1152/2750 train_time:2641.306s step_avg:2292.80ms
step:1153/2750 train_time:2643.597s step_avg:2292.80ms
step:1154/2750 train_time:2645.883s step_avg:2292.79ms
step:1155/2750 train_time:2648.169s step_avg:2292.79ms
step:1156/2750 train_time:2650.459s step_avg:2292.78ms
step:1157/2750 train_time:2652.747s step_avg:2292.78ms
step:1158/2750 train_time:2655.037s step_avg:2292.78ms
step:1159/2750 train_time:2657.329s step_avg:2292.78ms
step:1160/2750 train_time:2659.616s step_avg:2292.77ms
step:1161/2750 train_time:2661.904s step_avg:2292.77ms
step:1162/2750 train_time:2664.193s step_avg:2292.77ms
step:1163/2750 train_time:2666.485s step_avg:2292.76ms
step:1164/2750 train_time:2668.770s step_avg:2292.76ms
step:1165/2750 train_time:2671.060s step_avg:2292.76ms
step:1166/2750 train_time:2673.352s step_avg:2292.75ms
step:1167/2750 train_time:2675.638s step_avg:2292.75ms
step:1168/2750 train_time:2677.925s step_avg:2292.74ms
step:1169/2750 train_time:2680.216s step_avg:2292.74ms
step:1170/2750 train_time:2682.502s step_avg:2292.74ms
step:1171/2750 train_time:2684.789s step_avg:2292.73ms
step:1172/2750 train_time:2687.079s step_avg:2292.73ms
step:1173/2750 train_time:2689.371s step_avg:2292.73ms
step:1174/2750 train_time:2691.660s step_avg:2292.73ms
step:1175/2750 train_time:2693.948s step_avg:2292.72ms
step:1176/2750 train_time:2696.241s step_avg:2292.72ms
step:1177/2750 train_time:2698.526s step_avg:2292.72ms
step:1178/2750 train_time:2700.819s step_avg:2292.72ms
step:1179/2750 train_time:2703.111s step_avg:2292.72ms
step:1180/2750 train_time:2705.399s step_avg:2292.71ms
step:1181/2750 train_time:2707.680s step_avg:2292.70ms
step:1182/2750 train_time:2709.974s step_avg:2292.70ms
step:1183/2750 train_time:2712.263s step_avg:2292.70ms
step:1184/2750 train_time:2714.548s step_avg:2292.69ms
step:1185/2750 train_time:2716.835s step_avg:2292.69ms
step:1186/2750 train_time:2719.126s step_avg:2292.69ms
step:1187/2750 train_time:2721.414s step_avg:2292.68ms
step:1188/2750 train_time:2723.705s step_avg:2292.68ms
step:1189/2750 train_time:2725.992s step_avg:2292.68ms
step:1190/2750 train_time:2728.278s step_avg:2292.67ms
step:1191/2750 train_time:2730.565s step_avg:2292.67ms
step:1192/2750 train_time:2732.864s step_avg:2292.67ms
step:1193/2750 train_time:2735.152s step_avg:2292.67ms
step:1194/2750 train_time:2737.441s step_avg:2292.66ms
step:1195/2750 train_time:2739.727s step_avg:2292.66ms
step:1196/2750 train_time:2742.018s step_avg:2292.66ms
step:1197/2750 train_time:2744.304s step_avg:2292.65ms
step:1198/2750 train_time:2746.589s step_avg:2292.65ms
step:1199/2750 train_time:2748.880s step_avg:2292.64ms
step:1200/2750 train_time:2751.168s step_avg:2292.64ms
step:1201/2750 train_time:2753.456s step_avg:2292.64ms
step:1202/2750 train_time:2755.747s step_avg:2292.63ms
step:1203/2750 train_time:2758.039s step_avg:2292.63ms
step:1204/2750 train_time:2760.325s step_avg:2292.63ms
step:1205/2750 train_time:2762.614s step_avg:2292.63ms
step:1206/2750 train_time:2764.909s step_avg:2292.63ms
step:1207/2750 train_time:2767.191s step_avg:2292.62ms
step:1208/2750 train_time:2769.479s step_avg:2292.62ms
step:1209/2750 train_time:2771.772s step_avg:2292.62ms
step:1210/2750 train_time:2774.061s step_avg:2292.61ms
step:1211/2750 train_time:2776.347s step_avg:2292.61ms
step:1212/2750 train_time:2778.636s step_avg:2292.60ms
step:1213/2750 train_time:2780.923s step_avg:2292.60ms
step:1214/2750 train_time:2783.211s step_avg:2292.60ms
step:1215/2750 train_time:2785.498s step_avg:2292.59ms
step:1216/2750 train_time:2787.783s step_avg:2292.58ms
step:1217/2750 train_time:2790.074s step_avg:2292.58ms
step:1218/2750 train_time:2792.366s step_avg:2292.58ms
step:1219/2750 train_time:2794.659s step_avg:2292.58ms
step:1220/2750 train_time:2796.950s step_avg:2292.58ms
step:1221/2750 train_time:2799.236s step_avg:2292.58ms
step:1222/2750 train_time:2801.528s step_avg:2292.58ms
step:1223/2750 train_time:2803.814s step_avg:2292.57ms
step:1224/2750 train_time:2806.099s step_avg:2292.56ms
step:1225/2750 train_time:2808.390s step_avg:2292.56ms
step:1226/2750 train_time:2810.683s step_avg:2292.56ms
step:1227/2750 train_time:2812.969s step_avg:2292.56ms
step:1228/2750 train_time:2815.257s step_avg:2292.55ms
step:1229/2750 train_time:2817.550s step_avg:2292.56ms
step:1230/2750 train_time:2819.834s step_avg:2292.55ms
step:1231/2750 train_time:2822.126s step_avg:2292.55ms
step:1232/2750 train_time:2824.414s step_avg:2292.54ms
step:1233/2750 train_time:2826.697s step_avg:2292.54ms
step:1234/2750 train_time:2828.984s step_avg:2292.53ms
step:1235/2750 train_time:2831.274s step_avg:2292.53ms
step:1236/2750 train_time:2833.564s step_avg:2292.53ms
step:1237/2750 train_time:2835.852s step_avg:2292.52ms
step:1238/2750 train_time:2838.140s step_avg:2292.52ms
step:1239/2750 train_time:2840.432s step_avg:2292.52ms
step:1240/2750 train_time:2842.719s step_avg:2292.52ms
step:1241/2750 train_time:2845.006s step_avg:2292.51ms
step:1242/2750 train_time:2847.298s step_avg:2292.51ms
step:1243/2750 train_time:2849.590s step_avg:2292.51ms
step:1244/2750 train_time:2851.874s step_avg:2292.50ms
step:1245/2750 train_time:2854.164s step_avg:2292.50ms
step:1246/2750 train_time:2856.449s step_avg:2292.50ms
step:1247/2750 train_time:2858.738s step_avg:2292.49ms
step:1248/2750 train_time:2861.032s step_avg:2292.49ms
step:1249/2750 train_time:2863.322s step_avg:2292.49ms
step:1250/2750 train_time:2865.606s step_avg:2292.48ms
step:1250/2750 val_loss:3.55133 train_time:2865.606s step_avg:2289.07ms
step:1251/2750 train_time:2867.904s step_avg:2292.49ms
step:1252/2750 train_time:2870.195s step_avg:2292.49ms
step:1253/2750 train_time:2872.483s step_avg:2292.48ms
step:1254/2750 train_time:2874.772s step_avg:2292.48ms
step:1255/2750 train_time:2877.066s step_avg:2292.48ms
step:1256/2750 train_time:2879.350s step_avg:2292.48ms
step:1257/2750 train_time:2881.638s step_avg:2292.47ms
step:1258/2750 train_time:2883.934s step_avg:2292.48ms
step:1259/2750 train_time:2886.223s step_avg:2292.47ms
step:1260/2750 train_time:2888.512s step_avg:2292.47ms
step:1261/2750 train_time:2890.803s step_avg:2292.47ms
step:1262/2750 train_time:2893.093s step_avg:2292.47ms
step:1263/2750 train_time:2895.386s step_avg:2292.47ms
step:1264/2750 train_time:2897.677s step_avg:2292.47ms
step:1265/2750 train_time:2899.968s step_avg:2292.46ms
step:1266/2750 train_time:2902.257s step_avg:2292.46ms
step:1267/2750 train_time:2904.540s step_avg:2292.45ms
step:1268/2750 train_time:2906.837s step_avg:2292.46ms
step:1269/2750 train_time:2909.130s step_avg:2292.46ms
step:1270/2750 train_time:2911.417s step_avg:2292.45ms
step:1271/2750 train_time:2913.704s step_avg:2292.45ms
step:1272/2750 train_time:2915.994s step_avg:2292.45ms
step:1273/2750 train_time:2918.285s step_avg:2292.45ms
step:1274/2750 train_time:2920.574s step_avg:2292.44ms
step:1275/2750 train_time:2922.864s step_avg:2292.44ms
step:1276/2750 train_time:2925.153s step_avg:2292.44ms
step:1277/2750 train_time:2927.439s step_avg:2292.43ms
step:1278/2750 train_time:2929.727s step_avg:2292.43ms
step:1279/2750 train_time:2932.019s step_avg:2292.43ms
step:1280/2750 train_time:2934.304s step_avg:2292.42ms
step:1281/2750 train_time:2936.589s step_avg:2292.42ms
step:1282/2750 train_time:2938.880s step_avg:2292.42ms
step:1283/2750 train_time:2941.170s step_avg:2292.42ms
step:1284/2750 train_time:2943.459s step_avg:2292.41ms
step:1285/2750 train_time:2945.752s step_avg:2292.41ms
step:1286/2750 train_time:2948.042s step_avg:2292.41ms
step:1287/2750 train_time:2950.326s step_avg:2292.41ms
step:1288/2750 train_time:2952.617s step_avg:2292.40ms
step:1289/2750 train_time:2954.908s step_avg:2292.40ms
step:1290/2750 train_time:2957.193s step_avg:2292.40ms
step:1291/2750 train_time:2959.481s step_avg:2292.39ms
step:1292/2750 train_time:2961.775s step_avg:2292.40ms
step:1293/2750 train_time:2964.066s step_avg:2292.39ms
step:1294/2750 train_time:2966.353s step_avg:2292.39ms
step:1295/2750 train_time:2968.643s step_avg:2292.39ms
step:1296/2750 train_time:2970.936s step_avg:2292.39ms
step:1297/2750 train_time:2973.228s step_avg:2292.39ms
step:1298/2750 train_time:2975.517s step_avg:2292.39ms
step:1299/2750 train_time:2977.807s step_avg:2292.38ms
step:1300/2750 train_time:2980.095s step_avg:2292.38ms
step:1301/2750 train_time:2982.384s step_avg:2292.38ms
step:1302/2750 train_time:2984.677s step_avg:2292.38ms
step:1303/2750 train_time:2986.969s step_avg:2292.38ms
step:1304/2750 train_time:2989.254s step_avg:2292.37ms
step:1305/2750 train_time:2991.547s step_avg:2292.37ms
step:1306/2750 train_time:2993.833s step_avg:2292.37ms
step:1307/2750 train_time:2996.118s step_avg:2292.36ms
step:1308/2750 train_time:2998.416s step_avg:2292.37ms
step:1309/2750 train_time:3000.706s step_avg:2292.37ms
step:1310/2750 train_time:3002.998s step_avg:2292.37ms
step:1311/2750 train_time:3005.288s step_avg:2292.36ms
step:1312/2750 train_time:3007.576s step_avg:2292.36ms
step:1313/2750 train_time:3009.868s step_avg:2292.36ms
step:1314/2750 train_time:3012.155s step_avg:2292.36ms
step:1315/2750 train_time:3014.445s step_avg:2292.35ms
step:1316/2750 train_time:3016.736s step_avg:2292.35ms
step:1317/2750 train_time:3019.027s step_avg:2292.35ms
step:1318/2750 train_time:3021.312s step_avg:2292.35ms
step:1319/2750 train_time:3023.603s step_avg:2292.34ms
step:1320/2750 train_time:3025.896s step_avg:2292.35ms
step:1321/2750 train_time:3028.185s step_avg:2292.34ms
step:1322/2750 train_time:3030.476s step_avg:2292.34ms
step:1323/2750 train_time:3032.765s step_avg:2292.34ms
step:1324/2750 train_time:3035.053s step_avg:2292.34ms
step:1325/2750 train_time:3037.342s step_avg:2292.33ms
step:1326/2750 train_time:3039.629s step_avg:2292.33ms
step:1327/2750 train_time:3041.918s step_avg:2292.33ms
step:1328/2750 train_time:3044.205s step_avg:2292.32ms
step:1329/2750 train_time:3046.494s step_avg:2292.32ms
step:1330/2750 train_time:3048.786s step_avg:2292.32ms
step:1331/2750 train_time:3051.100s step_avg:2292.34ms
step:1332/2750 train_time:3053.388s step_avg:2292.33ms
step:1333/2750 train_time:3055.682s step_avg:2292.33ms
step:1334/2750 train_time:3057.966s step_avg:2292.33ms
step:1335/2750 train_time:3060.258s step_avg:2292.33ms
step:1336/2750 train_time:3062.550s step_avg:2292.33ms
step:1337/2750 train_time:3064.839s step_avg:2292.33ms
step:1338/2750 train_time:3067.129s step_avg:2292.32ms
step:1339/2750 train_time:3069.420s step_avg:2292.32ms
step:1340/2750 train_time:3071.705s step_avg:2292.32ms
step:1341/2750 train_time:3073.994s step_avg:2292.31ms
step:1342/2750 train_time:3076.286s step_avg:2292.31ms
step:1343/2750 train_time:3078.574s step_avg:2292.31ms
step:1344/2750 train_time:3080.863s step_avg:2292.31ms
step:1345/2750 train_time:3083.158s step_avg:2292.31ms
step:1346/2750 train_time:3085.446s step_avg:2292.31ms
step:1347/2750 train_time:3087.737s step_avg:2292.31ms
step:1348/2750 train_time:3090.026s step_avg:2292.30ms
step:1349/2750 train_time:3092.318s step_avg:2292.30ms
step:1350/2750 train_time:3094.611s step_avg:2292.30ms
step:1351/2750 train_time:3096.897s step_avg:2292.30ms
step:1352/2750 train_time:3099.189s step_avg:2292.30ms
step:1353/2750 train_time:3101.476s step_avg:2292.30ms
step:1354/2750 train_time:3103.765s step_avg:2292.29ms
step:1355/2750 train_time:3106.055s step_avg:2292.29ms
step:1356/2750 train_time:3108.349s step_avg:2292.29ms
step:1357/2750 train_time:3110.633s step_avg:2292.29ms
step:1358/2750 train_time:3112.924s step_avg:2292.29ms
step:1359/2750 train_time:3115.217s step_avg:2292.29ms
step:1360/2750 train_time:3117.507s step_avg:2292.28ms
step:1361/2750 train_time:3119.796s step_avg:2292.28ms
step:1362/2750 train_time:3122.084s step_avg:2292.28ms
step:1363/2750 train_time:3124.375s step_avg:2292.28ms
step:1364/2750 train_time:3126.663s step_avg:2292.28ms
step:1365/2750 train_time:3128.947s step_avg:2292.27ms
step:1366/2750 train_time:3131.236s step_avg:2292.27ms
step:1367/2750 train_time:3133.526s step_avg:2292.26ms
step:1368/2750 train_time:3135.815s step_avg:2292.26ms
step:1369/2750 train_time:3138.107s step_avg:2292.26ms
step:1370/2750 train_time:3140.396s step_avg:2292.26ms
step:1371/2750 train_time:3142.686s step_avg:2292.26ms
step:1372/2750 train_time:3144.978s step_avg:2292.26ms
step:1373/2750 train_time:3147.272s step_avg:2292.26ms
step:1374/2750 train_time:3149.556s step_avg:2292.25ms
step:1375/2750 train_time:3151.843s step_avg:2292.25ms
step:1375/2750 val_loss:3.52640 train_time:3151.843s step_avg:2289.90ms
step:1376/2750 train_time:3154.137s step_avg:2292.25ms
step:1377/2750 train_time:3156.430s step_avg:2292.25ms
step:1378/2750 train_time:3158.722s step_avg:2292.25ms
step:1379/2750 train_time:3161.016s step_avg:2292.25ms
step:1380/2750 train_time:3163.300s step_avg:2292.25ms
step:1381/2750 train_time:3165.585s step_avg:2292.24ms
step:1382/2750 train_time:3167.877s step_avg:2292.24ms
step:1383/2750 train_time:3170.166s step_avg:2292.24ms
step:1384/2750 train_time:3172.455s step_avg:2292.24ms
step:1385/2750 train_time:3174.746s step_avg:2292.24ms
step:1386/2750 train_time:3177.033s step_avg:2292.23ms
step:1387/2750 train_time:3179.324s step_avg:2292.23ms
step:1388/2750 train_time:3181.612s step_avg:2292.23ms
step:1389/2750 train_time:3183.903s step_avg:2292.23ms
step:1390/2750 train_time:3186.190s step_avg:2292.22ms
step:1391/2750 train_time:3188.483s step_avg:2292.22ms
step:1392/2750 train_time:3190.776s step_avg:2292.22ms
step:1393/2750 train_time:3193.067s step_avg:2292.22ms
step:1394/2750 train_time:3195.350s step_avg:2292.22ms
step:1395/2750 train_time:3197.640s step_avg:2292.22ms
step:1396/2750 train_time:3199.930s step_avg:2292.21ms
step:1397/2750 train_time:3202.214s step_avg:2292.21ms
step:1398/2750 train_time:3204.502s step_avg:2292.20ms
step:1399/2750 train_time:3206.792s step_avg:2292.20ms
step:1400/2750 train_time:3209.078s step_avg:2292.20ms
step:1401/2750 train_time:3211.364s step_avg:2292.19ms
step:1402/2750 train_time:3213.653s step_avg:2292.19ms
step:1403/2750 train_time:3215.943s step_avg:2292.19ms
step:1404/2750 train_time:3218.229s step_avg:2292.19ms
step:1405/2750 train_time:3220.515s step_avg:2292.18ms
step:1406/2750 train_time:3222.798s step_avg:2292.17ms
step:1407/2750 train_time:3225.086s step_avg:2292.17ms
step:1408/2750 train_time:3227.376s step_avg:2292.17ms
step:1409/2750 train_time:3229.664s step_avg:2292.17ms
step:1410/2750 train_time:3231.950s step_avg:2292.16ms
step:1411/2750 train_time:3234.239s step_avg:2292.16ms
step:1412/2750 train_time:3236.522s step_avg:2292.15ms
step:1413/2750 train_time:3238.811s step_avg:2292.15ms
step:1414/2750 train_time:3241.099s step_avg:2292.15ms
step:1415/2750 train_time:3243.386s step_avg:2292.15ms
step:1416/2750 train_time:3245.676s step_avg:2292.14ms
step:1417/2750 train_time:3247.963s step_avg:2292.14ms
step:1418/2750 train_time:3250.248s step_avg:2292.14ms
step:1419/2750 train_time:3252.537s step_avg:2292.13ms
step:1420/2750 train_time:3254.822s step_avg:2292.13ms
step:1421/2750 train_time:3257.108s step_avg:2292.12ms
step:1422/2750 train_time:3259.396s step_avg:2292.12ms
step:1423/2750 train_time:3261.686s step_avg:2292.12ms
step:1424/2750 train_time:3263.980s step_avg:2292.12ms
step:1425/2750 train_time:3266.269s step_avg:2292.12ms
step:1426/2750 train_time:3268.555s step_avg:2292.11ms
step:1427/2750 train_time:3270.849s step_avg:2292.12ms
step:1428/2750 train_time:3273.133s step_avg:2292.11ms
step:1429/2750 train_time:3275.422s step_avg:2292.11ms
step:1430/2750 train_time:3277.711s step_avg:2292.11ms
step:1431/2750 train_time:3279.997s step_avg:2292.10ms
step:1432/2750 train_time:3282.284s step_avg:2292.10ms
step:1433/2750 train_time:3284.574s step_avg:2292.10ms
step:1434/2750 train_time:3286.867s step_avg:2292.10ms
step:1435/2750 train_time:3289.152s step_avg:2292.09ms
step:1436/2750 train_time:3291.439s step_avg:2292.09ms
step:1437/2750 train_time:3293.728s step_avg:2292.09ms
step:1438/2750 train_time:3296.012s step_avg:2292.08ms
step:1439/2750 train_time:3298.299s step_avg:2292.08ms
step:1440/2750 train_time:3300.593s step_avg:2292.08ms
step:1441/2750 train_time:3302.881s step_avg:2292.08ms
step:1442/2750 train_time:3305.168s step_avg:2292.07ms
step:1443/2750 train_time:3307.458s step_avg:2292.07ms
step:1444/2750 train_time:3309.747s step_avg:2292.07ms
step:1445/2750 train_time:3312.037s step_avg:2292.07ms
step:1446/2750 train_time:3314.328s step_avg:2292.07ms
step:1447/2750 train_time:3316.621s step_avg:2292.07ms
step:1448/2750 train_time:3318.913s step_avg:2292.07ms
step:1449/2750 train_time:3321.197s step_avg:2292.06ms
step:1450/2750 train_time:3323.487s step_avg:2292.06ms
step:1451/2750 train_time:3325.774s step_avg:2292.06ms
step:1452/2750 train_time:3328.066s step_avg:2292.06ms
step:1453/2750 train_time:3330.358s step_avg:2292.06ms
step:1454/2750 train_time:3332.652s step_avg:2292.06ms
step:1455/2750 train_time:3334.940s step_avg:2292.05ms
step:1456/2750 train_time:3337.231s step_avg:2292.05ms
step:1457/2750 train_time:3339.520s step_avg:2292.05ms
step:1458/2750 train_time:3341.806s step_avg:2292.05ms
step:1459/2750 train_time:3344.092s step_avg:2292.04ms
step:1460/2750 train_time:3346.383s step_avg:2292.04ms
step:1461/2750 train_time:3348.669s step_avg:2292.04ms
step:1462/2750 train_time:3350.959s step_avg:2292.04ms
step:1463/2750 train_time:3353.249s step_avg:2292.04ms
step:1464/2750 train_time:3355.541s step_avg:2292.04ms
step:1465/2750 train_time:3357.833s step_avg:2292.04ms
step:1466/2750 train_time:3360.123s step_avg:2292.03ms
step:1467/2750 train_time:3362.412s step_avg:2292.03ms
step:1468/2750 train_time:3364.699s step_avg:2292.03ms
step:1469/2750 train_time:3366.985s step_avg:2292.03ms
step:1470/2750 train_time:3369.275s step_avg:2292.02ms
step:1471/2750 train_time:3371.565s step_avg:2292.02ms
step:1472/2750 train_time:3373.847s step_avg:2292.02ms
step:1473/2750 train_time:3376.137s step_avg:2292.01ms
step:1474/2750 train_time:3378.430s step_avg:2292.01ms
step:1475/2750 train_time:3380.713s step_avg:2292.01ms
step:1476/2750 train_time:3383.001s step_avg:2292.01ms
step:1477/2750 train_time:3385.293s step_avg:2292.01ms
step:1478/2750 train_time:3387.578s step_avg:2292.00ms
step:1479/2750 train_time:3389.871s step_avg:2292.00ms
step:1480/2750 train_time:3392.161s step_avg:2292.00ms
step:1481/2750 train_time:3394.446s step_avg:2292.00ms
step:1482/2750 train_time:3396.736s step_avg:2291.99ms
step:1483/2750 train_time:3399.029s step_avg:2291.99ms
step:1484/2750 train_time:3401.323s step_avg:2292.00ms
step:1485/2750 train_time:3403.614s step_avg:2292.00ms
step:1486/2750 train_time:3405.903s step_avg:2291.99ms
step:1487/2750 train_time:3408.199s step_avg:2292.00ms
step:1488/2750 train_time:3410.489s step_avg:2292.00ms
step:1489/2750 train_time:3412.773s step_avg:2291.99ms
step:1490/2750 train_time:3415.064s step_avg:2291.99ms
step:1491/2750 train_time:3417.358s step_avg:2291.99ms
step:1492/2750 train_time:3419.646s step_avg:2291.99ms
step:1493/2750 train_time:3421.937s step_avg:2291.99ms
step:1494/2750 train_time:3424.228s step_avg:2291.99ms
step:1495/2750 train_time:3426.520s step_avg:2291.99ms
step:1496/2750 train_time:3428.813s step_avg:2291.99ms
step:1497/2750 train_time:3431.100s step_avg:2291.98ms
step:1498/2750 train_time:3433.393s step_avg:2291.98ms
step:1499/2750 train_time:3435.675s step_avg:2291.98ms
step:1500/2750 train_time:3437.963s step_avg:2291.98ms
step:1500/2750 val_loss:3.49593 train_time:3437.963s step_avg:2288.96ms
step:1501/2750 train_time:3440.260s step_avg:2291.98ms
step:1502/2750 train_time:3442.552s step_avg:2291.98ms
step:1503/2750 train_time:3444.839s step_avg:2291.98ms
step:1504/2750 train_time:3447.132s step_avg:2291.98ms
step:1505/2750 train_time:3449.423s step_avg:2291.98ms
step:1506/2750 train_time:3451.708s step_avg:2291.97ms
step:1507/2750 train_time:3453.999s step_avg:2291.97ms
step:1508/2750 train_time:3456.289s step_avg:2291.97ms
step:1509/2750 train_time:3458.575s step_avg:2291.96ms
step:1510/2750 train_time:3460.862s step_avg:2291.96ms
step:1511/2750 train_time:3463.155s step_avg:2291.96ms
step:1512/2750 train_time:3465.441s step_avg:2291.96ms
step:1513/2750 train_time:3467.731s step_avg:2291.96ms
step:1514/2750 train_time:3470.022s step_avg:2291.96ms
step:1515/2750 train_time:3472.309s step_avg:2291.95ms
step:1516/2750 train_time:3474.597s step_avg:2291.95ms
step:1517/2750 train_time:3476.885s step_avg:2291.95ms
step:1518/2750 train_time:3479.173s step_avg:2291.95ms
step:1519/2750 train_time:3481.462s step_avg:2291.94ms
step:1520/2750 train_time:3483.753s step_avg:2291.94ms
step:1521/2750 train_time:3486.060s step_avg:2291.95ms
step:1522/2750 train_time:3488.354s step_avg:2291.95ms
step:1523/2750 train_time:3490.638s step_avg:2291.95ms
step:1524/2750 train_time:3492.928s step_avg:2291.95ms
step:1525/2750 train_time:3495.223s step_avg:2291.95ms
step:1526/2750 train_time:3497.513s step_avg:2291.95ms
step:1527/2750 train_time:3499.805s step_avg:2291.95ms
step:1528/2750 train_time:3502.096s step_avg:2291.95ms
step:1529/2750 train_time:3504.386s step_avg:2291.95ms
step:1530/2750 train_time:3506.673s step_avg:2291.94ms
step:1531/2750 train_time:3508.960s step_avg:2291.94ms
step:1532/2750 train_time:3511.253s step_avg:2291.94ms
step:1533/2750 train_time:3513.535s step_avg:2291.93ms
step:1534/2750 train_time:3515.825s step_avg:2291.93ms
step:1535/2750 train_time:3518.115s step_avg:2291.93ms
step:1536/2750 train_time:3520.403s step_avg:2291.93ms
step:1537/2750 train_time:3522.689s step_avg:2291.93ms
step:1538/2750 train_time:3524.979s step_avg:2291.92ms
step:1539/2750 train_time:3527.275s step_avg:2291.93ms
step:1540/2750 train_time:3529.561s step_avg:2291.92ms
step:1541/2750 train_time:3531.849s step_avg:2291.92ms
step:1542/2750 train_time:3534.145s step_avg:2291.92ms
step:1543/2750 train_time:3536.430s step_avg:2291.92ms
step:1544/2750 train_time:3538.720s step_avg:2291.92ms
step:1545/2750 train_time:3541.011s step_avg:2291.92ms
step:1546/2750 train_time:3543.294s step_avg:2291.91ms
step:1547/2750 train_time:3545.582s step_avg:2291.91ms
step:1548/2750 train_time:3547.871s step_avg:2291.91ms
step:1549/2750 train_time:3550.160s step_avg:2291.90ms
step:1550/2750 train_time:3552.449s step_avg:2291.90ms
step:1551/2750 train_time:3554.738s step_avg:2291.90ms
step:1552/2750 train_time:3557.030s step_avg:2291.90ms
step:1553/2750 train_time:3559.319s step_avg:2291.90ms
step:1554/2750 train_time:3561.607s step_avg:2291.90ms
step:1555/2750 train_time:3563.897s step_avg:2291.90ms
step:1556/2750 train_time:3566.189s step_avg:2291.90ms
step:1557/2750 train_time:3568.474s step_avg:2291.89ms
step:1558/2750 train_time:3570.763s step_avg:2291.89ms
step:1559/2750 train_time:3573.065s step_avg:2291.90ms
step:1560/2750 train_time:3575.352s step_avg:2291.89ms
step:1561/2750 train_time:3577.641s step_avg:2291.89ms
step:1562/2750 train_time:3579.931s step_avg:2291.89ms
step:1563/2750 train_time:3582.224s step_avg:2291.89ms
step:1564/2750 train_time:3584.515s step_avg:2291.89ms
step:1565/2750 train_time:3586.807s step_avg:2291.89ms
step:1566/2750 train_time:3589.097s step_avg:2291.89ms
step:1567/2750 train_time:3591.386s step_avg:2291.89ms
step:1568/2750 train_time:3593.668s step_avg:2291.88ms
step:1569/2750 train_time:3595.963s step_avg:2291.88ms
step:1570/2750 train_time:3598.255s step_avg:2291.88ms
step:1571/2750 train_time:3600.540s step_avg:2291.88ms
step:1572/2750 train_time:3602.830s step_avg:2291.88ms
step:1573/2750 train_time:3605.119s step_avg:2291.87ms
step:1574/2750 train_time:3607.408s step_avg:2291.87ms
step:1575/2750 train_time:3609.697s step_avg:2291.87ms
step:1576/2750 train_time:3611.986s step_avg:2291.87ms
step:1577/2750 train_time:3614.269s step_avg:2291.86ms
step:1578/2750 train_time:3616.562s step_avg:2291.86ms
step:1579/2750 train_time:3618.851s step_avg:2291.86ms
step:1580/2750 train_time:3621.143s step_avg:2291.86ms
step:1581/2750 train_time:3623.442s step_avg:2291.87ms
step:1582/2750 train_time:3625.731s step_avg:2291.87ms
step:1583/2750 train_time:3628.021s step_avg:2291.86ms
step:1584/2750 train_time:3630.313s step_avg:2291.86ms
step:1585/2750 train_time:3632.598s step_avg:2291.86ms
step:1586/2750 train_time:3634.888s step_avg:2291.86ms
step:1587/2750 train_time:3637.184s step_avg:2291.86ms
step:1588/2750 train_time:3639.476s step_avg:2291.86ms
step:1589/2750 train_time:3641.767s step_avg:2291.86ms
step:1590/2750 train_time:3644.055s step_avg:2291.86ms
step:1591/2750 train_time:3646.348s step_avg:2291.86ms
step:1592/2750 train_time:3648.632s step_avg:2291.85ms
step:1593/2750 train_time:3650.921s step_avg:2291.85ms
step:1594/2750 train_time:3653.213s step_avg:2291.85ms
step:1595/2750 train_time:3655.496s step_avg:2291.85ms
step:1596/2750 train_time:3657.786s step_avg:2291.85ms
step:1597/2750 train_time:3660.075s step_avg:2291.84ms
step:1598/2750 train_time:3662.368s step_avg:2291.84ms
step:1599/2750 train_time:3664.654s step_avg:2291.84ms
step:1600/2750 train_time:3666.944s step_avg:2291.84ms
step:1601/2750 train_time:3669.236s step_avg:2291.84ms
step:1602/2750 train_time:3671.524s step_avg:2291.84ms
step:1603/2750 train_time:3673.812s step_avg:2291.84ms
step:1604/2750 train_time:3676.099s step_avg:2291.83ms
step:1605/2750 train_time:3678.383s step_avg:2291.83ms
step:1606/2750 train_time:3680.676s step_avg:2291.83ms
step:1607/2750 train_time:3682.963s step_avg:2291.83ms
step:1608/2750 train_time:3685.253s step_avg:2291.82ms
step:1609/2750 train_time:3687.542s step_avg:2291.82ms
step:1610/2750 train_time:3689.830s step_avg:2291.82ms
step:1611/2750 train_time:3692.121s step_avg:2291.82ms
step:1612/2750 train_time:3694.413s step_avg:2291.82ms
step:1613/2750 train_time:3696.702s step_avg:2291.82ms
step:1614/2750 train_time:3698.995s step_avg:2291.82ms
step:1615/2750 train_time:3701.282s step_avg:2291.82ms
step:1616/2750 train_time:3703.569s step_avg:2291.81ms
step:1617/2750 train_time:3705.861s step_avg:2291.81ms
step:1618/2750 train_time:3708.151s step_avg:2291.81ms
step:1619/2750 train_time:3710.436s step_avg:2291.81ms
step:1620/2750 train_time:3712.725s step_avg:2291.81ms
step:1621/2750 train_time:3715.017s step_avg:2291.81ms
step:1622/2750 train_time:3717.299s step_avg:2291.80ms
step:1623/2750 train_time:3719.587s step_avg:2291.80ms
step:1624/2750 train_time:3721.879s step_avg:2291.80ms
step:1625/2750 train_time:3724.163s step_avg:2291.79ms
step:1625/2750 val_loss:3.47093 train_time:3724.163s step_avg:2289.60ms
step:1626/2750 train_time:3726.460s step_avg:2291.80ms
step:1627/2750 train_time:3728.747s step_avg:2291.79ms
step:1628/2750 train_time:3731.032s step_avg:2291.79ms
step:1629/2750 train_time:3733.324s step_avg:2291.79ms
step:1630/2750 train_time:3735.618s step_avg:2291.79ms
step:1631/2750 train_time:3737.903s step_avg:2291.79ms
step:1632/2750 train_time:3740.193s step_avg:2291.78ms
step:1633/2750 train_time:3742.486s step_avg:2291.79ms
step:1634/2750 train_time:3744.776s step_avg:2291.78ms
step:1635/2750 train_time:3747.064s step_avg:2291.78ms
step:1636/2750 train_time:3749.356s step_avg:2291.78ms
step:1637/2750 train_time:3751.647s step_avg:2291.78ms
step:1638/2750 train_time:3753.938s step_avg:2291.78ms
step:1639/2750 train_time:3756.223s step_avg:2291.78ms
step:1640/2750 train_time:3758.514s step_avg:2291.78ms
step:1641/2750 train_time:3760.803s step_avg:2291.77ms
step:1642/2750 train_time:3763.094s step_avg:2291.77ms
step:1643/2750 train_time:3765.385s step_avg:2291.77ms
step:1644/2750 train_time:3767.678s step_avg:2291.77ms
step:1645/2750 train_time:3769.964s step_avg:2291.77ms
step:1646/2750 train_time:3772.255s step_avg:2291.77ms
step:1647/2750 train_time:3774.548s step_avg:2291.77ms
step:1648/2750 train_time:3776.836s step_avg:2291.77ms
step:1649/2750 train_time:3779.127s step_avg:2291.77ms
step:1650/2750 train_time:3781.413s step_avg:2291.77ms
step:1651/2750 train_time:3783.701s step_avg:2291.76ms
step:1652/2750 train_time:3785.992s step_avg:2291.76ms
step:1653/2750 train_time:3788.281s step_avg:2291.76ms
step:1654/2750 train_time:3790.571s step_avg:2291.76ms
step:1655/2750 train_time:3792.860s step_avg:2291.76ms
step:1656/2750 train_time:3795.150s step_avg:2291.76ms
step:1657/2750 train_time:3797.443s step_avg:2291.76ms
step:1658/2750 train_time:3799.738s step_avg:2291.76ms
step:1659/2750 train_time:3802.023s step_avg:2291.76ms
step:1660/2750 train_time:3804.311s step_avg:2291.75ms
step:1661/2750 train_time:3806.601s step_avg:2291.75ms
step:1662/2750 train_time:3808.887s step_avg:2291.75ms
step:1663/2750 train_time:3811.176s step_avg:2291.75ms
step:1664/2750 train_time:3813.467s step_avg:2291.75ms
step:1665/2750 train_time:3815.750s step_avg:2291.74ms
step:1666/2750 train_time:3818.037s step_avg:2291.74ms
step:1667/2750 train_time:3820.328s step_avg:2291.74ms
step:1668/2750 train_time:3822.616s step_avg:2291.74ms
step:1669/2750 train_time:3824.905s step_avg:2291.73ms
step:1670/2750 train_time:3827.195s step_avg:2291.73ms
step:1671/2750 train_time:3829.489s step_avg:2291.73ms
step:1672/2750 train_time:3831.780s step_avg:2291.73ms
step:1673/2750 train_time:3834.066s step_avg:2291.73ms
step:1674/2750 train_time:3836.359s step_avg:2291.73ms
step:1675/2750 train_time:3838.647s step_avg:2291.73ms
step:1676/2750 train_time:3840.937s step_avg:2291.73ms
step:1677/2750 train_time:3843.226s step_avg:2291.73ms
step:1678/2750 train_time:3845.518s step_avg:2291.73ms
step:1679/2750 train_time:3847.803s step_avg:2291.72ms
step:1680/2750 train_time:3850.090s step_avg:2291.72ms
step:1681/2750 train_time:3852.382s step_avg:2291.72ms
step:1682/2750 train_time:3854.669s step_avg:2291.72ms
step:1683/2750 train_time:3856.955s step_avg:2291.71ms
step:1684/2750 train_time:3859.246s step_avg:2291.71ms
step:1685/2750 train_time:3861.532s step_avg:2291.71ms
step:1686/2750 train_time:3863.820s step_avg:2291.71ms
step:1687/2750 train_time:3866.109s step_avg:2291.71ms
step:1688/2750 train_time:3868.397s step_avg:2291.70ms
step:1689/2750 train_time:3870.685s step_avg:2291.70ms
step:1690/2750 train_time:3872.971s step_avg:2291.70ms
step:1691/2750 train_time:3875.257s step_avg:2291.70ms
step:1692/2750 train_time:3877.543s step_avg:2291.69ms
step:1693/2750 train_time:3879.826s step_avg:2291.69ms
step:1694/2750 train_time:3882.108s step_avg:2291.68ms
step:1695/2750 train_time:3884.396s step_avg:2291.68ms
step:1696/2750 train_time:3886.687s step_avg:2291.68ms
step:1697/2750 train_time:3888.970s step_avg:2291.67ms
step:1698/2750 train_time:3891.260s step_avg:2291.67ms
step:1699/2750 train_time:3893.549s step_avg:2291.67ms
step:1700/2750 train_time:3895.835s step_avg:2291.67ms
step:1701/2750 train_time:3898.125s step_avg:2291.67ms
step:1702/2750 train_time:3900.413s step_avg:2291.66ms
step:1703/2750 train_time:3902.705s step_avg:2291.66ms
step:1704/2750 train_time:3904.997s step_avg:2291.66ms
step:1705/2750 train_time:3907.284s step_avg:2291.66ms
step:1706/2750 train_time:3909.575s step_avg:2291.66ms
step:1707/2750 train_time:3911.861s step_avg:2291.66ms
step:1708/2750 train_time:3914.146s step_avg:2291.65ms
step:1709/2750 train_time:3916.440s step_avg:2291.66ms
step:1710/2750 train_time:3918.726s step_avg:2291.65ms
step:1711/2750 train_time:3921.030s step_avg:2291.66ms
step:1712/2750 train_time:3923.320s step_avg:2291.66ms
step:1713/2750 train_time:3925.609s step_avg:2291.66ms
step:1714/2750 train_time:3927.893s step_avg:2291.65ms
step:1715/2750 train_time:3930.180s step_avg:2291.65ms
step:1716/2750 train_time:3932.471s step_avg:2291.65ms
step:1717/2750 train_time:3934.760s step_avg:2291.65ms
step:1718/2750 train_time:3937.050s step_avg:2291.65ms
step:1719/2750 train_time:3939.349s step_avg:2291.65ms
step:1720/2750 train_time:3941.644s step_avg:2291.65ms
step:1721/2750 train_time:3943.931s step_avg:2291.65ms
step:1722/2750 train_time:3946.219s step_avg:2291.65ms
step:1723/2750 train_time:3948.510s step_avg:2291.65ms
step:1724/2750 train_time:3950.802s step_avg:2291.65ms
step:1725/2750 train_time:3953.093s step_avg:2291.65ms
step:1726/2750 train_time:3955.381s step_avg:2291.65ms
step:1727/2750 train_time:3957.670s step_avg:2291.64ms
step:1728/2750 train_time:3959.953s step_avg:2291.64ms
step:1729/2750 train_time:3962.240s step_avg:2291.64ms
step:1730/2750 train_time:3964.531s step_avg:2291.64ms
step:1731/2750 train_time:3966.821s step_avg:2291.64ms
step:1732/2750 train_time:3969.111s step_avg:2291.63ms
step:1733/2750 train_time:3971.399s step_avg:2291.63ms
step:1734/2750 train_time:3973.688s step_avg:2291.63ms
step:1735/2750 train_time:3975.979s step_avg:2291.63ms
step:1736/2750 train_time:3978.265s step_avg:2291.63ms
step:1737/2750 train_time:3980.553s step_avg:2291.63ms
step:1738/2750 train_time:3982.842s step_avg:2291.62ms
step:1739/2750 train_time:3985.130s step_avg:2291.62ms
step:1740/2750 train_time:3987.423s step_avg:2291.62ms
step:1741/2750 train_time:3989.709s step_avg:2291.62ms
step:1742/2750 train_time:3992.004s step_avg:2291.62ms
step:1743/2750 train_time:3994.293s step_avg:2291.62ms
step:1744/2750 train_time:3996.583s step_avg:2291.62ms
step:1745/2750 train_time:3998.866s step_avg:2291.61ms
step:1746/2750 train_time:4001.153s step_avg:2291.61ms
step:1747/2750 train_time:4003.446s step_avg:2291.61ms
step:1748/2750 train_time:4005.730s step_avg:2291.61ms
step:1749/2750 train_time:4008.022s step_avg:2291.61ms
step:1750/2750 train_time:4010.311s step_avg:2291.61ms
step:1750/2750 val_loss:3.44048 train_time:4010.311s step_avg:2289.19ms
step:1751/2750 train_time:4012.606s step_avg:2291.61ms
step:1752/2750 train_time:4014.898s step_avg:2291.61ms
step:1753/2750 train_time:4017.196s step_avg:2291.61ms
step:1754/2750 train_time:4019.491s step_avg:2291.61ms
step:1755/2750 train_time:4021.783s step_avg:2291.61ms
step:1756/2750 train_time:4024.075s step_avg:2291.61ms
step:1757/2750 train_time:4026.365s step_avg:2291.61ms
step:1758/2750 train_time:4028.656s step_avg:2291.61ms
step:1759/2750 train_time:4030.941s step_avg:2291.61ms
step:1760/2750 train_time:4033.232s step_avg:2291.61ms
step:1761/2750 train_time:4035.525s step_avg:2291.61ms
step:1762/2750 train_time:4037.814s step_avg:2291.61ms
step:1763/2750 train_time:4040.104s step_avg:2291.61ms
step:1764/2750 train_time:4042.389s step_avg:2291.60ms
step:1765/2750 train_time:4044.678s step_avg:2291.60ms
step:1766/2750 train_time:4046.967s step_avg:2291.60ms
step:1767/2750 train_time:4049.256s step_avg:2291.60ms
step:1768/2750 train_time:4051.542s step_avg:2291.60ms
step:1769/2750 train_time:4053.832s step_avg:2291.60ms
step:1770/2750 train_time:4056.122s step_avg:2291.59ms
step:1771/2750 train_time:4058.414s step_avg:2291.59ms
step:1772/2750 train_time:4060.705s step_avg:2291.59ms
step:1773/2750 train_time:4062.992s step_avg:2291.59ms
step:1774/2750 train_time:4065.283s step_avg:2291.59ms
step:1775/2750 train_time:4067.579s step_avg:2291.59ms
step:1776/2750 train_time:4069.864s step_avg:2291.59ms
step:1777/2750 train_time:4072.153s step_avg:2291.59ms
step:1778/2750 train_time:4074.441s step_avg:2291.59ms
step:1779/2750 train_time:4076.727s step_avg:2291.58ms
step:1780/2750 train_time:4079.015s step_avg:2291.58ms
step:1781/2750 train_time:4081.309s step_avg:2291.58ms
step:1782/2750 train_time:4083.598s step_avg:2291.58ms
step:1783/2750 train_time:4085.890s step_avg:2291.58ms
step:1784/2750 train_time:4088.177s step_avg:2291.58ms
step:1785/2750 train_time:4090.467s step_avg:2291.58ms
step:1786/2750 train_time:4092.755s step_avg:2291.58ms
step:1787/2750 train_time:4095.042s step_avg:2291.57ms
step:1788/2750 train_time:4097.336s step_avg:2291.58ms
step:1789/2750 train_time:4099.622s step_avg:2291.57ms
step:1790/2750 train_time:4101.911s step_avg:2291.57ms
step:1791/2750 train_time:4104.199s step_avg:2291.57ms
step:1792/2750 train_time:4106.488s step_avg:2291.57ms
step:1793/2750 train_time:4108.778s step_avg:2291.57ms
step:1794/2750 train_time:4111.070s step_avg:2291.57ms
step:1795/2750 train_time:4113.362s step_avg:2291.57ms
step:1796/2750 train_time:4115.646s step_avg:2291.56ms
step:1797/2750 train_time:4117.937s step_avg:2291.56ms
step:1798/2750 train_time:4120.232s step_avg:2291.56ms
step:1799/2750 train_time:4122.521s step_avg:2291.56ms
step:1800/2750 train_time:4124.811s step_avg:2291.56ms
step:1801/2750 train_time:4127.108s step_avg:2291.56ms
step:1802/2750 train_time:4129.398s step_avg:2291.56ms
step:1803/2750 train_time:4131.684s step_avg:2291.56ms
step:1804/2750 train_time:4133.973s step_avg:2291.56ms
step:1805/2750 train_time:4136.265s step_avg:2291.56ms
step:1806/2750 train_time:4138.553s step_avg:2291.56ms
step:1807/2750 train_time:4140.838s step_avg:2291.55ms
step:1808/2750 train_time:4143.125s step_avg:2291.55ms
step:1809/2750 train_time:4145.416s step_avg:2291.55ms
step:1810/2750 train_time:4147.699s step_avg:2291.55ms
step:1811/2750 train_time:4149.990s step_avg:2291.55ms
step:1812/2750 train_time:4152.282s step_avg:2291.55ms
step:1813/2750 train_time:4154.566s step_avg:2291.54ms
step:1814/2750 train_time:4156.854s step_avg:2291.54ms
step:1815/2750 train_time:4159.147s step_avg:2291.54ms
step:1816/2750 train_time:4161.431s step_avg:2291.54ms
step:1817/2750 train_time:4163.719s step_avg:2291.54ms
step:1818/2750 train_time:4166.010s step_avg:2291.53ms
step:1819/2750 train_time:4168.296s step_avg:2291.53ms
step:1820/2750 train_time:4170.585s step_avg:2291.53ms
step:1821/2750 train_time:4172.872s step_avg:2291.53ms
step:1822/2750 train_time:4175.159s step_avg:2291.52ms
step:1823/2750 train_time:4177.450s step_avg:2291.53ms
step:1824/2750 train_time:4179.740s step_avg:2291.52ms
step:1825/2750 train_time:4182.027s step_avg:2291.52ms
step:1826/2750 train_time:4184.320s step_avg:2291.52ms
step:1827/2750 train_time:4186.605s step_avg:2291.52ms
step:1828/2750 train_time:4188.897s step_avg:2291.52ms
step:1829/2750 train_time:4191.187s step_avg:2291.52ms
step:1830/2750 train_time:4193.476s step_avg:2291.52ms
step:1831/2750 train_time:4195.771s step_avg:2291.52ms
step:1832/2750 train_time:4198.065s step_avg:2291.52ms
step:1833/2750 train_time:4200.352s step_avg:2291.52ms
step:1834/2750 train_time:4202.642s step_avg:2291.52ms
step:1835/2750 train_time:4204.931s step_avg:2291.52ms
step:1836/2750 train_time:4207.221s step_avg:2291.51ms
step:1837/2750 train_time:4209.508s step_avg:2291.51ms
step:1838/2750 train_time:4211.799s step_avg:2291.51ms
step:1839/2750 train_time:4214.087s step_avg:2291.51ms
step:1840/2750 train_time:4216.379s step_avg:2291.51ms
step:1841/2750 train_time:4218.665s step_avg:2291.51ms
step:1842/2750 train_time:4220.955s step_avg:2291.51ms
step:1843/2750 train_time:4223.243s step_avg:2291.50ms
step:1844/2750 train_time:4225.533s step_avg:2291.50ms
step:1845/2750 train_time:4227.826s step_avg:2291.50ms
step:1846/2750 train_time:4230.115s step_avg:2291.50ms
step:1847/2750 train_time:4232.400s step_avg:2291.50ms
step:1848/2750 train_time:4234.692s step_avg:2291.50ms
step:1849/2750 train_time:4236.983s step_avg:2291.50ms
step:1850/2750 train_time:4239.266s step_avg:2291.50ms
step:1851/2750 train_time:4241.556s step_avg:2291.49ms
step:1852/2750 train_time:4243.847s step_avg:2291.49ms
step:1853/2750 train_time:4246.131s step_avg:2291.49ms
step:1854/2750 train_time:4248.416s step_avg:2291.49ms
step:1855/2750 train_time:4250.711s step_avg:2291.49ms
step:1856/2750 train_time:4252.999s step_avg:2291.49ms
step:1857/2750 train_time:4255.288s step_avg:2291.49ms
step:1858/2750 train_time:4257.576s step_avg:2291.48ms
step:1859/2750 train_time:4259.863s step_avg:2291.48ms
step:1860/2750 train_time:4262.153s step_avg:2291.48ms
step:1861/2750 train_time:4264.444s step_avg:2291.48ms
step:1862/2750 train_time:4266.737s step_avg:2291.48ms
step:1863/2750 train_time:4269.023s step_avg:2291.48ms
step:1864/2750 train_time:4271.311s step_avg:2291.48ms
step:1865/2750 train_time:4273.606s step_avg:2291.48ms
step:1866/2750 train_time:4275.891s step_avg:2291.47ms
step:1867/2750 train_time:4278.184s step_avg:2291.48ms
step:1868/2750 train_time:4280.476s step_avg:2291.48ms
step:1869/2750 train_time:4282.769s step_avg:2291.48ms
step:1870/2750 train_time:4285.055s step_avg:2291.47ms
step:1871/2750 train_time:4287.345s step_avg:2291.47ms
step:1872/2750 train_time:4289.631s step_avg:2291.47ms
step:1873/2750 train_time:4291.917s step_avg:2291.47ms
step:1874/2750 train_time:4294.204s step_avg:2291.46ms
step:1875/2750 train_time:4296.493s step_avg:2291.46ms
step:1875/2750 val_loss:3.41310 train_time:4296.493s step_avg:2289.46ms
step:1876/2750 train_time:4298.790s step_avg:2291.47ms
step:1877/2750 train_time:4301.081s step_avg:2291.47ms
step:1878/2750 train_time:4303.377s step_avg:2291.47ms
step:1879/2750 train_time:4305.669s step_avg:2291.47ms
step:1880/2750 train_time:4307.959s step_avg:2291.47ms
step:1881/2750 train_time:4310.247s step_avg:2291.47ms
step:1882/2750 train_time:4312.541s step_avg:2291.47ms
step:1883/2750 train_time:4314.827s step_avg:2291.46ms
step:1884/2750 train_time:4317.117s step_avg:2291.46ms
step:1885/2750 train_time:4319.411s step_avg:2291.46ms
step:1886/2750 train_time:4321.704s step_avg:2291.47ms
step:1887/2750 train_time:4323.988s step_avg:2291.46ms
step:1888/2750 train_time:4326.279s step_avg:2291.46ms
step:1889/2750 train_time:4328.577s step_avg:2291.46ms
step:1890/2750 train_time:4330.879s step_avg:2291.47ms
step:1891/2750 train_time:4333.166s step_avg:2291.47ms
step:1892/2750 train_time:4335.456s step_avg:2291.47ms
step:1893/2750 train_time:4337.749s step_avg:2291.47ms
step:1894/2750 train_time:4340.041s step_avg:2291.47ms
step:1895/2750 train_time:4342.327s step_avg:2291.47ms
step:1896/2750 train_time:4344.616s step_avg:2291.46ms
step:1897/2750 train_time:4346.909s step_avg:2291.46ms
step:1898/2750 train_time:4349.196s step_avg:2291.46ms
step:1899/2750 train_time:4351.485s step_avg:2291.46ms
step:1900/2750 train_time:4353.773s step_avg:2291.46ms
step:1901/2750 train_time:4356.085s step_avg:2291.47ms
step:1902/2750 train_time:4358.372s step_avg:2291.47ms
step:1903/2750 train_time:4360.659s step_avg:2291.47ms
step:1904/2750 train_time:4362.949s step_avg:2291.46ms
step:1905/2750 train_time:4365.241s step_avg:2291.47ms
step:1906/2750 train_time:4367.530s step_avg:2291.46ms
step:1907/2750 train_time:4369.816s step_avg:2291.46ms
step:1908/2750 train_time:4372.110s step_avg:2291.46ms
step:1909/2750 train_time:4374.400s step_avg:2291.46ms
step:1910/2750 train_time:4376.687s step_avg:2291.46ms
step:1911/2750 train_time:4378.974s step_avg:2291.46ms
step:1912/2750 train_time:4381.261s step_avg:2291.45ms
step:1913/2750 train_time:4383.553s step_avg:2291.45ms
step:1914/2750 train_time:4385.840s step_avg:2291.45ms
step:1915/2750 train_time:4388.134s step_avg:2291.45ms
step:1916/2750 train_time:4390.425s step_avg:2291.45ms
step:1917/2750 train_time:4392.713s step_avg:2291.45ms
step:1918/2750 train_time:4395.003s step_avg:2291.45ms
step:1919/2750 train_time:4397.285s step_avg:2291.45ms
step:1920/2750 train_time:4399.574s step_avg:2291.44ms
step:1921/2750 train_time:4401.866s step_avg:2291.45ms
step:1922/2750 train_time:4404.152s step_avg:2291.44ms
step:1923/2750 train_time:4406.441s step_avg:2291.44ms
step:1924/2750 train_time:4408.733s step_avg:2291.44ms
step:1925/2750 train_time:4411.027s step_avg:2291.44ms
step:1926/2750 train_time:4413.313s step_avg:2291.44ms
step:1927/2750 train_time:4415.603s step_avg:2291.44ms
step:1928/2750 train_time:4417.893s step_avg:2291.44ms
step:1929/2750 train_time:4420.179s step_avg:2291.44ms
step:1930/2750 train_time:4422.466s step_avg:2291.43ms
step:1931/2750 train_time:4424.752s step_avg:2291.43ms
step:1932/2750 train_time:4427.037s step_avg:2291.43ms
step:1933/2750 train_time:4429.325s step_avg:2291.43ms
step:1934/2750 train_time:4431.616s step_avg:2291.43ms
step:1935/2750 train_time:4433.904s step_avg:2291.42ms
step:1936/2750 train_time:4436.194s step_avg:2291.42ms
step:1937/2750 train_time:4438.481s step_avg:2291.42ms
step:1938/2750 train_time:4440.773s step_avg:2291.42ms
step:1939/2750 train_time:4443.061s step_avg:2291.42ms
step:1940/2750 train_time:4445.347s step_avg:2291.42ms
step:1941/2750 train_time:4447.639s step_avg:2291.42ms
step:1942/2750 train_time:4449.925s step_avg:2291.41ms
step:1943/2750 train_time:4452.214s step_avg:2291.41ms
step:1944/2750 train_time:4454.505s step_avg:2291.41ms
step:1945/2750 train_time:4456.789s step_avg:2291.41ms
step:1946/2750 train_time:4459.081s step_avg:2291.41ms
step:1947/2750 train_time:4461.371s step_avg:2291.41ms
step:1948/2750 train_time:4463.661s step_avg:2291.41ms
step:1949/2750 train_time:4465.947s step_avg:2291.40ms
step:1950/2750 train_time:4468.240s step_avg:2291.41ms
step:1951/2750 train_time:4470.533s step_avg:2291.41ms
step:1952/2750 train_time:4472.816s step_avg:2291.40ms
step:1953/2750 train_time:4475.104s step_avg:2291.40ms
step:1954/2750 train_time:4477.403s step_avg:2291.40ms
step:1955/2750 train_time:4479.692s step_avg:2291.40ms
step:1956/2750 train_time:4481.980s step_avg:2291.40ms
step:1957/2750 train_time:4484.267s step_avg:2291.40ms
step:1958/2750 train_time:4486.557s step_avg:2291.40ms
step:1959/2750 train_time:4488.845s step_avg:2291.40ms
step:1960/2750 train_time:4491.132s step_avg:2291.39ms
step:1961/2750 train_time:4493.421s step_avg:2291.39ms
step:1962/2750 train_time:4495.708s step_avg:2291.39ms
step:1963/2750 train_time:4497.995s step_avg:2291.39ms
step:1964/2750 train_time:4500.284s step_avg:2291.39ms
step:1965/2750 train_time:4502.568s step_avg:2291.38ms
step:1966/2750 train_time:4504.853s step_avg:2291.38ms
step:1967/2750 train_time:4507.143s step_avg:2291.38ms
step:1968/2750 train_time:4509.429s step_avg:2291.38ms
step:1969/2750 train_time:4511.717s step_avg:2291.37ms
step:1970/2750 train_time:4514.009s step_avg:2291.38ms
step:1971/2750 train_time:4516.294s step_avg:2291.37ms
step:1972/2750 train_time:4518.581s step_avg:2291.37ms
step:1973/2750 train_time:4520.871s step_avg:2291.37ms
step:1974/2750 train_time:4523.159s step_avg:2291.37ms
step:1975/2750 train_time:4525.446s step_avg:2291.37ms
step:1976/2750 train_time:4527.735s step_avg:2291.36ms
step:1977/2750 train_time:4530.026s step_avg:2291.36ms
step:1978/2750 train_time:4532.308s step_avg:2291.36ms
step:1979/2750 train_time:4534.596s step_avg:2291.36ms
step:1980/2750 train_time:4536.891s step_avg:2291.36ms
step:1981/2750 train_time:4539.176s step_avg:2291.36ms
step:1982/2750 train_time:4541.465s step_avg:2291.35ms
step:1983/2750 train_time:4543.757s step_avg:2291.36ms
step:1984/2750 train_time:4546.045s step_avg:2291.35ms
step:1985/2750 train_time:4548.335s step_avg:2291.35ms
step:1986/2750 train_time:4550.620s step_avg:2291.35ms
step:1987/2750 train_time:4552.907s step_avg:2291.35ms
step:1988/2750 train_time:4555.195s step_avg:2291.35ms
step:1989/2750 train_time:4557.479s step_avg:2291.34ms
step:1990/2750 train_time:4559.769s step_avg:2291.34ms
step:1991/2750 train_time:4562.056s step_avg:2291.34ms
step:1992/2750 train_time:4564.346s step_avg:2291.34ms
step:1993/2750 train_time:4566.632s step_avg:2291.34ms
step:1994/2750 train_time:4568.924s step_avg:2291.34ms
step:1995/2750 train_time:4571.212s step_avg:2291.33ms
step:1996/2750 train_time:4573.501s step_avg:2291.33ms
step:1997/2750 train_time:4575.788s step_avg:2291.33ms
step:1998/2750 train_time:4578.076s step_avg:2291.33ms
step:1999/2750 train_time:4580.367s step_avg:2291.33ms
step:2000/2750 train_time:4582.655s step_avg:2291.33ms
step:2000/2750 val_loss:3.38267 train_time:4582.655s step_avg:2289.29ms
step:2001/2750 train_time:4584.948s step_avg:2291.33ms
step:2002/2750 train_time:4587.245s step_avg:2291.33ms
step:2003/2750 train_time:4589.537s step_avg:2291.33ms
step:2004/2750 train_time:4591.826s step_avg:2291.33ms
step:2005/2750 train_time:4594.120s step_avg:2291.33ms
step:2006/2750 train_time:4596.420s step_avg:2291.34ms
step:2007/2750 train_time:4598.708s step_avg:2291.33ms
step:2008/2750 train_time:4601.004s step_avg:2291.34ms
step:2009/2750 train_time:4603.296s step_avg:2291.34ms
step:2010/2750 train_time:4605.591s step_avg:2291.34ms
step:2011/2750 train_time:4607.888s step_avg:2291.34ms
step:2012/2750 train_time:4610.174s step_avg:2291.34ms
step:2013/2750 train_time:4612.473s step_avg:2291.34ms
step:2014/2750 train_time:4614.767s step_avg:2291.34ms
step:2015/2750 train_time:4617.064s step_avg:2291.35ms
step:2016/2750 train_time:4619.352s step_avg:2291.35ms
step:2017/2750 train_time:4621.647s step_avg:2291.35ms
step:2018/2750 train_time:4623.940s step_avg:2291.35ms
step:2019/2750 train_time:4626.234s step_avg:2291.35ms
step:2020/2750 train_time:4628.526s step_avg:2291.35ms
step:2021/2750 train_time:4630.819s step_avg:2291.35ms
step:2022/2750 train_time:4633.110s step_avg:2291.35ms
step:2023/2750 train_time:4635.404s step_avg:2291.35ms
step:2024/2750 train_time:4637.693s step_avg:2291.35ms
step:2025/2750 train_time:4639.987s step_avg:2291.35ms
step:2026/2750 train_time:4642.277s step_avg:2291.35ms
step:2027/2750 train_time:4644.572s step_avg:2291.35ms
step:2028/2750 train_time:4646.862s step_avg:2291.35ms
step:2029/2750 train_time:4649.157s step_avg:2291.35ms
step:2030/2750 train_time:4651.448s step_avg:2291.35ms
step:2031/2750 train_time:4653.744s step_avg:2291.36ms
step:2032/2750 train_time:4656.032s step_avg:2291.35ms
step:2033/2750 train_time:4658.326s step_avg:2291.36ms
step:2034/2750 train_time:4660.617s step_avg:2291.36ms
step:2035/2750 train_time:4662.913s step_avg:2291.36ms
step:2036/2750 train_time:4665.206s step_avg:2291.36ms
step:2037/2750 train_time:4667.501s step_avg:2291.36ms
step:2038/2750 train_time:4669.792s step_avg:2291.36ms
step:2039/2750 train_time:4672.087s step_avg:2291.36ms
step:2040/2750 train_time:4674.379s step_avg:2291.36ms
step:2041/2750 train_time:4676.666s step_avg:2291.36ms
step:2042/2750 train_time:4678.960s step_avg:2291.36ms
step:2043/2750 train_time:4681.259s step_avg:2291.37ms
step:2044/2750 train_time:4683.555s step_avg:2291.37ms
step:2045/2750 train_time:4685.849s step_avg:2291.37ms
step:2046/2750 train_time:4688.141s step_avg:2291.37ms
step:2047/2750 train_time:4690.438s step_avg:2291.37ms
step:2048/2750 train_time:4692.733s step_avg:2291.37ms
step:2049/2750 train_time:4695.024s step_avg:2291.37ms
step:2050/2750 train_time:4697.318s step_avg:2291.37ms
step:2051/2750 train_time:4699.610s step_avg:2291.37ms
step:2052/2750 train_time:4701.903s step_avg:2291.38ms
step:2053/2750 train_time:4704.193s step_avg:2291.38ms
step:2054/2750 train_time:4706.487s step_avg:2291.38ms
step:2055/2750 train_time:4708.779s step_avg:2291.38ms
step:2056/2750 train_time:4711.073s step_avg:2291.38ms
step:2057/2750 train_time:4713.366s step_avg:2291.38ms
step:2058/2750 train_time:4715.660s step_avg:2291.38ms
step:2059/2750 train_time:4717.950s step_avg:2291.38ms
step:2060/2750 train_time:4720.243s step_avg:2291.38ms
step:2061/2750 train_time:4722.531s step_avg:2291.38ms
step:2062/2750 train_time:4724.824s step_avg:2291.38ms
step:2063/2750 train_time:4727.117s step_avg:2291.38ms
step:2064/2750 train_time:4729.413s step_avg:2291.38ms
step:2065/2750 train_time:4731.703s step_avg:2291.38ms
step:2066/2750 train_time:4734.000s step_avg:2291.38ms
step:2067/2750 train_time:4736.294s step_avg:2291.39ms
step:2068/2750 train_time:4738.592s step_avg:2291.39ms
step:2069/2750 train_time:4740.886s step_avg:2291.39ms
step:2070/2750 train_time:4743.175s step_avg:2291.39ms
step:2071/2750 train_time:4745.468s step_avg:2291.39ms
step:2072/2750 train_time:4747.758s step_avg:2291.39ms
step:2073/2750 train_time:4750.047s step_avg:2291.39ms
step:2074/2750 train_time:4752.342s step_avg:2291.39ms
step:2075/2750 train_time:4754.631s step_avg:2291.39ms
step:2076/2750 train_time:4756.926s step_avg:2291.39ms
step:2077/2750 train_time:4759.219s step_avg:2291.39ms
step:2078/2750 train_time:4761.508s step_avg:2291.39ms
step:2079/2750 train_time:4763.803s step_avg:2291.39ms
step:2080/2750 train_time:4766.104s step_avg:2291.40ms
step:2081/2750 train_time:4768.397s step_avg:2291.40ms
step:2082/2750 train_time:4770.691s step_avg:2291.40ms
step:2083/2750 train_time:4772.984s step_avg:2291.40ms
step:2084/2750 train_time:4775.277s step_avg:2291.40ms
step:2085/2750 train_time:4777.572s step_avg:2291.40ms
step:2086/2750 train_time:4779.865s step_avg:2291.40ms
step:2087/2750 train_time:4782.156s step_avg:2291.40ms
step:2088/2750 train_time:4784.450s step_avg:2291.40ms
step:2089/2750 train_time:4786.746s step_avg:2291.41ms
step:2090/2750 train_time:4789.037s step_avg:2291.41ms
step:2091/2750 train_time:4791.348s step_avg:2291.41ms
step:2092/2750 train_time:4793.639s step_avg:2291.41ms
step:2093/2750 train_time:4795.931s step_avg:2291.41ms
step:2094/2750 train_time:4798.226s step_avg:2291.42ms
step:2095/2750 train_time:4800.515s step_avg:2291.42ms
step:2096/2750 train_time:4802.807s step_avg:2291.42ms
step:2097/2750 train_time:4805.103s step_avg:2291.42ms
step:2098/2750 train_time:4807.398s step_avg:2291.42ms
step:2099/2750 train_time:4809.687s step_avg:2291.42ms
step:2100/2750 train_time:4811.977s step_avg:2291.42ms
step:2101/2750 train_time:4814.268s step_avg:2291.42ms
step:2102/2750 train_time:4816.568s step_avg:2291.42ms
step:2103/2750 train_time:4818.859s step_avg:2291.42ms
step:2104/2750 train_time:4821.150s step_avg:2291.42ms
step:2105/2750 train_time:4823.442s step_avg:2291.42ms
step:2106/2750 train_time:4825.739s step_avg:2291.42ms
step:2107/2750 train_time:4828.033s step_avg:2291.43ms
step:2108/2750 train_time:4830.327s step_avg:2291.43ms
step:2109/2750 train_time:4832.617s step_avg:2291.43ms
step:2110/2750 train_time:4834.909s step_avg:2291.43ms
step:2111/2750 train_time:4837.202s step_avg:2291.43ms
step:2112/2750 train_time:4839.488s step_avg:2291.42ms
step:2113/2750 train_time:4841.778s step_avg:2291.42ms
step:2114/2750 train_time:4844.072s step_avg:2291.42ms
step:2115/2750 train_time:4846.361s step_avg:2291.42ms
step:2116/2750 train_time:4848.652s step_avg:2291.42ms
step:2117/2750 train_time:4850.943s step_avg:2291.42ms
step:2118/2750 train_time:4853.238s step_avg:2291.42ms
step:2119/2750 train_time:4855.529s step_avg:2291.42ms
step:2120/2750 train_time:4857.818s step_avg:2291.42ms
step:2121/2750 train_time:4860.110s step_avg:2291.42ms
step:2122/2750 train_time:4862.398s step_avg:2291.42ms
step:2123/2750 train_time:4864.687s step_avg:2291.42ms
step:2124/2750 train_time:4866.980s step_avg:2291.42ms
step:2125/2750 train_time:4869.277s step_avg:2291.42ms
step:2125/2750 val_loss:3.33254 train_time:4869.277s step_avg:2292.98ms
step:2126/2750 train_time:4871.574s step_avg:2291.43ms
step:2127/2750 train_time:4873.864s step_avg:2291.43ms
step:2128/2750 train_time:4876.156s step_avg:2291.43ms
step:2129/2750 train_time:4878.450s step_avg:2291.43ms
step:2130/2750 train_time:4880.743s step_avg:2291.43ms
step:2131/2750 train_time:4883.038s step_avg:2291.43ms
step:2132/2750 train_time:4885.333s step_avg:2291.43ms
step:2133/2750 train_time:4887.632s step_avg:2291.44ms
step:2134/2750 train_time:4889.922s step_avg:2291.43ms
step:2135/2750 train_time:4892.218s step_avg:2291.44ms
step:2136/2750 train_time:4894.511s step_avg:2291.44ms
step:2137/2750 train_time:4896.805s step_avg:2291.44ms
step:2138/2750 train_time:4899.097s step_avg:2291.44ms
step:2139/2750 train_time:4901.387s step_avg:2291.44ms
step:2140/2750 train_time:4903.680s step_avg:2291.44ms
step:2141/2750 train_time:4905.972s step_avg:2291.44ms
step:2142/2750 train_time:4908.262s step_avg:2291.44ms
step:2143/2750 train_time:4910.553s step_avg:2291.44ms
step:2144/2750 train_time:4912.844s step_avg:2291.44ms
step:2145/2750 train_time:4915.140s step_avg:2291.44ms
step:2146/2750 train_time:4917.430s step_avg:2291.44ms
step:2147/2750 train_time:4919.720s step_avg:2291.44ms
step:2148/2750 train_time:4922.014s step_avg:2291.44ms
step:2149/2750 train_time:4924.313s step_avg:2291.44ms
step:2150/2750 train_time:4926.606s step_avg:2291.44ms
step:2151/2750 train_time:4928.898s step_avg:2291.44ms
step:2152/2750 train_time:4931.187s step_avg:2291.44ms
step:2153/2750 train_time:4933.480s step_avg:2291.44ms
step:2154/2750 train_time:4935.770s step_avg:2291.44ms
step:2155/2750 train_time:4938.064s step_avg:2291.45ms
step:2156/2750 train_time:4940.358s step_avg:2291.45ms
step:2157/2750 train_time:4942.655s step_avg:2291.45ms
step:2158/2750 train_time:4944.952s step_avg:2291.45ms
step:2159/2750 train_time:4947.244s step_avg:2291.45ms
step:2160/2750 train_time:4949.537s step_avg:2291.45ms
step:2161/2750 train_time:4951.833s step_avg:2291.45ms
step:2162/2750 train_time:4954.127s step_avg:2291.46ms
step:2163/2750 train_time:4956.417s step_avg:2291.45ms
step:2164/2750 train_time:4958.710s step_avg:2291.46ms
step:2165/2750 train_time:4961.002s step_avg:2291.46ms
step:2166/2750 train_time:4963.296s step_avg:2291.46ms
step:2167/2750 train_time:4965.587s step_avg:2291.46ms
step:2168/2750 train_time:4967.879s step_avg:2291.46ms
step:2169/2750 train_time:4970.172s step_avg:2291.46ms
step:2170/2750 train_time:4972.467s step_avg:2291.46ms
step:2171/2750 train_time:4974.757s step_avg:2291.46ms
step:2172/2750 train_time:4977.052s step_avg:2291.46ms
step:2173/2750 train_time:4979.345s step_avg:2291.46ms
step:2174/2750 train_time:4981.643s step_avg:2291.46ms
step:2175/2750 train_time:4983.932s step_avg:2291.46ms
step:2176/2750 train_time:4986.223s step_avg:2291.46ms
step:2177/2750 train_time:4988.516s step_avg:2291.46ms
step:2178/2750 train_time:4990.813s step_avg:2291.47ms
step:2179/2750 train_time:4993.108s step_avg:2291.47ms
step:2180/2750 train_time:4995.401s step_avg:2291.47ms
step:2181/2750 train_time:4997.690s step_avg:2291.47ms
step:2182/2750 train_time:4999.983s step_avg:2291.47ms
step:2183/2750 train_time:5002.273s step_avg:2291.47ms
step:2184/2750 train_time:5004.560s step_avg:2291.47ms
step:2185/2750 train_time:5006.855s step_avg:2291.47ms
step:2186/2750 train_time:5009.153s step_avg:2291.47ms
step:2187/2750 train_time:5011.445s step_avg:2291.47ms
step:2188/2750 train_time:5013.736s step_avg:2291.47ms
step:2189/2750 train_time:5016.026s step_avg:2291.47ms
step:2190/2750 train_time:5018.318s step_avg:2291.47ms
step:2191/2750 train_time:5020.608s step_avg:2291.47ms
step:2192/2750 train_time:5022.899s step_avg:2291.47ms
step:2193/2750 train_time:5025.193s step_avg:2291.47ms
step:2194/2750 train_time:5027.489s step_avg:2291.47ms
step:2195/2750 train_time:5029.775s step_avg:2291.47ms
step:2196/2750 train_time:5032.067s step_avg:2291.47ms
step:2197/2750 train_time:5034.355s step_avg:2291.47ms
step:2198/2750 train_time:5036.643s step_avg:2291.47ms
step:2199/2750 train_time:5038.933s step_avg:2291.47ms
step:2200/2750 train_time:5041.226s step_avg:2291.47ms
step:2201/2750 train_time:5043.524s step_avg:2291.47ms
step:2202/2750 train_time:5045.810s step_avg:2291.47ms
step:2203/2750 train_time:5048.100s step_avg:2291.47ms
step:2204/2750 train_time:5050.390s step_avg:2291.47ms
step:2205/2750 train_time:5052.686s step_avg:2291.47ms
step:2206/2750 train_time:5054.975s step_avg:2291.47ms
step:2207/2750 train_time:5057.267s step_avg:2291.47ms
step:2208/2750 train_time:5059.557s step_avg:2291.47ms
step:2209/2750 train_time:5061.847s step_avg:2291.47ms
step:2210/2750 train_time:5064.138s step_avg:2291.47ms
step:2211/2750 train_time:5066.428s step_avg:2291.46ms
step:2212/2750 train_time:5068.723s step_avg:2291.47ms
step:2213/2750 train_time:5071.013s step_avg:2291.47ms
step:2214/2750 train_time:5073.308s step_avg:2291.47ms
step:2215/2750 train_time:5075.600s step_avg:2291.47ms
step:2216/2750 train_time:5077.891s step_avg:2291.47ms
step:2217/2750 train_time:5080.181s step_avg:2291.47ms
step:2218/2750 train_time:5082.473s step_avg:2291.47ms
step:2219/2750 train_time:5084.762s step_avg:2291.47ms
step:2220/2750 train_time:5087.052s step_avg:2291.46ms
step:2221/2750 train_time:5089.347s step_avg:2291.47ms
step:2222/2750 train_time:5091.639s step_avg:2291.47ms
step:2223/2750 train_time:5093.932s step_avg:2291.47ms
step:2224/2750 train_time:5096.227s step_avg:2291.47ms
step:2225/2750 train_time:5098.517s step_avg:2291.47ms
step:2226/2750 train_time:5100.808s step_avg:2291.47ms
step:2227/2750 train_time:5103.095s step_avg:2291.47ms
step:2228/2750 train_time:5105.385s step_avg:2291.47ms
step:2229/2750 train_time:5107.680s step_avg:2291.47ms
step:2230/2750 train_time:5109.969s step_avg:2291.47ms
step:2231/2750 train_time:5112.261s step_avg:2291.47ms
step:2232/2750 train_time:5114.549s step_avg:2291.46ms
step:2233/2750 train_time:5116.846s step_avg:2291.47ms
step:2234/2750 train_time:5119.138s step_avg:2291.47ms
step:2235/2750 train_time:5121.435s step_avg:2291.47ms
step:2236/2750 train_time:5123.731s step_avg:2291.47ms
step:2237/2750 train_time:5126.026s step_avg:2291.47ms
step:2238/2750 train_time:5128.319s step_avg:2291.47ms
step:2239/2750 train_time:5130.612s step_avg:2291.47ms
step:2240/2750 train_time:5132.907s step_avg:2291.48ms
step:2241/2750 train_time:5135.195s step_avg:2291.47ms
step:2242/2750 train_time:5137.488s step_avg:2291.48ms
step:2243/2750 train_time:5139.780s step_avg:2291.48ms
step:2244/2750 train_time:5142.075s step_avg:2291.48ms
step:2245/2750 train_time:5144.369s step_avg:2291.48ms
step:2246/2750 train_time:5146.662s step_avg:2291.48ms
step:2247/2750 train_time:5148.957s step_avg:2291.48ms
step:2248/2750 train_time:5151.252s step_avg:2291.48ms
step:2249/2750 train_time:5153.547s step_avg:2291.48ms
step:2250/2750 train_time:5155.842s step_avg:2291.49ms
step:2250/2750 val_loss:3.31225 train_time:5155.843s step_avg:2292.52ms
step:2251/2750 train_time:5158.140s step_avg:2291.49ms
step:2252/2750 train_time:5160.434s step_avg:2291.49ms
step:2253/2750 train_time:5162.726s step_avg:2291.49ms
step:2254/2750 train_time:5165.016s step_avg:2291.49ms
step:2255/2750 train_time:5167.310s step_avg:2291.49ms
step:2256/2750 train_time:5169.607s step_avg:2291.49ms
step:2257/2750 train_time:5171.893s step_avg:2291.49ms
step:2258/2750 train_time:5174.187s step_avg:2291.49ms
step:2259/2750 train_time:5176.479s step_avg:2291.49ms
step:2260/2750 train_time:5178.775s step_avg:2291.49ms
step:2261/2750 train_time:5181.061s step_avg:2291.49ms
step:2262/2750 train_time:5183.351s step_avg:2291.49ms
step:2263/2750 train_time:5185.645s step_avg:2291.49ms
step:2264/2750 train_time:5187.942s step_avg:2291.49ms
step:2265/2750 train_time:5190.236s step_avg:2291.49ms
step:2266/2750 train_time:5192.533s step_avg:2291.50ms
step:2267/2750 train_time:5194.836s step_avg:2291.50ms
step:2268/2750 train_time:5197.128s step_avg:2291.50ms
step:2269/2750 train_time:5199.424s step_avg:2291.50ms
step:2270/2750 train_time:5201.717s step_avg:2291.51ms
step:2271/2750 train_time:5204.011s step_avg:2291.51ms
step:2272/2750 train_time:5206.299s step_avg:2291.51ms
step:2273/2750 train_time:5208.594s step_avg:2291.51ms
step:2274/2750 train_time:5210.883s step_avg:2291.51ms
step:2275/2750 train_time:5213.177s step_avg:2291.51ms
step:2276/2750 train_time:5215.468s step_avg:2291.51ms
step:2277/2750 train_time:5217.764s step_avg:2291.51ms
step:2278/2750 train_time:5220.058s step_avg:2291.51ms
step:2279/2750 train_time:5222.351s step_avg:2291.51ms
step:2280/2750 train_time:5224.645s step_avg:2291.51ms
step:2281/2750 train_time:5226.955s step_avg:2291.52ms
step:2282/2750 train_time:5229.245s step_avg:2291.52ms
step:2283/2750 train_time:5231.534s step_avg:2291.52ms
step:2284/2750 train_time:5233.825s step_avg:2291.52ms
step:2285/2750 train_time:5236.118s step_avg:2291.52ms
step:2286/2750 train_time:5238.414s step_avg:2291.52ms
step:2287/2750 train_time:5240.701s step_avg:2291.52ms
step:2288/2750 train_time:5242.994s step_avg:2291.52ms
step:2289/2750 train_time:5245.286s step_avg:2291.52ms
step:2290/2750 train_time:5247.581s step_avg:2291.52ms
step:2291/2750 train_time:5249.873s step_avg:2291.52ms
step:2292/2750 train_time:5252.167s step_avg:2291.52ms
step:2293/2750 train_time:5254.457s step_avg:2291.52ms
step:2294/2750 train_time:5256.752s step_avg:2291.52ms
step:2295/2750 train_time:5259.042s step_avg:2291.52ms
step:2296/2750 train_time:5261.333s step_avg:2291.52ms
step:2297/2750 train_time:5263.625s step_avg:2291.52ms
step:2298/2750 train_time:5265.921s step_avg:2291.52ms
step:2299/2750 train_time:5268.207s step_avg:2291.52ms
step:2300/2750 train_time:5270.500s step_avg:2291.52ms
step:2301/2750 train_time:5272.786s step_avg:2291.52ms
step:2302/2750 train_time:5275.077s step_avg:2291.52ms
step:2303/2750 train_time:5277.369s step_avg:2291.52ms
step:2304/2750 train_time:5279.659s step_avg:2291.52ms
step:2305/2750 train_time:5281.955s step_avg:2291.52ms
step:2306/2750 train_time:5284.249s step_avg:2291.52ms
step:2307/2750 train_time:5286.535s step_avg:2291.52ms
step:2308/2750 train_time:5288.827s step_avg:2291.52ms
step:2309/2750 train_time:5291.123s step_avg:2291.52ms
step:2310/2750 train_time:5293.413s step_avg:2291.52ms
step:2311/2750 train_time:5295.705s step_avg:2291.52ms
step:2312/2750 train_time:5297.996s step_avg:2291.52ms
step:2313/2750 train_time:5300.289s step_avg:2291.52ms
step:2314/2750 train_time:5302.579s step_avg:2291.52ms
step:2315/2750 train_time:5304.870s step_avg:2291.52ms
step:2316/2750 train_time:5307.161s step_avg:2291.52ms
step:2317/2750 train_time:5309.453s step_avg:2291.52ms
step:2318/2750 train_time:5311.739s step_avg:2291.52ms
step:2319/2750 train_time:5314.029s step_avg:2291.52ms
step:2320/2750 train_time:5316.320s step_avg:2291.52ms
step:2321/2750 train_time:5318.609s step_avg:2291.52ms
step:2322/2750 train_time:5320.900s step_avg:2291.52ms
step:2323/2750 train_time:5323.189s step_avg:2291.51ms
step:2324/2750 train_time:5325.484s step_avg:2291.52ms
step:2325/2750 train_time:5327.778s step_avg:2291.52ms
step:2326/2750 train_time:5330.069s step_avg:2291.52ms
step:2327/2750 train_time:5332.365s step_avg:2291.52ms
step:2328/2750 train_time:5334.660s step_avg:2291.52ms
step:2329/2750 train_time:5336.947s step_avg:2291.52ms
step:2330/2750 train_time:5339.248s step_avg:2291.52ms
step:2331/2750 train_time:5341.540s step_avg:2291.52ms
step:2332/2750 train_time:5343.836s step_avg:2291.52ms
step:2333/2750 train_time:5346.125s step_avg:2291.52ms
step:2334/2750 train_time:5348.419s step_avg:2291.52ms
step:2335/2750 train_time:5350.711s step_avg:2291.53ms
step:2336/2750 train_time:5353.006s step_avg:2291.53ms
step:2337/2750 train_time:5355.297s step_avg:2291.53ms
step:2338/2750 train_time:5357.589s step_avg:2291.53ms
step:2339/2750 train_time:5359.880s step_avg:2291.53ms
step:2340/2750 train_time:5362.172s step_avg:2291.53ms
step:2341/2750 train_time:5364.461s step_avg:2291.53ms
step:2342/2750 train_time:5366.755s step_avg:2291.53ms
step:2343/2750 train_time:5369.050s step_avg:2291.53ms
step:2344/2750 train_time:5371.346s step_avg:2291.53ms
step:2345/2750 train_time:5373.641s step_avg:2291.53ms
step:2346/2750 train_time:5375.936s step_avg:2291.53ms
step:2347/2750 train_time:5378.224s step_avg:2291.53ms
step:2348/2750 train_time:5380.519s step_avg:2291.53ms
step:2349/2750 train_time:5382.813s step_avg:2291.53ms
step:2350/2750 train_time:5385.100s step_avg:2291.53ms
step:2351/2750 train_time:5387.390s step_avg:2291.53ms
step:2352/2750 train_time:5389.689s step_avg:2291.53ms
step:2353/2750 train_time:5391.978s step_avg:2291.53ms
step:2354/2750 train_time:5394.273s step_avg:2291.53ms
step:2355/2750 train_time:5396.565s step_avg:2291.54ms
step:2356/2750 train_time:5398.857s step_avg:2291.54ms
step:2357/2750 train_time:5401.149s step_avg:2291.54ms
step:2358/2750 train_time:5403.435s step_avg:2291.53ms
step:2359/2750 train_time:5405.727s step_avg:2291.53ms
step:2360/2750 train_time:5408.022s step_avg:2291.53ms
step:2361/2750 train_time:5410.309s step_avg:2291.53ms
step:2362/2750 train_time:5412.600s step_avg:2291.53ms
step:2363/2750 train_time:5414.890s step_avg:2291.53ms
step:2364/2750 train_time:5417.179s step_avg:2291.53ms
step:2365/2750 train_time:5419.475s step_avg:2291.53ms
step:2366/2750 train_time:5421.767s step_avg:2291.53ms
step:2367/2750 train_time:5424.061s step_avg:2291.53ms
step:2368/2750 train_time:5426.353s step_avg:2291.53ms
step:2369/2750 train_time:5428.641s step_avg:2291.53ms
step:2370/2750 train_time:5430.931s step_avg:2291.53ms
step:2371/2750 train_time:5433.227s step_avg:2291.53ms
step:2372/2750 train_time:5435.521s step_avg:2291.53ms
step:2373/2750 train_time:5437.815s step_avg:2291.54ms
step:2374/2750 train_time:5440.103s step_avg:2291.53ms
step:2375/2750 train_time:5442.399s step_avg:2291.54ms
step:2375/2750 val_loss:3.29908 train_time:5442.399s step_avg:2292.45ms
step:2376/2750 train_time:5444.700s step_avg:2291.54ms
step:2377/2750 train_time:5446.990s step_avg:2291.54ms
step:2378/2750 train_time:5449.283s step_avg:2291.54ms
step:2379/2750 train_time:5451.577s step_avg:2291.54ms
step:2380/2750 train_time:5453.867s step_avg:2291.54ms
step:2381/2750 train_time:5456.161s step_avg:2291.54ms
step:2382/2750 train_time:5458.451s step_avg:2291.54ms
step:2383/2750 train_time:5460.748s step_avg:2291.54ms
step:2384/2750 train_time:5463.038s step_avg:2291.54ms
step:2385/2750 train_time:5465.332s step_avg:2291.54ms
step:2386/2750 train_time:5467.628s step_avg:2291.55ms
step:2387/2750 train_time:5469.924s step_avg:2291.55ms
step:2388/2750 train_time:5472.217s step_avg:2291.55ms
step:2389/2750 train_time:5474.512s step_avg:2291.55ms
step:2390/2750 train_time:5476.802s step_avg:2291.55ms
step:2391/2750 train_time:5479.095s step_avg:2291.55ms
step:2392/2750 train_time:5481.392s step_avg:2291.55ms
step:2393/2750 train_time:5483.683s step_avg:2291.55ms
step:2394/2750 train_time:5485.974s step_avg:2291.55ms
step:2395/2750 train_time:5488.265s step_avg:2291.55ms
step:2396/2750 train_time:5490.563s step_avg:2291.55ms
step:2397/2750 train_time:5492.854s step_avg:2291.55ms
step:2398/2750 train_time:5495.149s step_avg:2291.55ms
step:2399/2750 train_time:5497.443s step_avg:2291.56ms
step:2400/2750 train_time:5499.741s step_avg:2291.56ms
step:2401/2750 train_time:5502.031s step_avg:2291.56ms
step:2402/2750 train_time:5504.329s step_avg:2291.56ms
step:2403/2750 train_time:5506.618s step_avg:2291.56ms
step:2404/2750 train_time:5508.913s step_avg:2291.56ms
step:2405/2750 train_time:5511.209s step_avg:2291.56ms
step:2406/2750 train_time:5513.497s step_avg:2291.56ms
step:2407/2750 train_time:5515.789s step_avg:2291.56ms
step:2408/2750 train_time:5518.080s step_avg:2291.56ms
step:2409/2750 train_time:5520.370s step_avg:2291.56ms
step:2410/2750 train_time:5522.663s step_avg:2291.56ms
step:2411/2750 train_time:5524.955s step_avg:2291.56ms
step:2412/2750 train_time:5527.253s step_avg:2291.56ms
step:2413/2750 train_time:5529.549s step_avg:2291.57ms
step:2414/2750 train_time:5531.838s step_avg:2291.56ms
step:2415/2750 train_time:5534.129s step_avg:2291.56ms
step:2416/2750 train_time:5536.421s step_avg:2291.56ms
step:2417/2750 train_time:5538.712s step_avg:2291.56ms
step:2418/2750 train_time:5541.006s step_avg:2291.57ms
step:2419/2750 train_time:5543.296s step_avg:2291.57ms
step:2420/2750 train_time:5545.592s step_avg:2291.57ms
step:2421/2750 train_time:5547.887s step_avg:2291.57ms
step:2422/2750 train_time:5550.176s step_avg:2291.57ms
step:2423/2750 train_time:5552.468s step_avg:2291.57ms
step:2424/2750 train_time:5554.761s step_avg:2291.57ms
step:2425/2750 train_time:5557.052s step_avg:2291.57ms
step:2426/2750 train_time:5559.344s step_avg:2291.57ms
step:2427/2750 train_time:5561.631s step_avg:2291.57ms
step:2428/2750 train_time:5563.928s step_avg:2291.57ms
step:2429/2750 train_time:5566.215s step_avg:2291.57ms
step:2430/2750 train_time:5568.506s step_avg:2291.57ms
step:2431/2750 train_time:5570.800s step_avg:2291.57ms
step:2432/2750 train_time:5573.098s step_avg:2291.57ms
step:2433/2750 train_time:5575.391s step_avg:2291.57ms
step:2434/2750 train_time:5577.685s step_avg:2291.57ms
step:2435/2750 train_time:5579.976s step_avg:2291.57ms
step:2436/2750 train_time:5582.270s step_avg:2291.57ms
step:2437/2750 train_time:5584.561s step_avg:2291.57ms
step:2438/2750 train_time:5586.850s step_avg:2291.57ms
step:2439/2750 train_time:5589.143s step_avg:2291.57ms
step:2440/2750 train_time:5591.436s step_avg:2291.57ms
step:2441/2750 train_time:5593.727s step_avg:2291.57ms
step:2442/2750 train_time:5596.022s step_avg:2291.57ms
step:2443/2750 train_time:5598.315s step_avg:2291.57ms
step:2444/2750 train_time:5600.609s step_avg:2291.58ms
step:2445/2750 train_time:5602.901s step_avg:2291.57ms
step:2446/2750 train_time:5605.191s step_avg:2291.57ms
step:2447/2750 train_time:5607.483s step_avg:2291.57ms
step:2448/2750 train_time:5609.781s step_avg:2291.58ms
step:2449/2750 train_time:5612.077s step_avg:2291.58ms
step:2450/2750 train_time:5614.371s step_avg:2291.58ms
step:2451/2750 train_time:5616.663s step_avg:2291.58ms
step:2452/2750 train_time:5618.959s step_avg:2291.58ms
step:2453/2750 train_time:5621.252s step_avg:2291.58ms
step:2454/2750 train_time:5623.543s step_avg:2291.58ms
step:2455/2750 train_time:5625.836s step_avg:2291.58ms
step:2456/2750 train_time:5628.126s step_avg:2291.58ms
step:2457/2750 train_time:5630.424s step_avg:2291.59ms
step:2458/2750 train_time:5632.725s step_avg:2291.59ms
step:2459/2750 train_time:5635.014s step_avg:2291.59ms
step:2460/2750 train_time:5637.305s step_avg:2291.59ms
step:2461/2750 train_time:5639.601s step_avg:2291.59ms
step:2462/2750 train_time:5641.892s step_avg:2291.59ms
step:2463/2750 train_time:5644.183s step_avg:2291.59ms
step:2464/2750 train_time:5646.475s step_avg:2291.59ms
step:2465/2750 train_time:5648.769s step_avg:2291.59ms
step:2466/2750 train_time:5651.057s step_avg:2291.59ms
step:2467/2750 train_time:5653.352s step_avg:2291.59ms
step:2468/2750 train_time:5655.643s step_avg:2291.59ms
step:2469/2750 train_time:5657.940s step_avg:2291.59ms
step:2470/2750 train_time:5660.232s step_avg:2291.59ms
step:2471/2750 train_time:5662.540s step_avg:2291.60ms
step:2472/2750 train_time:5664.829s step_avg:2291.60ms
step:2473/2750 train_time:5667.119s step_avg:2291.60ms
step:2474/2750 train_time:5669.413s step_avg:2291.60ms
step:2475/2750 train_time:5671.699s step_avg:2291.60ms
step:2476/2750 train_time:5673.992s step_avg:2291.60ms
step:2477/2750 train_time:5676.283s step_avg:2291.60ms
step:2478/2750 train_time:5678.574s step_avg:2291.60ms
step:2479/2750 train_time:5680.869s step_avg:2291.60ms
step:2480/2750 train_time:5683.158s step_avg:2291.60ms
step:2481/2750 train_time:5685.454s step_avg:2291.60ms
step:2482/2750 train_time:5687.744s step_avg:2291.60ms
step:2483/2750 train_time:5690.033s step_avg:2291.60ms
step:2484/2750 train_time:5692.324s step_avg:2291.60ms
step:2485/2750 train_time:5694.622s step_avg:2291.60ms
step:2486/2750 train_time:5696.927s step_avg:2291.60ms
step:2487/2750 train_time:5699.226s step_avg:2291.61ms
step:2488/2750 train_time:5701.514s step_avg:2291.61ms
step:2489/2750 train_time:5703.805s step_avg:2291.61ms
step:2490/2750 train_time:5706.102s step_avg:2291.61ms
step:2491/2750 train_time:5708.398s step_avg:2291.61ms
step:2492/2750 train_time:5710.692s step_avg:2291.61ms
step:2493/2750 train_time:5712.984s step_avg:2291.61ms
step:2494/2750 train_time:5715.278s step_avg:2291.61ms
step:2495/2750 train_time:5717.572s step_avg:2291.61ms
step:2496/2750 train_time:5719.861s step_avg:2291.61ms
step:2497/2750 train_time:5722.152s step_avg:2291.61ms
step:2498/2750 train_time:5724.442s step_avg:2291.61ms
step:2499/2750 train_time:5726.736s step_avg:2291.61ms
step:2500/2750 train_time:5729.034s step_avg:2291.61ms
step:2500/2750 val_loss:3.28838 train_time:5729.035s step_avg:2293.08ms
step:2501/2750 train_time:5731.327s step_avg:2291.61ms
step:2502/2750 train_time:5733.627s step_avg:2291.62ms
step:2503/2750 train_time:5735.922s step_avg:2291.62ms
step:2504/2750 train_time:5738.210s step_avg:2291.62ms
step:2505/2750 train_time:5740.503s step_avg:2291.62ms
step:2506/2750 train_time:5742.798s step_avg:2291.62ms
step:2507/2750 train_time:5745.095s step_avg:2291.62ms
step:2508/2750 train_time:5747.390s step_avg:2291.62ms
step:2509/2750 train_time:5749.686s step_avg:2291.62ms
step:2510/2750 train_time:5751.979s step_avg:2291.63ms
step:2511/2750 train_time:5754.274s step_avg:2291.63ms
step:2512/2750 train_time:5756.564s step_avg:2291.63ms
step:2513/2750 train_time:5758.860s step_avg:2291.63ms
step:2514/2750 train_time:5761.147s step_avg:2291.63ms
step:2515/2750 train_time:5763.444s step_avg:2291.63ms
step:2516/2750 train_time:5765.733s step_avg:2291.63ms
step:2517/2750 train_time:5768.023s step_avg:2291.63ms
step:2518/2750 train_time:5770.315s step_avg:2291.63ms
step:2519/2750 train_time:5772.614s step_avg:2291.63ms
step:2520/2750 train_time:5774.907s step_avg:2291.63ms
step:2521/2750 train_time:5777.200s step_avg:2291.63ms
step:2522/2750 train_time:5779.488s step_avg:2291.63ms
step:2523/2750 train_time:5781.782s step_avg:2291.63ms
step:2524/2750 train_time:5784.067s step_avg:2291.63ms
step:2525/2750 train_time:5786.360s step_avg:2291.63ms
step:2526/2750 train_time:5788.654s step_avg:2291.63ms
step:2527/2750 train_time:5790.950s step_avg:2291.63ms
step:2528/2750 train_time:5793.241s step_avg:2291.63ms
step:2529/2750 train_time:5795.536s step_avg:2291.63ms
step:2530/2750 train_time:5797.824s step_avg:2291.63ms
step:2531/2750 train_time:5800.121s step_avg:2291.63ms
step:2532/2750 train_time:5802.412s step_avg:2291.63ms
step:2533/2750 train_time:5804.705s step_avg:2291.63ms
step:2534/2750 train_time:5806.995s step_avg:2291.63ms
step:2535/2750 train_time:5809.292s step_avg:2291.63ms
step:2536/2750 train_time:5811.585s step_avg:2291.63ms
step:2537/2750 train_time:5813.879s step_avg:2291.64ms
step:2538/2750 train_time:5816.170s step_avg:2291.64ms
step:2539/2750 train_time:5818.466s step_avg:2291.64ms
step:2540/2750 train_time:5820.760s step_avg:2291.64ms
step:2541/2750 train_time:5823.048s step_avg:2291.64ms
step:2542/2750 train_time:5825.341s step_avg:2291.64ms
step:2543/2750 train_time:5827.634s step_avg:2291.64ms
step:2544/2750 train_time:5829.928s step_avg:2291.64ms
step:2545/2750 train_time:5832.221s step_avg:2291.64ms
step:2546/2750 train_time:5834.510s step_avg:2291.64ms
step:2547/2750 train_time:5836.806s step_avg:2291.64ms
step:2548/2750 train_time:5839.096s step_avg:2291.64ms
step:2549/2750 train_time:5841.388s step_avg:2291.64ms
step:2550/2750 train_time:5843.682s step_avg:2291.64ms
step:2551/2750 train_time:5845.978s step_avg:2291.64ms
step:2552/2750 train_time:5848.268s step_avg:2291.64ms
step:2553/2750 train_time:5850.562s step_avg:2291.64ms
step:2554/2750 train_time:5852.850s step_avg:2291.64ms
step:2555/2750 train_time:5855.145s step_avg:2291.64ms
step:2556/2750 train_time:5857.439s step_avg:2291.64ms
step:2557/2750 train_time:5859.725s step_avg:2291.64ms
step:2558/2750 train_time:5862.019s step_avg:2291.64ms
step:2559/2750 train_time:5864.314s step_avg:2291.64ms
step:2560/2750 train_time:5866.605s step_avg:2291.64ms
step:2561/2750 train_time:5868.899s step_avg:2291.64ms
step:2562/2750 train_time:5871.188s step_avg:2291.64ms
step:2563/2750 train_time:5873.484s step_avg:2291.64ms
step:2564/2750 train_time:5875.775s step_avg:2291.64ms
step:2565/2750 train_time:5878.064s step_avg:2291.64ms
step:2566/2750 train_time:5880.357s step_avg:2291.64ms
step:2567/2750 train_time:5882.653s step_avg:2291.65ms
step:2568/2750 train_time:5884.944s step_avg:2291.64ms
step:2569/2750 train_time:5887.239s step_avg:2291.65ms
step:2570/2750 train_time:5889.530s step_avg:2291.65ms
step:2571/2750 train_time:5891.824s step_avg:2291.65ms
step:2572/2750 train_time:5894.111s step_avg:2291.65ms
step:2573/2750 train_time:5896.404s step_avg:2291.65ms
step:2574/2750 train_time:5898.696s step_avg:2291.65ms
step:2575/2750 train_time:5900.995s step_avg:2291.65ms
step:2576/2750 train_time:5903.288s step_avg:2291.65ms
step:2577/2750 train_time:5905.585s step_avg:2291.65ms
step:2578/2750 train_time:5907.877s step_avg:2291.65ms
step:2579/2750 train_time:5910.175s step_avg:2291.65ms
step:2580/2750 train_time:5912.468s step_avg:2291.65ms
step:2581/2750 train_time:5914.755s step_avg:2291.65ms
step:2582/2750 train_time:5917.047s step_avg:2291.65ms
step:2583/2750 train_time:5919.337s step_avg:2291.65ms
step:2584/2750 train_time:5921.625s step_avg:2291.65ms
step:2585/2750 train_time:5923.917s step_avg:2291.65ms
step:2586/2750 train_time:5926.208s step_avg:2291.65ms
step:2587/2750 train_time:5928.503s step_avg:2291.65ms
step:2588/2750 train_time:5930.793s step_avg:2291.65ms
step:2589/2750 train_time:5933.087s step_avg:2291.65ms
step:2590/2750 train_time:5935.378s step_avg:2291.65ms
step:2591/2750 train_time:5937.673s step_avg:2291.65ms
step:2592/2750 train_time:5939.963s step_avg:2291.65ms
step:2593/2750 train_time:5942.257s step_avg:2291.65ms
step:2594/2750 train_time:5944.549s step_avg:2291.65ms
step:2595/2750 train_time:5946.843s step_avg:2291.65ms
step:2596/2750 train_time:5949.137s step_avg:2291.66ms
step:2597/2750 train_time:5951.424s step_avg:2291.65ms
step:2598/2750 train_time:5953.718s step_avg:2291.65ms
step:2599/2750 train_time:5956.015s step_avg:2291.66ms
step:2600/2750 train_time:5958.305s step_avg:2291.66ms
step:2600/2750 val_loss:3.28152 train_time:5958.306s step_avg:2292.71ms
step:2601/2750 train_time:5960.606s step_avg:2291.66ms
step:2602/2750 train_time:5962.898s step_avg:2291.66ms
step:2603/2750 train_time:5965.196s step_avg:2291.66ms
step:2604/2750 train_time:5967.484s step_avg:2291.66ms
step:2605/2750 train_time:5969.774s step_avg:2291.66ms
step:2605/2750 val_loss:3.28124 train_time:5969.774s step_avg:2293.76ms
step:2606/2750 train_time:5972.067s step_avg:2291.66ms
step:2607/2750 train_time:5974.361s step_avg:2291.66ms
step:2608/2750 train_time:5976.649s step_avg:2291.66ms
step:2609/2750 train_time:5978.943s step_avg:2291.66ms
step:2610/2750 train_time:5981.236s step_avg:2291.66ms
step:2610/2750 val_loss:3.28093 train_time:5981.236s step_avg:2292.35ms
step:2611/2750 train_time:5983.542s step_avg:2291.67ms
step:2612/2750 train_time:5985.840s step_avg:2291.67ms
step:2613/2750 train_time:5988.132s step_avg:2291.67ms
step:2614/2750 train_time:5990.424s step_avg:2291.67ms
step:2615/2750 train_time:5992.717s step_avg:2291.67ms
step:2615/2750 val_loss:3.28065 train_time:5992.717s step_avg:2296.10ms
step:2616/2750 train_time:5995.021s step_avg:2291.67ms
step:2617/2750 train_time:5997.314s step_avg:2291.68ms
step:2618/2750 train_time:5999.607s step_avg:2291.68ms
step:2619/2750 train_time:6001.902s step_avg:2291.68ms
step:2620/2750 train_time:6004.197s step_avg:2291.68ms
step:2620/2750 val_loss:3.28033 train_time:6004.197s step_avg:2296.10ms
step:2621/2750 train_time:6006.500s step_avg:2291.68ms
step:2622/2750 train_time:6008.802s step_avg:2291.69ms
step:2623/2750 train_time:6011.095s step_avg:2291.69ms
step:2624/2750 train_time:6013.385s step_avg:2291.69ms
step:2625/2750 train_time:6015.681s step_avg:2291.69ms
step:2625/2750 val_loss:3.28003 train_time:6015.681s step_avg:2296.84ms
step:2626/2750 train_time:6017.984s step_avg:2291.69ms
step:2627/2750 train_time:6020.281s step_avg:2291.69ms
step:2628/2750 train_time:6022.574s step_avg:2291.69ms
step:2629/2750 train_time:6024.866s step_avg:2291.69ms
step:2630/2750 train_time:6027.158s step_avg:2291.69ms
step:2630/2750 val_loss:3.27970 train_time:6027.158s step_avg:2295.31ms
step:2631/2750 train_time:6029.461s step_avg:2291.70ms
step:2632/2750 train_time:6031.760s step_avg:2291.70ms
step:2633/2750 train_time:6034.050s step_avg:2291.70ms
step:2634/2750 train_time:6036.344s step_avg:2291.70ms
step:2635/2750 train_time:6038.646s step_avg:2291.71ms
step:2635/2750 val_loss:3.27942 train_time:6038.646s step_avg:2297.58ms
step:2636/2750 train_time:6040.944s step_avg:2291.71ms
step:2637/2750 train_time:6043.244s step_avg:2291.71ms
step:2638/2750 train_time:6045.534s step_avg:2291.71ms
step:2639/2750 train_time:6047.828s step_avg:2291.71ms
step:2640/2750 train_time:6050.119s step_avg:2291.71ms
step:2640/2750 val_loss:3.27910 train_time:6050.119s step_avg:2294.72ms
step:2641/2750 train_time:6052.419s step_avg:2291.71ms
step:2642/2750 train_time:6054.719s step_avg:2291.72ms
step:2643/2750 train_time:6057.010s step_avg:2291.72ms
step:2644/2750 train_time:6059.304s step_avg:2291.72ms
step:2645/2750 train_time:6061.601s step_avg:2291.72ms
step:2645/2750 val_loss:3.27881 train_time:6061.601s step_avg:2296.32ms
step:2646/2750 train_time:6063.905s step_avg:2291.73ms
step:2647/2750 train_time:6066.200s step_avg:2291.73ms
step:2648/2750 train_time:6068.494s step_avg:2291.73ms
step:2649/2750 train_time:6070.789s step_avg:2291.73ms
step:2650/2750 train_time:6073.088s step_avg:2291.73ms
step:2650/2750 val_loss:3.27854 train_time:6073.088s step_avg:2297.39ms
step:2651/2750 train_time:6075.395s step_avg:2291.74ms
step:2652/2750 train_time:6077.694s step_avg:2291.74ms
step:2653/2750 train_time:6079.986s step_avg:2291.74ms
step:2654/2750 train_time:6082.279s step_avg:2291.74ms
step:2655/2750 train_time:6084.574s step_avg:2291.74ms
step:2655/2750 val_loss:3.27821 train_time:6084.575s step_avg:2297.33ms
step:2656/2750 train_time:6086.880s step_avg:2291.75ms
step:2657/2750 train_time:6089.176s step_avg:2291.75ms
step:2658/2750 train_time:6091.468s step_avg:2291.75ms
step:2659/2750 train_time:6093.761s step_avg:2291.75ms
step:2660/2750 train_time:6096.052s step_avg:2291.75ms
step:2660/2750 val_loss:3.27793 train_time:6096.052s step_avg:2295.41ms
target_reached step:2660 val_loss:3.27793
step:2661/2750 train_time:6098.368s step_avg:2291.76ms
step:2662/2750 train_time:6100.666s step_avg:2291.76ms
step:2663/2750 train_time:6102.964s step_avg:2291.76ms
step:2664/2750 train_time:6105.256s step_avg:2291.76ms
step:2665/2750 train_time:6107.546s step_avg:2291.76ms
step:2665/2750 val_loss:3.27764 train_time:6107.546s step_avg:2298.88ms
target_reached step:2665 val_loss:3.27764
step:2666/2750 train_time:6109.848s step_avg:2291.77ms
step:2667/2750 train_time:6112.139s step_avg:2291.77ms
step:2668/2750 train_time:6114.435s step_avg:2291.77ms
step:2669/2750 train_time:6116.726s step_avg:2291.77ms
step:2670/2750 train_time:6119.019s step_avg:2291.77ms
step:2670/2750 val_loss:3.27738 train_time:6119.019s step_avg:2294.53ms
target_reached step:2670 val_loss:3.27738
step:2671/2750 train_time:6121.321s step_avg:2291.77ms
step:2672/2750 train_time:6123.613s step_avg:2291.77ms
step:2673/2750 train_time:6125.910s step_avg:2291.77ms
step:2674/2750 train_time:6128.202s step_avg:2291.77ms
step:2675/2750 train_time:6130.494s step_avg:2291.77ms
step:2675/2750 val_loss:3.27710 train_time:6130.494s step_avg:2295.00ms
target_reached step:2675 val_loss:3.27710
step:2676/2750 train_time:6132.795s step_avg:2291.78ms
step:2677/2750 train_time:6135.091s step_avg:2291.78ms
step:2678/2750 train_time:6137.388s step_avg:2291.78ms
step:2679/2750 train_time:6139.687s step_avg:2291.78ms
step:2680/2750 train_time:6141.975s step_avg:2291.78ms
step:2680/2750 val_loss:3.27684 train_time:6141.975s step_avg:2296.28ms
target_reached step:2680 val_loss:3.27684
step:2681/2750 train_time:6144.281s step_avg:2291.79ms
step:2682/2750 train_time:6146.581s step_avg:2291.79ms
step:2683/2750 train_time:6148.877s step_avg:2291.79ms
step:2684/2750 train_time:6151.173s step_avg:2291.79ms
step:2685/2750 train_time:6153.466s step_avg:2291.79ms
step:2685/2750 val_loss:3.27658 train_time:6153.466s step_avg:2298.19ms
target_reached step:2685 val_loss:3.27658
step:2686/2750 train_time:6155.766s step_avg:2291.80ms
step:2687/2750 train_time:6158.060s step_avg:2291.80ms
step:2688/2750 train_time:6160.357s step_avg:2291.80ms
step:2689/2750 train_time:6162.653s step_avg:2291.80ms
step:2690/2750 train_time:6164.951s step_avg:2291.80ms
step:2690/2750 val_loss:3.27631 train_time:6164.951s step_avg:2296.96ms
target_reached step:2690 val_loss:3.27631
step:2691/2750 train_time:6167.256s step_avg:2291.81ms
step:2692/2750 train_time:6169.552s step_avg:2291.81ms
step:2693/2750 train_time:6171.852s step_avg:2291.81ms
step:2694/2750 train_time:6174.146s step_avg:2291.81ms
step:2695/2750 train_time:6176.443s step_avg:2291.82ms
step:2695/2750 val_loss:3.27607 train_time:6176.443s step_avg:2298.44ms
target_reached step:2695 val_loss:3.27607
step:2696/2750 train_time:6178.739s step_avg:2291.82ms
step:2697/2750 train_time:6181.032s step_avg:2291.82ms
step:2698/2750 train_time:6183.331s step_avg:2291.82ms
step:2699/2750 train_time:6185.626s step_avg:2291.82ms
step:2700/2750 train_time:6187.922s step_avg:2291.82ms
step:2700/2750 val_loss:3.27584 train_time:6187.922s step_avg:2295.78ms
target_reached step:2700 val_loss:3.27584
step:2701/2750 train_time:6190.220s step_avg:2291.83ms
step:2702/2750 train_time:6192.517s step_avg:2291.83ms
step:2703/2750 train_time:6194.810s step_avg:2291.83ms
step:2704/2750 train_time:6197.105s step_avg:2291.83ms
step:2705/2750 train_time:6199.401s step_avg:2291.83ms
step:2705/2750 val_loss:3.27555 train_time:6199.401s step_avg:2295.83ms
target_reached step:2705 val_loss:3.27555
step:2706/2750 train_time:6201.708s step_avg:2291.84ms
step:2707/2750 train_time:6204.000s step_avg:2291.84ms
step:2708/2750 train_time:6206.296s step_avg:2291.84ms
step:2709/2750 train_time:6208.588s step_avg:2291.84ms
step:2710/2750 train_time:6210.887s step_avg:2291.84ms
step:2710/2750 val_loss:3.27531 train_time:6210.887s step_avg:2297.10ms
target_reached step:2710 val_loss:3.27531
step:2711/2750 train_time:6213.193s step_avg:2291.85ms
step:2712/2750 train_time:6215.487s step_avg:2291.85ms
step:2713/2750 train_time:6217.786s step_avg:2291.85ms
step:2714/2750 train_time:6220.079s step_avg:2291.85ms
step:2715/2750 train_time:6222.376s step_avg:2291.85ms
step:2715/2750 val_loss:3.27508 train_time:6222.376s step_avg:2297.88ms
target_reached step:2715 val_loss:3.27508
step:2716/2750 train_time:6224.672s step_avg:2291.85ms
step:2717/2750 train_time:6226.969s step_avg:2291.85ms
step:2718/2750 train_time:6229.262s step_avg:2291.86ms
step:2719/2750 train_time:6231.557s step_avg:2291.86ms
step:2720/2750 train_time:6233.853s step_avg:2291.86ms
step:2720/2750 val_loss:3.27484 train_time:6233.853s step_avg:2295.44ms
target_reached step:2720 val_loss:3.27484
step:2721/2750 train_time:6236.157s step_avg:2291.86ms
step:2722/2750 train_time:6238.451s step_avg:2291.86ms
step:2723/2750 train_time:6240.747s step_avg:2291.86ms
step:2724/2750 train_time:6243.039s step_avg:2291.86ms
step:2725/2750 train_time:6245.331s step_avg:2291.86ms
step:2725/2750 val_loss:3.27465 train_time:6245.331s step_avg:2295.63ms
target_reached step:2725 val_loss:3.27465
step:2726/2750 train_time:6247.633s step_avg:2291.87ms
step:2727/2750 train_time:6249.932s step_avg:2291.87ms
step:2728/2750 train_time:6252.229s step_avg:2291.87ms
step:2729/2750 train_time:6254.523s step_avg:2291.87ms
step:2730/2750 train_time:6256.819s step_avg:2291.88ms
step:2730/2750 val_loss:3.27442 train_time:6256.820s step_avg:2297.65ms
target_reached step:2730 val_loss:3.27442
step:2731/2750 train_time:6259.122s step_avg:2291.88ms
step:2732/2750 train_time:6261.419s step_avg:2291.88ms
step:2733/2750 train_time:6263.719s step_avg:2291.88ms
step:2734/2750 train_time:6266.016s step_avg:2291.89ms
step:2735/2750 train_time:6268.308s step_avg:2291.89ms
step:2735/2750 val_loss:3.27420 train_time:6268.308s step_avg:2297.71ms
target_reached step:2735 val_loss:3.27420
step:2736/2750 train_time:6270.604s step_avg:2291.89ms
step:2737/2750 train_time:6272.901s step_avg:2291.89ms
step:2738/2750 train_time:6275.199s step_avg:2291.89ms
step:2739/2750 train_time:6277.495s step_avg:2291.89ms
step:2740/2750 train_time:6279.786s step_avg:2291.89ms
step:2740/2750 val_loss:3.27400 train_time:6279.786s step_avg:2295.50ms
target_reached step:2740 val_loss:3.27400
step:2741/2750 train_time:6282.080s step_avg:2291.89ms
step:2742/2750 train_time:6284.376s step_avg:2291.89ms
step:2743/2750 train_time:6286.670s step_avg:2291.90ms
step:2744/2750 train_time:6288.964s step_avg:2291.90ms
step:2745/2750 train_time:6291.258s step_avg:2291.90ms
step:2745/2750 val_loss:3.27381 train_time:6291.258s step_avg:2294.48ms
target_reached step:2745 val_loss:3.27381
step:2746/2750 train_time:6293.561s step_avg:2291.90ms
step:2747/2750 train_time:6295.858s step_avg:2291.90ms
step:2748/2750 train_time:6298.156s step_avg:2291.91ms
step:2749/2750 train_time:6300.453s step_avg:2291.91ms
step:2750/2750 train_time:6302.743s step_avg:2291.91ms
step:2750/2750 val_loss:3.27361 train_time:6302.743s step_avg:2296.91ms
target_reached step:2750 val_loss:3.27361
fixed_step_complete max_step:2750 val_loss:3.27361
