logs/845ca05b-4d4f-4ab3-a9cf-7563815e0167.txt
step:0/2750 val_loss:10.82583 train_time:0.000s step_avg:nanms
step:1/2750 train_time:4.676s step_avg:4676.48ms
step:2/2750 train_time:6.835s step_avg:3417.45ms
step:3/2750 train_time:9.102s step_avg:3033.92ms
step:4/2750 train_time:11.390s step_avg:2847.39ms
step:5/2750 train_time:13.670s step_avg:2733.97ms
step:6/2750 train_time:15.955s step_avg:2659.19ms
step:7/2750 train_time:18.242s step_avg:2605.99ms
step:8/2750 train_time:20.531s step_avg:2566.39ms
step:9/2750 train_time:22.823s step_avg:2535.88ms
step:10/2750 train_time:25.110s step_avg:2510.99ms
step:11/2750 train_time:27.393s step_avg:2490.28ms
step:12/2750 train_time:29.686s step_avg:2473.87ms
step:13/2750 train_time:31.983s step_avg:2460.26ms
step:14/2750 train_time:34.271s step_avg:2447.95ms
step:15/2750 train_time:36.564s step_avg:2437.63ms
step:16/2750 train_time:38.853s step_avg:2428.32ms
step:17/2750 train_time:41.145s step_avg:2420.32ms
step:18/2750 train_time:43.430s step_avg:2412.76ms
step:19/2750 train_time:45.714s step_avg:2406.00ms
step:20/2750 train_time:48.007s step_avg:2400.35ms
step:21/2750 train_time:50.293s step_avg:2394.91ms
step:22/2750 train_time:52.584s step_avg:2390.19ms
step:23/2750 train_time:54.872s step_avg:2385.76ms
step:24/2750 train_time:57.165s step_avg:2381.89ms
step:25/2750 train_time:59.451s step_avg:2378.06ms
step:26/2750 train_time:61.743s step_avg:2374.74ms
step:27/2750 train_time:64.031s step_avg:2371.52ms
step:28/2750 train_time:66.314s step_avg:2368.36ms
step:29/2750 train_time:68.604s step_avg:2365.66ms
step:30/2750 train_time:70.893s step_avg:2363.11ms
step:31/2750 train_time:73.174s step_avg:2360.44ms
step:32/2750 train_time:75.467s step_avg:2358.34ms
step:33/2750 train_time:77.762s step_avg:2356.41ms
step:34/2750 train_time:80.047s step_avg:2354.33ms
step:35/2750 train_time:82.332s step_avg:2352.35ms
step:36/2750 train_time:84.627s step_avg:2350.76ms
step:37/2750 train_time:86.915s step_avg:2349.04ms
step:38/2750 train_time:89.208s step_avg:2347.58ms
step:39/2750 train_time:91.494s step_avg:2345.99ms
step:40/2750 train_time:93.788s step_avg:2344.69ms
step:41/2750 train_time:96.085s step_avg:2343.54ms
step:42/2750 train_time:98.371s step_avg:2342.17ms
step:43/2750 train_time:100.666s step_avg:2341.07ms
step:44/2750 train_time:102.957s step_avg:2339.94ms
step:45/2750 train_time:105.244s step_avg:2338.75ms
step:46/2750 train_time:107.531s step_avg:2337.64ms
step:47/2750 train_time:109.827s step_avg:2336.74ms
step:48/2750 train_time:112.112s step_avg:2335.66ms
step:49/2750 train_time:114.407s step_avg:2334.84ms
step:50/2750 train_time:116.692s step_avg:2333.83ms
step:51/2750 train_time:118.987s step_avg:2333.08ms
step:52/2750 train_time:121.279s step_avg:2332.29ms
step:53/2750 train_time:123.572s step_avg:2331.55ms
step:54/2750 train_time:125.859s step_avg:2330.73ms
step:55/2750 train_time:128.147s step_avg:2329.95ms
step:56/2750 train_time:130.433s step_avg:2329.15ms
step:57/2750 train_time:132.726s step_avg:2328.53ms
step:58/2750 train_time:135.014s step_avg:2327.83ms
step:59/2750 train_time:137.297s step_avg:2327.07ms
step:60/2750 train_time:139.588s step_avg:2326.46ms
step:61/2750 train_time:141.878s step_avg:2325.87ms
step:62/2750 train_time:144.161s step_avg:2325.18ms
step:63/2750 train_time:146.449s step_avg:2324.58ms
step:64/2750 train_time:148.742s step_avg:2324.09ms
step:65/2750 train_time:151.026s step_avg:2323.48ms
step:66/2750 train_time:153.310s step_avg:2322.88ms
step:67/2750 train_time:155.602s step_avg:2322.42ms
step:68/2750 train_time:157.891s step_avg:2321.93ms
step:69/2750 train_time:160.173s step_avg:2321.35ms
step:70/2750 train_time:162.464s step_avg:2320.91ms
step:71/2750 train_time:164.751s step_avg:2320.43ms
step:72/2750 train_time:167.034s step_avg:2319.92ms
step:73/2750 train_time:169.326s step_avg:2319.53ms
step:74/2750 train_time:171.611s step_avg:2319.06ms
step:75/2750 train_time:173.899s step_avg:2318.66ms
step:76/2750 train_time:176.190s step_avg:2318.28ms
step:77/2750 train_time:178.472s step_avg:2317.81ms
step:78/2750 train_time:180.757s step_avg:2317.39ms
step:79/2750 train_time:183.046s step_avg:2317.04ms
step:80/2750 train_time:185.334s step_avg:2316.68ms
step:81/2750 train_time:187.627s step_avg:2316.38ms
step:82/2750 train_time:189.911s step_avg:2315.98ms
step:83/2750 train_time:192.203s step_avg:2315.70ms
step:84/2750 train_time:194.489s step_avg:2315.35ms
step:85/2750 train_time:196.773s step_avg:2314.98ms
step:86/2750 train_time:199.063s step_avg:2314.69ms
step:87/2750 train_time:201.350s step_avg:2314.36ms
step:88/2750 train_time:203.634s step_avg:2314.03ms
step:89/2750 train_time:205.925s step_avg:2313.76ms
step:90/2750 train_time:208.210s step_avg:2313.45ms
step:91/2750 train_time:210.492s step_avg:2313.10ms
step:92/2750 train_time:212.782s step_avg:2312.85ms
step:93/2750 train_time:215.071s step_avg:2312.59ms
step:94/2750 train_time:217.354s step_avg:2312.28ms
step:95/2750 train_time:219.646s step_avg:2312.07ms
step:96/2750 train_time:221.933s step_avg:2311.81ms
step:97/2750 train_time:224.219s step_avg:2311.54ms
step:98/2750 train_time:226.509s step_avg:2311.31ms
step:99/2750 train_time:228.793s step_avg:2311.04ms
step:100/2750 train_time:231.083s step_avg:2310.83ms
step:101/2750 train_time:233.369s step_avg:2310.59ms
step:102/2750 train_time:235.650s step_avg:2310.30ms
step:103/2750 train_time:237.931s step_avg:2310.01ms
step:104/2750 train_time:240.220s step_avg:2309.81ms
step:105/2750 train_time:242.506s step_avg:2309.58ms
step:106/2750 train_time:244.789s step_avg:2309.33ms
step:107/2750 train_time:247.077s step_avg:2309.13ms
step:108/2750 train_time:249.364s step_avg:2308.93ms
step:109/2750 train_time:251.650s step_avg:2308.72ms
step:110/2750 train_time:253.933s step_avg:2308.48ms
step:111/2750 train_time:256.220s step_avg:2308.29ms
step:112/2750 train_time:258.504s step_avg:2308.07ms
step:113/2750 train_time:260.786s step_avg:2307.84ms
step:114/2750 train_time:263.069s step_avg:2307.62ms
step:115/2750 train_time:265.354s step_avg:2307.42ms
step:116/2750 train_time:267.632s step_avg:2307.17ms
step:117/2750 train_time:269.920s step_avg:2307.01ms
step:118/2750 train_time:272.208s step_avg:2306.85ms
step:119/2750 train_time:274.492s step_avg:2306.65ms
step:120/2750 train_time:276.775s step_avg:2306.46ms
step:121/2750 train_time:279.055s step_avg:2306.24ms
step:122/2750 train_time:281.338s step_avg:2306.05ms
step:123/2750 train_time:283.624s step_avg:2305.89ms
step:124/2750 train_time:285.907s step_avg:2305.70ms
step:125/2750 train_time:288.191s step_avg:2305.53ms
step:125/2750 val_loss:4.45739 train_time:288.191s step_avg:2305.53ms
step:126/2750 train_time:290.479s step_avg:2305.39ms
step:127/2750 train_time:292.767s step_avg:2305.25ms
step:128/2750 train_time:295.056s step_avg:2305.12ms
step:129/2750 train_time:297.339s step_avg:2304.95ms
step:130/2750 train_time:299.622s step_avg:2304.78ms
step:131/2750 train_time:301.906s step_avg:2304.63ms
step:132/2750 train_time:304.185s step_avg:2304.43ms
step:133/2750 train_time:306.476s step_avg:2304.33ms
step:134/2750 train_time:308.760s step_avg:2304.18ms
step:135/2750 train_time:311.041s step_avg:2304.01ms
step:136/2750 train_time:313.332s step_avg:2303.91ms
step:137/2750 train_time:315.617s step_avg:2303.78ms
step:138/2750 train_time:317.901s step_avg:2303.63ms
step:139/2750 train_time:320.192s step_avg:2303.54ms
step:140/2750 train_time:322.476s step_avg:2303.40ms
step:141/2750 train_time:324.759s step_avg:2303.25ms
step:142/2750 train_time:327.042s step_avg:2303.11ms
step:143/2750 train_time:329.318s step_avg:2302.92ms
step:144/2750 train_time:331.596s step_avg:2302.75ms
step:145/2750 train_time:333.878s step_avg:2302.60ms
step:146/2750 train_time:336.157s step_avg:2302.45ms
step:147/2750 train_time:338.444s step_avg:2302.34ms
step:148/2750 train_time:340.723s step_avg:2302.18ms
step:149/2750 train_time:343.011s step_avg:2302.09ms
step:150/2750 train_time:345.297s step_avg:2301.98ms
step:151/2750 train_time:347.575s step_avg:2301.82ms
step:152/2750 train_time:349.859s step_avg:2301.70ms
step:153/2750 train_time:352.140s step_avg:2301.57ms
step:154/2750 train_time:354.419s step_avg:2301.42ms
step:155/2750 train_time:356.703s step_avg:2301.31ms
step:156/2750 train_time:358.985s step_avg:2301.19ms
step:157/2750 train_time:361.269s step_avg:2301.08ms
step:158/2750 train_time:363.550s step_avg:2300.95ms
step:159/2750 train_time:365.827s step_avg:2300.80ms
step:160/2750 train_time:368.113s step_avg:2300.71ms
step:161/2750 train_time:370.396s step_avg:2300.60ms
step:162/2750 train_time:372.679s step_avg:2300.48ms
step:163/2750 train_time:374.959s step_avg:2300.36ms
step:164/2750 train_time:377.241s step_avg:2300.25ms
step:165/2750 train_time:379.518s step_avg:2300.11ms
step:166/2750 train_time:381.800s step_avg:2300.00ms
step:167/2750 train_time:384.085s step_avg:2299.91ms
step:168/2750 train_time:386.366s step_avg:2299.80ms
step:169/2750 train_time:388.650s step_avg:2299.71ms
step:170/2750 train_time:390.939s step_avg:2299.64ms
step:171/2750 train_time:393.219s step_avg:2299.53ms
step:172/2750 train_time:395.509s step_avg:2299.47ms
step:173/2750 train_time:397.789s step_avg:2299.36ms
step:174/2750 train_time:400.074s step_avg:2299.28ms
step:175/2750 train_time:402.356s step_avg:2299.18ms
step:176/2750 train_time:404.639s step_avg:2299.09ms
step:177/2750 train_time:406.915s step_avg:2298.96ms
step:178/2750 train_time:409.189s step_avg:2298.82ms
step:179/2750 train_time:411.470s step_avg:2298.72ms
step:180/2750 train_time:413.755s step_avg:2298.64ms
step:181/2750 train_time:416.037s step_avg:2298.55ms
step:182/2750 train_time:418.320s step_avg:2298.46ms
step:183/2750 train_time:420.596s step_avg:2298.34ms
step:184/2750 train_time:422.878s step_avg:2298.25ms
step:185/2750 train_time:425.155s step_avg:2298.14ms
step:186/2750 train_time:427.432s step_avg:2298.02ms
step:187/2750 train_time:429.715s step_avg:2297.94ms
step:188/2750 train_time:431.991s step_avg:2297.82ms
step:189/2750 train_time:434.274s step_avg:2297.74ms
step:190/2750 train_time:436.553s step_avg:2297.65ms
step:191/2750 train_time:438.861s step_avg:2297.70ms
step:192/2750 train_time:441.145s step_avg:2297.63ms
step:193/2750 train_time:443.421s step_avg:2297.52ms
step:194/2750 train_time:445.697s step_avg:2297.41ms
step:195/2750 train_time:447.979s step_avg:2297.33ms
step:196/2750 train_time:450.258s step_avg:2297.23ms
step:197/2750 train_time:452.542s step_avg:2297.17ms
step:198/2750 train_time:454.817s step_avg:2297.05ms
step:199/2750 train_time:457.094s step_avg:2296.96ms
step:200/2750 train_time:459.377s step_avg:2296.89ms
step:201/2750 train_time:461.657s step_avg:2296.80ms
step:202/2750 train_time:463.937s step_avg:2296.72ms
step:203/2750 train_time:466.217s step_avg:2296.64ms
step:204/2750 train_time:468.499s step_avg:2296.57ms
step:205/2750 train_time:470.773s step_avg:2296.45ms
step:206/2750 train_time:473.053s step_avg:2296.37ms
step:207/2750 train_time:475.336s step_avg:2296.31ms
step:208/2750 train_time:477.617s step_avg:2296.23ms
step:209/2750 train_time:479.896s step_avg:2296.15ms
step:210/2750 train_time:482.176s step_avg:2296.08ms
step:211/2750 train_time:484.456s step_avg:2296.00ms
step:212/2750 train_time:486.735s step_avg:2295.92ms
step:213/2750 train_time:489.014s step_avg:2295.84ms
step:214/2750 train_time:491.296s step_avg:2295.78ms
step:215/2750 train_time:493.576s step_avg:2295.70ms
step:216/2750 train_time:495.855s step_avg:2295.63ms
step:217/2750 train_time:498.133s step_avg:2295.54ms
step:218/2750 train_time:500.416s step_avg:2295.48ms
step:219/2750 train_time:502.691s step_avg:2295.39ms
step:220/2750 train_time:504.973s step_avg:2295.33ms
step:221/2750 train_time:507.256s step_avg:2295.28ms
step:222/2750 train_time:509.536s step_avg:2295.21ms
step:223/2750 train_time:511.815s step_avg:2295.13ms
step:224/2750 train_time:514.096s step_avg:2295.07ms
step:225/2750 train_time:516.379s step_avg:2295.02ms
step:226/2750 train_time:518.657s step_avg:2294.94ms
step:227/2750 train_time:520.936s step_avg:2294.87ms
step:228/2750 train_time:523.213s step_avg:2294.80ms
step:229/2750 train_time:525.491s step_avg:2294.72ms
step:230/2750 train_time:527.766s step_avg:2294.63ms
step:231/2750 train_time:530.045s step_avg:2294.57ms
step:232/2750 train_time:532.319s step_avg:2294.48ms
step:233/2750 train_time:534.595s step_avg:2294.40ms
step:234/2750 train_time:536.868s step_avg:2294.31ms
step:235/2750 train_time:539.146s step_avg:2294.24ms
step:236/2750 train_time:541.421s step_avg:2294.16ms
step:237/2750 train_time:543.701s step_avg:2294.10ms
step:238/2750 train_time:545.975s step_avg:2294.01ms
step:239/2750 train_time:548.254s step_avg:2293.95ms
step:240/2750 train_time:550.530s step_avg:2293.88ms
step:241/2750 train_time:552.818s step_avg:2293.85ms
step:242/2750 train_time:555.098s step_avg:2293.80ms
step:243/2750 train_time:557.380s step_avg:2293.75ms
step:244/2750 train_time:559.658s step_avg:2293.68ms
step:245/2750 train_time:561.935s step_avg:2293.61ms
step:246/2750 train_time:564.217s step_avg:2293.56ms
step:247/2750 train_time:566.498s step_avg:2293.51ms
step:248/2750 train_time:568.772s step_avg:2293.44ms
step:249/2750 train_time:571.053s step_avg:2293.38ms
step:250/2750 train_time:573.334s step_avg:2293.33ms
step:250/2750 val_loss:4.08471 train_time:573.334s step_avg:2281.14ms
step:251/2750 train_time:575.620s step_avg:2293.31ms
step:252/2750 train_time:577.896s step_avg:2293.24ms
step:253/2750 train_time:580.174s step_avg:2293.18ms
step:254/2750 train_time:582.452s step_avg:2293.12ms
step:255/2750 train_time:584.734s step_avg:2293.07ms
step:256/2750 train_time:587.012s step_avg:2293.02ms
step:257/2750 train_time:589.291s step_avg:2292.96ms
step:258/2750 train_time:591.571s step_avg:2292.91ms
step:259/2750 train_time:593.849s step_avg:2292.85ms
step:260/2750 train_time:596.121s step_avg:2292.77ms
step:261/2750 train_time:598.407s step_avg:2292.75ms
step:262/2750 train_time:600.683s step_avg:2292.68ms
step:263/2750 train_time:602.958s step_avg:2292.61ms
step:264/2750 train_time:605.235s step_avg:2292.56ms
step:265/2750 train_time:607.516s step_avg:2292.51ms
step:266/2750 train_time:609.795s step_avg:2292.46ms
step:267/2750 train_time:612.072s step_avg:2292.41ms
step:268/2750 train_time:614.350s step_avg:2292.35ms
step:269/2750 train_time:616.641s step_avg:2292.35ms
step:270/2750 train_time:618.916s step_avg:2292.28ms
step:271/2750 train_time:621.193s step_avg:2292.22ms
step:272/2750 train_time:623.472s step_avg:2292.18ms
step:273/2750 train_time:625.752s step_avg:2292.13ms
step:274/2750 train_time:628.032s step_avg:2292.09ms
step:275/2750 train_time:630.314s step_avg:2292.05ms
step:276/2750 train_time:632.590s step_avg:2291.99ms
step:277/2750 train_time:634.866s step_avg:2291.93ms
step:278/2750 train_time:637.137s step_avg:2291.86ms
step:279/2750 train_time:639.416s step_avg:2291.81ms
step:280/2750 train_time:641.697s step_avg:2291.78ms
step:281/2750 train_time:643.975s step_avg:2291.73ms
step:282/2750 train_time:646.251s step_avg:2291.67ms
step:283/2750 train_time:648.528s step_avg:2291.62ms
step:284/2750 train_time:650.806s step_avg:2291.57ms
step:285/2750 train_time:653.081s step_avg:2291.51ms
step:286/2750 train_time:655.358s step_avg:2291.46ms
step:287/2750 train_time:657.635s step_avg:2291.41ms
step:288/2750 train_time:659.913s step_avg:2291.36ms
step:289/2750 train_time:662.187s step_avg:2291.31ms
step:290/2750 train_time:664.469s step_avg:2291.27ms
step:291/2750 train_time:666.747s step_avg:2291.23ms
step:292/2750 train_time:669.023s step_avg:2291.17ms
step:293/2750 train_time:671.297s step_avg:2291.11ms
step:294/2750 train_time:673.579s step_avg:2291.08ms
step:295/2750 train_time:675.857s step_avg:2291.04ms
step:296/2750 train_time:678.134s step_avg:2290.99ms
step:297/2750 train_time:680.412s step_avg:2290.95ms
step:298/2750 train_time:682.690s step_avg:2290.90ms
step:299/2750 train_time:684.967s step_avg:2290.86ms
step:300/2750 train_time:687.242s step_avg:2290.81ms
step:301/2750 train_time:689.523s step_avg:2290.78ms
step:302/2750 train_time:691.800s step_avg:2290.73ms
step:303/2750 train_time:694.078s step_avg:2290.69ms
step:304/2750 train_time:696.352s step_avg:2290.63ms
step:305/2750 train_time:698.633s step_avg:2290.60ms
step:306/2750 train_time:700.909s step_avg:2290.55ms
step:307/2750 train_time:703.189s step_avg:2290.52ms
step:308/2750 train_time:705.463s step_avg:2290.46ms
step:309/2750 train_time:707.746s step_avg:2290.44ms
step:310/2750 train_time:710.024s step_avg:2290.40ms
step:311/2750 train_time:712.296s step_avg:2290.34ms
step:312/2750 train_time:714.570s step_avg:2290.29ms
step:313/2750 train_time:716.848s step_avg:2290.25ms
step:314/2750 train_time:719.121s step_avg:2290.19ms
step:315/2750 train_time:721.397s step_avg:2290.15ms
step:316/2750 train_time:723.670s step_avg:2290.10ms
step:317/2750 train_time:725.946s step_avg:2290.05ms
step:318/2750 train_time:728.223s step_avg:2290.01ms
step:319/2750 train_time:730.502s step_avg:2289.97ms
step:320/2750 train_time:732.778s step_avg:2289.93ms
step:321/2750 train_time:735.055s step_avg:2289.89ms
step:322/2750 train_time:737.335s step_avg:2289.86ms
step:323/2750 train_time:739.612s step_avg:2289.82ms
step:324/2750 train_time:741.894s step_avg:2289.79ms
step:325/2750 train_time:744.171s step_avg:2289.76ms
step:326/2750 train_time:746.450s step_avg:2289.72ms
step:327/2750 train_time:748.721s step_avg:2289.67ms
step:328/2750 train_time:751.006s step_avg:2289.65ms
step:329/2750 train_time:753.286s step_avg:2289.62ms
step:330/2750 train_time:755.561s step_avg:2289.58ms
step:331/2750 train_time:757.838s step_avg:2289.54ms
step:332/2750 train_time:760.116s step_avg:2289.50ms
step:333/2750 train_time:762.396s step_avg:2289.48ms
step:334/2750 train_time:764.672s step_avg:2289.44ms
step:335/2750 train_time:766.954s step_avg:2289.41ms
step:336/2750 train_time:769.229s step_avg:2289.37ms
step:337/2750 train_time:771.505s step_avg:2289.33ms
step:338/2750 train_time:773.777s step_avg:2289.28ms
step:339/2750 train_time:776.057s step_avg:2289.25ms
step:340/2750 train_time:778.333s step_avg:2289.21ms
step:341/2750 train_time:780.609s step_avg:2289.18ms
step:342/2750 train_time:782.883s step_avg:2289.13ms
step:343/2750 train_time:785.164s step_avg:2289.11ms
step:344/2750 train_time:787.440s step_avg:2289.07ms
step:345/2750 train_time:789.715s step_avg:2289.03ms
step:346/2750 train_time:791.986s step_avg:2288.98ms
step:347/2750 train_time:794.266s step_avg:2288.95ms
step:348/2750 train_time:796.538s step_avg:2288.90ms
step:349/2750 train_time:798.817s step_avg:2288.87ms
step:350/2750 train_time:801.094s step_avg:2288.84ms
step:351/2750 train_time:803.375s step_avg:2288.82ms
step:352/2750 train_time:805.653s step_avg:2288.79ms
step:353/2750 train_time:807.929s step_avg:2288.75ms
step:354/2750 train_time:810.209s step_avg:2288.72ms
step:355/2750 train_time:812.486s step_avg:2288.69ms
step:356/2750 train_time:814.763s step_avg:2288.66ms
step:357/2750 train_time:817.040s step_avg:2288.63ms
step:358/2750 train_time:819.321s step_avg:2288.61ms
step:359/2750 train_time:821.598s step_avg:2288.57ms
step:360/2750 train_time:823.875s step_avg:2288.54ms
step:361/2750 train_time:826.150s step_avg:2288.51ms
step:362/2750 train_time:828.426s step_avg:2288.47ms
step:363/2750 train_time:830.700s step_avg:2288.43ms
step:364/2750 train_time:832.977s step_avg:2288.40ms
step:365/2750 train_time:835.255s step_avg:2288.37ms
step:366/2750 train_time:837.531s step_avg:2288.34ms
step:367/2750 train_time:839.808s step_avg:2288.31ms
step:368/2750 train_time:842.085s step_avg:2288.28ms
step:369/2750 train_time:844.363s step_avg:2288.25ms
step:370/2750 train_time:846.643s step_avg:2288.22ms
step:371/2750 train_time:848.920s step_avg:2288.19ms
step:372/2750 train_time:851.191s step_avg:2288.15ms
step:373/2750 train_time:853.469s step_avg:2288.12ms
step:374/2750 train_time:855.746s step_avg:2288.09ms
step:375/2750 train_time:858.024s step_avg:2288.06ms
step:375/2750 val_loss:3.93683 train_time:858.024s step_avg:2277.52ms
step:376/2750 train_time:860.309s step_avg:2288.06ms
step:377/2750 train_time:862.585s step_avg:2288.03ms
step:378/2750 train_time:864.865s step_avg:2288.00ms
step:379/2750 train_time:867.148s step_avg:2287.99ms
step:380/2750 train_time:869.429s step_avg:2287.97ms
step:381/2750 train_time:871.729s step_avg:2288.00ms
step:382/2750 train_time:874.004s step_avg:2287.97ms
step:383/2750 train_time:876.278s step_avg:2287.93ms
step:384/2750 train_time:878.555s step_avg:2287.90ms
step:385/2750 train_time:880.833s step_avg:2287.88ms
step:386/2750 train_time:883.114s step_avg:2287.86ms
step:387/2750 train_time:885.395s step_avg:2287.84ms
step:388/2750 train_time:887.673s step_avg:2287.82ms
step:389/2750 train_time:889.948s step_avg:2287.78ms
step:390/2750 train_time:892.227s step_avg:2287.76ms
step:391/2750 train_time:894.503s step_avg:2287.73ms
step:392/2750 train_time:896.782s step_avg:2287.71ms
step:393/2750 train_time:899.060s step_avg:2287.69ms
step:394/2750 train_time:901.337s step_avg:2287.66ms
step:395/2750 train_time:903.610s step_avg:2287.62ms
step:396/2750 train_time:905.886s step_avg:2287.59ms
step:397/2750 train_time:908.159s step_avg:2287.55ms
step:398/2750 train_time:910.437s step_avg:2287.53ms
step:399/2750 train_time:912.715s step_avg:2287.51ms
step:400/2750 train_time:914.995s step_avg:2287.49ms
step:401/2750 train_time:917.272s step_avg:2287.46ms
step:402/2750 train_time:919.545s step_avg:2287.42ms
step:403/2750 train_time:921.825s step_avg:2287.41ms
step:404/2750 train_time:924.103s step_avg:2287.38ms
step:405/2750 train_time:926.385s step_avg:2287.37ms
step:406/2750 train_time:928.656s step_avg:2287.33ms
step:407/2750 train_time:930.934s step_avg:2287.31ms
step:408/2750 train_time:933.212s step_avg:2287.28ms
step:409/2750 train_time:935.486s step_avg:2287.25ms
step:410/2750 train_time:937.759s step_avg:2287.22ms
step:411/2750 train_time:940.037s step_avg:2287.19ms
step:412/2750 train_time:942.317s step_avg:2287.18ms
step:413/2750 train_time:944.594s step_avg:2287.15ms
step:414/2750 train_time:946.872s step_avg:2287.13ms
step:415/2750 train_time:949.147s step_avg:2287.10ms
step:416/2750 train_time:951.420s step_avg:2287.07ms
step:417/2750 train_time:953.695s step_avg:2287.04ms
step:418/2750 train_time:955.966s step_avg:2287.00ms
step:419/2750 train_time:958.247s step_avg:2286.99ms
step:420/2750 train_time:960.523s step_avg:2286.96ms
step:421/2750 train_time:962.799s step_avg:2286.93ms
step:422/2750 train_time:965.073s step_avg:2286.90ms
step:423/2750 train_time:967.346s step_avg:2286.87ms
step:424/2750 train_time:969.622s step_avg:2286.84ms
step:425/2750 train_time:971.897s step_avg:2286.82ms
step:426/2750 train_time:974.167s step_avg:2286.78ms
step:427/2750 train_time:976.446s step_avg:2286.76ms
step:428/2750 train_time:978.719s step_avg:2286.73ms
step:429/2750 train_time:980.999s step_avg:2286.71ms
step:430/2750 train_time:983.272s step_avg:2286.68ms
step:431/2750 train_time:985.547s step_avg:2286.65ms
step:432/2750 train_time:987.819s step_avg:2286.62ms
step:433/2750 train_time:990.098s step_avg:2286.60ms
step:434/2750 train_time:992.373s step_avg:2286.57ms
step:435/2750 train_time:994.649s step_avg:2286.55ms
step:436/2750 train_time:996.922s step_avg:2286.52ms
step:437/2750 train_time:999.197s step_avg:2286.49ms
step:438/2750 train_time:1001.469s step_avg:2286.46ms
step:439/2750 train_time:1003.747s step_avg:2286.44ms
step:440/2750 train_time:1006.023s step_avg:2286.42ms
step:441/2750 train_time:1008.301s step_avg:2286.40ms
step:442/2750 train_time:1010.579s step_avg:2286.38ms
step:443/2750 train_time:1012.861s step_avg:2286.37ms
step:444/2750 train_time:1015.137s step_avg:2286.35ms
step:445/2750 train_time:1017.412s step_avg:2286.32ms
step:446/2750 train_time:1019.694s step_avg:2286.31ms
step:447/2750 train_time:1021.974s step_avg:2286.30ms
step:448/2750 train_time:1024.251s step_avg:2286.27ms
step:449/2750 train_time:1026.523s step_avg:2286.24ms
step:450/2750 train_time:1028.801s step_avg:2286.22ms
step:451/2750 train_time:1031.081s step_avg:2286.21ms
step:452/2750 train_time:1033.360s step_avg:2286.19ms
step:453/2750 train_time:1035.637s step_avg:2286.18ms
step:454/2750 train_time:1037.915s step_avg:2286.16ms
step:455/2750 train_time:1040.194s step_avg:2286.14ms
step:456/2750 train_time:1042.474s step_avg:2286.13ms
step:457/2750 train_time:1044.752s step_avg:2286.11ms
step:458/2750 train_time:1047.029s step_avg:2286.09ms
step:459/2750 train_time:1049.308s step_avg:2286.07ms
step:460/2750 train_time:1051.580s step_avg:2286.04ms
step:461/2750 train_time:1053.858s step_avg:2286.03ms
step:462/2750 train_time:1056.137s step_avg:2286.01ms
step:463/2750 train_time:1058.411s step_avg:2285.99ms
step:464/2750 train_time:1060.680s step_avg:2285.95ms
step:465/2750 train_time:1062.961s step_avg:2285.94ms
step:466/2750 train_time:1065.236s step_avg:2285.91ms
step:467/2750 train_time:1067.512s step_avg:2285.89ms
step:468/2750 train_time:1069.783s step_avg:2285.86ms
step:469/2750 train_time:1072.063s step_avg:2285.85ms
step:470/2750 train_time:1074.341s step_avg:2285.83ms
step:471/2750 train_time:1076.621s step_avg:2285.82ms
step:472/2750 train_time:1078.897s step_avg:2285.80ms
step:473/2750 train_time:1081.173s step_avg:2285.78ms
step:474/2750 train_time:1083.453s step_avg:2285.77ms
step:475/2750 train_time:1085.728s step_avg:2285.74ms
step:476/2750 train_time:1088.008s step_avg:2285.73ms
step:477/2750 train_time:1090.288s step_avg:2285.72ms
step:478/2750 train_time:1092.566s step_avg:2285.70ms
step:479/2750 train_time:1094.840s step_avg:2285.68ms
step:480/2750 train_time:1097.122s step_avg:2285.67ms
step:481/2750 train_time:1099.403s step_avg:2285.66ms
step:482/2750 train_time:1101.679s step_avg:2285.64ms
step:483/2750 train_time:1103.952s step_avg:2285.62ms
step:484/2750 train_time:1106.230s step_avg:2285.60ms
step:485/2750 train_time:1108.508s step_avg:2285.58ms
step:486/2750 train_time:1110.782s step_avg:2285.56ms
step:487/2750 train_time:1113.059s step_avg:2285.54ms
step:488/2750 train_time:1115.346s step_avg:2285.55ms
step:489/2750 train_time:1117.623s step_avg:2285.53ms
step:490/2750 train_time:1119.895s step_avg:2285.50ms
step:491/2750 train_time:1122.173s step_avg:2285.48ms
step:492/2750 train_time:1124.451s step_avg:2285.47ms
step:493/2750 train_time:1126.731s step_avg:2285.46ms
step:494/2750 train_time:1129.004s step_avg:2285.43ms
step:495/2750 train_time:1131.281s step_avg:2285.42ms
step:496/2750 train_time:1133.557s step_avg:2285.40ms
step:497/2750 train_time:1135.830s step_avg:2285.37ms
step:498/2750 train_time:1138.104s step_avg:2285.35ms
step:499/2750 train_time:1140.385s step_avg:2285.34ms
step:500/2750 train_time:1142.664s step_avg:2285.33ms
step:500/2750 val_loss:3.80913 train_time:1142.664s step_avg:2277.12ms
step:501/2750 train_time:1144.950s step_avg:2285.33ms
step:502/2750 train_time:1147.226s step_avg:2285.31ms
step:503/2750 train_time:1149.508s step_avg:2285.30ms
step:504/2750 train_time:1151.786s step_avg:2285.29ms
step:505/2750 train_time:1154.062s step_avg:2285.27ms
step:506/2750 train_time:1156.335s step_avg:2285.25ms
step:507/2750 train_time:1158.613s step_avg:2285.23ms
step:508/2750 train_time:1160.890s step_avg:2285.22ms
step:509/2750 train_time:1163.165s step_avg:2285.20ms
step:510/2750 train_time:1165.435s step_avg:2285.17ms
step:511/2750 train_time:1167.714s step_avg:2285.15ms
step:512/2750 train_time:1169.991s step_avg:2285.14ms
step:513/2750 train_time:1172.268s step_avg:2285.12ms
step:514/2750 train_time:1174.541s step_avg:2285.10ms
step:515/2750 train_time:1176.822s step_avg:2285.09ms
step:516/2750 train_time:1179.096s step_avg:2285.07ms
step:517/2750 train_time:1181.371s step_avg:2285.05ms
step:518/2750 train_time:1183.641s step_avg:2285.02ms
step:519/2750 train_time:1185.920s step_avg:2285.01ms
step:520/2750 train_time:1188.196s step_avg:2284.99ms
step:521/2750 train_time:1190.473s step_avg:2284.98ms
step:522/2750 train_time:1192.746s step_avg:2284.95ms
step:523/2750 train_time:1195.022s step_avg:2284.94ms
step:524/2750 train_time:1197.292s step_avg:2284.91ms
step:525/2750 train_time:1199.571s step_avg:2284.90ms
step:526/2750 train_time:1201.840s step_avg:2284.87ms
step:527/2750 train_time:1204.117s step_avg:2284.85ms
step:528/2750 train_time:1206.394s step_avg:2284.84ms
step:529/2750 train_time:1208.668s step_avg:2284.82ms
step:530/2750 train_time:1210.941s step_avg:2284.79ms
step:531/2750 train_time:1213.220s step_avg:2284.78ms
step:532/2750 train_time:1215.495s step_avg:2284.76ms
step:533/2750 train_time:1217.773s step_avg:2284.75ms
step:534/2750 train_time:1220.047s step_avg:2284.73ms
step:535/2750 train_time:1222.323s step_avg:2284.72ms
step:536/2750 train_time:1224.596s step_avg:2284.69ms
step:537/2750 train_time:1226.876s step_avg:2284.69ms
step:538/2750 train_time:1229.155s step_avg:2284.67ms
step:539/2750 train_time:1231.432s step_avg:2284.66ms
step:540/2750 train_time:1233.712s step_avg:2284.65ms
step:541/2750 train_time:1235.987s step_avg:2284.63ms
step:542/2750 train_time:1238.264s step_avg:2284.62ms
step:543/2750 train_time:1240.538s step_avg:2284.60ms
step:544/2750 train_time:1242.819s step_avg:2284.59ms
step:545/2750 train_time:1245.095s step_avg:2284.58ms
step:546/2750 train_time:1247.376s step_avg:2284.57ms
step:547/2750 train_time:1249.655s step_avg:2284.56ms
step:548/2750 train_time:1251.931s step_avg:2284.54ms
step:549/2750 train_time:1254.203s step_avg:2284.52ms
step:550/2750 train_time:1256.483s step_avg:2284.51ms
step:551/2750 train_time:1258.756s step_avg:2284.49ms
step:552/2750 train_time:1261.033s step_avg:2284.48ms
step:553/2750 train_time:1263.310s step_avg:2284.47ms
step:554/2750 train_time:1265.585s step_avg:2284.45ms
step:555/2750 train_time:1267.857s step_avg:2284.43ms
step:556/2750 train_time:1270.133s step_avg:2284.41ms
step:557/2750 train_time:1272.408s step_avg:2284.39ms
step:558/2750 train_time:1274.683s step_avg:2284.38ms
step:559/2750 train_time:1276.956s step_avg:2284.36ms
step:560/2750 train_time:1279.232s step_avg:2284.34ms
step:561/2750 train_time:1281.508s step_avg:2284.33ms
step:562/2750 train_time:1283.783s step_avg:2284.31ms
step:563/2750 train_time:1286.057s step_avg:2284.29ms
step:564/2750 train_time:1288.333s step_avg:2284.28ms
step:565/2750 train_time:1290.606s step_avg:2284.26ms
step:566/2750 train_time:1292.885s step_avg:2284.25ms
step:567/2750 train_time:1295.167s step_avg:2284.24ms
step:568/2750 train_time:1297.447s step_avg:2284.24ms
step:569/2750 train_time:1299.724s step_avg:2284.22ms
step:570/2750 train_time:1302.003s step_avg:2284.22ms
step:571/2750 train_time:1304.296s step_avg:2284.23ms
step:572/2750 train_time:1306.572s step_avg:2284.22ms
step:573/2750 train_time:1308.849s step_avg:2284.20ms
step:574/2750 train_time:1311.124s step_avg:2284.19ms
step:575/2750 train_time:1313.400s step_avg:2284.17ms
step:576/2750 train_time:1315.675s step_avg:2284.16ms
step:577/2750 train_time:1317.951s step_avg:2284.14ms
step:578/2750 train_time:1320.231s step_avg:2284.14ms
step:579/2750 train_time:1322.507s step_avg:2284.12ms
step:580/2750 train_time:1324.789s step_avg:2284.12ms
step:581/2750 train_time:1327.063s step_avg:2284.10ms
step:582/2750 train_time:1329.340s step_avg:2284.09ms
step:583/2750 train_time:1331.607s step_avg:2284.06ms
step:584/2750 train_time:1333.884s step_avg:2284.05ms
step:585/2750 train_time:1336.159s step_avg:2284.03ms
step:586/2750 train_time:1338.437s step_avg:2284.02ms
step:587/2750 train_time:1340.712s step_avg:2284.01ms
step:588/2750 train_time:1342.993s step_avg:2284.00ms
step:589/2750 train_time:1345.268s step_avg:2283.99ms
step:590/2750 train_time:1347.546s step_avg:2283.98ms
step:591/2750 train_time:1349.819s step_avg:2283.96ms
step:592/2750 train_time:1352.100s step_avg:2283.95ms
step:593/2750 train_time:1354.381s step_avg:2283.95ms
step:594/2750 train_time:1356.657s step_avg:2283.93ms
step:595/2750 train_time:1358.928s step_avg:2283.91ms
step:596/2750 train_time:1361.204s step_avg:2283.90ms
step:597/2750 train_time:1363.481s step_avg:2283.89ms
step:598/2750 train_time:1365.759s step_avg:2283.88ms
step:599/2750 train_time:1368.033s step_avg:2283.86ms
step:600/2750 train_time:1370.306s step_avg:2283.84ms
step:601/2750 train_time:1372.581s step_avg:2283.83ms
step:602/2750 train_time:1374.860s step_avg:2283.82ms
step:603/2750 train_time:1377.134s step_avg:2283.80ms
step:604/2750 train_time:1379.412s step_avg:2283.80ms
step:605/2750 train_time:1381.694s step_avg:2283.79ms
step:606/2750 train_time:1383.977s step_avg:2283.79ms
step:607/2750 train_time:1386.258s step_avg:2283.79ms
step:608/2750 train_time:1388.532s step_avg:2283.77ms
step:609/2750 train_time:1390.806s step_avg:2283.75ms
step:610/2750 train_time:1393.078s step_avg:2283.73ms
step:611/2750 train_time:1395.357s step_avg:2283.73ms
step:612/2750 train_time:1397.632s step_avg:2283.71ms
step:613/2750 train_time:1399.908s step_avg:2283.70ms
step:614/2750 train_time:1402.180s step_avg:2283.68ms
step:615/2750 train_time:1404.459s step_avg:2283.67ms
step:616/2750 train_time:1406.733s step_avg:2283.66ms
step:617/2750 train_time:1409.009s step_avg:2283.65ms
step:618/2750 train_time:1411.284s step_avg:2283.63ms
step:619/2750 train_time:1413.565s step_avg:2283.63ms
step:620/2750 train_time:1415.840s step_avg:2283.61ms
step:621/2750 train_time:1418.119s step_avg:2283.60ms
step:622/2750 train_time:1420.395s step_avg:2283.59ms
step:623/2750 train_time:1422.673s step_avg:2283.58ms
step:624/2750 train_time:1424.953s step_avg:2283.58ms
step:625/2750 train_time:1427.228s step_avg:2283.56ms
step:625/2750 val_loss:3.73087 train_time:1427.228s step_avg:2276.51ms
step:626/2750 train_time:1429.512s step_avg:2283.57ms
step:627/2750 train_time:1431.794s step_avg:2283.56ms
step:628/2750 train_time:1434.068s step_avg:2283.55ms
step:629/2750 train_time:1436.348s step_avg:2283.54ms
step:630/2750 train_time:1438.628s step_avg:2283.54ms
step:631/2750 train_time:1440.903s step_avg:2283.52ms
step:632/2750 train_time:1443.180s step_avg:2283.51ms
step:633/2750 train_time:1445.457s step_avg:2283.50ms
step:634/2750 train_time:1447.736s step_avg:2283.49ms
step:635/2750 train_time:1450.012s step_avg:2283.48ms
step:636/2750 train_time:1452.289s step_avg:2283.47ms
step:637/2750 train_time:1454.563s step_avg:2283.46ms
step:638/2750 train_time:1456.843s step_avg:2283.45ms
step:639/2750 train_time:1459.119s step_avg:2283.44ms
step:640/2750 train_time:1461.397s step_avg:2283.43ms
step:641/2750 train_time:1463.668s step_avg:2283.41ms
step:642/2750 train_time:1465.947s step_avg:2283.41ms
step:643/2750 train_time:1468.223s step_avg:2283.39ms
step:644/2750 train_time:1470.500s step_avg:2283.38ms
step:645/2750 train_time:1472.773s step_avg:2283.37ms
step:646/2750 train_time:1475.055s step_avg:2283.37ms
step:647/2750 train_time:1477.327s step_avg:2283.35ms
step:648/2750 train_time:1479.605s step_avg:2283.34ms
step:649/2750 train_time:1481.879s step_avg:2283.33ms
step:650/2750 train_time:1484.158s step_avg:2283.32ms
step:651/2750 train_time:1486.434s step_avg:2283.31ms
step:652/2750 train_time:1488.709s step_avg:2283.30ms
step:653/2750 train_time:1490.986s step_avg:2283.29ms
step:654/2750 train_time:1493.263s step_avg:2283.28ms
step:655/2750 train_time:1495.544s step_avg:2283.27ms
step:656/2750 train_time:1497.821s step_avg:2283.26ms
step:657/2750 train_time:1500.104s step_avg:2283.26ms
step:658/2750 train_time:1502.383s step_avg:2283.26ms
step:659/2750 train_time:1504.656s step_avg:2283.24ms
step:660/2750 train_time:1506.928s step_avg:2283.22ms
step:661/2750 train_time:1509.206s step_avg:2283.22ms
step:662/2750 train_time:1511.486s step_avg:2283.21ms
step:663/2750 train_time:1513.763s step_avg:2283.20ms
step:664/2750 train_time:1516.034s step_avg:2283.18ms
step:665/2750 train_time:1518.312s step_avg:2283.18ms
step:666/2750 train_time:1520.585s step_avg:2283.16ms
step:667/2750 train_time:1522.859s step_avg:2283.15ms
step:668/2750 train_time:1525.132s step_avg:2283.13ms
step:669/2750 train_time:1527.409s step_avg:2283.12ms
step:670/2750 train_time:1529.686s step_avg:2283.11ms
step:671/2750 train_time:1531.962s step_avg:2283.10ms
step:672/2750 train_time:1534.237s step_avg:2283.09ms
step:673/2750 train_time:1536.517s step_avg:2283.09ms
step:674/2750 train_time:1538.793s step_avg:2283.08ms
step:675/2750 train_time:1541.070s step_avg:2283.07ms
step:676/2750 train_time:1543.347s step_avg:2283.06ms
step:677/2750 train_time:1545.627s step_avg:2283.05ms
step:678/2750 train_time:1547.908s step_avg:2283.05ms
step:679/2750 train_time:1550.180s step_avg:2283.03ms
step:680/2750 train_time:1552.460s step_avg:2283.03ms
step:681/2750 train_time:1554.737s step_avg:2283.02ms
step:682/2750 train_time:1557.014s step_avg:2283.01ms
step:683/2750 train_time:1559.284s step_avg:2282.99ms
step:684/2750 train_time:1561.562s step_avg:2282.99ms
step:685/2750 train_time:1563.842s step_avg:2282.98ms
step:686/2750 train_time:1566.119s step_avg:2282.97ms
step:687/2750 train_time:1568.392s step_avg:2282.96ms
step:688/2750 train_time:1570.671s step_avg:2282.95ms
step:689/2750 train_time:1572.949s step_avg:2282.95ms
step:690/2750 train_time:1575.228s step_avg:2282.94ms
step:691/2750 train_time:1577.504s step_avg:2282.93ms
step:692/2750 train_time:1579.780s step_avg:2282.92ms
step:693/2750 train_time:1582.054s step_avg:2282.91ms
step:694/2750 train_time:1584.329s step_avg:2282.90ms
step:695/2750 train_time:1586.602s step_avg:2282.88ms
step:696/2750 train_time:1588.878s step_avg:2282.87ms
step:697/2750 train_time:1591.152s step_avg:2282.86ms
step:698/2750 train_time:1593.427s step_avg:2282.85ms
step:699/2750 train_time:1595.703s step_avg:2282.84ms
step:700/2750 train_time:1597.981s step_avg:2282.83ms
step:701/2750 train_time:1600.263s step_avg:2282.83ms
step:702/2750 train_time:1602.542s step_avg:2282.82ms
step:703/2750 train_time:1604.822s step_avg:2282.82ms
step:704/2750 train_time:1607.095s step_avg:2282.81ms
step:705/2750 train_time:1609.376s step_avg:2282.80ms
step:706/2750 train_time:1611.647s step_avg:2282.79ms
step:707/2750 train_time:1613.928s step_avg:2282.78ms
step:708/2750 train_time:1616.202s step_avg:2282.77ms
step:709/2750 train_time:1618.477s step_avg:2282.76ms
step:710/2750 train_time:1620.751s step_avg:2282.75ms
step:711/2750 train_time:1623.029s step_avg:2282.74ms
step:712/2750 train_time:1625.306s step_avg:2282.73ms
step:713/2750 train_time:1627.583s step_avg:2282.72ms
step:714/2750 train_time:1629.857s step_avg:2282.71ms
step:715/2750 train_time:1632.134s step_avg:2282.71ms
step:716/2750 train_time:1634.409s step_avg:2282.69ms
step:717/2750 train_time:1636.685s step_avg:2282.68ms
step:718/2750 train_time:1638.958s step_avg:2282.67ms
step:719/2750 train_time:1641.236s step_avg:2282.67ms
step:720/2750 train_time:1643.511s step_avg:2282.65ms
step:721/2750 train_time:1645.790s step_avg:2282.65ms
step:722/2750 train_time:1648.068s step_avg:2282.64ms
step:723/2750 train_time:1650.349s step_avg:2282.64ms
step:724/2750 train_time:1652.631s step_avg:2282.64ms
step:725/2750 train_time:1654.903s step_avg:2282.62ms
step:726/2750 train_time:1657.181s step_avg:2282.62ms
step:727/2750 train_time:1659.456s step_avg:2282.61ms
step:728/2750 train_time:1661.734s step_avg:2282.60ms
step:729/2750 train_time:1664.005s step_avg:2282.59ms
step:730/2750 train_time:1666.284s step_avg:2282.58ms
step:731/2750 train_time:1668.559s step_avg:2282.57ms
step:732/2750 train_time:1670.837s step_avg:2282.56ms
step:733/2750 train_time:1673.110s step_avg:2282.55ms
step:734/2750 train_time:1675.388s step_avg:2282.55ms
step:735/2750 train_time:1677.668s step_avg:2282.54ms
step:736/2750 train_time:1679.948s step_avg:2282.54ms
step:737/2750 train_time:1682.225s step_avg:2282.53ms
step:738/2750 train_time:1684.500s step_avg:2282.52ms
step:739/2750 train_time:1686.777s step_avg:2282.51ms
step:740/2750 train_time:1689.052s step_avg:2282.50ms
step:741/2750 train_time:1691.327s step_avg:2282.49ms
step:742/2750 train_time:1693.605s step_avg:2282.49ms
step:743/2750 train_time:1695.886s step_avg:2282.48ms
step:744/2750 train_time:1698.168s step_avg:2282.48ms
step:745/2750 train_time:1700.450s step_avg:2282.48ms
step:746/2750 train_time:1702.730s step_avg:2282.48ms
step:747/2750 train_time:1705.008s step_avg:2282.47ms
step:748/2750 train_time:1707.285s step_avg:2282.47ms
step:749/2750 train_time:1709.561s step_avg:2282.46ms
step:750/2750 train_time:1711.838s step_avg:2282.45ms
step:750/2750 val_loss:3.68719 train_time:1711.838s step_avg:2276.88ms
step:751/2750 train_time:1714.124s step_avg:2282.46ms
step:752/2750 train_time:1716.399s step_avg:2282.44ms
step:753/2750 train_time:1718.680s step_avg:2282.44ms
step:754/2750 train_time:1720.958s step_avg:2282.44ms
step:755/2750 train_time:1723.235s step_avg:2282.43ms
step:756/2750 train_time:1725.515s step_avg:2282.43ms
step:757/2750 train_time:1727.792s step_avg:2282.42ms
step:758/2750 train_time:1730.072s step_avg:2282.42ms
step:759/2750 train_time:1732.348s step_avg:2282.41ms
step:760/2750 train_time:1734.629s step_avg:2282.41ms
step:761/2750 train_time:1736.928s step_avg:2282.43ms
step:762/2750 train_time:1739.206s step_avg:2282.42ms
step:763/2750 train_time:1741.487s step_avg:2282.42ms
step:764/2750 train_time:1743.769s step_avg:2282.42ms
step:765/2750 train_time:1746.048s step_avg:2282.42ms
step:766/2750 train_time:1748.321s step_avg:2282.40ms
step:767/2750 train_time:1750.600s step_avg:2282.40ms
step:768/2750 train_time:1752.876s step_avg:2282.39ms
step:769/2750 train_time:1755.152s step_avg:2282.38ms
step:770/2750 train_time:1757.429s step_avg:2282.37ms
step:771/2750 train_time:1759.704s step_avg:2282.37ms
step:772/2750 train_time:1761.978s step_avg:2282.35ms
step:773/2750 train_time:1764.253s step_avg:2282.35ms
step:774/2750 train_time:1766.528s step_avg:2282.34ms
step:775/2750 train_time:1768.806s step_avg:2282.33ms
step:776/2750 train_time:1771.078s step_avg:2282.32ms
step:777/2750 train_time:1773.353s step_avg:2282.31ms
step:778/2750 train_time:1775.626s step_avg:2282.30ms
step:779/2750 train_time:1777.905s step_avg:2282.29ms
step:780/2750 train_time:1780.179s step_avg:2282.28ms
step:781/2750 train_time:1782.455s step_avg:2282.27ms
step:782/2750 train_time:1784.730s step_avg:2282.26ms
step:783/2750 train_time:1787.007s step_avg:2282.26ms
step:784/2750 train_time:1789.279s step_avg:2282.24ms
step:785/2750 train_time:1791.554s step_avg:2282.23ms
step:786/2750 train_time:1793.828s step_avg:2282.22ms
step:787/2750 train_time:1796.106s step_avg:2282.22ms
step:788/2750 train_time:1798.381s step_avg:2282.21ms
step:789/2750 train_time:1800.660s step_avg:2282.21ms
step:790/2750 train_time:1802.937s step_avg:2282.20ms
step:791/2750 train_time:1805.216s step_avg:2282.19ms
step:792/2750 train_time:1807.494s step_avg:2282.19ms
step:793/2750 train_time:1809.772s step_avg:2282.18ms
step:794/2750 train_time:1812.051s step_avg:2282.18ms
step:795/2750 train_time:1814.329s step_avg:2282.17ms
step:796/2750 train_time:1816.606s step_avg:2282.17ms
step:797/2750 train_time:1818.879s step_avg:2282.16ms
step:798/2750 train_time:1821.159s step_avg:2282.15ms
step:799/2750 train_time:1823.437s step_avg:2282.15ms
step:800/2750 train_time:1825.715s step_avg:2282.14ms
step:801/2750 train_time:1827.988s step_avg:2282.13ms
step:802/2750 train_time:1830.267s step_avg:2282.13ms
step:803/2750 train_time:1832.541s step_avg:2282.12ms
step:804/2750 train_time:1834.817s step_avg:2282.11ms
step:805/2750 train_time:1837.095s step_avg:2282.11ms
step:806/2750 train_time:1839.376s step_avg:2282.10ms
step:807/2750 train_time:1841.654s step_avg:2282.10ms
step:808/2750 train_time:1843.934s step_avg:2282.10ms
step:809/2750 train_time:1846.212s step_avg:2282.09ms
step:810/2750 train_time:1848.490s step_avg:2282.09ms
step:811/2750 train_time:1850.766s step_avg:2282.08ms
step:812/2750 train_time:1853.041s step_avg:2282.07ms
step:813/2750 train_time:1855.319s step_avg:2282.07ms
step:814/2750 train_time:1857.597s step_avg:2282.06ms
step:815/2750 train_time:1859.872s step_avg:2282.05ms
step:816/2750 train_time:1862.143s step_avg:2282.04ms
step:817/2750 train_time:1864.422s step_avg:2282.03ms
step:818/2750 train_time:1866.699s step_avg:2282.03ms
step:819/2750 train_time:1868.975s step_avg:2282.02ms
step:820/2750 train_time:1871.252s step_avg:2282.01ms
step:821/2750 train_time:1873.527s step_avg:2282.01ms
step:822/2750 train_time:1875.802s step_avg:2282.00ms
step:823/2750 train_time:1878.077s step_avg:2281.99ms
step:824/2750 train_time:1880.356s step_avg:2281.99ms
step:825/2750 train_time:1882.634s step_avg:2281.98ms
step:826/2750 train_time:1884.912s step_avg:2281.98ms
step:827/2750 train_time:1887.189s step_avg:2281.97ms
step:828/2750 train_time:1889.466s step_avg:2281.96ms
step:829/2750 train_time:1891.745s step_avg:2281.96ms
step:830/2750 train_time:1894.027s step_avg:2281.96ms
step:831/2750 train_time:1896.301s step_avg:2281.95ms
step:832/2750 train_time:1898.585s step_avg:2281.95ms
step:833/2750 train_time:1900.867s step_avg:2281.95ms
step:834/2750 train_time:1903.140s step_avg:2281.94ms
step:835/2750 train_time:1905.414s step_avg:2281.93ms
step:836/2750 train_time:1907.692s step_avg:2281.93ms
step:837/2750 train_time:1909.973s step_avg:2281.93ms
step:838/2750 train_time:1912.250s step_avg:2281.92ms
step:839/2750 train_time:1914.527s step_avg:2281.92ms
step:840/2750 train_time:1916.803s step_avg:2281.91ms
step:841/2750 train_time:1919.082s step_avg:2281.90ms
step:842/2750 train_time:1921.355s step_avg:2281.89ms
step:843/2750 train_time:1923.636s step_avg:2281.89ms
step:844/2750 train_time:1925.911s step_avg:2281.88ms
step:845/2750 train_time:1928.187s step_avg:2281.88ms
step:846/2750 train_time:1930.460s step_avg:2281.87ms
step:847/2750 train_time:1932.739s step_avg:2281.86ms
step:848/2750 train_time:1935.017s step_avg:2281.86ms
step:849/2750 train_time:1937.295s step_avg:2281.85ms
step:850/2750 train_time:1939.564s step_avg:2281.84ms
step:851/2750 train_time:1941.846s step_avg:2281.84ms
step:852/2750 train_time:1944.127s step_avg:2281.84ms
step:853/2750 train_time:1946.404s step_avg:2281.83ms
step:854/2750 train_time:1948.683s step_avg:2281.83ms
step:855/2750 train_time:1950.960s step_avg:2281.82ms
step:856/2750 train_time:1953.241s step_avg:2281.82ms
step:857/2750 train_time:1955.516s step_avg:2281.82ms
step:858/2750 train_time:1957.798s step_avg:2281.82ms
step:859/2750 train_time:1960.074s step_avg:2281.81ms
step:860/2750 train_time:1962.348s step_avg:2281.80ms
step:861/2750 train_time:1964.622s step_avg:2281.79ms
step:862/2750 train_time:1966.905s step_avg:2281.79ms
step:863/2750 train_time:1969.180s step_avg:2281.78ms
step:864/2750 train_time:1971.455s step_avg:2281.78ms
step:865/2750 train_time:1973.730s step_avg:2281.77ms
step:866/2750 train_time:1976.006s step_avg:2281.76ms
step:867/2750 train_time:1978.280s step_avg:2281.75ms
step:868/2750 train_time:1980.554s step_avg:2281.74ms
step:869/2750 train_time:1982.829s step_avg:2281.74ms
step:870/2750 train_time:1985.106s step_avg:2281.73ms
step:871/2750 train_time:1987.378s step_avg:2281.72ms
step:872/2750 train_time:1989.656s step_avg:2281.72ms
step:873/2750 train_time:1991.940s step_avg:2281.72ms
step:874/2750 train_time:1994.213s step_avg:2281.71ms
step:875/2750 train_time:1996.489s step_avg:2281.70ms
step:875/2750 val_loss:3.64521 train_time:1996.490s step_avg:2277.21ms
step:876/2750 train_time:1998.773s step_avg:2281.70ms
step:877/2750 train_time:2001.046s step_avg:2281.69ms
step:878/2750 train_time:2003.330s step_avg:2281.70ms
step:879/2750 train_time:2005.606s step_avg:2281.69ms
step:880/2750 train_time:2007.881s step_avg:2281.68ms
step:881/2750 train_time:2010.157s step_avg:2281.68ms
step:882/2750 train_time:2012.434s step_avg:2281.67ms
step:883/2750 train_time:2014.708s step_avg:2281.66ms
step:884/2750 train_time:2016.982s step_avg:2281.65ms
step:885/2750 train_time:2019.254s step_avg:2281.64ms
step:886/2750 train_time:2021.529s step_avg:2281.64ms
step:887/2750 train_time:2023.803s step_avg:2281.63ms
step:888/2750 train_time:2026.082s step_avg:2281.62ms
step:889/2750 train_time:2028.358s step_avg:2281.62ms
step:890/2750 train_time:2030.636s step_avg:2281.61ms
step:891/2750 train_time:2032.910s step_avg:2281.61ms
step:892/2750 train_time:2035.183s step_avg:2281.59ms
step:893/2750 train_time:2037.459s step_avg:2281.59ms
step:894/2750 train_time:2039.735s step_avg:2281.58ms
step:895/2750 train_time:2042.014s step_avg:2281.58ms
step:896/2750 train_time:2044.292s step_avg:2281.58ms
step:897/2750 train_time:2046.568s step_avg:2281.57ms
step:898/2750 train_time:2048.846s step_avg:2281.57ms
step:899/2750 train_time:2051.127s step_avg:2281.56ms
step:900/2750 train_time:2053.401s step_avg:2281.56ms
step:901/2750 train_time:2055.681s step_avg:2281.56ms
step:902/2750 train_time:2057.961s step_avg:2281.55ms
step:903/2750 train_time:2060.239s step_avg:2281.55ms
step:904/2750 train_time:2062.512s step_avg:2281.54ms
step:905/2750 train_time:2064.791s step_avg:2281.54ms
step:906/2750 train_time:2067.064s step_avg:2281.53ms
step:907/2750 train_time:2069.341s step_avg:2281.52ms
step:908/2750 train_time:2071.616s step_avg:2281.52ms
step:909/2750 train_time:2073.895s step_avg:2281.51ms
step:910/2750 train_time:2076.167s step_avg:2281.50ms
step:911/2750 train_time:2078.446s step_avg:2281.50ms
step:912/2750 train_time:2080.725s step_avg:2281.50ms
step:913/2750 train_time:2083.002s step_avg:2281.49ms
step:914/2750 train_time:2085.278s step_avg:2281.49ms
step:915/2750 train_time:2087.551s step_avg:2281.48ms
step:916/2750 train_time:2089.828s step_avg:2281.47ms
step:917/2750 train_time:2092.107s step_avg:2281.47ms
step:918/2750 train_time:2094.386s step_avg:2281.47ms
step:919/2750 train_time:2096.659s step_avg:2281.46ms
step:920/2750 train_time:2098.938s step_avg:2281.45ms
step:921/2750 train_time:2101.214s step_avg:2281.45ms
step:922/2750 train_time:2103.494s step_avg:2281.45ms
step:923/2750 train_time:2105.767s step_avg:2281.44ms
step:924/2750 train_time:2108.047s step_avg:2281.44ms
step:925/2750 train_time:2110.326s step_avg:2281.43ms
step:926/2750 train_time:2112.604s step_avg:2281.43ms
step:927/2750 train_time:2114.879s step_avg:2281.42ms
step:928/2750 train_time:2117.155s step_avg:2281.42ms
step:929/2750 train_time:2119.437s step_avg:2281.42ms
step:930/2750 train_time:2121.717s step_avg:2281.42ms
step:931/2750 train_time:2123.994s step_avg:2281.41ms
step:932/2750 train_time:2126.273s step_avg:2281.41ms
step:933/2750 train_time:2128.553s step_avg:2281.41ms
step:934/2750 train_time:2130.830s step_avg:2281.40ms
step:935/2750 train_time:2133.113s step_avg:2281.40ms
step:936/2750 train_time:2135.388s step_avg:2281.40ms
step:937/2750 train_time:2137.664s step_avg:2281.39ms
step:938/2750 train_time:2139.939s step_avg:2281.38ms
step:939/2750 train_time:2142.216s step_avg:2281.38ms
step:940/2750 train_time:2144.490s step_avg:2281.37ms
step:941/2750 train_time:2146.769s step_avg:2281.37ms
step:942/2750 train_time:2149.046s step_avg:2281.36ms
step:943/2750 train_time:2151.323s step_avg:2281.36ms
step:944/2750 train_time:2153.601s step_avg:2281.36ms
step:945/2750 train_time:2155.878s step_avg:2281.35ms
step:946/2750 train_time:2158.159s step_avg:2281.35ms
step:947/2750 train_time:2160.433s step_avg:2281.34ms
step:948/2750 train_time:2162.711s step_avg:2281.34ms
step:949/2750 train_time:2164.984s step_avg:2281.33ms
step:950/2750 train_time:2167.265s step_avg:2281.33ms
step:951/2750 train_time:2169.564s step_avg:2281.35ms
step:952/2750 train_time:2171.840s step_avg:2281.34ms
step:953/2750 train_time:2174.122s step_avg:2281.34ms
step:954/2750 train_time:2176.402s step_avg:2281.34ms
step:955/2750 train_time:2178.684s step_avg:2281.34ms
step:956/2750 train_time:2180.954s step_avg:2281.33ms
step:957/2750 train_time:2183.234s step_avg:2281.33ms
step:958/2750 train_time:2185.510s step_avg:2281.33ms
step:959/2750 train_time:2187.784s step_avg:2281.32ms
step:960/2750 train_time:2190.054s step_avg:2281.31ms
step:961/2750 train_time:2192.336s step_avg:2281.31ms
step:962/2750 train_time:2194.610s step_avg:2281.30ms
step:963/2750 train_time:2196.887s step_avg:2281.29ms
step:964/2750 train_time:2199.164s step_avg:2281.29ms
step:965/2750 train_time:2201.441s step_avg:2281.29ms
step:966/2750 train_time:2203.721s step_avg:2281.28ms
step:967/2750 train_time:2205.996s step_avg:2281.28ms
step:968/2750 train_time:2208.277s step_avg:2281.28ms
step:969/2750 train_time:2210.554s step_avg:2281.27ms
step:970/2750 train_time:2212.833s step_avg:2281.27ms
step:971/2750 train_time:2215.104s step_avg:2281.26ms
step:972/2750 train_time:2217.387s step_avg:2281.26ms
step:973/2750 train_time:2219.667s step_avg:2281.26ms
step:974/2750 train_time:2221.946s step_avg:2281.26ms
step:975/2750 train_time:2224.224s step_avg:2281.26ms
step:976/2750 train_time:2226.498s step_avg:2281.25ms
step:977/2750 train_time:2228.775s step_avg:2281.24ms
step:978/2750 train_time:2231.048s step_avg:2281.24ms
step:979/2750 train_time:2233.327s step_avg:2281.23ms
step:980/2750 train_time:2235.607s step_avg:2281.23ms
step:981/2750 train_time:2237.886s step_avg:2281.23ms
step:982/2750 train_time:2240.160s step_avg:2281.22ms
step:983/2750 train_time:2242.437s step_avg:2281.22ms
step:984/2750 train_time:2244.714s step_avg:2281.21ms
step:985/2750 train_time:2246.993s step_avg:2281.21ms
step:986/2750 train_time:2249.266s step_avg:2281.20ms
step:987/2750 train_time:2251.546s step_avg:2281.20ms
step:988/2750 train_time:2253.827s step_avg:2281.20ms
step:989/2750 train_time:2256.107s step_avg:2281.20ms
step:990/2750 train_time:2258.383s step_avg:2281.20ms
step:991/2750 train_time:2260.662s step_avg:2281.19ms
step:992/2750 train_time:2262.941s step_avg:2281.19ms
step:993/2750 train_time:2265.216s step_avg:2281.18ms
step:994/2750 train_time:2267.495s step_avg:2281.18ms
step:995/2750 train_time:2269.773s step_avg:2281.18ms
step:996/2750 train_time:2272.053s step_avg:2281.18ms
step:997/2750 train_time:2274.328s step_avg:2281.17ms
step:998/2750 train_time:2276.607s step_avg:2281.17ms
step:999/2750 train_time:2278.887s step_avg:2281.17ms
step:1000/2750 train_time:2281.164s step_avg:2281.16ms
step:1000/2750 val_loss:3.60891 train_time:2281.164s step_avg:2277.39ms
step:1001/2750 train_time:2283.447s step_avg:2281.17ms
step:1002/2750 train_time:2285.726s step_avg:2281.16ms
step:1003/2750 train_time:2288.000s step_avg:2281.16ms
step:1004/2750 train_time:2290.279s step_avg:2281.15ms
step:1005/2750 train_time:2292.551s step_avg:2281.15ms
step:1006/2750 train_time:2294.832s step_avg:2281.15ms
step:1007/2750 train_time:2297.108s step_avg:2281.14ms
step:1008/2750 train_time:2299.385s step_avg:2281.14ms
step:1009/2750 train_time:2301.656s step_avg:2281.13ms
step:1010/2750 train_time:2303.936s step_avg:2281.12ms
step:1011/2750 train_time:2306.212s step_avg:2281.12ms
step:1012/2750 train_time:2308.488s step_avg:2281.11ms
step:1013/2750 train_time:2310.760s step_avg:2281.11ms
step:1014/2750 train_time:2313.038s step_avg:2281.10ms
step:1015/2750 train_time:2315.313s step_avg:2281.10ms
step:1016/2750 train_time:2317.600s step_avg:2281.10ms
step:1017/2750 train_time:2319.878s step_avg:2281.10ms
step:1018/2750 train_time:2322.155s step_avg:2281.10ms
step:1019/2750 train_time:2324.435s step_avg:2281.09ms
step:1020/2750 train_time:2326.708s step_avg:2281.09ms
step:1021/2750 train_time:2328.992s step_avg:2281.09ms
step:1022/2750 train_time:2331.269s step_avg:2281.09ms
step:1023/2750 train_time:2333.548s step_avg:2281.08ms
step:1024/2750 train_time:2335.822s step_avg:2281.08ms
step:1025/2750 train_time:2338.100s step_avg:2281.07ms
step:1026/2750 train_time:2340.374s step_avg:2281.07ms
step:1027/2750 train_time:2342.652s step_avg:2281.06ms
step:1028/2750 train_time:2344.927s step_avg:2281.06ms
step:1029/2750 train_time:2347.202s step_avg:2281.05ms
step:1030/2750 train_time:2349.477s step_avg:2281.05ms
step:1031/2750 train_time:2351.754s step_avg:2281.04ms
step:1032/2750 train_time:2354.031s step_avg:2281.04ms
step:1033/2750 train_time:2356.308s step_avg:2281.03ms
step:1034/2750 train_time:2358.587s step_avg:2281.03ms
step:1035/2750 train_time:2360.865s step_avg:2281.03ms
step:1036/2750 train_time:2363.148s step_avg:2281.03ms
step:1037/2750 train_time:2365.425s step_avg:2281.03ms
step:1038/2750 train_time:2367.701s step_avg:2281.02ms
step:1039/2750 train_time:2369.974s step_avg:2281.01ms
step:1040/2750 train_time:2372.253s step_avg:2281.01ms
step:1041/2750 train_time:2374.535s step_avg:2281.01ms
step:1042/2750 train_time:2376.812s step_avg:2281.01ms
step:1043/2750 train_time:2379.089s step_avg:2281.01ms
step:1044/2750 train_time:2381.366s step_avg:2281.00ms
step:1045/2750 train_time:2383.644s step_avg:2281.00ms
step:1046/2750 train_time:2385.920s step_avg:2280.99ms
step:1047/2750 train_time:2388.198s step_avg:2280.99ms
step:1048/2750 train_time:2390.473s step_avg:2280.99ms
step:1049/2750 train_time:2392.751s step_avg:2280.98ms
step:1050/2750 train_time:2395.025s step_avg:2280.98ms
step:1051/2750 train_time:2397.305s step_avg:2280.98ms
step:1052/2750 train_time:2399.587s step_avg:2280.98ms
step:1053/2750 train_time:2401.863s step_avg:2280.97ms
step:1054/2750 train_time:2404.136s step_avg:2280.96ms
step:1055/2750 train_time:2406.414s step_avg:2280.96ms
step:1056/2750 train_time:2408.691s step_avg:2280.96ms
step:1057/2750 train_time:2410.966s step_avg:2280.95ms
step:1058/2750 train_time:2413.238s step_avg:2280.94ms
step:1059/2750 train_time:2415.515s step_avg:2280.94ms
step:1060/2750 train_time:2417.792s step_avg:2280.94ms
step:1061/2750 train_time:2420.068s step_avg:2280.93ms
step:1062/2750 train_time:2422.340s step_avg:2280.92ms
step:1063/2750 train_time:2424.620s step_avg:2280.92ms
step:1064/2750 train_time:2426.897s step_avg:2280.92ms
step:1065/2750 train_time:2429.176s step_avg:2280.92ms
step:1066/2750 train_time:2431.453s step_avg:2280.91ms
step:1067/2750 train_time:2433.731s step_avg:2280.91ms
step:1068/2750 train_time:2436.010s step_avg:2280.91ms
step:1069/2750 train_time:2438.285s step_avg:2280.90ms
step:1070/2750 train_time:2440.565s step_avg:2280.90ms
step:1071/2750 train_time:2442.843s step_avg:2280.90ms
step:1072/2750 train_time:2445.121s step_avg:2280.90ms
step:1073/2750 train_time:2447.394s step_avg:2280.89ms
step:1074/2750 train_time:2449.671s step_avg:2280.89ms
step:1075/2750 train_time:2451.949s step_avg:2280.88ms
step:1076/2750 train_time:2454.228s step_avg:2280.88ms
step:1077/2750 train_time:2456.499s step_avg:2280.87ms
step:1078/2750 train_time:2458.780s step_avg:2280.87ms
step:1079/2750 train_time:2461.055s step_avg:2280.87ms
step:1080/2750 train_time:2463.332s step_avg:2280.86ms
step:1081/2750 train_time:2465.604s step_avg:2280.85ms
step:1082/2750 train_time:2467.879s step_avg:2280.85ms
step:1083/2750 train_time:2470.158s step_avg:2280.85ms
step:1084/2750 train_time:2472.436s step_avg:2280.84ms
step:1085/2750 train_time:2474.714s step_avg:2280.84ms
step:1086/2750 train_time:2476.995s step_avg:2280.84ms
step:1087/2750 train_time:2479.273s step_avg:2280.84ms
step:1088/2750 train_time:2481.552s step_avg:2280.84ms
step:1089/2750 train_time:2483.827s step_avg:2280.83ms
step:1090/2750 train_time:2486.103s step_avg:2280.83ms
step:1091/2750 train_time:2488.381s step_avg:2280.83ms
step:1092/2750 train_time:2490.656s step_avg:2280.82ms
step:1093/2750 train_time:2492.935s step_avg:2280.82ms
step:1094/2750 train_time:2495.211s step_avg:2280.81ms
step:1095/2750 train_time:2497.488s step_avg:2280.81ms
step:1096/2750 train_time:2499.762s step_avg:2280.80ms
step:1097/2750 train_time:2502.038s step_avg:2280.80ms
step:1098/2750 train_time:2504.311s step_avg:2280.79ms
step:1099/2750 train_time:2506.591s step_avg:2280.79ms
step:1100/2750 train_time:2508.866s step_avg:2280.79ms
step:1101/2750 train_time:2511.143s step_avg:2280.78ms
step:1102/2750 train_time:2513.413s step_avg:2280.77ms
step:1103/2750 train_time:2515.693s step_avg:2280.77ms
step:1104/2750 train_time:2517.967s step_avg:2280.77ms
step:1105/2750 train_time:2520.244s step_avg:2280.76ms
step:1106/2750 train_time:2522.518s step_avg:2280.76ms
step:1107/2750 train_time:2524.797s step_avg:2280.76ms
step:1108/2750 train_time:2527.070s step_avg:2280.75ms
step:1109/2750 train_time:2529.347s step_avg:2280.75ms
step:1110/2750 train_time:2531.625s step_avg:2280.74ms
step:1111/2750 train_time:2533.898s step_avg:2280.74ms
step:1112/2750 train_time:2536.172s step_avg:2280.73ms
step:1113/2750 train_time:2538.451s step_avg:2280.73ms
step:1114/2750 train_time:2540.731s step_avg:2280.73ms
step:1115/2750 train_time:2543.004s step_avg:2280.72ms
step:1116/2750 train_time:2545.282s step_avg:2280.72ms
step:1117/2750 train_time:2547.561s step_avg:2280.72ms
step:1118/2750 train_time:2549.840s step_avg:2280.72ms
step:1119/2750 train_time:2552.111s step_avg:2280.71ms
step:1120/2750 train_time:2554.390s step_avg:2280.71ms
step:1121/2750 train_time:2556.667s step_avg:2280.70ms
step:1122/2750 train_time:2558.946s step_avg:2280.70ms
step:1123/2750 train_time:2561.219s step_avg:2280.69ms
step:1124/2750 train_time:2563.499s step_avg:2280.69ms
step:1125/2750 train_time:2565.776s step_avg:2280.69ms
step:1125/2750 val_loss:3.58098 train_time:2565.776s step_avg:2276.90ms
step:1126/2750 train_time:2568.062s step_avg:2280.69ms
step:1127/2750 train_time:2570.340s step_avg:2280.69ms
step:1128/2750 train_time:2572.622s step_avg:2280.69ms
step:1129/2750 train_time:2574.899s step_avg:2280.69ms
step:1130/2750 train_time:2577.181s step_avg:2280.69ms
step:1131/2750 train_time:2579.458s step_avg:2280.69ms
step:1132/2750 train_time:2581.736s step_avg:2280.69ms
step:1133/2750 train_time:2584.016s step_avg:2280.68ms
step:1134/2750 train_time:2586.293s step_avg:2280.68ms
step:1135/2750 train_time:2588.576s step_avg:2280.68ms
step:1136/2750 train_time:2590.859s step_avg:2280.69ms
step:1137/2750 train_time:2593.136s step_avg:2280.68ms
step:1138/2750 train_time:2595.412s step_avg:2280.68ms
step:1139/2750 train_time:2597.691s step_avg:2280.68ms
step:1140/2750 train_time:2599.964s step_avg:2280.67ms
step:1141/2750 train_time:2602.256s step_avg:2280.68ms
step:1142/2750 train_time:2604.539s step_avg:2280.68ms
step:1143/2750 train_time:2606.818s step_avg:2280.68ms
step:1144/2750 train_time:2609.093s step_avg:2280.68ms
step:1145/2750 train_time:2611.369s step_avg:2280.67ms
step:1146/2750 train_time:2613.650s step_avg:2280.67ms
step:1147/2750 train_time:2615.924s step_avg:2280.67ms
step:1148/2750 train_time:2618.201s step_avg:2280.66ms
step:1149/2750 train_time:2620.479s step_avg:2280.66ms
step:1150/2750 train_time:2622.756s step_avg:2280.66ms
step:1151/2750 train_time:2625.039s step_avg:2280.66ms
step:1152/2750 train_time:2627.318s step_avg:2280.66ms
step:1153/2750 train_time:2629.596s step_avg:2280.66ms
step:1154/2750 train_time:2631.869s step_avg:2280.65ms
step:1155/2750 train_time:2634.149s step_avg:2280.65ms
step:1156/2750 train_time:2636.422s step_avg:2280.64ms
step:1157/2750 train_time:2638.701s step_avg:2280.64ms
step:1158/2750 train_time:2640.975s step_avg:2280.63ms
step:1159/2750 train_time:2643.251s step_avg:2280.63ms
step:1160/2750 train_time:2645.523s step_avg:2280.62ms
step:1161/2750 train_time:2647.803s step_avg:2280.62ms
step:1162/2750 train_time:2650.079s step_avg:2280.62ms
step:1163/2750 train_time:2652.356s step_avg:2280.62ms
step:1164/2750 train_time:2654.632s step_avg:2280.61ms
step:1165/2750 train_time:2656.912s step_avg:2280.61ms
step:1166/2750 train_time:2659.188s step_avg:2280.61ms
step:1167/2750 train_time:2661.461s step_avg:2280.60ms
step:1168/2750 train_time:2663.740s step_avg:2280.60ms
step:1169/2750 train_time:2666.022s step_avg:2280.60ms
step:1170/2750 train_time:2668.301s step_avg:2280.60ms
step:1171/2750 train_time:2670.573s step_avg:2280.59ms
step:1172/2750 train_time:2672.854s step_avg:2280.59ms
step:1173/2750 train_time:2675.130s step_avg:2280.59ms
step:1174/2750 train_time:2677.407s step_avg:2280.59ms
step:1175/2750 train_time:2679.680s step_avg:2280.58ms
step:1176/2750 train_time:2681.962s step_avg:2280.58ms
step:1177/2750 train_time:2684.239s step_avg:2280.58ms
step:1178/2750 train_time:2686.517s step_avg:2280.57ms
step:1179/2750 train_time:2688.792s step_avg:2280.57ms
step:1180/2750 train_time:2691.069s step_avg:2280.57ms
step:1181/2750 train_time:2693.340s step_avg:2280.56ms
step:1182/2750 train_time:2695.619s step_avg:2280.56ms
step:1183/2750 train_time:2697.894s step_avg:2280.55ms
step:1184/2750 train_time:2700.171s step_avg:2280.55ms
step:1185/2750 train_time:2702.446s step_avg:2280.55ms
step:1186/2750 train_time:2704.720s step_avg:2280.54ms
step:1187/2750 train_time:2706.990s step_avg:2280.53ms
step:1188/2750 train_time:2709.269s step_avg:2280.53ms
step:1189/2750 train_time:2711.543s step_avg:2280.52ms
step:1190/2750 train_time:2713.820s step_avg:2280.52ms
step:1191/2750 train_time:2716.096s step_avg:2280.52ms
step:1192/2750 train_time:2718.372s step_avg:2280.51ms
step:1193/2750 train_time:2720.646s step_avg:2280.51ms
step:1194/2750 train_time:2722.921s step_avg:2280.50ms
step:1195/2750 train_time:2725.195s step_avg:2280.50ms
step:1196/2750 train_time:2727.469s step_avg:2280.49ms
step:1197/2750 train_time:2729.742s step_avg:2280.49ms
step:1198/2750 train_time:2732.020s step_avg:2280.48ms
step:1199/2750 train_time:2734.304s step_avg:2280.49ms
step:1200/2750 train_time:2736.583s step_avg:2280.49ms
step:1201/2750 train_time:2738.863s step_avg:2280.49ms
step:1202/2750 train_time:2741.138s step_avg:2280.48ms
step:1203/2750 train_time:2743.421s step_avg:2280.48ms
step:1204/2750 train_time:2745.698s step_avg:2280.48ms
step:1205/2750 train_time:2747.981s step_avg:2280.48ms
step:1206/2750 train_time:2750.256s step_avg:2280.48ms
step:1207/2750 train_time:2752.530s step_avg:2280.47ms
step:1208/2750 train_time:2754.803s step_avg:2280.47ms
step:1209/2750 train_time:2757.081s step_avg:2280.46ms
step:1210/2750 train_time:2759.358s step_avg:2280.46ms
step:1211/2750 train_time:2761.638s step_avg:2280.46ms
step:1212/2750 train_time:2763.917s step_avg:2280.46ms
step:1213/2750 train_time:2766.191s step_avg:2280.45ms
step:1214/2750 train_time:2768.468s step_avg:2280.45ms
step:1215/2750 train_time:2770.749s step_avg:2280.45ms
step:1216/2750 train_time:2773.028s step_avg:2280.45ms
step:1217/2750 train_time:2775.303s step_avg:2280.45ms
step:1218/2750 train_time:2777.583s step_avg:2280.45ms
step:1219/2750 train_time:2779.860s step_avg:2280.44ms
step:1220/2750 train_time:2782.138s step_avg:2280.44ms
step:1221/2750 train_time:2784.417s step_avg:2280.44ms
step:1222/2750 train_time:2786.695s step_avg:2280.44ms
step:1223/2750 train_time:2788.970s step_avg:2280.43ms
step:1224/2750 train_time:2791.244s step_avg:2280.43ms
step:1225/2750 train_time:2793.522s step_avg:2280.43ms
step:1226/2750 train_time:2795.798s step_avg:2280.42ms
step:1227/2750 train_time:2798.077s step_avg:2280.42ms
step:1228/2750 train_time:2800.354s step_avg:2280.42ms
step:1229/2750 train_time:2802.633s step_avg:2280.42ms
step:1230/2750 train_time:2804.910s step_avg:2280.41ms
step:1231/2750 train_time:2807.191s step_avg:2280.42ms
step:1232/2750 train_time:2809.468s step_avg:2280.41ms
step:1233/2750 train_time:2811.750s step_avg:2280.41ms
step:1234/2750 train_time:2814.028s step_avg:2280.41ms
step:1235/2750 train_time:2816.303s step_avg:2280.41ms
step:1236/2750 train_time:2818.578s step_avg:2280.40ms
step:1237/2750 train_time:2820.856s step_avg:2280.40ms
step:1238/2750 train_time:2823.137s step_avg:2280.40ms
step:1239/2750 train_time:2825.414s step_avg:2280.40ms
step:1240/2750 train_time:2827.691s step_avg:2280.40ms
step:1241/2750 train_time:2829.968s step_avg:2280.39ms
step:1242/2750 train_time:2832.247s step_avg:2280.39ms
step:1243/2750 train_time:2834.520s step_avg:2280.39ms
step:1244/2750 train_time:2836.799s step_avg:2280.39ms
step:1245/2750 train_time:2839.077s step_avg:2280.38ms
step:1246/2750 train_time:2841.350s step_avg:2280.38ms
step:1247/2750 train_time:2843.622s step_avg:2280.37ms
step:1248/2750 train_time:2845.902s step_avg:2280.37ms
step:1249/2750 train_time:2848.178s step_avg:2280.37ms
step:1250/2750 train_time:2850.456s step_avg:2280.36ms
step:1250/2750 val_loss:3.55176 train_time:2850.456s step_avg:2277.44ms
step:1251/2750 train_time:2852.740s step_avg:2280.37ms
step:1252/2750 train_time:2855.021s step_avg:2280.37ms
step:1253/2750 train_time:2857.301s step_avg:2280.37ms
step:1254/2750 train_time:2859.580s step_avg:2280.37ms
step:1255/2750 train_time:2861.852s step_avg:2280.36ms
step:1256/2750 train_time:2864.137s step_avg:2280.36ms
step:1257/2750 train_time:2866.414s step_avg:2280.36ms
step:1258/2750 train_time:2868.691s step_avg:2280.36ms
step:1259/2750 train_time:2870.969s step_avg:2280.36ms
step:1260/2750 train_time:2873.246s step_avg:2280.35ms
step:1261/2750 train_time:2875.526s step_avg:2280.35ms
step:1262/2750 train_time:2877.807s step_avg:2280.35ms
step:1263/2750 train_time:2880.086s step_avg:2280.35ms
step:1264/2750 train_time:2882.364s step_avg:2280.35ms
step:1265/2750 train_time:2884.640s step_avg:2280.35ms
step:1266/2750 train_time:2886.911s step_avg:2280.34ms
step:1267/2750 train_time:2889.192s step_avg:2280.34ms
step:1268/2750 train_time:2891.471s step_avg:2280.34ms
step:1269/2750 train_time:2893.747s step_avg:2280.34ms
step:1270/2750 train_time:2896.021s step_avg:2280.33ms
step:1271/2750 train_time:2898.300s step_avg:2280.33ms
step:1272/2750 train_time:2900.572s step_avg:2280.32ms
step:1273/2750 train_time:2902.851s step_avg:2280.32ms
step:1274/2750 train_time:2905.124s step_avg:2280.32ms
step:1275/2750 train_time:2907.398s step_avg:2280.31ms
step:1276/2750 train_time:2909.672s step_avg:2280.31ms
step:1277/2750 train_time:2911.951s step_avg:2280.31ms
step:1278/2750 train_time:2914.228s step_avg:2280.30ms
step:1279/2750 train_time:2916.504s step_avg:2280.30ms
step:1280/2750 train_time:2918.782s step_avg:2280.30ms
step:1281/2750 train_time:2921.061s step_avg:2280.30ms
step:1282/2750 train_time:2923.338s step_avg:2280.29ms
step:1283/2750 train_time:2925.613s step_avg:2280.29ms
step:1284/2750 train_time:2927.893s step_avg:2280.29ms
step:1285/2750 train_time:2930.164s step_avg:2280.28ms
step:1286/2750 train_time:2932.444s step_avg:2280.28ms
step:1287/2750 train_time:2934.723s step_avg:2280.28ms
step:1288/2750 train_time:2937.004s step_avg:2280.28ms
step:1289/2750 train_time:2939.276s step_avg:2280.28ms
step:1290/2750 train_time:2941.557s step_avg:2280.28ms
step:1291/2750 train_time:2943.834s step_avg:2280.27ms
step:1292/2750 train_time:2946.108s step_avg:2280.27ms
step:1293/2750 train_time:2948.383s step_avg:2280.26ms
step:1294/2750 train_time:2950.660s step_avg:2280.26ms
step:1295/2750 train_time:2952.938s step_avg:2280.26ms
step:1296/2750 train_time:2955.213s step_avg:2280.26ms
step:1297/2750 train_time:2957.490s step_avg:2280.25ms
step:1298/2750 train_time:2959.765s step_avg:2280.25ms
step:1299/2750 train_time:2962.044s step_avg:2280.25ms
step:1300/2750 train_time:2964.321s step_avg:2280.25ms
step:1301/2750 train_time:2966.602s step_avg:2280.25ms
step:1302/2750 train_time:2968.879s step_avg:2280.24ms
step:1303/2750 train_time:2971.156s step_avg:2280.24ms
step:1304/2750 train_time:2973.425s step_avg:2280.23ms
step:1305/2750 train_time:2975.703s step_avg:2280.23ms
step:1306/2750 train_time:2977.979s step_avg:2280.23ms
step:1307/2750 train_time:2980.259s step_avg:2280.23ms
step:1308/2750 train_time:2982.534s step_avg:2280.22ms
step:1309/2750 train_time:2984.814s step_avg:2280.22ms
step:1310/2750 train_time:2987.090s step_avg:2280.22ms
step:1311/2750 train_time:2989.367s step_avg:2280.22ms
step:1312/2750 train_time:2991.637s step_avg:2280.21ms
step:1313/2750 train_time:2993.915s step_avg:2280.21ms
step:1314/2750 train_time:2996.191s step_avg:2280.21ms
step:1315/2750 train_time:2998.466s step_avg:2280.20ms
step:1316/2750 train_time:3000.739s step_avg:2280.20ms
step:1317/2750 train_time:3003.016s step_avg:2280.19ms
step:1318/2750 train_time:3005.292s step_avg:2280.19ms
step:1319/2750 train_time:3007.569s step_avg:2280.19ms
step:1320/2750 train_time:3009.845s step_avg:2280.19ms
step:1321/2750 train_time:3012.120s step_avg:2280.18ms
step:1322/2750 train_time:3014.393s step_avg:2280.18ms
step:1323/2750 train_time:3016.671s step_avg:2280.17ms
step:1324/2750 train_time:3018.950s step_avg:2280.17ms
step:1325/2750 train_time:3021.228s step_avg:2280.17ms
step:1326/2750 train_time:3023.506s step_avg:2280.17ms
step:1327/2750 train_time:3025.782s step_avg:2280.17ms
step:1328/2750 train_time:3028.061s step_avg:2280.17ms
step:1329/2750 train_time:3030.338s step_avg:2280.16ms
step:1330/2750 train_time:3032.616s step_avg:2280.16ms
step:1331/2750 train_time:3034.915s step_avg:2280.18ms
step:1332/2750 train_time:3037.191s step_avg:2280.17ms
step:1333/2750 train_time:3039.471s step_avg:2280.17ms
step:1334/2750 train_time:3041.744s step_avg:2280.17ms
step:1335/2750 train_time:3044.026s step_avg:2280.17ms
step:1336/2750 train_time:3046.302s step_avg:2280.17ms
step:1337/2750 train_time:3048.580s step_avg:2280.16ms
step:1338/2750 train_time:3050.852s step_avg:2280.16ms
step:1339/2750 train_time:3053.132s step_avg:2280.16ms
step:1340/2750 train_time:3055.411s step_avg:2280.16ms
step:1341/2750 train_time:3057.689s step_avg:2280.16ms
step:1342/2750 train_time:3059.960s step_avg:2280.15ms
step:1343/2750 train_time:3062.238s step_avg:2280.15ms
step:1344/2750 train_time:3064.512s step_avg:2280.14ms
step:1345/2750 train_time:3066.790s step_avg:2280.14ms
step:1346/2750 train_time:3069.065s step_avg:2280.14ms
step:1347/2750 train_time:3071.340s step_avg:2280.13ms
step:1348/2750 train_time:3073.614s step_avg:2280.13ms
step:1349/2750 train_time:3075.890s step_avg:2280.13ms
step:1350/2750 train_time:3078.164s step_avg:2280.12ms
step:1351/2750 train_time:3080.439s step_avg:2280.12ms
step:1352/2750 train_time:3082.716s step_avg:2280.12ms
step:1353/2750 train_time:3084.993s step_avg:2280.11ms
step:1354/2750 train_time:3087.270s step_avg:2280.11ms
step:1355/2750 train_time:3089.548s step_avg:2280.11ms
step:1356/2750 train_time:3091.827s step_avg:2280.11ms
step:1357/2750 train_time:3094.103s step_avg:2280.11ms
step:1358/2750 train_time:3096.382s step_avg:2280.10ms
step:1359/2750 train_time:3098.657s step_avg:2280.10ms
step:1360/2750 train_time:3100.935s step_avg:2280.10ms
step:1361/2750 train_time:3103.208s step_avg:2280.09ms
step:1362/2750 train_time:3105.491s step_avg:2280.10ms
step:1363/2750 train_time:3107.766s step_avg:2280.09ms
step:1364/2750 train_time:3110.040s step_avg:2280.09ms
step:1365/2750 train_time:3112.312s step_avg:2280.08ms
step:1366/2750 train_time:3114.589s step_avg:2280.08ms
step:1367/2750 train_time:3116.867s step_avg:2280.08ms
step:1368/2750 train_time:3119.144s step_avg:2280.08ms
step:1369/2750 train_time:3121.418s step_avg:2280.07ms
step:1370/2750 train_time:3123.697s step_avg:2280.07ms
step:1371/2750 train_time:3125.974s step_avg:2280.07ms
step:1372/2750 train_time:3128.249s step_avg:2280.06ms
step:1373/2750 train_time:3130.527s step_avg:2280.06ms
step:1374/2750 train_time:3132.803s step_avg:2280.06ms
step:1375/2750 train_time:3135.078s step_avg:2280.06ms
step:1375/2750 val_loss:3.52787 train_time:3135.078s step_avg:2276.98ms
step:1376/2750 train_time:3137.365s step_avg:2280.06ms
step:1377/2750 train_time:3139.639s step_avg:2280.06ms
step:1378/2750 train_time:3141.918s step_avg:2280.06ms
step:1379/2750 train_time:3144.194s step_avg:2280.05ms
step:1380/2750 train_time:3146.471s step_avg:2280.05ms
step:1381/2750 train_time:3148.749s step_avg:2280.05ms
step:1382/2750 train_time:3151.026s step_avg:2280.05ms
step:1383/2750 train_time:3153.301s step_avg:2280.04ms
step:1384/2750 train_time:3155.577s step_avg:2280.04ms
step:1385/2750 train_time:3157.856s step_avg:2280.04ms
step:1386/2750 train_time:3160.131s step_avg:2280.04ms
step:1387/2750 train_time:3162.411s step_avg:2280.04ms
step:1388/2750 train_time:3164.687s step_avg:2280.03ms
step:1389/2750 train_time:3166.967s step_avg:2280.03ms
step:1390/2750 train_time:3169.244s step_avg:2280.03ms
step:1391/2750 train_time:3171.524s step_avg:2280.03ms
step:1392/2750 train_time:3173.799s step_avg:2280.03ms
step:1393/2750 train_time:3176.081s step_avg:2280.03ms
step:1394/2750 train_time:3178.356s step_avg:2280.03ms
step:1395/2750 train_time:3180.634s step_avg:2280.02ms
step:1396/2750 train_time:3182.912s step_avg:2280.02ms
step:1397/2750 train_time:3185.191s step_avg:2280.02ms
step:1398/2750 train_time:3187.472s step_avg:2280.02ms
step:1399/2750 train_time:3189.753s step_avg:2280.02ms
step:1400/2750 train_time:3192.032s step_avg:2280.02ms
step:1401/2750 train_time:3194.310s step_avg:2280.02ms
step:1402/2750 train_time:3196.588s step_avg:2280.02ms
step:1403/2750 train_time:3198.860s step_avg:2280.01ms
step:1404/2750 train_time:3201.137s step_avg:2280.01ms
step:1405/2750 train_time:3203.413s step_avg:2280.01ms
step:1406/2750 train_time:3205.688s step_avg:2280.01ms
step:1407/2750 train_time:3207.963s step_avg:2280.00ms
step:1408/2750 train_time:3210.245s step_avg:2280.00ms
step:1409/2750 train_time:3212.521s step_avg:2280.00ms
step:1410/2750 train_time:3214.798s step_avg:2280.00ms
step:1411/2750 train_time:3217.075s step_avg:2280.00ms
step:1412/2750 train_time:3219.358s step_avg:2280.00ms
step:1413/2750 train_time:3221.639s step_avg:2280.00ms
step:1414/2750 train_time:3223.910s step_avg:2279.99ms
step:1415/2750 train_time:3226.191s step_avg:2279.99ms
step:1416/2750 train_time:3228.466s step_avg:2279.99ms
step:1417/2750 train_time:3230.744s step_avg:2279.99ms
step:1418/2750 train_time:3233.018s step_avg:2279.98ms
step:1419/2750 train_time:3235.296s step_avg:2279.98ms
step:1420/2750 train_time:3237.571s step_avg:2279.98ms
step:1421/2750 train_time:3239.850s step_avg:2279.98ms
step:1422/2750 train_time:3242.121s step_avg:2279.97ms
step:1423/2750 train_time:3244.403s step_avg:2279.97ms
step:1424/2750 train_time:3246.680s step_avg:2279.97ms
step:1425/2750 train_time:3248.959s step_avg:2279.97ms
step:1426/2750 train_time:3251.238s step_avg:2279.97ms
step:1427/2750 train_time:3253.517s step_avg:2279.97ms
step:1428/2750 train_time:3255.799s step_avg:2279.97ms
step:1429/2750 train_time:3258.076s step_avg:2279.97ms
step:1430/2750 train_time:3260.357s step_avg:2279.97ms
step:1431/2750 train_time:3262.636s step_avg:2279.97ms
step:1432/2750 train_time:3264.914s step_avg:2279.97ms
step:1433/2750 train_time:3267.186s step_avg:2279.96ms
step:1434/2750 train_time:3269.464s step_avg:2279.96ms
step:1435/2750 train_time:3271.737s step_avg:2279.96ms
step:1436/2750 train_time:3274.011s step_avg:2279.95ms
step:1437/2750 train_time:3276.285s step_avg:2279.95ms
step:1438/2750 train_time:3278.561s step_avg:2279.95ms
step:1439/2750 train_time:3280.836s step_avg:2279.94ms
step:1440/2750 train_time:3283.112s step_avg:2279.94ms
step:1441/2750 train_time:3285.383s step_avg:2279.93ms
step:1442/2750 train_time:3287.663s step_avg:2279.93ms
step:1443/2750 train_time:3289.939s step_avg:2279.93ms
step:1444/2750 train_time:3292.216s step_avg:2279.93ms
step:1445/2750 train_time:3294.496s step_avg:2279.93ms
step:1446/2750 train_time:3296.772s step_avg:2279.93ms
step:1447/2750 train_time:3299.054s step_avg:2279.93ms
step:1448/2750 train_time:3301.330s step_avg:2279.92ms
step:1449/2750 train_time:3303.609s step_avg:2279.92ms
step:1450/2750 train_time:3305.886s step_avg:2279.92ms
step:1451/2750 train_time:3308.163s step_avg:2279.92ms
step:1452/2750 train_time:3310.436s step_avg:2279.91ms
step:1453/2750 train_time:3312.715s step_avg:2279.91ms
step:1454/2750 train_time:3314.992s step_avg:2279.91ms
step:1455/2750 train_time:3317.266s step_avg:2279.91ms
step:1456/2750 train_time:3319.537s step_avg:2279.90ms
step:1457/2750 train_time:3321.814s step_avg:2279.90ms
step:1458/2750 train_time:3324.092s step_avg:2279.90ms
step:1459/2750 train_time:3326.369s step_avg:2279.90ms
step:1460/2750 train_time:3328.644s step_avg:2279.89ms
step:1461/2750 train_time:3330.922s step_avg:2279.89ms
step:1462/2750 train_time:3333.200s step_avg:2279.89ms
step:1463/2750 train_time:3335.478s step_avg:2279.89ms
step:1464/2750 train_time:3337.752s step_avg:2279.89ms
step:1465/2750 train_time:3340.029s step_avg:2279.88ms
step:1466/2750 train_time:3342.309s step_avg:2279.88ms
step:1467/2750 train_time:3344.589s step_avg:2279.88ms
step:1468/2750 train_time:3346.869s step_avg:2279.88ms
step:1469/2750 train_time:3349.147s step_avg:2279.88ms
step:1470/2750 train_time:3351.425s step_avg:2279.88ms
step:1471/2750 train_time:3353.701s step_avg:2279.88ms
step:1472/2750 train_time:3355.981s step_avg:2279.88ms
step:1473/2750 train_time:3358.258s step_avg:2279.88ms
step:1474/2750 train_time:3360.535s step_avg:2279.87ms
step:1475/2750 train_time:3362.811s step_avg:2279.87ms
step:1476/2750 train_time:3365.090s step_avg:2279.87ms
step:1477/2750 train_time:3367.367s step_avg:2279.87ms
step:1478/2750 train_time:3369.646s step_avg:2279.87ms
step:1479/2750 train_time:3371.927s step_avg:2279.87ms
step:1480/2750 train_time:3374.203s step_avg:2279.87ms
step:1481/2750 train_time:3376.480s step_avg:2279.87ms
step:1482/2750 train_time:3378.757s step_avg:2279.86ms
step:1483/2750 train_time:3381.036s step_avg:2279.86ms
step:1484/2750 train_time:3383.310s step_avg:2279.86ms
step:1485/2750 train_time:3385.588s step_avg:2279.86ms
step:1486/2750 train_time:3387.862s step_avg:2279.85ms
step:1487/2750 train_time:3390.142s step_avg:2279.85ms
step:1488/2750 train_time:3392.419s step_avg:2279.85ms
step:1489/2750 train_time:3394.695s step_avg:2279.85ms
step:1490/2750 train_time:3396.971s step_avg:2279.85ms
step:1491/2750 train_time:3399.251s step_avg:2279.85ms
step:1492/2750 train_time:3401.526s step_avg:2279.84ms
step:1493/2750 train_time:3403.803s step_avg:2279.84ms
step:1494/2750 train_time:3406.082s step_avg:2279.84ms
step:1495/2750 train_time:3408.359s step_avg:2279.84ms
step:1496/2750 train_time:3410.639s step_avg:2279.84ms
step:1497/2750 train_time:3412.911s step_avg:2279.83ms
step:1498/2750 train_time:3415.191s step_avg:2279.83ms
step:1499/2750 train_time:3417.468s step_avg:2279.83ms
step:1500/2750 train_time:3419.749s step_avg:2279.83ms
step:1500/2750 val_loss:3.49808 train_time:3419.749s step_avg:2277.37ms
step:1501/2750 train_time:3422.028s step_avg:2279.83ms
step:1502/2750 train_time:3424.306s step_avg:2279.83ms
step:1503/2750 train_time:3426.585s step_avg:2279.83ms
step:1504/2750 train_time:3428.866s step_avg:2279.83ms
step:1505/2750 train_time:3431.146s step_avg:2279.83ms
step:1506/2750 train_time:3433.429s step_avg:2279.83ms
step:1507/2750 train_time:3435.705s step_avg:2279.83ms
step:1508/2750 train_time:3437.982s step_avg:2279.83ms
step:1509/2750 train_time:3440.257s step_avg:2279.83ms
step:1510/2750 train_time:3442.538s step_avg:2279.83ms
step:1511/2750 train_time:3444.809s step_avg:2279.82ms
step:1512/2750 train_time:3447.086s step_avg:2279.82ms
step:1513/2750 train_time:3449.361s step_avg:2279.82ms
step:1514/2750 train_time:3451.639s step_avg:2279.81ms
step:1515/2750 train_time:3453.911s step_avg:2279.81ms
step:1516/2750 train_time:3456.185s step_avg:2279.81ms
step:1517/2750 train_time:3458.459s step_avg:2279.80ms
step:1518/2750 train_time:3460.738s step_avg:2279.80ms
step:1519/2750 train_time:3463.012s step_avg:2279.80ms
step:1520/2750 train_time:3465.291s step_avg:2279.80ms
step:1521/2750 train_time:3467.589s step_avg:2279.81ms
step:1522/2750 train_time:3469.864s step_avg:2279.81ms
step:1523/2750 train_time:3472.137s step_avg:2279.80ms
step:1524/2750 train_time:3474.411s step_avg:2279.80ms
step:1525/2750 train_time:3476.692s step_avg:2279.80ms
step:1526/2750 train_time:3478.972s step_avg:2279.80ms
step:1527/2750 train_time:3481.251s step_avg:2279.80ms
step:1528/2750 train_time:3483.530s step_avg:2279.80ms
step:1529/2750 train_time:3485.809s step_avg:2279.80ms
step:1530/2750 train_time:3488.088s step_avg:2279.80ms
step:1531/2750 train_time:3490.364s step_avg:2279.79ms
step:1532/2750 train_time:3492.645s step_avg:2279.79ms
step:1533/2750 train_time:3494.925s step_avg:2279.79ms
step:1534/2750 train_time:3497.198s step_avg:2279.79ms
step:1535/2750 train_time:3499.472s step_avg:2279.79ms
step:1536/2750 train_time:3501.752s step_avg:2279.79ms
step:1537/2750 train_time:3504.029s step_avg:2279.78ms
step:1538/2750 train_time:3506.305s step_avg:2279.78ms
step:1539/2750 train_time:3508.577s step_avg:2279.78ms
step:1540/2750 train_time:3510.857s step_avg:2279.78ms
step:1541/2750 train_time:3513.132s step_avg:2279.77ms
step:1542/2750 train_time:3515.411s step_avg:2279.77ms
step:1543/2750 train_time:3517.689s step_avg:2279.77ms
step:1544/2750 train_time:3519.966s step_avg:2279.77ms
step:1545/2750 train_time:3522.246s step_avg:2279.77ms
step:1546/2750 train_time:3524.523s step_avg:2279.77ms
step:1547/2750 train_time:3526.803s step_avg:2279.77ms
step:1548/2750 train_time:3529.081s step_avg:2279.77ms
step:1549/2750 train_time:3531.360s step_avg:2279.77ms
step:1550/2750 train_time:3533.634s step_avg:2279.76ms
step:1551/2750 train_time:3535.913s step_avg:2279.76ms
step:1552/2750 train_time:3538.189s step_avg:2279.76ms
step:1553/2750 train_time:3540.465s step_avg:2279.76ms
step:1554/2750 train_time:3542.739s step_avg:2279.75ms
step:1555/2750 train_time:3545.020s step_avg:2279.76ms
step:1556/2750 train_time:3547.295s step_avg:2279.75ms
step:1557/2750 train_time:3549.572s step_avg:2279.75ms
step:1558/2750 train_time:3551.850s step_avg:2279.75ms
step:1559/2750 train_time:3554.129s step_avg:2279.75ms
step:1560/2750 train_time:3556.408s step_avg:2279.75ms
step:1561/2750 train_time:3558.684s step_avg:2279.75ms
step:1562/2750 train_time:3560.962s step_avg:2279.75ms
step:1563/2750 train_time:3563.239s step_avg:2279.74ms
step:1564/2750 train_time:3565.518s step_avg:2279.74ms
step:1565/2750 train_time:3567.791s step_avg:2279.74ms
step:1566/2750 train_time:3570.070s step_avg:2279.74ms
step:1567/2750 train_time:3572.350s step_avg:2279.74ms
step:1568/2750 train_time:3574.628s step_avg:2279.74ms
step:1569/2750 train_time:3576.904s step_avg:2279.73ms
step:1570/2750 train_time:3579.181s step_avg:2279.73ms
step:1571/2750 train_time:3581.455s step_avg:2279.73ms
step:1572/2750 train_time:3583.729s step_avg:2279.73ms
step:1573/2750 train_time:3585.999s step_avg:2279.72ms
step:1574/2750 train_time:3588.280s step_avg:2279.72ms
step:1575/2750 train_time:3590.552s step_avg:2279.72ms
step:1576/2750 train_time:3592.830s step_avg:2279.71ms
step:1577/2750 train_time:3595.105s step_avg:2279.71ms
step:1578/2750 train_time:3597.381s step_avg:2279.71ms
step:1579/2750 train_time:3599.657s step_avg:2279.71ms
step:1580/2750 train_time:3601.933s step_avg:2279.70ms
step:1581/2750 train_time:3604.210s step_avg:2279.70ms
step:1582/2750 train_time:3606.488s step_avg:2279.70ms
step:1583/2750 train_time:3608.766s step_avg:2279.70ms
step:1584/2750 train_time:3611.041s step_avg:2279.70ms
step:1585/2750 train_time:3613.313s step_avg:2279.69ms
step:1586/2750 train_time:3615.587s step_avg:2279.69ms
step:1587/2750 train_time:3617.866s step_avg:2279.69ms
step:1588/2750 train_time:3620.141s step_avg:2279.69ms
step:1589/2750 train_time:3622.415s step_avg:2279.68ms
step:1590/2750 train_time:3624.691s step_avg:2279.68ms
step:1591/2750 train_time:3626.969s step_avg:2279.68ms
step:1592/2750 train_time:3629.247s step_avg:2279.68ms
step:1593/2750 train_time:3631.526s step_avg:2279.68ms
step:1594/2750 train_time:3633.806s step_avg:2279.68ms
step:1595/2750 train_time:3636.082s step_avg:2279.68ms
step:1596/2750 train_time:3638.355s step_avg:2279.67ms
step:1597/2750 train_time:3640.635s step_avg:2279.67ms
step:1598/2750 train_time:3642.914s step_avg:2279.67ms
step:1599/2750 train_time:3645.191s step_avg:2279.67ms
step:1600/2750 train_time:3647.466s step_avg:2279.67ms
step:1601/2750 train_time:3649.745s step_avg:2279.67ms
step:1602/2750 train_time:3652.018s step_avg:2279.66ms
step:1603/2750 train_time:3654.292s step_avg:2279.66ms
step:1604/2750 train_time:3656.570s step_avg:2279.66ms
step:1605/2750 train_time:3658.849s step_avg:2279.66ms
step:1606/2750 train_time:3661.131s step_avg:2279.66ms
step:1607/2750 train_time:3663.403s step_avg:2279.65ms
step:1608/2750 train_time:3665.682s step_avg:2279.65ms
step:1609/2750 train_time:3667.959s step_avg:2279.65ms
step:1610/2750 train_time:3670.237s step_avg:2279.65ms
step:1611/2750 train_time:3672.514s step_avg:2279.65ms
step:1612/2750 train_time:3674.794s step_avg:2279.65ms
step:1613/2750 train_time:3677.071s step_avg:2279.65ms
step:1614/2750 train_time:3679.346s step_avg:2279.64ms
step:1615/2750 train_time:3681.620s step_avg:2279.64ms
step:1616/2750 train_time:3683.898s step_avg:2279.64ms
step:1617/2750 train_time:3686.175s step_avg:2279.64ms
step:1618/2750 train_time:3688.450s step_avg:2279.64ms
step:1619/2750 train_time:3690.726s step_avg:2279.63ms
step:1620/2750 train_time:3693.005s step_avg:2279.63ms
step:1621/2750 train_time:3695.282s step_avg:2279.63ms
step:1622/2750 train_time:3697.560s step_avg:2279.63ms
step:1623/2750 train_time:3699.832s step_avg:2279.63ms
step:1624/2750 train_time:3702.111s step_avg:2279.63ms
step:1625/2750 train_time:3704.391s step_avg:2279.63ms
step:1625/2750 val_loss:3.47222 train_time:3704.391s step_avg:2277.14ms
step:1626/2750 train_time:3706.679s step_avg:2279.63ms
step:1627/2750 train_time:3708.953s step_avg:2279.63ms
step:1628/2750 train_time:3711.231s step_avg:2279.63ms
step:1629/2750 train_time:3713.509s step_avg:2279.63ms
step:1630/2750 train_time:3715.788s step_avg:2279.62ms
step:1631/2750 train_time:3718.068s step_avg:2279.62ms
step:1632/2750 train_time:3720.349s step_avg:2279.63ms
step:1633/2750 train_time:3722.629s step_avg:2279.63ms
step:1634/2750 train_time:3724.905s step_avg:2279.62ms
step:1635/2750 train_time:3727.189s step_avg:2279.63ms
step:1636/2750 train_time:3729.463s step_avg:2279.62ms
step:1637/2750 train_time:3731.741s step_avg:2279.62ms
step:1638/2750 train_time:3734.015s step_avg:2279.62ms
step:1639/2750 train_time:3736.290s step_avg:2279.62ms
step:1640/2750 train_time:3738.566s step_avg:2279.61ms
step:1641/2750 train_time:3740.839s step_avg:2279.61ms
step:1642/2750 train_time:3743.116s step_avg:2279.61ms
step:1643/2750 train_time:3745.394s step_avg:2279.61ms
step:1644/2750 train_time:3747.670s step_avg:2279.60ms
step:1645/2750 train_time:3749.946s step_avg:2279.60ms
step:1646/2750 train_time:3752.222s step_avg:2279.60ms
step:1647/2750 train_time:3754.501s step_avg:2279.60ms
step:1648/2750 train_time:3756.782s step_avg:2279.60ms
step:1649/2750 train_time:3759.056s step_avg:2279.60ms
step:1650/2750 train_time:3761.335s step_avg:2279.60ms
step:1651/2750 train_time:3763.612s step_avg:2279.60ms
step:1652/2750 train_time:3765.889s step_avg:2279.59ms
step:1653/2750 train_time:3768.163s step_avg:2279.59ms
step:1654/2750 train_time:3770.443s step_avg:2279.59ms
step:1655/2750 train_time:3772.719s step_avg:2279.59ms
step:1656/2750 train_time:3775.000s step_avg:2279.59ms
step:1657/2750 train_time:3777.272s step_avg:2279.59ms
step:1658/2750 train_time:3779.550s step_avg:2279.58ms
step:1659/2750 train_time:3781.825s step_avg:2279.58ms
step:1660/2750 train_time:3784.103s step_avg:2279.58ms
step:1661/2750 train_time:3786.381s step_avg:2279.58ms
step:1662/2750 train_time:3788.656s step_avg:2279.58ms
step:1663/2750 train_time:3790.934s step_avg:2279.58ms
step:1664/2750 train_time:3793.210s step_avg:2279.57ms
step:1665/2750 train_time:3795.489s step_avg:2279.57ms
step:1666/2750 train_time:3797.765s step_avg:2279.57ms
step:1667/2750 train_time:3800.048s step_avg:2279.57ms
step:1668/2750 train_time:3802.321s step_avg:2279.57ms
step:1669/2750 train_time:3804.600s step_avg:2279.57ms
step:1670/2750 train_time:3806.879s step_avg:2279.57ms
step:1671/2750 train_time:3809.156s step_avg:2279.57ms
step:1672/2750 train_time:3811.427s step_avg:2279.56ms
step:1673/2750 train_time:3813.708s step_avg:2279.56ms
step:1674/2750 train_time:3815.982s step_avg:2279.56ms
step:1675/2750 train_time:3818.258s step_avg:2279.56ms
step:1676/2750 train_time:3820.529s step_avg:2279.55ms
step:1677/2750 train_time:3822.807s step_avg:2279.55ms
step:1678/2750 train_time:3825.083s step_avg:2279.55ms
step:1679/2750 train_time:3827.359s step_avg:2279.55ms
step:1680/2750 train_time:3829.635s step_avg:2279.54ms
step:1681/2750 train_time:3831.910s step_avg:2279.54ms
step:1682/2750 train_time:3834.184s step_avg:2279.54ms
step:1683/2750 train_time:3836.461s step_avg:2279.54ms
step:1684/2750 train_time:3838.737s step_avg:2279.54ms
step:1685/2750 train_time:3841.012s step_avg:2279.53ms
step:1686/2750 train_time:3843.288s step_avg:2279.53ms
step:1687/2750 train_time:3845.564s step_avg:2279.53ms
step:1688/2750 train_time:3847.836s step_avg:2279.52ms
step:1689/2750 train_time:3850.111s step_avg:2279.52ms
step:1690/2750 train_time:3852.385s step_avg:2279.52ms
step:1691/2750 train_time:3854.661s step_avg:2279.52ms
step:1692/2750 train_time:3856.937s step_avg:2279.51ms
step:1693/2750 train_time:3859.212s step_avg:2279.51ms
step:1694/2750 train_time:3861.488s step_avg:2279.51ms
step:1695/2750 train_time:3863.763s step_avg:2279.51ms
step:1696/2750 train_time:3866.037s step_avg:2279.50ms
step:1697/2750 train_time:3868.312s step_avg:2279.50ms
step:1698/2750 train_time:3870.592s step_avg:2279.50ms
step:1699/2750 train_time:3872.871s step_avg:2279.50ms
step:1700/2750 train_time:3875.152s step_avg:2279.50ms
step:1701/2750 train_time:3877.431s step_avg:2279.50ms
step:1702/2750 train_time:3879.710s step_avg:2279.50ms
step:1703/2750 train_time:3881.984s step_avg:2279.50ms
step:1704/2750 train_time:3884.266s step_avg:2279.50ms
step:1705/2750 train_time:3886.545s step_avg:2279.50ms
step:1706/2750 train_time:3888.824s step_avg:2279.50ms
step:1707/2750 train_time:3891.102s step_avg:2279.50ms
step:1708/2750 train_time:3893.379s step_avg:2279.50ms
step:1709/2750 train_time:3895.660s step_avg:2279.50ms
step:1710/2750 train_time:3897.936s step_avg:2279.49ms
step:1711/2750 train_time:3900.229s step_avg:2279.50ms
step:1712/2750 train_time:3902.507s step_avg:2279.50ms
step:1713/2750 train_time:3904.781s step_avg:2279.50ms
step:1714/2750 train_time:3907.056s step_avg:2279.50ms
step:1715/2750 train_time:3909.333s step_avg:2279.49ms
step:1716/2750 train_time:3911.606s step_avg:2279.49ms
step:1717/2750 train_time:3913.879s step_avg:2279.49ms
step:1718/2750 train_time:3916.152s step_avg:2279.48ms
step:1719/2750 train_time:3918.432s step_avg:2279.48ms
step:1720/2750 train_time:3920.709s step_avg:2279.48ms
step:1721/2750 train_time:3922.985s step_avg:2279.48ms
step:1722/2750 train_time:3925.261s step_avg:2279.48ms
step:1723/2750 train_time:3927.540s step_avg:2279.48ms
step:1724/2750 train_time:3929.821s step_avg:2279.48ms
step:1725/2750 train_time:3932.102s step_avg:2279.48ms
step:1726/2750 train_time:3934.380s step_avg:2279.48ms
step:1727/2750 train_time:3936.655s step_avg:2279.48ms
step:1728/2750 train_time:3938.930s step_avg:2279.47ms
step:1729/2750 train_time:3941.204s step_avg:2279.47ms
step:1730/2750 train_time:3943.480s step_avg:2279.47ms
step:1731/2750 train_time:3945.759s step_avg:2279.47ms
step:1732/2750 train_time:3948.037s step_avg:2279.47ms
step:1733/2750 train_time:3950.313s step_avg:2279.46ms
step:1734/2750 train_time:3952.590s step_avg:2279.46ms
step:1735/2750 train_time:3954.865s step_avg:2279.46ms
step:1736/2750 train_time:3957.144s step_avg:2279.46ms
step:1737/2750 train_time:3959.422s step_avg:2279.46ms
step:1738/2750 train_time:3961.703s step_avg:2279.46ms
step:1739/2750 train_time:3963.984s step_avg:2279.46ms
step:1740/2750 train_time:3966.254s step_avg:2279.46ms
step:1741/2750 train_time:3968.537s step_avg:2279.46ms
step:1742/2750 train_time:3970.815s step_avg:2279.46ms
step:1743/2750 train_time:3973.090s step_avg:2279.46ms
step:1744/2750 train_time:3975.364s step_avg:2279.45ms
step:1745/2750 train_time:3977.643s step_avg:2279.45ms
step:1746/2750 train_time:3979.921s step_avg:2279.45ms
step:1747/2750 train_time:3982.197s step_avg:2279.45ms
step:1748/2750 train_time:3984.470s step_avg:2279.45ms
step:1749/2750 train_time:3986.750s step_avg:2279.45ms
step:1750/2750 train_time:3989.026s step_avg:2279.44ms
step:1750/2750 val_loss:3.44160 train_time:3989.026s step_avg:2277.08ms
step:1751/2750 train_time:3991.309s step_avg:2279.45ms
step:1752/2750 train_time:3993.580s step_avg:2279.44ms
step:1753/2750 train_time:3995.861s step_avg:2279.44ms
step:1754/2750 train_time:3998.140s step_avg:2279.44ms
step:1755/2750 train_time:4000.421s step_avg:2279.44ms
step:1756/2750 train_time:4002.693s step_avg:2279.44ms
step:1757/2750 train_time:4004.972s step_avg:2279.44ms
step:1758/2750 train_time:4007.249s step_avg:2279.44ms
step:1759/2750 train_time:4009.524s step_avg:2279.43ms
step:1760/2750 train_time:4011.801s step_avg:2279.43ms
step:1761/2750 train_time:4014.079s step_avg:2279.43ms
step:1762/2750 train_time:4016.353s step_avg:2279.43ms
step:1763/2750 train_time:4018.629s step_avg:2279.43ms
step:1764/2750 train_time:4020.907s step_avg:2279.43ms
step:1765/2750 train_time:4023.186s step_avg:2279.43ms
step:1766/2750 train_time:4025.469s step_avg:2279.43ms
step:1767/2750 train_time:4027.743s step_avg:2279.42ms
step:1768/2750 train_time:4030.024s step_avg:2279.43ms
step:1769/2750 train_time:4032.301s step_avg:2279.42ms
step:1770/2750 train_time:4034.578s step_avg:2279.42ms
step:1771/2750 train_time:4036.851s step_avg:2279.42ms
step:1772/2750 train_time:4039.130s step_avg:2279.42ms
step:1773/2750 train_time:4041.417s step_avg:2279.42ms
step:1774/2750 train_time:4043.690s step_avg:2279.42ms
step:1775/2750 train_time:4045.969s step_avg:2279.42ms
step:1776/2750 train_time:4048.244s step_avg:2279.42ms
step:1777/2750 train_time:4050.525s step_avg:2279.42ms
step:1778/2750 train_time:4052.802s step_avg:2279.42ms
step:1779/2750 train_time:4055.081s step_avg:2279.42ms
step:1780/2750 train_time:4057.358s step_avg:2279.41ms
step:1781/2750 train_time:4059.639s step_avg:2279.42ms
step:1782/2750 train_time:4061.912s step_avg:2279.41ms
step:1783/2750 train_time:4064.191s step_avg:2279.41ms
step:1784/2750 train_time:4066.468s step_avg:2279.41ms
step:1785/2750 train_time:4068.745s step_avg:2279.41ms
step:1786/2750 train_time:4071.020s step_avg:2279.41ms
step:1787/2750 train_time:4073.298s step_avg:2279.41ms
step:1788/2750 train_time:4075.575s step_avg:2279.40ms
step:1789/2750 train_time:4077.850s step_avg:2279.40ms
step:1790/2750 train_time:4080.126s step_avg:2279.40ms
step:1791/2750 train_time:4082.406s step_avg:2279.40ms
step:1792/2750 train_time:4084.687s step_avg:2279.40ms
step:1793/2750 train_time:4086.965s step_avg:2279.40ms
step:1794/2750 train_time:4089.246s step_avg:2279.40ms
step:1795/2750 train_time:4091.525s step_avg:2279.40ms
step:1796/2750 train_time:4093.799s step_avg:2279.40ms
step:1797/2750 train_time:4096.073s step_avg:2279.40ms
step:1798/2750 train_time:4098.353s step_avg:2279.40ms
step:1799/2750 train_time:4100.631s step_avg:2279.39ms
step:1800/2750 train_time:4102.907s step_avg:2279.39ms
step:1801/2750 train_time:4105.180s step_avg:2279.39ms
step:1802/2750 train_time:4107.456s step_avg:2279.39ms
step:1803/2750 train_time:4109.731s step_avg:2279.38ms
step:1804/2750 train_time:4112.009s step_avg:2279.38ms
step:1805/2750 train_time:4114.283s step_avg:2279.38ms
step:1806/2750 train_time:4116.558s step_avg:2279.38ms
step:1807/2750 train_time:4118.831s step_avg:2279.38ms
step:1808/2750 train_time:4121.108s step_avg:2279.37ms
step:1809/2750 train_time:4123.384s step_avg:2279.37ms
step:1810/2750 train_time:4125.663s step_avg:2279.37ms
step:1811/2750 train_time:4127.938s step_avg:2279.37ms
step:1812/2750 train_time:4130.215s step_avg:2279.37ms
step:1813/2750 train_time:4132.492s step_avg:2279.37ms
step:1814/2750 train_time:4134.769s step_avg:2279.37ms
step:1815/2750 train_time:4137.053s step_avg:2279.37ms
step:1816/2750 train_time:4139.327s step_avg:2279.36ms
step:1817/2750 train_time:4141.605s step_avg:2279.36ms
step:1818/2750 train_time:4143.881s step_avg:2279.36ms
step:1819/2750 train_time:4146.157s step_avg:2279.36ms
step:1820/2750 train_time:4148.433s step_avg:2279.36ms
step:1821/2750 train_time:4150.712s step_avg:2279.36ms
step:1822/2750 train_time:4152.988s step_avg:2279.36ms
step:1823/2750 train_time:4155.266s step_avg:2279.36ms
step:1824/2750 train_time:4157.538s step_avg:2279.35ms
step:1825/2750 train_time:4159.819s step_avg:2279.35ms
step:1826/2750 train_time:4162.097s step_avg:2279.35ms
step:1827/2750 train_time:4164.373s step_avg:2279.35ms
step:1828/2750 train_time:4166.645s step_avg:2279.35ms
step:1829/2750 train_time:4168.923s step_avg:2279.35ms
step:1830/2750 train_time:4171.198s step_avg:2279.34ms
step:1831/2750 train_time:4173.472s step_avg:2279.34ms
step:1832/2750 train_time:4175.750s step_avg:2279.34ms
step:1833/2750 train_time:4178.031s step_avg:2279.34ms
step:1834/2750 train_time:4180.310s step_avg:2279.34ms
step:1835/2750 train_time:4182.585s step_avg:2279.34ms
step:1836/2750 train_time:4184.867s step_avg:2279.34ms
step:1837/2750 train_time:4187.148s step_avg:2279.34ms
step:1838/2750 train_time:4189.424s step_avg:2279.34ms
step:1839/2750 train_time:4191.696s step_avg:2279.33ms
step:1840/2750 train_time:4193.976s step_avg:2279.33ms
step:1841/2750 train_time:4196.251s step_avg:2279.33ms
step:1842/2750 train_time:4198.528s step_avg:2279.33ms
step:1843/2750 train_time:4200.802s step_avg:2279.33ms
step:1844/2750 train_time:4203.078s step_avg:2279.33ms
step:1845/2750 train_time:4205.352s step_avg:2279.32ms
step:1846/2750 train_time:4207.628s step_avg:2279.32ms
step:1847/2750 train_time:4209.899s step_avg:2279.32ms
step:1848/2750 train_time:4212.178s step_avg:2279.32ms
step:1849/2750 train_time:4214.453s step_avg:2279.31ms
step:1850/2750 train_time:4216.730s step_avg:2279.31ms
step:1851/2750 train_time:4219.008s step_avg:2279.31ms
step:1852/2750 train_time:4221.283s step_avg:2279.31ms
step:1853/2750 train_time:4223.558s step_avg:2279.31ms
step:1854/2750 train_time:4225.833s step_avg:2279.31ms
step:1855/2750 train_time:4228.112s step_avg:2279.31ms
step:1856/2750 train_time:4230.390s step_avg:2279.30ms
step:1857/2750 train_time:4232.668s step_avg:2279.30ms
step:1858/2750 train_time:4234.943s step_avg:2279.30ms
step:1859/2750 train_time:4237.223s step_avg:2279.30ms
step:1860/2750 train_time:4239.501s step_avg:2279.30ms
step:1861/2750 train_time:4241.780s step_avg:2279.30ms
step:1862/2750 train_time:4244.056s step_avg:2279.30ms
step:1863/2750 train_time:4246.335s step_avg:2279.30ms
step:1864/2750 train_time:4248.614s step_avg:2279.30ms
step:1865/2750 train_time:4250.889s step_avg:2279.30ms
step:1866/2750 train_time:4253.162s step_avg:2279.29ms
step:1867/2750 train_time:4255.438s step_avg:2279.29ms
step:1868/2750 train_time:4257.715s step_avg:2279.29ms
step:1869/2750 train_time:4259.991s step_avg:2279.29ms
step:1870/2750 train_time:4262.268s step_avg:2279.29ms
step:1871/2750 train_time:4264.546s step_avg:2279.29ms
step:1872/2750 train_time:4266.824s step_avg:2279.29ms
step:1873/2750 train_time:4269.106s step_avg:2279.29ms
step:1874/2750 train_time:4271.384s step_avg:2279.29ms
step:1875/2750 train_time:4273.656s step_avg:2279.28ms
step:1875/2750 val_loss:3.41469 train_time:4273.656s step_avg:2277.04ms
step:1876/2750 train_time:4275.939s step_avg:2279.29ms
step:1877/2750 train_time:4278.215s step_avg:2279.28ms
step:1878/2750 train_time:4280.496s step_avg:2279.28ms
step:1879/2750 train_time:4282.773s step_avg:2279.28ms
step:1880/2750 train_time:4285.056s step_avg:2279.28ms
step:1881/2750 train_time:4287.335s step_avg:2279.28ms
step:1882/2750 train_time:4289.618s step_avg:2279.29ms
step:1883/2750 train_time:4291.897s step_avg:2279.29ms
step:1884/2750 train_time:4294.176s step_avg:2279.29ms
step:1885/2750 train_time:4296.454s step_avg:2279.29ms
step:1886/2750 train_time:4298.735s step_avg:2279.29ms
step:1887/2750 train_time:4301.016s step_avg:2279.29ms
step:1888/2750 train_time:4303.292s step_avg:2279.29ms
step:1889/2750 train_time:4305.574s step_avg:2279.29ms
step:1890/2750 train_time:4307.850s step_avg:2279.29ms
step:1891/2750 train_time:4310.131s step_avg:2279.29ms
step:1892/2750 train_time:4312.405s step_avg:2279.28ms
step:1893/2750 train_time:4314.687s step_avg:2279.29ms
step:1894/2750 train_time:4316.962s step_avg:2279.28ms
step:1895/2750 train_time:4319.239s step_avg:2279.28ms
step:1896/2750 train_time:4321.509s step_avg:2279.28ms
step:1897/2750 train_time:4323.787s step_avg:2279.28ms
step:1898/2750 train_time:4326.062s step_avg:2279.27ms
step:1899/2750 train_time:4328.341s step_avg:2279.27ms
step:1900/2750 train_time:4330.615s step_avg:2279.27ms
step:1901/2750 train_time:4332.910s step_avg:2279.28ms
step:1902/2750 train_time:4335.187s step_avg:2279.28ms
step:1903/2750 train_time:4337.460s step_avg:2279.27ms
step:1904/2750 train_time:4339.738s step_avg:2279.27ms
step:1905/2750 train_time:4342.016s step_avg:2279.27ms
step:1906/2750 train_time:4344.292s step_avg:2279.27ms
step:1907/2750 train_time:4346.568s step_avg:2279.27ms
step:1908/2750 train_time:4348.850s step_avg:2279.27ms
step:1909/2750 train_time:4351.128s step_avg:2279.27ms
step:1910/2750 train_time:4353.407s step_avg:2279.27ms
step:1911/2750 train_time:4355.685s step_avg:2279.27ms
step:1912/2750 train_time:4357.967s step_avg:2279.27ms
step:1913/2750 train_time:4360.250s step_avg:2279.27ms
step:1914/2750 train_time:4362.526s step_avg:2279.27ms
step:1915/2750 train_time:4364.805s step_avg:2279.27ms
step:1916/2750 train_time:4367.081s step_avg:2279.27ms
step:1917/2750 train_time:4369.359s step_avg:2279.27ms
step:1918/2750 train_time:4371.640s step_avg:2279.27ms
step:1919/2750 train_time:4373.917s step_avg:2279.27ms
step:1920/2750 train_time:4376.199s step_avg:2279.27ms
step:1921/2750 train_time:4378.475s step_avg:2279.27ms
step:1922/2750 train_time:4380.755s step_avg:2279.27ms
step:1923/2750 train_time:4383.036s step_avg:2279.27ms
step:1924/2750 train_time:4385.313s step_avg:2279.27ms
step:1925/2750 train_time:4387.589s step_avg:2279.27ms
step:1926/2750 train_time:4389.868s step_avg:2279.27ms
step:1927/2750 train_time:4392.141s step_avg:2279.26ms
step:1928/2750 train_time:4394.420s step_avg:2279.26ms
step:1929/2750 train_time:4396.696s step_avg:2279.26ms
step:1930/2750 train_time:4398.974s step_avg:2279.26ms
step:1931/2750 train_time:4401.254s step_avg:2279.26ms
step:1932/2750 train_time:4403.526s step_avg:2279.26ms
step:1933/2750 train_time:4405.804s step_avg:2279.26ms
step:1934/2750 train_time:4408.083s step_avg:2279.26ms
step:1935/2750 train_time:4410.364s step_avg:2279.26ms
step:1936/2750 train_time:4412.635s step_avg:2279.25ms
step:1937/2750 train_time:4414.912s step_avg:2279.25ms
step:1938/2750 train_time:4417.188s step_avg:2279.25ms
step:1939/2750 train_time:4419.467s step_avg:2279.25ms
step:1940/2750 train_time:4421.741s step_avg:2279.25ms
step:1941/2750 train_time:4424.020s step_avg:2279.25ms
step:1942/2750 train_time:4426.295s step_avg:2279.25ms
step:1943/2750 train_time:4428.570s step_avg:2279.24ms
step:1944/2750 train_time:4430.843s step_avg:2279.24ms
step:1945/2750 train_time:4433.128s step_avg:2279.24ms
step:1946/2750 train_time:4435.405s step_avg:2279.24ms
step:1947/2750 train_time:4437.682s step_avg:2279.24ms
step:1948/2750 train_time:4439.958s step_avg:2279.24ms
step:1949/2750 train_time:4442.237s step_avg:2279.24ms
step:1950/2750 train_time:4444.518s step_avg:2279.24ms
step:1951/2750 train_time:4446.793s step_avg:2279.24ms
step:1952/2750 train_time:4449.072s step_avg:2279.24ms
step:1953/2750 train_time:4451.347s step_avg:2279.24ms
step:1954/2750 train_time:4453.626s step_avg:2279.24ms
step:1955/2750 train_time:4455.894s step_avg:2279.23ms
step:1956/2750 train_time:4458.170s step_avg:2279.23ms
step:1957/2750 train_time:4460.445s step_avg:2279.23ms
step:1958/2750 train_time:4462.724s step_avg:2279.23ms
step:1959/2750 train_time:4464.993s step_avg:2279.22ms
step:1960/2750 train_time:4467.270s step_avg:2279.22ms
step:1961/2750 train_time:4469.549s step_avg:2279.22ms
step:1962/2750 train_time:4471.825s step_avg:2279.22ms
step:1963/2750 train_time:4474.096s step_avg:2279.21ms
step:1964/2750 train_time:4476.373s step_avg:2279.21ms
step:1965/2750 train_time:4478.651s step_avg:2279.21ms
step:1966/2750 train_time:4480.927s step_avg:2279.21ms
step:1967/2750 train_time:4483.197s step_avg:2279.21ms
step:1968/2750 train_time:4485.477s step_avg:2279.21ms
step:1969/2750 train_time:4487.756s step_avg:2279.21ms
step:1970/2750 train_time:4490.034s step_avg:2279.21ms
step:1971/2750 train_time:4492.307s step_avg:2279.20ms
step:1972/2750 train_time:4494.585s step_avg:2279.20ms
step:1973/2750 train_time:4496.861s step_avg:2279.20ms
step:1974/2750 train_time:4499.138s step_avg:2279.20ms
step:1975/2750 train_time:4501.412s step_avg:2279.20ms
step:1976/2750 train_time:4503.689s step_avg:2279.19ms
step:1977/2750 train_time:4505.961s step_avg:2279.19ms
step:1978/2750 train_time:4508.236s step_avg:2279.19ms
step:1979/2750 train_time:4510.506s step_avg:2279.18ms
step:1980/2750 train_time:4512.783s step_avg:2279.18ms
step:1981/2750 train_time:4515.060s step_avg:2279.18ms
step:1982/2750 train_time:4517.338s step_avg:2279.18ms
step:1983/2750 train_time:4519.612s step_avg:2279.18ms
step:1984/2750 train_time:4521.887s step_avg:2279.18ms
step:1985/2750 train_time:4524.162s step_avg:2279.17ms
step:1986/2750 train_time:4526.436s step_avg:2279.17ms
step:1987/2750 train_time:4528.706s step_avg:2279.17ms
step:1988/2750 train_time:4530.989s step_avg:2279.17ms
step:1989/2750 train_time:4533.263s step_avg:2279.17ms
step:1990/2750 train_time:4535.540s step_avg:2279.17ms
step:1991/2750 train_time:4537.815s step_avg:2279.16ms
step:1992/2750 train_time:4540.092s step_avg:2279.16ms
step:1993/2750 train_time:4542.375s step_avg:2279.16ms
step:1994/2750 train_time:4544.655s step_avg:2279.16ms
step:1995/2750 train_time:4546.936s step_avg:2279.17ms
step:1996/2750 train_time:4549.213s step_avg:2279.16ms
step:1997/2750 train_time:4551.488s step_avg:2279.16ms
step:1998/2750 train_time:4553.759s step_avg:2279.16ms
step:1999/2750 train_time:4556.040s step_avg:2279.16ms
step:2000/2750 train_time:4558.320s step_avg:2279.16ms
step:2000/2750 val_loss:3.38360 train_time:4558.321s step_avg:2277.32ms
step:2001/2750 train_time:4560.607s step_avg:2279.16ms
step:2002/2750 train_time:4562.883s step_avg:2279.16ms
step:2003/2750 train_time:4565.168s step_avg:2279.17ms
step:2004/2750 train_time:4567.447s step_avg:2279.16ms
step:2005/2750 train_time:4569.726s step_avg:2279.17ms
step:2006/2750 train_time:4572.011s step_avg:2279.17ms
step:2007/2750 train_time:4574.294s step_avg:2279.17ms
step:2008/2750 train_time:4576.577s step_avg:2279.17ms
step:2009/2750 train_time:4578.855s step_avg:2279.17ms
step:2010/2750 train_time:4581.134s step_avg:2279.17ms
step:2011/2750 train_time:4583.415s step_avg:2279.17ms
step:2012/2750 train_time:4585.698s step_avg:2279.17ms
step:2013/2750 train_time:4587.980s step_avg:2279.18ms
step:2014/2750 train_time:4590.262s step_avg:2279.18ms
step:2015/2750 train_time:4592.542s step_avg:2279.18ms
step:2016/2750 train_time:4594.820s step_avg:2279.18ms
step:2017/2750 train_time:4597.096s step_avg:2279.18ms
step:2018/2750 train_time:4599.379s step_avg:2279.18ms
step:2019/2750 train_time:4601.657s step_avg:2279.18ms
step:2020/2750 train_time:4603.938s step_avg:2279.18ms
step:2021/2750 train_time:4606.219s step_avg:2279.18ms
step:2022/2750 train_time:4608.498s step_avg:2279.18ms
step:2023/2750 train_time:4610.777s step_avg:2279.18ms
step:2024/2750 train_time:4613.056s step_avg:2279.18ms
step:2025/2750 train_time:4615.335s step_avg:2279.18ms
step:2026/2750 train_time:4617.613s step_avg:2279.18ms
step:2027/2750 train_time:4619.896s step_avg:2279.18ms
step:2028/2750 train_time:4622.176s step_avg:2279.18ms
step:2029/2750 train_time:4624.459s step_avg:2279.18ms
step:2030/2750 train_time:4626.739s step_avg:2279.18ms
step:2031/2750 train_time:4629.019s step_avg:2279.18ms
step:2032/2750 train_time:4631.302s step_avg:2279.18ms
step:2033/2750 train_time:4633.578s step_avg:2279.18ms
step:2034/2750 train_time:4635.861s step_avg:2279.18ms
step:2035/2750 train_time:4638.144s step_avg:2279.19ms
step:2036/2750 train_time:4640.420s step_avg:2279.18ms
step:2037/2750 train_time:4642.702s step_avg:2279.19ms
step:2038/2750 train_time:4644.985s step_avg:2279.19ms
step:2039/2750 train_time:4647.268s step_avg:2279.19ms
step:2040/2750 train_time:4649.544s step_avg:2279.19ms
step:2041/2750 train_time:4651.828s step_avg:2279.19ms
step:2042/2750 train_time:4654.104s step_avg:2279.19ms
step:2043/2750 train_time:4656.386s step_avg:2279.19ms
step:2044/2750 train_time:4658.662s step_avg:2279.19ms
step:2045/2750 train_time:4660.944s step_avg:2279.19ms
step:2046/2750 train_time:4663.224s step_avg:2279.19ms
step:2047/2750 train_time:4665.500s step_avg:2279.19ms
step:2048/2750 train_time:4667.780s step_avg:2279.19ms
step:2049/2750 train_time:4670.058s step_avg:2279.19ms
step:2050/2750 train_time:4672.339s step_avg:2279.19ms
step:2051/2750 train_time:4674.620s step_avg:2279.19ms
step:2052/2750 train_time:4676.898s step_avg:2279.19ms
step:2053/2750 train_time:4679.179s step_avg:2279.19ms
step:2054/2750 train_time:4681.452s step_avg:2279.19ms
step:2055/2750 train_time:4683.737s step_avg:2279.19ms
step:2056/2750 train_time:4686.020s step_avg:2279.19ms
step:2057/2750 train_time:4688.300s step_avg:2279.19ms
step:2058/2750 train_time:4690.580s step_avg:2279.19ms
step:2059/2750 train_time:4692.857s step_avg:2279.19ms
step:2060/2750 train_time:4695.139s step_avg:2279.19ms
step:2061/2750 train_time:4697.417s step_avg:2279.19ms
step:2062/2750 train_time:4699.699s step_avg:2279.19ms
step:2063/2750 train_time:4701.981s step_avg:2279.20ms
step:2064/2750 train_time:4704.263s step_avg:2279.20ms
step:2065/2750 train_time:4706.542s step_avg:2279.20ms
step:2066/2750 train_time:4708.822s step_avg:2279.20ms
step:2067/2750 train_time:4711.106s step_avg:2279.20ms
step:2068/2750 train_time:4713.379s step_avg:2279.20ms
step:2069/2750 train_time:4715.661s step_avg:2279.20ms
step:2070/2750 train_time:4717.941s step_avg:2279.20ms
step:2071/2750 train_time:4720.222s step_avg:2279.20ms
step:2072/2750 train_time:4722.501s step_avg:2279.20ms
step:2073/2750 train_time:4724.780s step_avg:2279.20ms
step:2074/2750 train_time:4727.064s step_avg:2279.20ms
step:2075/2750 train_time:4729.335s step_avg:2279.20ms
step:2076/2750 train_time:4731.617s step_avg:2279.20ms
step:2077/2750 train_time:4733.900s step_avg:2279.20ms
step:2078/2750 train_time:4736.180s step_avg:2279.20ms
step:2079/2750 train_time:4738.460s step_avg:2279.20ms
step:2080/2750 train_time:4740.742s step_avg:2279.20ms
step:2081/2750 train_time:4743.022s step_avg:2279.20ms
step:2082/2750 train_time:4745.300s step_avg:2279.20ms
step:2083/2750 train_time:4747.583s step_avg:2279.20ms
step:2084/2750 train_time:4749.860s step_avg:2279.20ms
step:2085/2750 train_time:4752.143s step_avg:2279.21ms
step:2086/2750 train_time:4754.423s step_avg:2279.21ms
step:2087/2750 train_time:4756.701s step_avg:2279.21ms
step:2088/2750 train_time:4758.984s step_avg:2279.21ms
step:2089/2750 train_time:4761.257s step_avg:2279.20ms
step:2090/2750 train_time:4763.537s step_avg:2279.20ms
step:2091/2750 train_time:4765.838s step_avg:2279.21ms
step:2092/2750 train_time:4768.120s step_avg:2279.22ms
step:2093/2750 train_time:4770.400s step_avg:2279.22ms
step:2094/2750 train_time:4772.682s step_avg:2279.22ms
step:2095/2750 train_time:4774.961s step_avg:2279.22ms
step:2096/2750 train_time:4777.242s step_avg:2279.22ms
step:2097/2750 train_time:4779.520s step_avg:2279.22ms
step:2098/2750 train_time:4781.800s step_avg:2279.22ms
step:2099/2750 train_time:4784.075s step_avg:2279.22ms
step:2100/2750 train_time:4786.358s step_avg:2279.22ms
step:2101/2750 train_time:4788.640s step_avg:2279.22ms
step:2102/2750 train_time:4790.922s step_avg:2279.22ms
step:2103/2750 train_time:4793.198s step_avg:2279.22ms
step:2104/2750 train_time:4795.477s step_avg:2279.22ms
step:2105/2750 train_time:4797.760s step_avg:2279.22ms
step:2106/2750 train_time:4800.034s step_avg:2279.22ms
step:2107/2750 train_time:4802.313s step_avg:2279.22ms
step:2108/2750 train_time:4804.594s step_avg:2279.22ms
step:2109/2750 train_time:4806.873s step_avg:2279.22ms
step:2110/2750 train_time:4809.147s step_avg:2279.22ms
step:2111/2750 train_time:4811.430s step_avg:2279.22ms
step:2112/2750 train_time:4813.711s step_avg:2279.22ms
step:2113/2750 train_time:4815.993s step_avg:2279.22ms
step:2114/2750 train_time:4818.273s step_avg:2279.22ms
step:2115/2750 train_time:4820.555s step_avg:2279.22ms
step:2116/2750 train_time:4822.836s step_avg:2279.22ms
step:2117/2750 train_time:4825.113s step_avg:2279.22ms
step:2118/2750 train_time:4827.393s step_avg:2279.22ms
step:2119/2750 train_time:4829.672s step_avg:2279.22ms
step:2120/2750 train_time:4831.951s step_avg:2279.22ms
step:2121/2750 train_time:4834.233s step_avg:2279.22ms
step:2122/2750 train_time:4836.508s step_avg:2279.22ms
step:2123/2750 train_time:4838.790s step_avg:2279.22ms
step:2124/2750 train_time:4841.067s step_avg:2279.22ms
step:2125/2750 train_time:4843.348s step_avg:2279.22ms
step:2125/2750 val_loss:3.33373 train_time:4843.348s step_avg:2280.22ms
step:2126/2750 train_time:4845.637s step_avg:2279.23ms
step:2127/2750 train_time:4847.918s step_avg:2279.23ms
step:2128/2750 train_time:4850.194s step_avg:2279.23ms
step:2129/2750 train_time:4852.473s step_avg:2279.23ms
step:2130/2750 train_time:4854.756s step_avg:2279.23ms
step:2131/2750 train_time:4857.038s step_avg:2279.23ms
step:2132/2750 train_time:4859.323s step_avg:2279.23ms
step:2133/2750 train_time:4861.601s step_avg:2279.23ms
step:2134/2750 train_time:4863.878s step_avg:2279.23ms
step:2135/2750 train_time:4866.158s step_avg:2279.23ms
step:2136/2750 train_time:4868.441s step_avg:2279.23ms
step:2137/2750 train_time:4870.726s step_avg:2279.24ms
step:2138/2750 train_time:4873.000s step_avg:2279.23ms
step:2139/2750 train_time:4875.282s step_avg:2279.23ms
step:2140/2750 train_time:4877.560s step_avg:2279.23ms
step:2141/2750 train_time:4879.838s step_avg:2279.23ms
step:2142/2750 train_time:4882.114s step_avg:2279.23ms
step:2143/2750 train_time:4884.396s step_avg:2279.23ms
step:2144/2750 train_time:4886.679s step_avg:2279.23ms
step:2145/2750 train_time:4888.956s step_avg:2279.23ms
step:2146/2750 train_time:4891.240s step_avg:2279.24ms
step:2147/2750 train_time:4893.518s step_avg:2279.24ms
step:2148/2750 train_time:4895.798s step_avg:2279.24ms
step:2149/2750 train_time:4898.075s step_avg:2279.23ms
step:2150/2750 train_time:4900.356s step_avg:2279.24ms
step:2151/2750 train_time:4902.638s step_avg:2279.24ms
step:2152/2750 train_time:4904.916s step_avg:2279.24ms
step:2153/2750 train_time:4907.196s step_avg:2279.24ms
step:2154/2750 train_time:4909.482s step_avg:2279.24ms
step:2155/2750 train_time:4911.761s step_avg:2279.24ms
step:2156/2750 train_time:4914.039s step_avg:2279.24ms
step:2157/2750 train_time:4916.317s step_avg:2279.24ms
step:2158/2750 train_time:4918.596s step_avg:2279.24ms
step:2159/2750 train_time:4920.876s step_avg:2279.24ms
step:2160/2750 train_time:4923.161s step_avg:2279.24ms
step:2161/2750 train_time:4925.442s step_avg:2279.24ms
step:2162/2750 train_time:4927.724s step_avg:2279.24ms
step:2163/2750 train_time:4930.002s step_avg:2279.24ms
step:2164/2750 train_time:4932.279s step_avg:2279.24ms
step:2165/2750 train_time:4934.564s step_avg:2279.24ms
step:2166/2750 train_time:4936.846s step_avg:2279.25ms
step:2167/2750 train_time:4939.130s step_avg:2279.25ms
step:2168/2750 train_time:4941.408s step_avg:2279.25ms
step:2169/2750 train_time:4943.687s step_avg:2279.25ms
step:2170/2750 train_time:4945.967s step_avg:2279.25ms
step:2171/2750 train_time:4948.246s step_avg:2279.25ms
step:2172/2750 train_time:4950.533s step_avg:2279.25ms
step:2173/2750 train_time:4952.811s step_avg:2279.25ms
step:2174/2750 train_time:4955.092s step_avg:2279.25ms
step:2175/2750 train_time:4957.368s step_avg:2279.25ms
step:2176/2750 train_time:4959.645s step_avg:2279.25ms
step:2177/2750 train_time:4961.923s step_avg:2279.25ms
step:2178/2750 train_time:4964.202s step_avg:2279.25ms
step:2179/2750 train_time:4966.484s step_avg:2279.25ms
step:2180/2750 train_time:4968.757s step_avg:2279.25ms
step:2181/2750 train_time:4971.039s step_avg:2279.25ms
step:2182/2750 train_time:4973.317s step_avg:2279.25ms
step:2183/2750 train_time:4975.595s step_avg:2279.25ms
step:2184/2750 train_time:4977.873s step_avg:2279.25ms
step:2185/2750 train_time:4980.152s step_avg:2279.25ms
step:2186/2750 train_time:4982.432s step_avg:2279.25ms
step:2187/2750 train_time:4984.710s step_avg:2279.25ms
step:2188/2750 train_time:4986.994s step_avg:2279.25ms
step:2189/2750 train_time:4989.272s step_avg:2279.25ms
step:2190/2750 train_time:4991.560s step_avg:2279.25ms
step:2191/2750 train_time:4993.838s step_avg:2279.25ms
step:2192/2750 train_time:4996.117s step_avg:2279.25ms
step:2193/2750 train_time:4998.399s step_avg:2279.25ms
step:2194/2750 train_time:5000.677s step_avg:2279.25ms
step:2195/2750 train_time:5002.958s step_avg:2279.25ms
step:2196/2750 train_time:5005.242s step_avg:2279.25ms
step:2197/2750 train_time:5007.520s step_avg:2279.25ms
step:2198/2750 train_time:5009.800s step_avg:2279.25ms
step:2199/2750 train_time:5012.079s step_avg:2279.25ms
step:2200/2750 train_time:5014.363s step_avg:2279.26ms
step:2201/2750 train_time:5016.640s step_avg:2279.25ms
step:2202/2750 train_time:5018.923s step_avg:2279.26ms
step:2203/2750 train_time:5021.203s step_avg:2279.26ms
step:2204/2750 train_time:5023.485s step_avg:2279.26ms
step:2205/2750 train_time:5025.767s step_avg:2279.26ms
step:2206/2750 train_time:5028.048s step_avg:2279.26ms
step:2207/2750 train_time:5030.330s step_avg:2279.26ms
step:2208/2750 train_time:5032.606s step_avg:2279.26ms
step:2209/2750 train_time:5034.889s step_avg:2279.26ms
step:2210/2750 train_time:5037.168s step_avg:2279.26ms
step:2211/2750 train_time:5039.449s step_avg:2279.26ms
step:2212/2750 train_time:5041.730s step_avg:2279.26ms
step:2213/2750 train_time:5044.012s step_avg:2279.26ms
step:2214/2750 train_time:5046.295s step_avg:2279.27ms
step:2215/2750 train_time:5048.572s step_avg:2279.27ms
step:2216/2750 train_time:5050.852s step_avg:2279.27ms
step:2217/2750 train_time:5053.132s step_avg:2279.27ms
step:2218/2750 train_time:5055.413s step_avg:2279.27ms
step:2219/2750 train_time:5057.695s step_avg:2279.27ms
step:2220/2750 train_time:5059.976s step_avg:2279.27ms
step:2221/2750 train_time:5062.255s step_avg:2279.27ms
step:2222/2750 train_time:5064.530s step_avg:2279.27ms
step:2223/2750 train_time:5066.822s step_avg:2279.27ms
step:2224/2750 train_time:5069.105s step_avg:2279.27ms
step:2225/2750 train_time:5071.384s step_avg:2279.27ms
step:2226/2750 train_time:5073.668s step_avg:2279.28ms
step:2227/2750 train_time:5075.947s step_avg:2279.28ms
step:2228/2750 train_time:5078.225s step_avg:2279.28ms
step:2229/2750 train_time:5080.503s step_avg:2279.27ms
step:2230/2750 train_time:5082.779s step_avg:2279.27ms
step:2231/2750 train_time:5085.059s step_avg:2279.27ms
step:2232/2750 train_time:5087.341s step_avg:2279.27ms
step:2233/2750 train_time:5089.621s step_avg:2279.28ms
step:2234/2750 train_time:5091.905s step_avg:2279.28ms
step:2235/2750 train_time:5094.181s step_avg:2279.28ms
step:2236/2750 train_time:5096.466s step_avg:2279.28ms
step:2237/2750 train_time:5098.748s step_avg:2279.28ms
step:2238/2750 train_time:5101.031s step_avg:2279.28ms
step:2239/2750 train_time:5103.307s step_avg:2279.28ms
step:2240/2750 train_time:5105.590s step_avg:2279.28ms
step:2241/2750 train_time:5107.869s step_avg:2279.28ms
step:2242/2750 train_time:5110.150s step_avg:2279.28ms
step:2243/2750 train_time:5112.432s step_avg:2279.28ms
step:2244/2750 train_time:5114.711s step_avg:2279.28ms
step:2245/2750 train_time:5116.991s step_avg:2279.28ms
step:2246/2750 train_time:5119.266s step_avg:2279.28ms
step:2247/2750 train_time:5121.550s step_avg:2279.28ms
step:2248/2750 train_time:5123.830s step_avg:2279.28ms
step:2249/2750 train_time:5126.109s step_avg:2279.28ms
step:2250/2750 train_time:5128.387s step_avg:2279.28ms
step:2250/2750 val_loss:3.31337 train_time:5128.388s step_avg:2280.32ms
step:2251/2750 train_time:5130.677s step_avg:2279.29ms
step:2252/2750 train_time:5132.961s step_avg:2279.29ms
step:2253/2750 train_time:5135.242s step_avg:2279.29ms
step:2254/2750 train_time:5137.529s step_avg:2279.29ms
step:2255/2750 train_time:5139.808s step_avg:2279.29ms
step:2256/2750 train_time:5142.091s step_avg:2279.30ms
step:2257/2750 train_time:5144.376s step_avg:2279.30ms
step:2258/2750 train_time:5146.654s step_avg:2279.30ms
step:2259/2750 train_time:5148.933s step_avg:2279.30ms
step:2260/2750 train_time:5151.210s step_avg:2279.30ms
step:2261/2750 train_time:5153.492s step_avg:2279.30ms
step:2262/2750 train_time:5155.772s step_avg:2279.30ms
step:2263/2750 train_time:5158.062s step_avg:2279.30ms
step:2264/2750 train_time:5160.344s step_avg:2279.30ms
step:2265/2750 train_time:5162.625s step_avg:2279.30ms
step:2266/2750 train_time:5164.906s step_avg:2279.31ms
step:2267/2750 train_time:5167.186s step_avg:2279.31ms
step:2268/2750 train_time:5169.468s step_avg:2279.31ms
step:2269/2750 train_time:5171.750s step_avg:2279.31ms
step:2270/2750 train_time:5174.025s step_avg:2279.31ms
step:2271/2750 train_time:5176.307s step_avg:2279.31ms
step:2272/2750 train_time:5178.586s step_avg:2279.31ms
step:2273/2750 train_time:5180.864s step_avg:2279.31ms
step:2274/2750 train_time:5183.143s step_avg:2279.31ms
step:2275/2750 train_time:5185.423s step_avg:2279.31ms
step:2276/2750 train_time:5187.716s step_avg:2279.31ms
step:2277/2750 train_time:5189.992s step_avg:2279.31ms
step:2278/2750 train_time:5192.270s step_avg:2279.31ms
step:2279/2750 train_time:5194.546s step_avg:2279.31ms
step:2280/2750 train_time:5196.824s step_avg:2279.31ms
step:2281/2750 train_time:5199.122s step_avg:2279.32ms
step:2282/2750 train_time:5201.400s step_avg:2279.32ms
step:2283/2750 train_time:5203.679s step_avg:2279.32ms
step:2284/2750 train_time:5205.959s step_avg:2279.32ms
step:2285/2750 train_time:5208.240s step_avg:2279.32ms
step:2286/2750 train_time:5210.522s step_avg:2279.32ms
step:2287/2750 train_time:5212.794s step_avg:2279.32ms
step:2288/2750 train_time:5215.079s step_avg:2279.32ms
step:2289/2750 train_time:5217.357s step_avg:2279.32ms
step:2290/2750 train_time:5219.636s step_avg:2279.32ms
step:2291/2750 train_time:5221.916s step_avg:2279.32ms
step:2292/2750 train_time:5224.195s step_avg:2279.32ms
step:2293/2750 train_time:5226.479s step_avg:2279.32ms
step:2294/2750 train_time:5228.758s step_avg:2279.32ms
step:2295/2750 train_time:5231.040s step_avg:2279.32ms
step:2296/2750 train_time:5233.322s step_avg:2279.32ms
step:2297/2750 train_time:5235.604s step_avg:2279.32ms
step:2298/2750 train_time:5237.881s step_avg:2279.32ms
step:2299/2750 train_time:5240.161s step_avg:2279.32ms
step:2300/2750 train_time:5242.445s step_avg:2279.32ms
step:2301/2750 train_time:5244.722s step_avg:2279.32ms
step:2302/2750 train_time:5247.004s step_avg:2279.32ms
step:2303/2750 train_time:5249.279s step_avg:2279.32ms
step:2304/2750 train_time:5251.559s step_avg:2279.32ms
step:2305/2750 train_time:5253.833s step_avg:2279.32ms
step:2306/2750 train_time:5256.116s step_avg:2279.32ms
step:2307/2750 train_time:5258.400s step_avg:2279.32ms
step:2308/2750 train_time:5260.677s step_avg:2279.32ms
step:2309/2750 train_time:5262.959s step_avg:2279.32ms
step:2310/2750 train_time:5265.243s step_avg:2279.33ms
step:2311/2750 train_time:5267.523s step_avg:2279.33ms
step:2312/2750 train_time:5269.801s step_avg:2279.33ms
step:2313/2750 train_time:5272.081s step_avg:2279.33ms
step:2314/2750 train_time:5274.363s step_avg:2279.33ms
step:2315/2750 train_time:5276.640s step_avg:2279.33ms
step:2316/2750 train_time:5278.924s step_avg:2279.33ms
step:2317/2750 train_time:5281.204s step_avg:2279.33ms
step:2318/2750 train_time:5283.483s step_avg:2279.33ms
step:2319/2750 train_time:5285.763s step_avg:2279.33ms
step:2320/2750 train_time:5288.040s step_avg:2279.33ms
step:2321/2750 train_time:5290.320s step_avg:2279.33ms
step:2322/2750 train_time:5292.600s step_avg:2279.33ms
step:2323/2750 train_time:5294.882s step_avg:2279.33ms
step:2324/2750 train_time:5297.163s step_avg:2279.33ms
step:2325/2750 train_time:5299.441s step_avg:2279.33ms
step:2326/2750 train_time:5301.722s step_avg:2279.33ms
step:2327/2750 train_time:5303.999s step_avg:2279.33ms
step:2328/2750 train_time:5306.281s step_avg:2279.33ms
step:2329/2750 train_time:5308.558s step_avg:2279.33ms
step:2330/2750 train_time:5310.841s step_avg:2279.33ms
step:2331/2750 train_time:5313.124s step_avg:2279.33ms
step:2332/2750 train_time:5315.401s step_avg:2279.33ms
step:2333/2750 train_time:5317.682s step_avg:2279.33ms
step:2334/2750 train_time:5319.963s step_avg:2279.33ms
step:2335/2750 train_time:5322.244s step_avg:2279.33ms
step:2336/2750 train_time:5324.515s step_avg:2279.33ms
step:2337/2750 train_time:5326.797s step_avg:2279.33ms
step:2338/2750 train_time:5329.076s step_avg:2279.33ms
step:2339/2750 train_time:5331.357s step_avg:2279.33ms
step:2340/2750 train_time:5333.638s step_avg:2279.33ms
step:2341/2750 train_time:5335.917s step_avg:2279.33ms
step:2342/2750 train_time:5338.198s step_avg:2279.33ms
step:2343/2750 train_time:5340.478s step_avg:2279.33ms
step:2344/2750 train_time:5342.757s step_avg:2279.33ms
step:2345/2750 train_time:5345.039s step_avg:2279.33ms
step:2346/2750 train_time:5347.322s step_avg:2279.34ms
step:2347/2750 train_time:5349.601s step_avg:2279.34ms
step:2348/2750 train_time:5351.882s step_avg:2279.34ms
step:2349/2750 train_time:5354.166s step_avg:2279.34ms
step:2350/2750 train_time:5356.441s step_avg:2279.34ms
step:2351/2750 train_time:5358.722s step_avg:2279.34ms
step:2352/2750 train_time:5361.002s step_avg:2279.34ms
step:2353/2750 train_time:5363.284s step_avg:2279.34ms
step:2354/2750 train_time:5365.563s step_avg:2279.34ms
step:2355/2750 train_time:5367.839s step_avg:2279.34ms
step:2356/2750 train_time:5370.123s step_avg:2279.34ms
step:2357/2750 train_time:5372.399s step_avg:2279.34ms
step:2358/2750 train_time:5374.680s step_avg:2279.34ms
step:2359/2750 train_time:5376.963s step_avg:2279.34ms
step:2360/2750 train_time:5379.242s step_avg:2279.34ms
step:2361/2750 train_time:5381.520s step_avg:2279.34ms
step:2362/2750 train_time:5383.801s step_avg:2279.34ms
step:2363/2750 train_time:5386.085s step_avg:2279.34ms
step:2364/2750 train_time:5388.362s step_avg:2279.34ms
step:2365/2750 train_time:5390.645s step_avg:2279.34ms
step:2366/2750 train_time:5392.926s step_avg:2279.34ms
step:2367/2750 train_time:5395.205s step_avg:2279.34ms
step:2368/2750 train_time:5397.482s step_avg:2279.34ms
step:2369/2750 train_time:5399.766s step_avg:2279.34ms
step:2370/2750 train_time:5402.048s step_avg:2279.35ms
step:2371/2750 train_time:5404.327s step_avg:2279.34ms
step:2372/2750 train_time:5406.608s step_avg:2279.35ms
step:2373/2750 train_time:5408.886s step_avg:2279.35ms
step:2374/2750 train_time:5411.165s step_avg:2279.35ms
step:2375/2750 train_time:5413.445s step_avg:2279.35ms
step:2375/2750 val_loss:3.30008 train_time:5413.446s step_avg:2280.46ms
step:2376/2750 train_time:5415.734s step_avg:2279.35ms
step:2377/2750 train_time:5418.015s step_avg:2279.35ms
step:2378/2750 train_time:5420.299s step_avg:2279.35ms
step:2379/2750 train_time:5422.584s step_avg:2279.35ms
step:2380/2750 train_time:5424.866s step_avg:2279.36ms
step:2381/2750 train_time:5427.148s step_avg:2279.36ms
step:2382/2750 train_time:5429.437s step_avg:2279.36ms
step:2383/2750 train_time:5431.721s step_avg:2279.36ms
step:2384/2750 train_time:5434.003s step_avg:2279.36ms
step:2385/2750 train_time:5436.283s step_avg:2279.36ms
step:2386/2750 train_time:5438.566s step_avg:2279.37ms
step:2387/2750 train_time:5440.851s step_avg:2279.37ms
step:2388/2750 train_time:5443.130s step_avg:2279.37ms
step:2389/2750 train_time:5445.413s step_avg:2279.37ms
step:2390/2750 train_time:5447.692s step_avg:2279.37ms
step:2391/2750 train_time:5449.976s step_avg:2279.37ms
step:2392/2750 train_time:5452.257s step_avg:2279.37ms
step:2393/2750 train_time:5454.540s step_avg:2279.37ms
step:2394/2750 train_time:5456.818s step_avg:2279.37ms
step:2395/2750 train_time:5459.093s step_avg:2279.37ms
step:2396/2750 train_time:5461.375s step_avg:2279.37ms
step:2397/2750 train_time:5463.660s step_avg:2279.37ms
step:2398/2750 train_time:5465.936s step_avg:2279.37ms
step:2399/2750 train_time:5468.218s step_avg:2279.37ms
step:2400/2750 train_time:5470.500s step_avg:2279.38ms
step:2401/2750 train_time:5472.779s step_avg:2279.37ms
step:2402/2750 train_time:5475.051s step_avg:2279.37ms
step:2403/2750 train_time:5477.333s step_avg:2279.37ms
step:2404/2750 train_time:5479.613s step_avg:2279.37ms
step:2405/2750 train_time:5481.894s step_avg:2279.37ms
step:2406/2750 train_time:5484.177s step_avg:2279.38ms
step:2407/2750 train_time:5486.456s step_avg:2279.38ms
step:2408/2750 train_time:5488.735s step_avg:2279.37ms
step:2409/2750 train_time:5491.013s step_avg:2279.37ms
step:2410/2750 train_time:5493.293s step_avg:2279.37ms
step:2411/2750 train_time:5495.573s step_avg:2279.38ms
step:2412/2750 train_time:5497.855s step_avg:2279.38ms
step:2413/2750 train_time:5500.135s step_avg:2279.38ms
step:2414/2750 train_time:5502.416s step_avg:2279.38ms
step:2415/2750 train_time:5504.695s step_avg:2279.38ms
step:2416/2750 train_time:5506.972s step_avg:2279.38ms
step:2417/2750 train_time:5509.254s step_avg:2279.38ms
step:2418/2750 train_time:5511.533s step_avg:2279.38ms
step:2419/2750 train_time:5513.811s step_avg:2279.38ms
step:2420/2750 train_time:5516.094s step_avg:2279.38ms
step:2421/2750 train_time:5518.374s step_avg:2279.38ms
step:2422/2750 train_time:5520.653s step_avg:2279.38ms
step:2423/2750 train_time:5522.928s step_avg:2279.38ms
step:2424/2750 train_time:5525.210s step_avg:2279.38ms
step:2425/2750 train_time:5527.488s step_avg:2279.38ms
step:2426/2750 train_time:5529.767s step_avg:2279.38ms
step:2427/2750 train_time:5532.045s step_avg:2279.38ms
step:2428/2750 train_time:5534.325s step_avg:2279.38ms
step:2429/2750 train_time:5536.607s step_avg:2279.38ms
step:2430/2750 train_time:5538.884s step_avg:2279.38ms
step:2431/2750 train_time:5541.165s step_avg:2279.38ms
step:2432/2750 train_time:5543.444s step_avg:2279.38ms
step:2433/2750 train_time:5545.723s step_avg:2279.38ms
step:2434/2750 train_time:5548.004s step_avg:2279.38ms
step:2435/2750 train_time:5550.284s step_avg:2279.38ms
step:2436/2750 train_time:5552.567s step_avg:2279.38ms
step:2437/2750 train_time:5554.844s step_avg:2279.38ms
step:2438/2750 train_time:5557.129s step_avg:2279.38ms
step:2439/2750 train_time:5559.409s step_avg:2279.38ms
step:2440/2750 train_time:5561.688s step_avg:2279.38ms
step:2441/2750 train_time:5563.971s step_avg:2279.38ms
step:2442/2750 train_time:5566.251s step_avg:2279.38ms
step:2443/2750 train_time:5568.530s step_avg:2279.38ms
step:2444/2750 train_time:5570.807s step_avg:2279.38ms
step:2445/2750 train_time:5573.089s step_avg:2279.38ms
step:2446/2750 train_time:5575.366s step_avg:2279.38ms
step:2447/2750 train_time:5577.647s step_avg:2279.38ms
step:2448/2750 train_time:5579.926s step_avg:2279.38ms
step:2449/2750 train_time:5582.206s step_avg:2279.38ms
step:2450/2750 train_time:5584.489s step_avg:2279.38ms
step:2451/2750 train_time:5586.767s step_avg:2279.38ms
step:2452/2750 train_time:5589.050s step_avg:2279.38ms
step:2453/2750 train_time:5591.327s step_avg:2279.38ms
step:2454/2750 train_time:5593.607s step_avg:2279.38ms
step:2455/2750 train_time:5595.890s step_avg:2279.38ms
step:2456/2750 train_time:5598.173s step_avg:2279.39ms
step:2457/2750 train_time:5600.451s step_avg:2279.39ms
step:2458/2750 train_time:5602.730s step_avg:2279.39ms
step:2459/2750 train_time:5605.011s step_avg:2279.39ms
step:2460/2750 train_time:5607.291s step_avg:2279.39ms
step:2461/2750 train_time:5609.570s step_avg:2279.39ms
step:2462/2750 train_time:5611.852s step_avg:2279.39ms
step:2463/2750 train_time:5614.132s step_avg:2279.39ms
step:2464/2750 train_time:5616.415s step_avg:2279.39ms
step:2465/2750 train_time:5618.692s step_avg:2279.39ms
step:2466/2750 train_time:5620.974s step_avg:2279.39ms
step:2467/2750 train_time:5623.252s step_avg:2279.39ms
step:2468/2750 train_time:5625.529s step_avg:2279.39ms
step:2469/2750 train_time:5627.807s step_avg:2279.39ms
step:2470/2750 train_time:5630.084s step_avg:2279.39ms
step:2471/2750 train_time:5632.380s step_avg:2279.39ms
step:2472/2750 train_time:5634.657s step_avg:2279.39ms
step:2473/2750 train_time:5636.938s step_avg:2279.39ms
step:2474/2750 train_time:5639.221s step_avg:2279.39ms
step:2475/2750 train_time:5641.499s step_avg:2279.39ms
step:2476/2750 train_time:5643.783s step_avg:2279.40ms
step:2477/2750 train_time:5646.066s step_avg:2279.40ms
step:2478/2750 train_time:5648.347s step_avg:2279.40ms
step:2479/2750 train_time:5650.627s step_avg:2279.40ms
step:2480/2750 train_time:5652.904s step_avg:2279.40ms
step:2481/2750 train_time:5655.188s step_avg:2279.40ms
step:2482/2750 train_time:5657.463s step_avg:2279.40ms
step:2483/2750 train_time:5659.742s step_avg:2279.40ms
step:2484/2750 train_time:5662.025s step_avg:2279.40ms
step:2485/2750 train_time:5664.304s step_avg:2279.40ms
step:2486/2750 train_time:5666.586s step_avg:2279.40ms
step:2487/2750 train_time:5668.866s step_avg:2279.40ms
step:2488/2750 train_time:5671.150s step_avg:2279.40ms
step:2489/2750 train_time:5673.427s step_avg:2279.40ms
step:2490/2750 train_time:5675.710s step_avg:2279.40ms
step:2491/2750 train_time:5677.990s step_avg:2279.40ms
step:2492/2750 train_time:5680.270s step_avg:2279.40ms
step:2493/2750 train_time:5682.552s step_avg:2279.40ms
step:2494/2750 train_time:5684.834s step_avg:2279.40ms
step:2495/2750 train_time:5687.113s step_avg:2279.40ms
step:2496/2750 train_time:5689.391s step_avg:2279.40ms
step:2497/2750 train_time:5691.674s step_avg:2279.41ms
step:2498/2750 train_time:5693.954s step_avg:2279.40ms
step:2499/2750 train_time:5696.232s step_avg:2279.40ms
step:2500/2750 train_time:5698.513s step_avg:2279.41ms
step:2500/2750 val_loss:3.28945 train_time:5698.514s step_avg:2280.54ms
step:2501/2750 train_time:5700.800s step_avg:2279.41ms
step:2502/2750 train_time:5703.083s step_avg:2279.41ms
step:2503/2750 train_time:5705.362s step_avg:2279.41ms
step:2504/2750 train_time:5707.645s step_avg:2279.41ms
step:2505/2750 train_time:5709.924s step_avg:2279.41ms
step:2506/2750 train_time:5712.205s step_avg:2279.41ms
step:2507/2750 train_time:5714.482s step_avg:2279.41ms
step:2508/2750 train_time:5716.764s step_avg:2279.41ms
step:2509/2750 train_time:5719.049s step_avg:2279.41ms
step:2510/2750 train_time:5721.327s step_avg:2279.41ms
step:2511/2750 train_time:5723.608s step_avg:2279.41ms
step:2512/2750 train_time:5725.890s step_avg:2279.41ms
step:2513/2750 train_time:5728.171s step_avg:2279.42ms
step:2514/2750 train_time:5730.451s step_avg:2279.42ms
step:2515/2750 train_time:5732.734s step_avg:2279.42ms
step:2516/2750 train_time:5735.013s step_avg:2279.42ms
step:2517/2750 train_time:5737.291s step_avg:2279.42ms
step:2518/2750 train_time:5739.572s step_avg:2279.42ms
step:2519/2750 train_time:5741.849s step_avg:2279.42ms
step:2520/2750 train_time:5744.130s step_avg:2279.42ms
step:2521/2750 train_time:5746.413s step_avg:2279.42ms
step:2522/2750 train_time:5748.691s step_avg:2279.42ms
step:2523/2750 train_time:5750.972s step_avg:2279.42ms
step:2524/2750 train_time:5753.248s step_avg:2279.42ms
step:2525/2750 train_time:5755.530s step_avg:2279.42ms
step:2526/2750 train_time:5757.811s step_avg:2279.42ms
step:2527/2750 train_time:5760.089s step_avg:2279.42ms
step:2528/2750 train_time:5762.371s step_avg:2279.42ms
step:2529/2750 train_time:5764.646s step_avg:2279.42ms
step:2530/2750 train_time:5766.927s step_avg:2279.42ms
step:2531/2750 train_time:5769.204s step_avg:2279.42ms
step:2532/2750 train_time:5771.486s step_avg:2279.42ms
step:2533/2750 train_time:5773.765s step_avg:2279.42ms
step:2534/2750 train_time:5776.045s step_avg:2279.42ms
step:2535/2750 train_time:5778.324s step_avg:2279.42ms
step:2536/2750 train_time:5780.600s step_avg:2279.42ms
step:2537/2750 train_time:5782.881s step_avg:2279.42ms
step:2538/2750 train_time:5785.157s step_avg:2279.42ms
step:2539/2750 train_time:5787.437s step_avg:2279.42ms
step:2540/2750 train_time:5789.715s step_avg:2279.42ms
step:2541/2750 train_time:5791.994s step_avg:2279.41ms
step:2542/2750 train_time:5794.269s step_avg:2279.41ms
step:2543/2750 train_time:5796.549s step_avg:2279.41ms
step:2544/2750 train_time:5798.825s step_avg:2279.41ms
step:2545/2750 train_time:5801.107s step_avg:2279.41ms
step:2546/2750 train_time:5803.390s step_avg:2279.41ms
step:2547/2750 train_time:5805.671s step_avg:2279.42ms
step:2548/2750 train_time:5807.953s step_avg:2279.42ms
step:2549/2750 train_time:5810.230s step_avg:2279.42ms
step:2550/2750 train_time:5812.515s step_avg:2279.42ms
step:2551/2750 train_time:5814.799s step_avg:2279.42ms
step:2552/2750 train_time:5817.081s step_avg:2279.42ms
step:2553/2750 train_time:5819.366s step_avg:2279.42ms
step:2554/2750 train_time:5821.647s step_avg:2279.42ms
step:2555/2750 train_time:5823.928s step_avg:2279.42ms
step:2556/2750 train_time:5826.209s step_avg:2279.42ms
step:2557/2750 train_time:5828.489s step_avg:2279.42ms
step:2558/2750 train_time:5830.771s step_avg:2279.43ms
step:2559/2750 train_time:5833.047s step_avg:2279.42ms
step:2560/2750 train_time:5835.329s step_avg:2279.43ms
step:2561/2750 train_time:5837.606s step_avg:2279.42ms
step:2562/2750 train_time:5839.883s step_avg:2279.42ms
step:2563/2750 train_time:5842.163s step_avg:2279.42ms
step:2564/2750 train_time:5844.444s step_avg:2279.42ms
step:2565/2750 train_time:5846.727s step_avg:2279.43ms
step:2566/2750 train_time:5848.998s step_avg:2279.42ms
step:2567/2750 train_time:5851.280s step_avg:2279.42ms
step:2568/2750 train_time:5853.564s step_avg:2279.43ms
step:2569/2750 train_time:5855.842s step_avg:2279.42ms
step:2570/2750 train_time:5858.126s step_avg:2279.43ms
step:2571/2750 train_time:5860.404s step_avg:2279.43ms
step:2572/2750 train_time:5862.691s step_avg:2279.43ms
step:2573/2750 train_time:5864.968s step_avg:2279.43ms
step:2574/2750 train_time:5867.251s step_avg:2279.43ms
step:2575/2750 train_time:5869.528s step_avg:2279.43ms
step:2576/2750 train_time:5871.809s step_avg:2279.43ms
step:2577/2750 train_time:5874.092s step_avg:2279.43ms
step:2578/2750 train_time:5876.373s step_avg:2279.43ms
step:2579/2750 train_time:5878.655s step_avg:2279.43ms
step:2580/2750 train_time:5880.932s step_avg:2279.43ms
step:2581/2750 train_time:5883.213s step_avg:2279.43ms
step:2582/2750 train_time:5885.493s step_avg:2279.43ms
step:2583/2750 train_time:5887.775s step_avg:2279.43ms
step:2584/2750 train_time:5890.060s step_avg:2279.43ms
step:2585/2750 train_time:5892.342s step_avg:2279.44ms
step:2586/2750 train_time:5894.621s step_avg:2279.44ms
step:2587/2750 train_time:5896.901s step_avg:2279.44ms
step:2588/2750 train_time:5899.179s step_avg:2279.44ms
step:2589/2750 train_time:5901.465s step_avg:2279.44ms
step:2590/2750 train_time:5903.744s step_avg:2279.44ms
step:2591/2750 train_time:5906.029s step_avg:2279.44ms
step:2592/2750 train_time:5908.307s step_avg:2279.44ms
step:2593/2750 train_time:5910.587s step_avg:2279.44ms
step:2594/2750 train_time:5912.868s step_avg:2279.44ms
step:2595/2750 train_time:5915.147s step_avg:2279.44ms
step:2596/2750 train_time:5917.429s step_avg:2279.44ms
step:2597/2750 train_time:5919.705s step_avg:2279.44ms
step:2598/2750 train_time:5921.987s step_avg:2279.44ms
step:2599/2750 train_time:5924.267s step_avg:2279.44ms
step:2600/2750 train_time:5926.549s step_avg:2279.44ms
step:2600/2750 val_loss:3.28249 train_time:5926.549s step_avg:2280.35ms
step:2601/2750 train_time:5928.836s step_avg:2279.44ms
step:2602/2750 train_time:5931.119s step_avg:2279.45ms
step:2603/2750 train_time:5933.401s step_avg:2279.45ms
step:2604/2750 train_time:5935.677s step_avg:2279.45ms
step:2605/2750 train_time:5937.959s step_avg:2279.45ms
step:2605/2750 val_loss:3.28218 train_time:5937.959s step_avg:2282.07ms
step:2606/2750 train_time:5940.250s step_avg:2279.45ms
step:2607/2750 train_time:5942.532s step_avg:2279.45ms
step:2608/2750 train_time:5944.812s step_avg:2279.45ms
step:2609/2750 train_time:5947.093s step_avg:2279.45ms
step:2610/2750 train_time:5949.377s step_avg:2279.45ms
step:2610/2750 val_loss:3.28188 train_time:5949.377s step_avg:2283.59ms
step:2611/2750 train_time:5951.667s step_avg:2279.46ms
step:2612/2750 train_time:5953.955s step_avg:2279.46ms
step:2613/2750 train_time:5956.232s step_avg:2279.46ms
step:2614/2750 train_time:5958.512s step_avg:2279.46ms
step:2615/2750 train_time:5960.794s step_avg:2279.46ms
step:2615/2750 val_loss:3.28157 train_time:5960.794s step_avg:2283.40ms
step:2616/2750 train_time:5963.084s step_avg:2279.47ms
step:2617/2750 train_time:5965.366s step_avg:2279.47ms
step:2618/2750 train_time:5967.641s step_avg:2279.47ms
step:2619/2750 train_time:5969.924s step_avg:2279.47ms
step:2620/2750 train_time:5972.205s step_avg:2279.47ms
step:2620/2750 val_loss:3.28127 train_time:5972.205s step_avg:2282.17ms
step:2621/2750 train_time:5974.491s step_avg:2279.47ms
step:2622/2750 train_time:5976.777s step_avg:2279.47ms
step:2623/2750 train_time:5979.059s step_avg:2279.47ms
step:2624/2750 train_time:5981.340s step_avg:2279.47ms
step:2625/2750 train_time:5983.620s step_avg:2279.47ms
step:2625/2750 val_loss:3.28098 train_time:5983.620s step_avg:2282.97ms
step:2626/2750 train_time:5985.907s step_avg:2279.48ms
step:2627/2750 train_time:5988.193s step_avg:2279.48ms
step:2628/2750 train_time:5990.474s step_avg:2279.48ms
step:2629/2750 train_time:5992.759s step_avg:2279.48ms
step:2630/2750 train_time:5995.042s step_avg:2279.48ms
step:2630/2750 val_loss:3.28066 train_time:5995.043s step_avg:2284.55ms
step:2631/2750 train_time:5997.336s step_avg:2279.49ms
step:2632/2750 train_time:5999.623s step_avg:2279.49ms
step:2633/2750 train_time:6001.904s step_avg:2279.49ms
step:2634/2750 train_time:6004.182s step_avg:2279.49ms
step:2635/2750 train_time:6006.468s step_avg:2279.49ms
step:2635/2750 val_loss:3.28033 train_time:6006.468s step_avg:2285.08ms
step:2636/2750 train_time:6008.759s step_avg:2279.50ms
step:2637/2750 train_time:6011.043s step_avg:2279.50ms
step:2638/2750 train_time:6013.321s step_avg:2279.50ms
step:2639/2750 train_time:6015.602s step_avg:2279.50ms
step:2640/2750 train_time:6017.887s step_avg:2279.50ms
step:2640/2750 val_loss:3.28004 train_time:6017.887s step_avg:2283.79ms
step:2641/2750 train_time:6020.170s step_avg:2279.50ms
step:2642/2750 train_time:6022.457s step_avg:2279.51ms
step:2643/2750 train_time:6024.738s step_avg:2279.51ms
step:2644/2750 train_time:6027.018s step_avg:2279.51ms
step:2645/2750 train_time:6029.300s step_avg:2279.51ms
step:2645/2750 val_loss:3.27972 train_time:6029.300s step_avg:2282.62ms
step:2646/2750 train_time:6031.580s step_avg:2279.51ms
step:2647/2750 train_time:6033.864s step_avg:2279.51ms
step:2648/2750 train_time:6036.145s step_avg:2279.51ms
step:2649/2750 train_time:6038.432s step_avg:2279.51ms
step:2650/2750 train_time:6040.711s step_avg:2279.51ms
step:2650/2750 val_loss:3.27946 train_time:6040.711s step_avg:2282.12ms
step:2651/2750 train_time:6043.001s step_avg:2279.52ms
step:2652/2750 train_time:6045.279s step_avg:2279.52ms
step:2653/2750 train_time:6047.564s step_avg:2279.52ms
step:2654/2750 train_time:6049.848s step_avg:2279.52ms
step:2655/2750 train_time:6052.123s step_avg:2279.52ms
step:2655/2750 val_loss:3.27913 train_time:6052.123s step_avg:2282.46ms
step:2656/2750 train_time:6054.413s step_avg:2279.52ms
step:2657/2750 train_time:6056.693s step_avg:2279.52ms
step:2658/2750 train_time:6058.972s step_avg:2279.52ms
step:2659/2750 train_time:6061.260s step_avg:2279.53ms
step:2660/2750 train_time:6063.544s step_avg:2279.53ms
step:2660/2750 val_loss:3.27883 train_time:6063.544s step_avg:2284.21ms
step:2661/2750 train_time:6065.846s step_avg:2279.54ms
step:2662/2750 train_time:6068.129s step_avg:2279.54ms
step:2663/2750 train_time:6070.413s step_avg:2279.54ms
step:2664/2750 train_time:6072.693s step_avg:2279.54ms
step:2665/2750 train_time:6074.976s step_avg:2279.54ms
step:2665/2750 val_loss:3.27855 train_time:6074.976s step_avg:2286.40ms
step:2666/2750 train_time:6077.259s step_avg:2279.54ms
step:2667/2750 train_time:6079.543s step_avg:2279.54ms
step:2668/2750 train_time:6081.822s step_avg:2279.54ms
step:2669/2750 train_time:6084.107s step_avg:2279.55ms
step:2670/2750 train_time:6086.386s step_avg:2279.55ms
step:2670/2750 val_loss:3.27827 train_time:6086.386s step_avg:2282.02ms
step:2671/2750 train_time:6088.675s step_avg:2279.55ms
step:2672/2750 train_time:6090.952s step_avg:2279.55ms
step:2673/2750 train_time:6093.233s step_avg:2279.55ms
step:2674/2750 train_time:6095.516s step_avg:2279.55ms
step:2675/2750 train_time:6097.794s step_avg:2279.55ms
step:2675/2750 val_loss:3.27800 train_time:6097.795s step_avg:2281.69ms
step:2676/2750 train_time:6100.080s step_avg:2279.55ms
step:2677/2750 train_time:6102.363s step_avg:2279.55ms
step:2678/2750 train_time:6104.643s step_avg:2279.55ms
step:2679/2750 train_time:6106.924s step_avg:2279.55ms
step:2680/2750 train_time:6109.203s step_avg:2279.55ms
step:2680/2750 val_loss:3.27771 train_time:6109.203s step_avg:2281.67ms
target_reached step:2680 val_loss:3.27771
step:2681/2750 train_time:6111.492s step_avg:2279.56ms
step:2682/2750 train_time:6113.770s step_avg:2279.56ms
step:2683/2750 train_time:6116.054s step_avg:2279.56ms
step:2684/2750 train_time:6118.334s step_avg:2279.56ms
step:2685/2750 train_time:6120.610s step_avg:2279.56ms
step:2685/2750 val_loss:3.27745 train_time:6120.610s step_avg:2281.42ms
target_reached step:2685 val_loss:3.27745
step:2686/2750 train_time:6122.897s step_avg:2279.56ms
step:2687/2750 train_time:6125.180s step_avg:2279.56ms
step:2688/2750 train_time:6127.471s step_avg:2279.57ms
step:2689/2750 train_time:6129.752s step_avg:2279.57ms
step:2690/2750 train_time:6132.035s step_avg:2279.57ms
step:2690/2750 val_loss:3.27720 train_time:6132.036s step_avg:2285.10ms
target_reached step:2690 val_loss:3.27720
step:2691/2750 train_time:6134.324s step_avg:2279.57ms
step:2692/2750 train_time:6136.606s step_avg:2279.57ms
step:2693/2750 train_time:6138.891s step_avg:2279.57ms
step:2694/2750 train_time:6141.175s step_avg:2279.58ms
step:2695/2750 train_time:6143.454s step_avg:2279.57ms
step:2695/2750 val_loss:3.27695 train_time:6143.454s step_avg:2283.68ms
target_reached step:2695 val_loss:3.27695
step:2696/2750 train_time:6145.738s step_avg:2279.58ms
step:2697/2750 train_time:6148.032s step_avg:2279.58ms
step:2698/2750 train_time:6150.312s step_avg:2279.58ms
step:2699/2750 train_time:6152.591s step_avg:2279.58ms
step:2700/2750 train_time:6154.875s step_avg:2279.58ms
step:2700/2750 val_loss:3.27671 train_time:6154.875s step_avg:2284.25ms
target_reached step:2700 val_loss:3.27671
step:2701/2750 train_time:6157.159s step_avg:2279.58ms
step:2702/2750 train_time:6159.443s step_avg:2279.59ms
step:2703/2750 train_time:6161.728s step_avg:2279.59ms
step:2704/2750 train_time:6164.014s step_avg:2279.59ms
step:2705/2750 train_time:6166.298s step_avg:2279.59ms
step:2705/2750 val_loss:3.27647 train_time:6166.298s step_avg:2284.58ms
target_reached step:2705 val_loss:3.27647
step:2706/2750 train_time:6168.589s step_avg:2279.60ms
step:2707/2750 train_time:6170.872s step_avg:2279.60ms
step:2708/2750 train_time:6173.155s step_avg:2279.60ms
step:2709/2750 train_time:6175.443s step_avg:2279.60ms
step:2710/2750 train_time:6177.728s step_avg:2279.60ms
step:2710/2750 val_loss:3.27621 train_time:6177.728s step_avg:2285.94ms
target_reached step:2710 val_loss:3.27621
step:2711/2750 train_time:6180.012s step_avg:2279.61ms
step:2712/2750 train_time:6182.295s step_avg:2279.61ms
step:2713/2750 train_time:6184.576s step_avg:2279.61ms
step:2714/2750 train_time:6186.859s step_avg:2279.61ms
step:2715/2750 train_time:6189.133s step_avg:2279.61ms
step:2715/2750 val_loss:3.27598 train_time:6189.133s step_avg:2281.14ms
target_reached step:2715 val_loss:3.27598
step:2716/2750 train_time:6191.423s step_avg:2279.61ms
step:2717/2750 train_time:6193.705s step_avg:2279.61ms
step:2718/2750 train_time:6195.988s step_avg:2279.61ms
step:2719/2750 train_time:6198.273s step_avg:2279.61ms
step:2720/2750 train_time:6200.558s step_avg:2279.62ms
step:2720/2750 val_loss:3.27574 train_time:6200.558s step_avg:2284.91ms
target_reached step:2720 val_loss:3.27574
step:2721/2750 train_time:6202.841s step_avg:2279.62ms
step:2722/2750 train_time:6205.119s step_avg:2279.62ms
step:2723/2750 train_time:6207.402s step_avg:2279.62ms
step:2724/2750 train_time:6209.690s step_avg:2279.62ms
step:2725/2750 train_time:6211.974s step_avg:2279.62ms
step:2725/2750 val_loss:3.27554 train_time:6211.974s step_avg:2283.21ms
target_reached step:2725 val_loss:3.27554
step:2726/2750 train_time:6214.265s step_avg:2279.63ms
step:2727/2750 train_time:6216.548s step_avg:2279.63ms
step:2728/2750 train_time:6218.834s step_avg:2279.63ms
step:2729/2750 train_time:6221.120s step_avg:2279.63ms
step:2730/2750 train_time:6223.395s step_avg:2279.63ms
step:2730/2750 val_loss:3.27532 train_time:6223.395s step_avg:2284.13ms
target_reached step:2730 val_loss:3.27532
step:2731/2750 train_time:6225.677s step_avg:2279.63ms
step:2732/2750 train_time:6227.959s step_avg:2279.63ms
step:2733/2750 train_time:6230.242s step_avg:2279.63ms
step:2734/2750 train_time:6232.526s step_avg:2279.64ms
step:2735/2750 train_time:6234.806s step_avg:2279.64ms
step:2735/2750 val_loss:3.27510 train_time:6234.806s step_avg:2282.34ms
target_reached step:2735 val_loss:3.27510
step:2736/2750 train_time:6237.090s step_avg:2279.64ms
step:2737/2750 train_time:6239.372s step_avg:2279.64ms
step:2738/2750 train_time:6241.656s step_avg:2279.64ms
step:2739/2750 train_time:6243.950s step_avg:2279.65ms
step:2740/2750 train_time:6246.230s step_avg:2279.65ms
step:2740/2750 val_loss:3.27490 train_time:6246.231s step_avg:2284.83ms
target_reached step:2740 val_loss:3.27490
step:2741/2750 train_time:6248.514s step_avg:2279.65ms
step:2742/2750 train_time:6250.794s step_avg:2279.65ms
step:2743/2750 train_time:6253.077s step_avg:2279.65ms
step:2744/2750 train_time:6255.363s step_avg:2279.65ms
step:2745/2750 train_time:6257.642s step_avg:2279.65ms
step:2745/2750 val_loss:3.27470 train_time:6257.642s step_avg:2282.28ms
target_reached step:2745 val_loss:3.27470
step:2746/2750 train_time:6259.928s step_avg:2279.65ms
step:2747/2750 train_time:6262.212s step_avg:2279.65ms
step:2748/2750 train_time:6264.498s step_avg:2279.66ms
step:2749/2750 train_time:6266.784s step_avg:2279.66ms
step:2750/2750 train_time:6269.064s step_avg:2279.66ms
step:2750/2750 val_loss:3.27451 train_time:6269.064s step_avg:2284.49ms
target_reached step:2750 val_loss:3.27451
fixed_step_complete max_step:2750 val_loss:3.27451
