logs/e534f5d2-5405-4195-8062-7727c27bc036.txt
step:0/2750 val_loss:10.82583 train_time:0.000s step_avg:nanms
step:1/2750 train_time:4.709s step_avg:4709.24ms
step:2/2750 train_time:6.883s step_avg:3441.50ms
step:3/2750 train_time:9.163s step_avg:3054.46ms
step:4/2750 train_time:11.455s step_avg:2863.63ms
step:5/2750 train_time:13.745s step_avg:2749.05ms
step:6/2750 train_time:16.037s step_avg:2672.86ms
step:7/2750 train_time:18.331s step_avg:2618.77ms
step:8/2750 train_time:20.621s step_avg:2577.57ms
step:9/2750 train_time:22.916s step_avg:2546.21ms
step:10/2750 train_time:25.214s step_avg:2521.43ms
step:11/2750 train_time:27.513s step_avg:2501.22ms
step:12/2750 train_time:29.810s step_avg:2484.15ms
step:13/2750 train_time:32.103s step_avg:2469.43ms
step:14/2750 train_time:34.399s step_avg:2457.07ms
step:15/2750 train_time:36.697s step_avg:2446.44ms
step:16/2750 train_time:39.001s step_avg:2437.53ms
step:17/2750 train_time:41.299s step_avg:2429.34ms
step:18/2750 train_time:43.597s step_avg:2422.04ms
step:19/2750 train_time:45.898s step_avg:2415.66ms
step:20/2750 train_time:48.196s step_avg:2409.82ms
step:21/2750 train_time:50.500s step_avg:2404.76ms
step:22/2750 train_time:52.802s step_avg:2400.07ms
step:23/2750 train_time:55.104s step_avg:2395.84ms
step:24/2750 train_time:57.404s step_avg:2391.84ms
step:25/2750 train_time:59.703s step_avg:2388.12ms
step:26/2750 train_time:62.003s step_avg:2384.74ms
step:27/2750 train_time:64.300s step_avg:2381.49ms
step:28/2750 train_time:66.598s step_avg:2378.51ms
step:29/2750 train_time:68.896s step_avg:2375.72ms
step:30/2750 train_time:71.198s step_avg:2373.26ms
step:31/2750 train_time:73.497s step_avg:2370.86ms
step:32/2750 train_time:75.790s step_avg:2368.42ms
step:33/2750 train_time:78.086s step_avg:2366.24ms
step:34/2750 train_time:80.382s step_avg:2364.18ms
step:35/2750 train_time:82.683s step_avg:2362.37ms
step:36/2750 train_time:84.983s step_avg:2360.64ms
step:37/2750 train_time:87.279s step_avg:2358.90ms
step:38/2750 train_time:89.580s step_avg:2357.36ms
step:39/2750 train_time:91.881s step_avg:2355.93ms
step:40/2750 train_time:94.177s step_avg:2354.43ms
step:41/2750 train_time:96.479s step_avg:2353.14ms
step:42/2750 train_time:98.779s step_avg:2351.88ms
step:43/2750 train_time:101.069s step_avg:2350.44ms
step:44/2750 train_time:103.363s step_avg:2349.15ms
step:45/2750 train_time:105.661s step_avg:2348.01ms
step:46/2750 train_time:107.957s step_avg:2346.89ms
step:47/2750 train_time:110.258s step_avg:2345.91ms
step:48/2750 train_time:112.556s step_avg:2344.92ms
step:49/2750 train_time:114.846s step_avg:2343.80ms
step:50/2750 train_time:117.142s step_avg:2342.84ms
step:51/2750 train_time:119.438s step_avg:2341.93ms
step:52/2750 train_time:121.741s step_avg:2341.17ms
step:53/2750 train_time:124.043s step_avg:2340.43ms
step:54/2750 train_time:126.339s step_avg:2339.60ms
step:55/2750 train_time:128.639s step_avg:2338.90ms
step:56/2750 train_time:130.937s step_avg:2338.15ms
step:57/2750 train_time:133.236s step_avg:2337.48ms
step:58/2750 train_time:135.537s step_avg:2336.85ms
step:59/2750 train_time:137.835s step_avg:2336.19ms
step:60/2750 train_time:140.136s step_avg:2335.61ms
step:61/2750 train_time:142.427s step_avg:2334.87ms
step:62/2750 train_time:144.722s step_avg:2334.23ms
step:63/2750 train_time:147.020s step_avg:2333.65ms
step:64/2750 train_time:149.318s step_avg:2333.09ms
step:65/2750 train_time:151.610s step_avg:2332.46ms
step:66/2750 train_time:153.903s step_avg:2331.86ms
step:67/2750 train_time:156.200s step_avg:2331.34ms
step:68/2750 train_time:158.495s step_avg:2330.81ms
step:69/2750 train_time:160.796s step_avg:2330.38ms
step:70/2750 train_time:163.095s step_avg:2329.92ms
step:71/2750 train_time:165.386s step_avg:2329.38ms
step:72/2750 train_time:167.680s step_avg:2328.88ms
step:73/2750 train_time:169.978s step_avg:2328.47ms
step:74/2750 train_time:172.278s step_avg:2328.08ms
step:75/2750 train_time:174.566s step_avg:2327.55ms
step:76/2750 train_time:176.865s step_avg:2327.17ms
step:77/2750 train_time:179.162s step_avg:2326.78ms
step:78/2750 train_time:181.461s step_avg:2326.42ms
step:79/2750 train_time:183.763s step_avg:2326.11ms
step:80/2750 train_time:186.061s step_avg:2325.77ms
step:81/2750 train_time:188.356s step_avg:2325.38ms
step:82/2750 train_time:190.656s step_avg:2325.07ms
step:83/2750 train_time:192.945s step_avg:2324.64ms
step:84/2750 train_time:195.241s step_avg:2324.30ms
step:85/2750 train_time:197.537s step_avg:2323.97ms
step:86/2750 train_time:199.828s step_avg:2323.58ms
step:87/2750 train_time:202.122s step_avg:2323.24ms
step:88/2750 train_time:204.420s step_avg:2322.95ms
step:89/2750 train_time:206.717s step_avg:2322.66ms
step:90/2750 train_time:209.008s step_avg:2322.31ms
step:91/2750 train_time:211.304s step_avg:2322.02ms
step:92/2750 train_time:213.600s step_avg:2321.73ms
step:93/2750 train_time:215.898s step_avg:2321.49ms
step:94/2750 train_time:218.197s step_avg:2321.25ms
step:95/2750 train_time:220.498s step_avg:2321.03ms
step:96/2750 train_time:222.785s step_avg:2320.68ms
step:97/2750 train_time:225.082s step_avg:2320.44ms
step:98/2750 train_time:227.378s step_avg:2320.18ms
step:99/2750 train_time:229.675s step_avg:2319.95ms
step:100/2750 train_time:231.964s step_avg:2319.64ms
step:101/2750 train_time:234.259s step_avg:2319.40ms
step:102/2750 train_time:236.558s step_avg:2319.20ms
step:103/2750 train_time:238.855s step_avg:2318.98ms
step:104/2750 train_time:241.150s step_avg:2318.75ms
step:105/2750 train_time:243.445s step_avg:2318.52ms
step:106/2750 train_time:245.741s step_avg:2318.31ms
step:107/2750 train_time:248.041s step_avg:2318.14ms
step:108/2750 train_time:250.337s step_avg:2317.94ms
step:109/2750 train_time:252.633s step_avg:2317.73ms
step:110/2750 train_time:254.925s step_avg:2317.50ms
step:111/2750 train_time:257.220s step_avg:2317.30ms
step:112/2750 train_time:259.518s step_avg:2317.12ms
step:113/2750 train_time:261.816s step_avg:2316.95ms
step:114/2750 train_time:264.107s step_avg:2316.73ms
step:115/2750 train_time:266.402s step_avg:2316.53ms
step:116/2750 train_time:268.695s step_avg:2316.34ms
step:117/2750 train_time:270.999s step_avg:2316.23ms
step:118/2750 train_time:273.299s step_avg:2316.09ms
step:119/2750 train_time:275.596s step_avg:2315.93ms
step:120/2750 train_time:277.885s step_avg:2315.71ms
step:121/2750 train_time:280.179s step_avg:2315.53ms
step:122/2750 train_time:282.477s step_avg:2315.39ms
step:123/2750 train_time:284.776s step_avg:2315.25ms
step:124/2750 train_time:287.073s step_avg:2315.10ms
step:125/2750 train_time:289.365s step_avg:2314.92ms
step:125/2750 val_loss:4.44937 train_time:289.365s step_avg:2314.92ms
step:126/2750 train_time:291.667s step_avg:2314.82ms
step:127/2750 train_time:293.963s step_avg:2314.67ms
step:128/2750 train_time:296.261s step_avg:2314.54ms
step:129/2750 train_time:298.555s step_avg:2314.38ms
step:130/2750 train_time:300.849s step_avg:2314.22ms
step:131/2750 train_time:303.148s step_avg:2314.11ms
step:132/2750 train_time:305.442s step_avg:2313.95ms
step:133/2750 train_time:307.742s step_avg:2313.85ms
step:134/2750 train_time:310.036s step_avg:2313.70ms
step:135/2750 train_time:312.329s step_avg:2313.55ms
step:136/2750 train_time:314.621s step_avg:2313.39ms
step:137/2750 train_time:316.919s step_avg:2313.28ms
step:138/2750 train_time:319.221s step_avg:2313.20ms
step:139/2750 train_time:321.516s step_avg:2313.07ms
step:140/2750 train_time:323.808s step_avg:2312.91ms
step:141/2750 train_time:326.104s step_avg:2312.79ms
step:142/2750 train_time:328.405s step_avg:2312.71ms
step:143/2750 train_time:330.699s step_avg:2312.58ms
step:144/2750 train_time:332.990s step_avg:2312.43ms
step:145/2750 train_time:335.282s step_avg:2312.29ms
step:146/2750 train_time:337.568s step_avg:2312.11ms
step:147/2750 train_time:339.865s step_avg:2312.01ms
step:148/2750 train_time:342.157s step_avg:2311.87ms
step:149/2750 train_time:344.449s step_avg:2311.74ms
step:150/2750 train_time:346.743s step_avg:2311.62ms
step:151/2750 train_time:349.040s step_avg:2311.53ms
step:152/2750 train_time:351.335s step_avg:2311.41ms
step:153/2750 train_time:353.628s step_avg:2311.30ms
step:154/2750 train_time:355.922s step_avg:2311.18ms
step:155/2750 train_time:358.219s step_avg:2311.09ms
step:156/2750 train_time:360.515s step_avg:2310.99ms
step:157/2750 train_time:362.804s step_avg:2310.85ms
step:158/2750 train_time:365.094s step_avg:2310.72ms
step:159/2750 train_time:367.387s step_avg:2310.61ms
step:160/2750 train_time:369.681s step_avg:2310.51ms
step:161/2750 train_time:371.970s step_avg:2310.37ms
step:162/2750 train_time:374.267s step_avg:2310.29ms
step:163/2750 train_time:376.562s step_avg:2310.19ms
step:164/2750 train_time:378.861s step_avg:2310.13ms
step:165/2750 train_time:381.150s step_avg:2310.00ms
step:166/2750 train_time:383.446s step_avg:2309.92ms
step:167/2750 train_time:385.735s step_avg:2309.79ms
step:168/2750 train_time:388.028s step_avg:2309.69ms
step:169/2750 train_time:390.315s step_avg:2309.56ms
step:170/2750 train_time:392.608s step_avg:2309.46ms
step:171/2750 train_time:394.904s step_avg:2309.38ms
step:172/2750 train_time:397.201s step_avg:2309.31ms
step:173/2750 train_time:399.489s step_avg:2309.19ms
step:174/2750 train_time:401.783s step_avg:2309.10ms
step:175/2750 train_time:404.071s step_avg:2308.98ms
step:176/2750 train_time:406.364s step_avg:2308.89ms
step:177/2750 train_time:408.652s step_avg:2308.77ms
step:178/2750 train_time:410.946s step_avg:2308.68ms
step:179/2750 train_time:413.237s step_avg:2308.58ms
step:180/2750 train_time:415.530s step_avg:2308.50ms
step:181/2750 train_time:417.815s step_avg:2308.37ms
step:182/2750 train_time:420.106s step_avg:2308.27ms
step:183/2750 train_time:422.400s step_avg:2308.20ms
step:184/2750 train_time:424.687s step_avg:2308.08ms
step:185/2750 train_time:426.982s step_avg:2308.01ms
step:186/2750 train_time:429.270s step_avg:2307.90ms
step:187/2750 train_time:431.564s step_avg:2307.83ms
step:188/2750 train_time:433.852s step_avg:2307.72ms
step:189/2750 train_time:436.146s step_avg:2307.65ms
step:190/2750 train_time:438.439s step_avg:2307.58ms
step:191/2750 train_time:440.762s step_avg:2307.65ms
step:192/2750 train_time:443.055s step_avg:2307.58ms
step:193/2750 train_time:445.345s step_avg:2307.49ms
step:194/2750 train_time:447.631s step_avg:2307.38ms
step:195/2750 train_time:449.924s step_avg:2307.30ms
step:196/2750 train_time:452.220s step_avg:2307.24ms
step:197/2750 train_time:454.507s step_avg:2307.14ms
step:198/2750 train_time:456.794s step_avg:2307.04ms
step:199/2750 train_time:459.086s step_avg:2306.97ms
step:200/2750 train_time:461.376s step_avg:2306.88ms
step:201/2750 train_time:463.666s step_avg:2306.80ms
step:202/2750 train_time:465.954s step_avg:2306.70ms
step:203/2750 train_time:468.249s step_avg:2306.64ms
step:204/2750 train_time:470.537s step_avg:2306.56ms
step:205/2750 train_time:472.830s step_avg:2306.49ms
step:206/2750 train_time:475.119s step_avg:2306.40ms
step:207/2750 train_time:477.413s step_avg:2306.34ms
step:208/2750 train_time:479.702s step_avg:2306.26ms
step:209/2750 train_time:481.990s step_avg:2306.17ms
step:210/2750 train_time:484.281s step_avg:2306.10ms
step:211/2750 train_time:486.569s step_avg:2306.01ms
step:212/2750 train_time:488.863s step_avg:2305.96ms
step:213/2750 train_time:491.147s step_avg:2305.85ms
step:214/2750 train_time:493.442s step_avg:2305.81ms
step:215/2750 train_time:495.732s step_avg:2305.73ms
step:216/2750 train_time:498.025s step_avg:2305.67ms
step:217/2750 train_time:500.316s step_avg:2305.60ms
step:218/2750 train_time:502.615s step_avg:2305.58ms
step:219/2750 train_time:504.903s step_avg:2305.49ms
step:220/2750 train_time:507.189s step_avg:2305.41ms
step:221/2750 train_time:509.483s step_avg:2305.35ms
step:222/2750 train_time:511.772s step_avg:2305.28ms
step:223/2750 train_time:514.062s step_avg:2305.21ms
step:224/2750 train_time:516.347s step_avg:2305.12ms
step:225/2750 train_time:518.641s step_avg:2305.07ms
step:226/2750 train_time:520.930s step_avg:2305.00ms
step:227/2750 train_time:523.228s step_avg:2304.97ms
step:228/2750 train_time:525.517s step_avg:2304.90ms
step:229/2750 train_time:527.806s step_avg:2304.83ms
step:230/2750 train_time:530.092s step_avg:2304.75ms
step:231/2750 train_time:532.381s step_avg:2304.68ms
step:232/2750 train_time:534.672s step_avg:2304.62ms
step:233/2750 train_time:536.959s step_avg:2304.54ms
step:234/2750 train_time:539.246s step_avg:2304.47ms
step:235/2750 train_time:541.541s step_avg:2304.43ms
step:236/2750 train_time:543.833s step_avg:2304.38ms
step:237/2750 train_time:546.120s step_avg:2304.31ms
step:238/2750 train_time:548.407s step_avg:2304.23ms
step:239/2750 train_time:550.697s step_avg:2304.17ms
step:240/2750 train_time:552.986s step_avg:2304.11ms
step:241/2750 train_time:555.272s step_avg:2304.03ms
step:242/2750 train_time:557.564s step_avg:2303.98ms
step:243/2750 train_time:559.848s step_avg:2303.90ms
step:244/2750 train_time:562.135s step_avg:2303.83ms
step:245/2750 train_time:564.428s step_avg:2303.79ms
step:246/2750 train_time:566.711s step_avg:2303.70ms
step:247/2750 train_time:568.998s step_avg:2303.64ms
step:248/2750 train_time:571.287s step_avg:2303.58ms
step:249/2750 train_time:573.574s step_avg:2303.51ms
step:250/2750 train_time:575.863s step_avg:2303.45ms
step:250/2750 val_loss:4.07990 train_time:575.863s step_avg:2291.98ms
step:251/2750 train_time:578.158s step_avg:2303.42ms
step:252/2750 train_time:580.445s step_avg:2303.35ms
step:253/2750 train_time:582.734s step_avg:2303.30ms
step:254/2750 train_time:585.025s step_avg:2303.25ms
step:255/2750 train_time:587.317s step_avg:2303.20ms
step:256/2750 train_time:589.606s step_avg:2303.15ms
step:257/2750 train_time:591.896s step_avg:2303.10ms
step:258/2750 train_time:594.179s step_avg:2303.02ms
step:259/2750 train_time:596.466s step_avg:2302.96ms
step:260/2750 train_time:598.755s step_avg:2302.90ms
step:261/2750 train_time:601.042s step_avg:2302.84ms
step:262/2750 train_time:603.332s step_avg:2302.79ms
step:263/2750 train_time:605.622s step_avg:2302.75ms
step:264/2750 train_time:607.912s step_avg:2302.70ms
step:265/2750 train_time:610.194s step_avg:2302.62ms
step:266/2750 train_time:612.482s step_avg:2302.56ms
step:267/2750 train_time:614.776s step_avg:2302.53ms
step:268/2750 train_time:617.059s step_avg:2302.46ms
step:269/2750 train_time:619.346s step_avg:2302.40ms
step:270/2750 train_time:621.636s step_avg:2302.35ms
step:271/2750 train_time:623.917s step_avg:2302.28ms
step:272/2750 train_time:626.206s step_avg:2302.23ms
step:273/2750 train_time:628.497s step_avg:2302.19ms
step:274/2750 train_time:630.781s step_avg:2302.12ms
step:275/2750 train_time:633.068s step_avg:2302.06ms
step:276/2750 train_time:635.360s step_avg:2302.03ms
step:277/2750 train_time:637.645s step_avg:2301.97ms
step:278/2750 train_time:639.930s step_avg:2301.91ms
step:279/2750 train_time:642.221s step_avg:2301.87ms
step:280/2750 train_time:644.504s step_avg:2301.80ms
step:281/2750 train_time:646.791s step_avg:2301.75ms
step:282/2750 train_time:649.078s step_avg:2301.70ms
step:283/2750 train_time:651.361s step_avg:2301.63ms
step:284/2750 train_time:653.650s step_avg:2301.58ms
step:285/2750 train_time:655.941s step_avg:2301.55ms
step:286/2750 train_time:658.220s step_avg:2301.47ms
step:287/2750 train_time:660.506s step_avg:2301.42ms
step:288/2750 train_time:662.795s step_avg:2301.37ms
step:289/2750 train_time:665.081s step_avg:2301.32ms
step:290/2750 train_time:667.370s step_avg:2301.28ms
step:291/2750 train_time:669.659s step_avg:2301.23ms
step:292/2750 train_time:671.940s step_avg:2301.16ms
step:293/2750 train_time:674.228s step_avg:2301.12ms
step:294/2750 train_time:676.518s step_avg:2301.08ms
step:295/2750 train_time:678.800s step_avg:2301.02ms
step:296/2750 train_time:681.089s step_avg:2300.98ms
step:297/2750 train_time:683.379s step_avg:2300.94ms
step:298/2750 train_time:685.662s step_avg:2300.88ms
step:299/2750 train_time:687.948s step_avg:2300.83ms
step:300/2750 train_time:690.239s step_avg:2300.80ms
step:301/2750 train_time:692.523s step_avg:2300.74ms
step:302/2750 train_time:694.808s step_avg:2300.69ms
step:303/2750 train_time:697.098s step_avg:2300.65ms
step:304/2750 train_time:699.381s step_avg:2300.60ms
step:305/2750 train_time:701.669s step_avg:2300.55ms
step:306/2750 train_time:703.960s step_avg:2300.52ms
step:307/2750 train_time:706.241s step_avg:2300.46ms
step:308/2750 train_time:708.528s step_avg:2300.41ms
step:309/2750 train_time:710.819s step_avg:2300.39ms
step:310/2750 train_time:713.104s step_avg:2300.34ms
step:311/2750 train_time:715.391s step_avg:2300.29ms
step:312/2750 train_time:717.682s step_avg:2300.26ms
step:313/2750 train_time:719.966s step_avg:2300.21ms
step:314/2750 train_time:722.256s step_avg:2300.18ms
step:315/2750 train_time:724.549s step_avg:2300.16ms
step:316/2750 train_time:726.838s step_avg:2300.12ms
step:317/2750 train_time:729.126s step_avg:2300.08ms
step:318/2750 train_time:731.412s step_avg:2300.04ms
step:319/2750 train_time:733.698s step_avg:2299.99ms
step:320/2750 train_time:735.986s step_avg:2299.95ms
step:321/2750 train_time:738.272s step_avg:2299.91ms
step:322/2750 train_time:740.555s step_avg:2299.86ms
step:323/2750 train_time:742.839s step_avg:2299.81ms
step:324/2750 train_time:745.131s step_avg:2299.79ms
step:325/2750 train_time:747.418s step_avg:2299.75ms
step:326/2750 train_time:749.707s step_avg:2299.71ms
step:327/2750 train_time:751.996s step_avg:2299.68ms
step:328/2750 train_time:754.280s step_avg:2299.63ms
step:329/2750 train_time:756.564s step_avg:2299.59ms
step:330/2750 train_time:758.852s step_avg:2299.55ms
step:331/2750 train_time:761.136s step_avg:2299.50ms
step:332/2750 train_time:763.423s step_avg:2299.47ms
step:333/2750 train_time:765.707s step_avg:2299.42ms
step:334/2750 train_time:767.993s step_avg:2299.38ms
step:335/2750 train_time:770.278s step_avg:2299.34ms
step:336/2750 train_time:772.572s step_avg:2299.32ms
step:337/2750 train_time:774.854s step_avg:2299.27ms
step:338/2750 train_time:777.143s step_avg:2299.24ms
step:339/2750 train_time:779.425s step_avg:2299.19ms
step:340/2750 train_time:781.708s step_avg:2299.14ms
step:341/2750 train_time:783.994s step_avg:2299.10ms
step:342/2750 train_time:786.283s step_avg:2299.07ms
step:343/2750 train_time:788.563s step_avg:2299.02ms
step:344/2750 train_time:790.848s step_avg:2298.98ms
step:345/2750 train_time:793.135s step_avg:2298.94ms
step:346/2750 train_time:795.416s step_avg:2298.89ms
step:347/2750 train_time:797.709s step_avg:2298.87ms
step:348/2750 train_time:799.999s step_avg:2298.85ms
step:349/2750 train_time:802.282s step_avg:2298.80ms
step:350/2750 train_time:804.568s step_avg:2298.76ms
step:351/2750 train_time:806.859s step_avg:2298.74ms
step:352/2750 train_time:809.144s step_avg:2298.70ms
step:353/2750 train_time:811.434s step_avg:2298.68ms
step:354/2750 train_time:813.722s step_avg:2298.65ms
step:355/2750 train_time:816.004s step_avg:2298.60ms
step:356/2750 train_time:818.288s step_avg:2298.56ms
step:357/2750 train_time:820.578s step_avg:2298.54ms
step:358/2750 train_time:822.863s step_avg:2298.50ms
step:359/2750 train_time:825.150s step_avg:2298.47ms
step:360/2750 train_time:827.440s step_avg:2298.44ms
step:361/2750 train_time:829.720s step_avg:2298.39ms
step:362/2750 train_time:832.008s step_avg:2298.36ms
step:363/2750 train_time:834.299s step_avg:2298.34ms
step:364/2750 train_time:836.582s step_avg:2298.30ms
step:365/2750 train_time:838.872s step_avg:2298.28ms
step:366/2750 train_time:841.161s step_avg:2298.25ms
step:367/2750 train_time:843.444s step_avg:2298.21ms
step:368/2750 train_time:845.733s step_avg:2298.19ms
step:369/2750 train_time:848.021s step_avg:2298.16ms
step:370/2750 train_time:850.307s step_avg:2298.13ms
step:371/2750 train_time:852.593s step_avg:2298.10ms
step:372/2750 train_time:854.882s step_avg:2298.07ms
step:373/2750 train_time:857.164s step_avg:2298.03ms
step:374/2750 train_time:859.451s step_avg:2298.00ms
step:375/2750 train_time:861.739s step_avg:2297.97ms
step:375/2750 val_loss:3.93036 train_time:861.739s step_avg:2287.01ms
step:376/2750 train_time:864.037s step_avg:2297.97ms
step:377/2750 train_time:866.329s step_avg:2297.96ms
step:378/2750 train_time:868.620s step_avg:2297.94ms
step:379/2750 train_time:870.907s step_avg:2297.91ms
step:380/2750 train_time:873.198s step_avg:2297.89ms
step:381/2750 train_time:875.506s step_avg:2297.92ms
step:382/2750 train_time:877.795s step_avg:2297.89ms
step:383/2750 train_time:880.085s step_avg:2297.87ms
step:384/2750 train_time:882.371s step_avg:2297.84ms
step:385/2750 train_time:884.656s step_avg:2297.81ms
step:386/2750 train_time:886.939s step_avg:2297.77ms
step:387/2750 train_time:889.226s step_avg:2297.74ms
step:388/2750 train_time:891.511s step_avg:2297.71ms
step:389/2750 train_time:893.799s step_avg:2297.68ms
step:390/2750 train_time:896.083s step_avg:2297.65ms
step:391/2750 train_time:898.366s step_avg:2297.61ms
step:392/2750 train_time:900.653s step_avg:2297.58ms
step:393/2750 train_time:902.946s step_avg:2297.57ms
step:394/2750 train_time:905.233s step_avg:2297.55ms
step:395/2750 train_time:907.520s step_avg:2297.52ms
step:396/2750 train_time:909.809s step_avg:2297.50ms
step:397/2750 train_time:912.093s step_avg:2297.46ms
step:398/2750 train_time:914.379s step_avg:2297.44ms
step:399/2750 train_time:916.664s step_avg:2297.40ms
step:400/2750 train_time:918.949s step_avg:2297.37ms
step:401/2750 train_time:921.234s step_avg:2297.34ms
step:402/2750 train_time:923.523s step_avg:2297.32ms
step:403/2750 train_time:925.804s step_avg:2297.28ms
step:404/2750 train_time:928.094s step_avg:2297.26ms
step:405/2750 train_time:930.388s step_avg:2297.25ms
step:406/2750 train_time:932.676s step_avg:2297.23ms
step:407/2750 train_time:934.965s step_avg:2297.21ms
step:408/2750 train_time:937.254s step_avg:2297.19ms
step:409/2750 train_time:939.537s step_avg:2297.16ms
step:410/2750 train_time:941.826s step_avg:2297.14ms
step:411/2750 train_time:944.113s step_avg:2297.11ms
step:412/2750 train_time:946.397s step_avg:2297.08ms
step:413/2750 train_time:948.685s step_avg:2297.06ms
step:414/2750 train_time:950.976s step_avg:2297.04ms
step:415/2750 train_time:953.263s step_avg:2297.02ms
step:416/2750 train_time:955.551s step_avg:2297.00ms
step:417/2750 train_time:957.838s step_avg:2296.97ms
step:418/2750 train_time:960.122s step_avg:2296.94ms
step:419/2750 train_time:962.408s step_avg:2296.92ms
step:420/2750 train_time:964.695s step_avg:2296.89ms
step:421/2750 train_time:966.981s step_avg:2296.87ms
step:422/2750 train_time:969.269s step_avg:2296.85ms
step:423/2750 train_time:971.556s step_avg:2296.82ms
step:424/2750 train_time:973.842s step_avg:2296.80ms
step:425/2750 train_time:976.131s step_avg:2296.78ms
step:426/2750 train_time:978.415s step_avg:2296.75ms
step:427/2750 train_time:980.702s step_avg:2296.73ms
step:428/2750 train_time:982.987s step_avg:2296.70ms
step:429/2750 train_time:985.274s step_avg:2296.68ms
step:430/2750 train_time:987.557s step_avg:2296.64ms
step:431/2750 train_time:989.842s step_avg:2296.62ms
step:432/2750 train_time:992.124s step_avg:2296.58ms
step:433/2750 train_time:994.407s step_avg:2296.55ms
step:434/2750 train_time:996.692s step_avg:2296.53ms
step:435/2750 train_time:998.982s step_avg:2296.51ms
step:436/2750 train_time:1001.263s step_avg:2296.47ms
step:437/2750 train_time:1003.551s step_avg:2296.45ms
step:438/2750 train_time:1005.842s step_avg:2296.44ms
step:439/2750 train_time:1008.124s step_avg:2296.41ms
step:440/2750 train_time:1010.411s step_avg:2296.39ms
step:441/2750 train_time:1012.703s step_avg:2296.38ms
step:442/2750 train_time:1014.985s step_avg:2296.35ms
step:443/2750 train_time:1017.273s step_avg:2296.33ms
step:444/2750 train_time:1019.561s step_avg:2296.31ms
step:445/2750 train_time:1021.840s step_avg:2296.27ms
step:446/2750 train_time:1024.125s step_avg:2296.24ms
step:447/2750 train_time:1026.415s step_avg:2296.23ms
step:448/2750 train_time:1028.697s step_avg:2296.20ms
step:449/2750 train_time:1030.986s step_avg:2296.18ms
step:450/2750 train_time:1033.279s step_avg:2296.18ms
step:451/2750 train_time:1035.562s step_avg:2296.15ms
step:452/2750 train_time:1037.849s step_avg:2296.13ms
step:453/2750 train_time:1040.140s step_avg:2296.11ms
step:454/2750 train_time:1042.422s step_avg:2296.08ms
step:455/2750 train_time:1044.707s step_avg:2296.06ms
step:456/2750 train_time:1046.999s step_avg:2296.05ms
step:457/2750 train_time:1049.281s step_avg:2296.02ms
step:458/2750 train_time:1051.569s step_avg:2296.00ms
step:459/2750 train_time:1053.861s step_avg:2295.99ms
step:460/2750 train_time:1056.142s step_avg:2295.96ms
step:461/2750 train_time:1058.427s step_avg:2295.94ms
step:462/2750 train_time:1060.719s step_avg:2295.93ms
step:463/2750 train_time:1063.002s step_avg:2295.90ms
step:464/2750 train_time:1065.286s step_avg:2295.87ms
step:465/2750 train_time:1067.573s step_avg:2295.86ms
step:466/2750 train_time:1069.858s step_avg:2295.83ms
step:467/2750 train_time:1072.147s step_avg:2295.82ms
step:468/2750 train_time:1074.438s step_avg:2295.81ms
step:469/2750 train_time:1076.723s step_avg:2295.78ms
step:470/2750 train_time:1079.011s step_avg:2295.77ms
step:471/2750 train_time:1081.300s step_avg:2295.75ms
step:472/2750 train_time:1083.583s step_avg:2295.73ms
step:473/2750 train_time:1085.863s step_avg:2295.69ms
step:474/2750 train_time:1088.153s step_avg:2295.68ms
step:475/2750 train_time:1090.435s step_avg:2295.65ms
step:476/2750 train_time:1092.726s step_avg:2295.64ms
step:477/2750 train_time:1095.019s step_avg:2295.64ms
step:478/2750 train_time:1097.301s step_avg:2295.61ms
step:479/2750 train_time:1099.588s step_avg:2295.59ms
step:480/2750 train_time:1101.880s step_avg:2295.58ms
step:481/2750 train_time:1104.164s step_avg:2295.56ms
step:482/2750 train_time:1106.448s step_avg:2295.54ms
step:483/2750 train_time:1108.738s step_avg:2295.52ms
step:484/2750 train_time:1111.022s step_avg:2295.50ms
step:485/2750 train_time:1113.310s step_avg:2295.49ms
step:486/2750 train_time:1115.602s step_avg:2295.48ms
step:487/2750 train_time:1117.884s step_avg:2295.45ms
step:488/2750 train_time:1120.169s step_avg:2295.43ms
step:489/2750 train_time:1122.459s step_avg:2295.42ms
step:490/2750 train_time:1124.741s step_avg:2295.39ms
step:491/2750 train_time:1127.029s step_avg:2295.37ms
step:492/2750 train_time:1129.318s step_avg:2295.36ms
step:493/2750 train_time:1131.601s step_avg:2295.34ms
step:494/2750 train_time:1133.888s step_avg:2295.32ms
step:495/2750 train_time:1136.177s step_avg:2295.31ms
step:496/2750 train_time:1138.463s step_avg:2295.29ms
step:497/2750 train_time:1140.748s step_avg:2295.27ms
step:498/2750 train_time:1143.037s step_avg:2295.25ms
step:499/2750 train_time:1145.321s step_avg:2295.23ms
step:500/2750 train_time:1147.612s step_avg:2295.22ms
step:500/2750 val_loss:3.80751 train_time:1147.612s step_avg:2286.99ms
step:501/2750 train_time:1149.907s step_avg:2295.22ms
step:502/2750 train_time:1152.196s step_avg:2295.21ms
step:503/2750 train_time:1154.485s step_avg:2295.20ms
step:504/2750 train_time:1156.771s step_avg:2295.18ms
step:505/2750 train_time:1159.057s step_avg:2295.16ms
step:506/2750 train_time:1161.347s step_avg:2295.15ms
step:507/2750 train_time:1163.630s step_avg:2295.13ms
step:508/2750 train_time:1165.915s step_avg:2295.11ms
step:509/2750 train_time:1168.206s step_avg:2295.10ms
step:510/2750 train_time:1170.493s step_avg:2295.09ms
step:511/2750 train_time:1172.781s step_avg:2295.07ms
step:512/2750 train_time:1175.068s step_avg:2295.06ms
step:513/2750 train_time:1177.353s step_avg:2295.03ms
step:514/2750 train_time:1179.641s step_avg:2295.02ms
step:515/2750 train_time:1181.929s step_avg:2295.01ms
step:516/2750 train_time:1184.213s step_avg:2294.99ms
step:517/2750 train_time:1186.495s step_avg:2294.96ms
step:518/2750 train_time:1188.783s step_avg:2294.95ms
step:519/2750 train_time:1191.069s step_avg:2294.93ms
step:520/2750 train_time:1193.354s step_avg:2294.91ms
step:521/2750 train_time:1195.641s step_avg:2294.90ms
step:522/2750 train_time:1197.928s step_avg:2294.88ms
step:523/2750 train_time:1200.210s step_avg:2294.86ms
step:524/2750 train_time:1202.498s step_avg:2294.84ms
step:525/2750 train_time:1204.788s step_avg:2294.83ms
step:526/2750 train_time:1207.074s step_avg:2294.82ms
step:527/2750 train_time:1209.359s step_avg:2294.80ms
step:528/2750 train_time:1211.645s step_avg:2294.78ms
step:529/2750 train_time:1213.931s step_avg:2294.77ms
step:530/2750 train_time:1216.220s step_avg:2294.75ms
step:531/2750 train_time:1218.507s step_avg:2294.74ms
step:532/2750 train_time:1220.794s step_avg:2294.72ms
step:533/2750 train_time:1223.085s step_avg:2294.72ms
step:534/2750 train_time:1225.372s step_avg:2294.70ms
step:535/2750 train_time:1227.664s step_avg:2294.70ms
step:536/2750 train_time:1229.954s step_avg:2294.69ms
step:537/2750 train_time:1232.241s step_avg:2294.68ms
step:538/2750 train_time:1234.525s step_avg:2294.66ms
step:539/2750 train_time:1236.817s step_avg:2294.65ms
step:540/2750 train_time:1239.105s step_avg:2294.64ms
step:541/2750 train_time:1241.390s step_avg:2294.62ms
step:542/2750 train_time:1243.679s step_avg:2294.61ms
step:543/2750 train_time:1245.968s step_avg:2294.60ms
step:544/2750 train_time:1248.251s step_avg:2294.58ms
step:545/2750 train_time:1250.540s step_avg:2294.57ms
step:546/2750 train_time:1252.831s step_avg:2294.56ms
step:547/2750 train_time:1255.113s step_avg:2294.54ms
step:548/2750 train_time:1257.397s step_avg:2294.52ms
step:549/2750 train_time:1259.689s step_avg:2294.52ms
step:550/2750 train_time:1261.970s step_avg:2294.49ms
step:551/2750 train_time:1264.259s step_avg:2294.48ms
step:552/2750 train_time:1266.550s step_avg:2294.48ms
step:553/2750 train_time:1268.834s step_avg:2294.46ms
step:554/2750 train_time:1271.121s step_avg:2294.44ms
step:555/2750 train_time:1273.411s step_avg:2294.43ms
step:556/2750 train_time:1275.692s step_avg:2294.41ms
step:557/2750 train_time:1277.980s step_avg:2294.40ms
step:558/2750 train_time:1280.269s step_avg:2294.39ms
step:559/2750 train_time:1282.552s step_avg:2294.37ms
step:560/2750 train_time:1284.838s step_avg:2294.35ms
step:561/2750 train_time:1287.130s step_avg:2294.35ms
step:562/2750 train_time:1289.413s step_avg:2294.33ms
step:563/2750 train_time:1291.700s step_avg:2294.32ms
step:564/2750 train_time:1293.991s step_avg:2294.31ms
step:565/2750 train_time:1296.273s step_avg:2294.29ms
step:566/2750 train_time:1298.562s step_avg:2294.28ms
step:567/2750 train_time:1300.851s step_avg:2294.27ms
step:568/2750 train_time:1303.132s step_avg:2294.25ms
step:569/2750 train_time:1305.419s step_avg:2294.23ms
step:570/2750 train_time:1307.710s step_avg:2294.23ms
step:571/2750 train_time:1310.015s step_avg:2294.25ms
step:572/2750 train_time:1312.302s step_avg:2294.23ms
step:573/2750 train_time:1314.586s step_avg:2294.22ms
step:574/2750 train_time:1316.872s step_avg:2294.20ms
step:575/2750 train_time:1319.159s step_avg:2294.19ms
step:576/2750 train_time:1321.449s step_avg:2294.18ms
step:577/2750 train_time:1323.735s step_avg:2294.17ms
step:578/2750 train_time:1326.023s step_avg:2294.16ms
step:579/2750 train_time:1328.310s step_avg:2294.15ms
step:580/2750 train_time:1330.601s step_avg:2294.14ms
step:581/2750 train_time:1332.890s step_avg:2294.13ms
step:582/2750 train_time:1335.175s step_avg:2294.12ms
step:583/2750 train_time:1337.462s step_avg:2294.10ms
step:584/2750 train_time:1339.750s step_avg:2294.09ms
step:585/2750 train_time:1342.038s step_avg:2294.08ms
step:586/2750 train_time:1344.329s step_avg:2294.08ms
step:587/2750 train_time:1346.612s step_avg:2294.06ms
step:588/2750 train_time:1348.894s step_avg:2294.04ms
step:589/2750 train_time:1351.185s step_avg:2294.03ms
step:590/2750 train_time:1353.471s step_avg:2294.02ms
step:591/2750 train_time:1355.755s step_avg:2294.00ms
step:592/2750 train_time:1358.043s step_avg:2293.99ms
step:593/2750 train_time:1360.331s step_avg:2293.98ms
step:594/2750 train_time:1362.617s step_avg:2293.97ms
step:595/2750 train_time:1364.903s step_avg:2293.95ms
step:596/2750 train_time:1367.190s step_avg:2293.94ms
step:597/2750 train_time:1369.474s step_avg:2293.93ms
step:598/2750 train_time:1371.761s step_avg:2293.91ms
step:599/2750 train_time:1374.053s step_avg:2293.91ms
step:600/2750 train_time:1376.339s step_avg:2293.90ms
step:601/2750 train_time:1378.628s step_avg:2293.89ms
step:602/2750 train_time:1380.913s step_avg:2293.87ms
step:603/2750 train_time:1383.197s step_avg:2293.86ms
step:604/2750 train_time:1385.487s step_avg:2293.85ms
step:605/2750 train_time:1387.771s step_avg:2293.84ms
step:606/2750 train_time:1390.058s step_avg:2293.83ms
step:607/2750 train_time:1392.347s step_avg:2293.82ms
step:608/2750 train_time:1394.632s step_avg:2293.80ms
step:609/2750 train_time:1396.915s step_avg:2293.79ms
step:610/2750 train_time:1399.201s step_avg:2293.77ms
step:611/2750 train_time:1401.489s step_avg:2293.76ms
step:612/2750 train_time:1403.775s step_avg:2293.75ms
step:613/2750 train_time:1406.063s step_avg:2293.74ms
step:614/2750 train_time:1408.354s step_avg:2293.74ms
step:615/2750 train_time:1410.638s step_avg:2293.72ms
step:616/2750 train_time:1412.925s step_avg:2293.71ms
step:617/2750 train_time:1415.211s step_avg:2293.70ms
step:618/2750 train_time:1417.499s step_avg:2293.69ms
step:619/2750 train_time:1419.785s step_avg:2293.67ms
step:620/2750 train_time:1422.072s step_avg:2293.66ms
step:621/2750 train_time:1424.356s step_avg:2293.65ms
step:622/2750 train_time:1426.645s step_avg:2293.64ms
step:623/2750 train_time:1428.933s step_avg:2293.63ms
step:624/2750 train_time:1431.218s step_avg:2293.62ms
step:625/2750 train_time:1433.509s step_avg:2293.61ms
step:625/2750 val_loss:3.73058 train_time:1433.509s step_avg:2287.17ms
step:626/2750 train_time:1435.805s step_avg:2293.62ms
step:627/2750 train_time:1438.095s step_avg:2293.61ms
step:628/2750 train_time:1440.386s step_avg:2293.61ms
step:629/2750 train_time:1442.677s step_avg:2293.60ms
step:630/2750 train_time:1444.962s step_avg:2293.59ms
step:631/2750 train_time:1447.252s step_avg:2293.58ms
step:632/2750 train_time:1449.536s step_avg:2293.57ms
step:633/2750 train_time:1451.824s step_avg:2293.56ms
step:634/2750 train_time:1454.112s step_avg:2293.55ms
step:635/2750 train_time:1456.397s step_avg:2293.54ms
step:636/2750 train_time:1458.678s step_avg:2293.52ms
step:637/2750 train_time:1460.966s step_avg:2293.51ms
step:638/2750 train_time:1463.250s step_avg:2293.50ms
step:639/2750 train_time:1465.538s step_avg:2293.49ms
step:640/2750 train_time:1467.828s step_avg:2293.48ms
step:641/2750 train_time:1470.116s step_avg:2293.47ms
step:642/2750 train_time:1472.399s step_avg:2293.46ms
step:643/2750 train_time:1474.686s step_avg:2293.45ms
step:644/2750 train_time:1476.971s step_avg:2293.43ms
step:645/2750 train_time:1479.254s step_avg:2293.42ms
step:646/2750 train_time:1481.539s step_avg:2293.40ms
step:647/2750 train_time:1483.827s step_avg:2293.40ms
step:648/2750 train_time:1486.113s step_avg:2293.38ms
step:649/2750 train_time:1488.399s step_avg:2293.37ms
step:650/2750 train_time:1490.687s step_avg:2293.37ms
step:651/2750 train_time:1492.975s step_avg:2293.36ms
step:652/2750 train_time:1495.260s step_avg:2293.34ms
step:653/2750 train_time:1497.547s step_avg:2293.33ms
step:654/2750 train_time:1499.835s step_avg:2293.33ms
step:655/2750 train_time:1502.132s step_avg:2293.33ms
step:656/2750 train_time:1504.418s step_avg:2293.32ms
step:657/2750 train_time:1506.702s step_avg:2293.31ms
step:658/2750 train_time:1508.991s step_avg:2293.30ms
step:659/2750 train_time:1511.274s step_avg:2293.28ms
step:660/2750 train_time:1513.560s step_avg:2293.27ms
step:661/2750 train_time:1515.852s step_avg:2293.27ms
step:662/2750 train_time:1518.139s step_avg:2293.26ms
step:663/2750 train_time:1520.426s step_avg:2293.25ms
step:664/2750 train_time:1522.716s step_avg:2293.25ms
step:665/2750 train_time:1524.998s step_avg:2293.23ms
step:666/2750 train_time:1527.280s step_avg:2293.21ms
step:667/2750 train_time:1529.571s step_avg:2293.21ms
step:668/2750 train_time:1531.858s step_avg:2293.20ms
step:669/2750 train_time:1534.142s step_avg:2293.19ms
step:670/2750 train_time:1536.435s step_avg:2293.19ms
step:671/2750 train_time:1538.721s step_avg:2293.18ms
step:672/2750 train_time:1541.012s step_avg:2293.17ms
step:673/2750 train_time:1543.302s step_avg:2293.17ms
step:674/2750 train_time:1545.588s step_avg:2293.16ms
step:675/2750 train_time:1547.874s step_avg:2293.15ms
step:676/2750 train_time:1550.168s step_avg:2293.15ms
step:677/2750 train_time:1552.458s step_avg:2293.14ms
step:678/2750 train_time:1554.741s step_avg:2293.13ms
step:679/2750 train_time:1557.028s step_avg:2293.12ms
step:680/2750 train_time:1559.322s step_avg:2293.12ms
step:681/2750 train_time:1561.603s step_avg:2293.10ms
step:682/2750 train_time:1563.888s step_avg:2293.09ms
step:683/2750 train_time:1566.181s step_avg:2293.09ms
step:684/2750 train_time:1568.461s step_avg:2293.07ms
step:685/2750 train_time:1570.747s step_avg:2293.06ms
step:686/2750 train_time:1573.036s step_avg:2293.06ms
step:687/2750 train_time:1575.318s step_avg:2293.04ms
step:688/2750 train_time:1577.606s step_avg:2293.03ms
step:689/2750 train_time:1579.895s step_avg:2293.03ms
step:690/2750 train_time:1582.182s step_avg:2293.02ms
step:691/2750 train_time:1584.469s step_avg:2293.01ms
step:692/2750 train_time:1586.761s step_avg:2293.01ms
step:693/2750 train_time:1589.043s step_avg:2292.99ms
step:694/2750 train_time:1591.328s step_avg:2292.98ms
step:695/2750 train_time:1593.615s step_avg:2292.97ms
step:696/2750 train_time:1595.898s step_avg:2292.96ms
step:697/2750 train_time:1598.188s step_avg:2292.95ms
step:698/2750 train_time:1600.478s step_avg:2292.95ms
step:699/2750 train_time:1602.765s step_avg:2292.94ms
step:700/2750 train_time:1605.054s step_avg:2292.93ms
step:701/2750 train_time:1607.349s step_avg:2292.94ms
step:702/2750 train_time:1609.638s step_avg:2292.93ms
step:703/2750 train_time:1611.929s step_avg:2292.93ms
step:704/2750 train_time:1614.219s step_avg:2292.93ms
step:705/2750 train_time:1616.505s step_avg:2292.91ms
step:706/2750 train_time:1618.790s step_avg:2292.90ms
step:707/2750 train_time:1621.079s step_avg:2292.90ms
step:708/2750 train_time:1623.364s step_avg:2292.89ms
step:709/2750 train_time:1625.651s step_avg:2292.88ms
step:710/2750 train_time:1627.938s step_avg:2292.87ms
step:711/2750 train_time:1630.224s step_avg:2292.86ms
step:712/2750 train_time:1632.514s step_avg:2292.86ms
step:713/2750 train_time:1634.801s step_avg:2292.85ms
step:714/2750 train_time:1637.090s step_avg:2292.84ms
step:715/2750 train_time:1639.373s step_avg:2292.83ms
step:716/2750 train_time:1641.662s step_avg:2292.82ms
step:717/2750 train_time:1643.953s step_avg:2292.82ms
step:718/2750 train_time:1646.239s step_avg:2292.81ms
step:719/2750 train_time:1648.522s step_avg:2292.80ms
step:720/2750 train_time:1650.811s step_avg:2292.79ms
step:721/2750 train_time:1653.101s step_avg:2292.79ms
step:722/2750 train_time:1655.389s step_avg:2292.78ms
step:723/2750 train_time:1657.680s step_avg:2292.78ms
step:724/2750 train_time:1659.965s step_avg:2292.77ms
step:725/2750 train_time:1662.253s step_avg:2292.76ms
step:726/2750 train_time:1664.543s step_avg:2292.76ms
step:727/2750 train_time:1666.834s step_avg:2292.76ms
step:728/2750 train_time:1669.114s step_avg:2292.74ms
step:729/2750 train_time:1671.400s step_avg:2292.73ms
step:730/2750 train_time:1673.683s step_avg:2292.72ms
step:731/2750 train_time:1675.966s step_avg:2292.70ms
step:732/2750 train_time:1678.256s step_avg:2292.70ms
step:733/2750 train_time:1680.542s step_avg:2292.69ms
step:734/2750 train_time:1682.831s step_avg:2292.69ms
step:735/2750 train_time:1685.123s step_avg:2292.68ms
step:736/2750 train_time:1687.407s step_avg:2292.67ms
step:737/2750 train_time:1689.694s step_avg:2292.67ms
step:738/2750 train_time:1691.985s step_avg:2292.66ms
step:739/2750 train_time:1694.277s step_avg:2292.66ms
step:740/2750 train_time:1696.558s step_avg:2292.65ms
step:741/2750 train_time:1698.847s step_avg:2292.64ms
step:742/2750 train_time:1701.138s step_avg:2292.64ms
step:743/2750 train_time:1703.423s step_avg:2292.63ms
step:744/2750 train_time:1705.709s step_avg:2292.62ms
step:745/2750 train_time:1708.000s step_avg:2292.62ms
step:746/2750 train_time:1710.285s step_avg:2292.61ms
step:747/2750 train_time:1712.571s step_avg:2292.60ms
step:748/2750 train_time:1714.871s step_avg:2292.61ms
step:749/2750 train_time:1717.158s step_avg:2292.60ms
step:750/2750 train_time:1719.445s step_avg:2292.59ms
step:750/2750 val_loss:3.68448 train_time:1719.445s step_avg:2287.49ms
step:751/2750 train_time:1721.742s step_avg:2292.60ms
step:752/2750 train_time:1724.026s step_avg:2292.59ms
step:753/2750 train_time:1726.312s step_avg:2292.58ms
step:754/2750 train_time:1728.604s step_avg:2292.58ms
step:755/2750 train_time:1730.888s step_avg:2292.57ms
step:756/2750 train_time:1733.175s step_avg:2292.56ms
step:757/2750 train_time:1735.462s step_avg:2292.55ms
step:758/2750 train_time:1737.745s step_avg:2292.54ms
step:759/2750 train_time:1740.033s step_avg:2292.53ms
step:760/2750 train_time:1742.326s step_avg:2292.53ms
step:761/2750 train_time:1744.638s step_avg:2292.56ms
step:762/2750 train_time:1746.924s step_avg:2292.55ms
step:763/2750 train_time:1749.212s step_avg:2292.55ms
step:764/2750 train_time:1751.503s step_avg:2292.54ms
step:765/2750 train_time:1753.788s step_avg:2292.53ms
step:766/2750 train_time:1756.075s step_avg:2292.53ms
step:767/2750 train_time:1758.366s step_avg:2292.52ms
step:768/2750 train_time:1760.653s step_avg:2292.52ms
step:769/2750 train_time:1762.931s step_avg:2292.50ms
step:770/2750 train_time:1765.220s step_avg:2292.49ms
step:771/2750 train_time:1767.504s step_avg:2292.48ms
step:772/2750 train_time:1769.789s step_avg:2292.47ms
step:773/2750 train_time:1772.079s step_avg:2292.47ms
step:774/2750 train_time:1774.364s step_avg:2292.46ms
step:775/2750 train_time:1776.654s step_avg:2292.46ms
step:776/2750 train_time:1778.943s step_avg:2292.45ms
step:777/2750 train_time:1781.228s step_avg:2292.44ms
step:778/2750 train_time:1783.518s step_avg:2292.44ms
step:779/2750 train_time:1785.808s step_avg:2292.44ms
step:780/2750 train_time:1788.100s step_avg:2292.44ms
step:781/2750 train_time:1790.382s step_avg:2292.42ms
step:782/2750 train_time:1792.669s step_avg:2292.42ms
step:783/2750 train_time:1794.963s step_avg:2292.42ms
step:784/2750 train_time:1797.248s step_avg:2292.41ms
step:785/2750 train_time:1799.538s step_avg:2292.41ms
step:786/2750 train_time:1801.828s step_avg:2292.40ms
step:787/2750 train_time:1804.111s step_avg:2292.39ms
step:788/2750 train_time:1806.399s step_avg:2292.38ms
step:789/2750 train_time:1808.689s step_avg:2292.38ms
step:790/2750 train_time:1810.971s step_avg:2292.37ms
step:791/2750 train_time:1813.258s step_avg:2292.36ms
step:792/2750 train_time:1815.548s step_avg:2292.36ms
step:793/2750 train_time:1817.830s step_avg:2292.35ms
step:794/2750 train_time:1820.119s step_avg:2292.34ms
step:795/2750 train_time:1822.413s step_avg:2292.34ms
step:796/2750 train_time:1824.699s step_avg:2292.33ms
step:797/2750 train_time:1826.987s step_avg:2292.33ms
step:798/2750 train_time:1829.273s step_avg:2292.32ms
step:799/2750 train_time:1831.567s step_avg:2292.32ms
step:800/2750 train_time:1833.854s step_avg:2292.32ms
step:801/2750 train_time:1836.138s step_avg:2292.31ms
step:802/2750 train_time:1838.423s step_avg:2292.30ms
step:803/2750 train_time:1840.712s step_avg:2292.29ms
step:804/2750 train_time:1842.999s step_avg:2292.29ms
step:805/2750 train_time:1845.283s step_avg:2292.28ms
step:806/2750 train_time:1847.569s step_avg:2292.27ms
step:807/2750 train_time:1849.857s step_avg:2292.26ms
step:808/2750 train_time:1852.138s step_avg:2292.25ms
step:809/2750 train_time:1854.426s step_avg:2292.24ms
step:810/2750 train_time:1856.710s step_avg:2292.23ms
step:811/2750 train_time:1858.993s step_avg:2292.22ms
step:812/2750 train_time:1861.278s step_avg:2292.21ms
step:813/2750 train_time:1863.569s step_avg:2292.21ms
step:814/2750 train_time:1865.851s step_avg:2292.20ms
step:815/2750 train_time:1868.137s step_avg:2292.19ms
step:816/2750 train_time:1870.430s step_avg:2292.19ms
step:817/2750 train_time:1872.714s step_avg:2292.18ms
step:818/2750 train_time:1874.999s step_avg:2292.17ms
step:819/2750 train_time:1877.287s step_avg:2292.17ms
step:820/2750 train_time:1879.572s step_avg:2292.16ms
step:821/2750 train_time:1881.860s step_avg:2292.16ms
step:822/2750 train_time:1884.148s step_avg:2292.15ms
step:823/2750 train_time:1886.431s step_avg:2292.14ms
step:824/2750 train_time:1888.717s step_avg:2292.13ms
step:825/2750 train_time:1891.004s step_avg:2292.13ms
step:826/2750 train_time:1893.286s step_avg:2292.11ms
step:827/2750 train_time:1895.570s step_avg:2292.10ms
step:828/2750 train_time:1897.862s step_avg:2292.10ms
step:829/2750 train_time:1900.143s step_avg:2292.09ms
step:830/2750 train_time:1902.429s step_avg:2292.08ms
step:831/2750 train_time:1904.720s step_avg:2292.08ms
step:832/2750 train_time:1907.004s step_avg:2292.07ms
step:833/2750 train_time:1909.291s step_avg:2292.07ms
step:834/2750 train_time:1911.590s step_avg:2292.07ms
step:835/2750 train_time:1913.876s step_avg:2292.07ms
step:836/2750 train_time:1916.162s step_avg:2292.06ms
step:837/2750 train_time:1918.450s step_avg:2292.06ms
step:838/2750 train_time:1920.735s step_avg:2292.05ms
step:839/2750 train_time:1923.019s step_avg:2292.04ms
step:840/2750 train_time:1925.310s step_avg:2292.04ms
step:841/2750 train_time:1927.602s step_avg:2292.04ms
step:842/2750 train_time:1929.889s step_avg:2292.03ms
step:843/2750 train_time:1932.174s step_avg:2292.02ms
step:844/2750 train_time:1934.459s step_avg:2292.01ms
step:845/2750 train_time:1936.746s step_avg:2292.01ms
step:846/2750 train_time:1939.030s step_avg:2292.00ms
step:847/2750 train_time:1941.309s step_avg:2291.98ms
step:848/2750 train_time:1943.595s step_avg:2291.98ms
step:849/2750 train_time:1945.883s step_avg:2291.97ms
step:850/2750 train_time:1948.164s step_avg:2291.96ms
step:851/2750 train_time:1950.452s step_avg:2291.95ms
step:852/2750 train_time:1952.744s step_avg:2291.95ms
step:853/2750 train_time:1955.028s step_avg:2291.94ms
step:854/2750 train_time:1957.314s step_avg:2291.94ms
step:855/2750 train_time:1959.603s step_avg:2291.93ms
step:856/2750 train_time:1961.886s step_avg:2291.92ms
step:857/2750 train_time:1964.173s step_avg:2291.92ms
step:858/2750 train_time:1966.460s step_avg:2291.91ms
step:859/2750 train_time:1968.740s step_avg:2291.90ms
step:860/2750 train_time:1971.029s step_avg:2291.89ms
step:861/2750 train_time:1973.316s step_avg:2291.89ms
step:862/2750 train_time:1975.598s step_avg:2291.88ms
step:863/2750 train_time:1977.888s step_avg:2291.88ms
step:864/2750 train_time:1980.181s step_avg:2291.88ms
step:865/2750 train_time:1982.465s step_avg:2291.87ms
step:866/2750 train_time:1984.753s step_avg:2291.86ms
step:867/2750 train_time:1987.045s step_avg:2291.86ms
step:868/2750 train_time:1989.324s step_avg:2291.85ms
step:869/2750 train_time:1991.613s step_avg:2291.85ms
step:870/2750 train_time:1993.904s step_avg:2291.84ms
step:871/2750 train_time:1996.187s step_avg:2291.83ms
step:872/2750 train_time:1998.474s step_avg:2291.83ms
step:873/2750 train_time:2000.764s step_avg:2291.83ms
step:874/2750 train_time:2003.046s step_avg:2291.81ms
step:875/2750 train_time:2005.331s step_avg:2291.81ms
step:875/2750 val_loss:3.64324 train_time:2005.331s step_avg:2287.09ms
step:876/2750 train_time:2007.625s step_avg:2291.81ms
step:877/2750 train_time:2009.910s step_avg:2291.80ms
step:878/2750 train_time:2012.203s step_avg:2291.80ms
step:879/2750 train_time:2014.490s step_avg:2291.80ms
step:880/2750 train_time:2016.782s step_avg:2291.80ms
step:881/2750 train_time:2019.072s step_avg:2291.80ms
step:882/2750 train_time:2021.366s step_avg:2291.80ms
step:883/2750 train_time:2023.651s step_avg:2291.79ms
step:884/2750 train_time:2025.938s step_avg:2291.78ms
step:885/2750 train_time:2028.229s step_avg:2291.78ms
step:886/2750 train_time:2030.512s step_avg:2291.77ms
step:887/2750 train_time:2032.800s step_avg:2291.77ms
step:888/2750 train_time:2035.099s step_avg:2291.78ms
step:889/2750 train_time:2037.384s step_avg:2291.77ms
step:890/2750 train_time:2039.670s step_avg:2291.76ms
step:891/2750 train_time:2041.957s step_avg:2291.76ms
step:892/2750 train_time:2044.245s step_avg:2291.75ms
step:893/2750 train_time:2046.536s step_avg:2291.75ms
step:894/2750 train_time:2048.830s step_avg:2291.76ms
step:895/2750 train_time:2051.122s step_avg:2291.76ms
step:896/2750 train_time:2053.407s step_avg:2291.75ms
step:897/2750 train_time:2055.694s step_avg:2291.74ms
step:898/2750 train_time:2057.984s step_avg:2291.74ms
step:899/2750 train_time:2060.270s step_avg:2291.74ms
step:900/2750 train_time:2062.553s step_avg:2291.73ms
step:901/2750 train_time:2064.844s step_avg:2291.72ms
step:902/2750 train_time:2067.128s step_avg:2291.72ms
step:903/2750 train_time:2069.417s step_avg:2291.71ms
step:904/2750 train_time:2071.709s step_avg:2291.71ms
step:905/2750 train_time:2073.995s step_avg:2291.71ms
step:906/2750 train_time:2076.282s step_avg:2291.70ms
step:907/2750 train_time:2078.568s step_avg:2291.70ms
step:908/2750 train_time:2080.851s step_avg:2291.69ms
step:909/2750 train_time:2083.139s step_avg:2291.68ms
step:910/2750 train_time:2085.431s step_avg:2291.68ms
step:911/2750 train_time:2087.719s step_avg:2291.68ms
step:912/2750 train_time:2090.001s step_avg:2291.67ms
step:913/2750 train_time:2092.289s step_avg:2291.66ms
step:914/2750 train_time:2094.573s step_avg:2291.66ms
step:915/2750 train_time:2096.857s step_avg:2291.65ms
step:916/2750 train_time:2099.146s step_avg:2291.64ms
step:917/2750 train_time:2101.430s step_avg:2291.64ms
step:918/2750 train_time:2103.716s step_avg:2291.63ms
step:919/2750 train_time:2106.006s step_avg:2291.63ms
step:920/2750 train_time:2108.292s step_avg:2291.62ms
step:921/2750 train_time:2110.582s step_avg:2291.62ms
step:922/2750 train_time:2112.878s step_avg:2291.62ms
step:923/2750 train_time:2115.163s step_avg:2291.62ms
step:924/2750 train_time:2117.449s step_avg:2291.61ms
step:925/2750 train_time:2119.735s step_avg:2291.61ms
step:926/2750 train_time:2122.024s step_avg:2291.60ms
step:927/2750 train_time:2124.305s step_avg:2291.59ms
step:928/2750 train_time:2126.594s step_avg:2291.59ms
step:929/2750 train_time:2128.885s step_avg:2291.59ms
step:930/2750 train_time:2131.168s step_avg:2291.58ms
step:931/2750 train_time:2133.453s step_avg:2291.57ms
step:932/2750 train_time:2135.744s step_avg:2291.57ms
step:933/2750 train_time:2138.025s step_avg:2291.56ms
step:934/2750 train_time:2140.316s step_avg:2291.56ms
step:935/2750 train_time:2142.609s step_avg:2291.56ms
step:936/2750 train_time:2144.892s step_avg:2291.55ms
step:937/2750 train_time:2147.178s step_avg:2291.54ms
step:938/2750 train_time:2149.468s step_avg:2291.54ms
step:939/2750 train_time:2151.750s step_avg:2291.53ms
step:940/2750 train_time:2154.039s step_avg:2291.53ms
step:941/2750 train_time:2156.338s step_avg:2291.54ms
step:942/2750 train_time:2158.623s step_avg:2291.53ms
step:943/2750 train_time:2160.911s step_avg:2291.53ms
step:944/2750 train_time:2163.198s step_avg:2291.52ms
step:945/2750 train_time:2165.486s step_avg:2291.52ms
step:946/2750 train_time:2167.777s step_avg:2291.52ms
step:947/2750 train_time:2170.064s step_avg:2291.51ms
step:948/2750 train_time:2172.355s step_avg:2291.51ms
step:949/2750 train_time:2174.643s step_avg:2291.51ms
step:950/2750 train_time:2176.929s step_avg:2291.50ms
step:951/2750 train_time:2179.238s step_avg:2291.52ms
step:952/2750 train_time:2181.529s step_avg:2291.52ms
step:953/2750 train_time:2183.816s step_avg:2291.52ms
step:954/2750 train_time:2186.100s step_avg:2291.51ms
step:955/2750 train_time:2188.390s step_avg:2291.51ms
step:956/2750 train_time:2190.671s step_avg:2291.50ms
step:957/2750 train_time:2192.958s step_avg:2291.49ms
step:958/2750 train_time:2195.249s step_avg:2291.49ms
step:959/2750 train_time:2197.533s step_avg:2291.48ms
step:960/2750 train_time:2199.819s step_avg:2291.48ms
step:961/2750 train_time:2202.111s step_avg:2291.48ms
step:962/2750 train_time:2204.395s step_avg:2291.47ms
step:963/2750 train_time:2206.683s step_avg:2291.47ms
step:964/2750 train_time:2208.975s step_avg:2291.47ms
step:965/2750 train_time:2211.259s step_avg:2291.46ms
step:966/2750 train_time:2213.549s step_avg:2291.46ms
step:967/2750 train_time:2215.837s step_avg:2291.45ms
step:968/2750 train_time:2218.118s step_avg:2291.44ms
step:969/2750 train_time:2220.407s step_avg:2291.44ms
step:970/2750 train_time:2222.696s step_avg:2291.44ms
step:971/2750 train_time:2224.980s step_avg:2291.43ms
step:972/2750 train_time:2227.275s step_avg:2291.44ms
step:973/2750 train_time:2229.562s step_avg:2291.43ms
step:974/2750 train_time:2231.848s step_avg:2291.43ms
step:975/2750 train_time:2234.138s step_avg:2291.42ms
step:976/2750 train_time:2236.424s step_avg:2291.42ms
step:977/2750 train_time:2238.712s step_avg:2291.41ms
step:978/2750 train_time:2240.999s step_avg:2291.41ms
step:979/2750 train_time:2243.286s step_avg:2291.41ms
step:980/2750 train_time:2245.577s step_avg:2291.41ms
step:981/2750 train_time:2247.863s step_avg:2291.40ms
step:982/2750 train_time:2250.150s step_avg:2291.40ms
step:983/2750 train_time:2252.437s step_avg:2291.39ms
step:984/2750 train_time:2254.725s step_avg:2291.39ms
step:985/2750 train_time:2257.010s step_avg:2291.38ms
step:986/2750 train_time:2259.297s step_avg:2291.38ms
step:987/2750 train_time:2261.584s step_avg:2291.37ms
step:988/2750 train_time:2263.870s step_avg:2291.37ms
step:989/2750 train_time:2266.159s step_avg:2291.36ms
step:990/2750 train_time:2268.449s step_avg:2291.36ms
step:991/2750 train_time:2270.735s step_avg:2291.36ms
step:992/2750 train_time:2273.020s step_avg:2291.35ms
step:993/2750 train_time:2275.305s step_avg:2291.34ms
step:994/2750 train_time:2277.589s step_avg:2291.34ms
step:995/2750 train_time:2279.879s step_avg:2291.34ms
step:996/2750 train_time:2282.168s step_avg:2291.33ms
step:997/2750 train_time:2284.450s step_avg:2291.32ms
step:998/2750 train_time:2286.738s step_avg:2291.32ms
step:999/2750 train_time:2289.028s step_avg:2291.32ms
step:1000/2750 train_time:2291.314s step_avg:2291.31ms
step:1000/2750 val_loss:3.60478 train_time:2291.315s step_avg:2287.87ms
step:1001/2750 train_time:2293.611s step_avg:2291.32ms
step:1002/2750 train_time:2295.900s step_avg:2291.32ms
step:1003/2750 train_time:2298.187s step_avg:2291.31ms
step:1004/2750 train_time:2300.471s step_avg:2291.31ms
step:1005/2750 train_time:2302.759s step_avg:2291.30ms
step:1006/2750 train_time:2305.046s step_avg:2291.30ms
step:1007/2750 train_time:2307.328s step_avg:2291.29ms
step:1008/2750 train_time:2309.616s step_avg:2291.29ms
step:1009/2750 train_time:2311.904s step_avg:2291.28ms
step:1010/2750 train_time:2314.192s step_avg:2291.28ms
step:1011/2750 train_time:2316.482s step_avg:2291.28ms
step:1012/2750 train_time:2318.770s step_avg:2291.27ms
step:1013/2750 train_time:2321.058s step_avg:2291.27ms
step:1014/2750 train_time:2323.347s step_avg:2291.27ms
step:1015/2750 train_time:2325.633s step_avg:2291.26ms
step:1016/2750 train_time:2327.921s step_avg:2291.26ms
step:1017/2750 train_time:2330.211s step_avg:2291.26ms
step:1018/2750 train_time:2332.498s step_avg:2291.26ms
step:1019/2750 train_time:2334.783s step_avg:2291.25ms
step:1020/2750 train_time:2337.068s step_avg:2291.24ms
step:1021/2750 train_time:2339.351s step_avg:2291.24ms
step:1022/2750 train_time:2341.640s step_avg:2291.23ms
step:1023/2750 train_time:2343.930s step_avg:2291.23ms
step:1024/2750 train_time:2346.215s step_avg:2291.23ms
step:1025/2750 train_time:2348.507s step_avg:2291.23ms
step:1026/2750 train_time:2350.793s step_avg:2291.22ms
step:1027/2750 train_time:2353.077s step_avg:2291.21ms
step:1028/2750 train_time:2355.366s step_avg:2291.21ms
step:1029/2750 train_time:2357.651s step_avg:2291.21ms
step:1030/2750 train_time:2359.937s step_avg:2291.20ms
step:1031/2750 train_time:2362.225s step_avg:2291.20ms
step:1032/2750 train_time:2364.510s step_avg:2291.19ms
step:1033/2750 train_time:2366.793s step_avg:2291.18ms
step:1034/2750 train_time:2369.079s step_avg:2291.18ms
step:1035/2750 train_time:2371.363s step_avg:2291.17ms
step:1036/2750 train_time:2373.658s step_avg:2291.18ms
step:1037/2750 train_time:2375.947s step_avg:2291.17ms
step:1038/2750 train_time:2378.232s step_avg:2291.17ms
step:1039/2750 train_time:2380.518s step_avg:2291.16ms
step:1040/2750 train_time:2382.804s step_avg:2291.16ms
step:1041/2750 train_time:2385.090s step_avg:2291.15ms
step:1042/2750 train_time:2387.372s step_avg:2291.14ms
step:1043/2750 train_time:2389.656s step_avg:2291.14ms
step:1044/2750 train_time:2391.941s step_avg:2291.13ms
step:1045/2750 train_time:2394.227s step_avg:2291.13ms
step:1046/2750 train_time:2396.512s step_avg:2291.12ms
step:1047/2750 train_time:2398.799s step_avg:2291.12ms
step:1048/2750 train_time:2401.086s step_avg:2291.11ms
step:1049/2750 train_time:2403.370s step_avg:2291.11ms
step:1050/2750 train_time:2405.658s step_avg:2291.10ms
step:1051/2750 train_time:2407.944s step_avg:2291.10ms
step:1052/2750 train_time:2410.231s step_avg:2291.09ms
step:1053/2750 train_time:2412.518s step_avg:2291.09ms
step:1054/2750 train_time:2414.804s step_avg:2291.09ms
step:1055/2750 train_time:2417.085s step_avg:2291.08ms
step:1056/2750 train_time:2419.371s step_avg:2291.07ms
step:1057/2750 train_time:2421.656s step_avg:2291.06ms
step:1058/2750 train_time:2423.938s step_avg:2291.06ms
step:1059/2750 train_time:2426.225s step_avg:2291.05ms
step:1060/2750 train_time:2428.516s step_avg:2291.05ms
step:1061/2750 train_time:2430.796s step_avg:2291.04ms
step:1062/2750 train_time:2433.087s step_avg:2291.04ms
step:1063/2750 train_time:2435.379s step_avg:2291.04ms
step:1064/2750 train_time:2437.665s step_avg:2291.04ms
step:1065/2750 train_time:2439.950s step_avg:2291.03ms
step:1066/2750 train_time:2442.236s step_avg:2291.03ms
step:1067/2750 train_time:2444.516s step_avg:2291.02ms
step:1068/2750 train_time:2446.801s step_avg:2291.01ms
step:1069/2750 train_time:2449.092s step_avg:2291.01ms
step:1070/2750 train_time:2451.374s step_avg:2291.00ms
step:1071/2750 train_time:2453.659s step_avg:2291.00ms
step:1072/2750 train_time:2455.948s step_avg:2291.00ms
step:1073/2750 train_time:2458.231s step_avg:2290.99ms
step:1074/2750 train_time:2460.521s step_avg:2290.99ms
step:1075/2750 train_time:2462.812s step_avg:2290.99ms
step:1076/2750 train_time:2465.096s step_avg:2290.98ms
step:1077/2750 train_time:2467.382s step_avg:2290.98ms
step:1078/2750 train_time:2469.673s step_avg:2290.98ms
step:1079/2750 train_time:2471.954s step_avg:2290.97ms
step:1080/2750 train_time:2474.242s step_avg:2290.96ms
step:1081/2750 train_time:2476.530s step_avg:2290.96ms
step:1082/2750 train_time:2478.810s step_avg:2290.95ms
step:1083/2750 train_time:2481.100s step_avg:2290.95ms
step:1084/2750 train_time:2483.389s step_avg:2290.95ms
step:1085/2750 train_time:2485.671s step_avg:2290.94ms
step:1086/2750 train_time:2487.960s step_avg:2290.94ms
step:1087/2750 train_time:2490.248s step_avg:2290.94ms
step:1088/2750 train_time:2492.531s step_avg:2290.93ms
step:1089/2750 train_time:2494.819s step_avg:2290.93ms
step:1090/2750 train_time:2497.109s step_avg:2290.93ms
step:1091/2750 train_time:2499.392s step_avg:2290.92ms
step:1092/2750 train_time:2501.681s step_avg:2290.92ms
step:1093/2750 train_time:2503.972s step_avg:2290.92ms
step:1094/2750 train_time:2506.256s step_avg:2290.91ms
step:1095/2750 train_time:2508.544s step_avg:2290.91ms
step:1096/2750 train_time:2510.832s step_avg:2290.91ms
step:1097/2750 train_time:2513.114s step_avg:2290.90ms
step:1098/2750 train_time:2515.402s step_avg:2290.89ms
step:1099/2750 train_time:2517.694s step_avg:2290.90ms
step:1100/2750 train_time:2519.975s step_avg:2290.89ms
step:1101/2750 train_time:2522.261s step_avg:2290.88ms
step:1102/2750 train_time:2524.550s step_avg:2290.88ms
step:1103/2750 train_time:2526.832s step_avg:2290.87ms
step:1104/2750 train_time:2529.119s step_avg:2290.87ms
step:1105/2750 train_time:2531.404s step_avg:2290.86ms
step:1106/2750 train_time:2533.693s step_avg:2290.86ms
step:1107/2750 train_time:2535.981s step_avg:2290.86ms
step:1108/2750 train_time:2538.271s step_avg:2290.86ms
step:1109/2750 train_time:2540.556s step_avg:2290.85ms
step:1110/2750 train_time:2542.842s step_avg:2290.85ms
step:1111/2750 train_time:2545.131s step_avg:2290.85ms
step:1112/2750 train_time:2547.412s step_avg:2290.84ms
step:1113/2750 train_time:2549.700s step_avg:2290.84ms
step:1114/2750 train_time:2551.989s step_avg:2290.83ms
step:1115/2750 train_time:2554.268s step_avg:2290.82ms
step:1116/2750 train_time:2556.558s step_avg:2290.82ms
step:1117/2750 train_time:2558.847s step_avg:2290.82ms
step:1118/2750 train_time:2561.131s step_avg:2290.81ms
step:1119/2750 train_time:2563.420s step_avg:2290.81ms
step:1120/2750 train_time:2565.711s step_avg:2290.81ms
step:1121/2750 train_time:2567.996s step_avg:2290.81ms
step:1122/2750 train_time:2570.285s step_avg:2290.81ms
step:1123/2750 train_time:2572.576s step_avg:2290.81ms
step:1124/2750 train_time:2574.860s step_avg:2290.80ms
step:1125/2750 train_time:2577.149s step_avg:2290.80ms
step:1125/2750 val_loss:3.58075 train_time:2577.149s step_avg:2286.67ms
step:1126/2750 train_time:2579.443s step_avg:2290.80ms
step:1127/2750 train_time:2581.730s step_avg:2290.80ms
step:1128/2750 train_time:2584.018s step_avg:2290.80ms
step:1129/2750 train_time:2586.310s step_avg:2290.80ms
step:1130/2750 train_time:2588.590s step_avg:2290.79ms
step:1131/2750 train_time:2590.879s step_avg:2290.79ms
step:1132/2750 train_time:2593.165s step_avg:2290.78ms
step:1133/2750 train_time:2595.452s step_avg:2290.78ms
step:1134/2750 train_time:2597.741s step_avg:2290.78ms
step:1135/2750 train_time:2600.031s step_avg:2290.78ms
step:1136/2750 train_time:2602.317s step_avg:2290.77ms
step:1137/2750 train_time:2604.606s step_avg:2290.77ms
step:1138/2750 train_time:2606.898s step_avg:2290.77ms
step:1139/2750 train_time:2609.182s step_avg:2290.77ms
step:1140/2750 train_time:2611.471s step_avg:2290.76ms
step:1141/2750 train_time:2613.778s step_avg:2290.78ms
step:1142/2750 train_time:2616.068s step_avg:2290.78ms
step:1143/2750 train_time:2618.354s step_avg:2290.77ms
step:1144/2750 train_time:2620.642s step_avg:2290.77ms
step:1145/2750 train_time:2622.930s step_avg:2290.77ms
step:1146/2750 train_time:2625.216s step_avg:2290.76ms
step:1147/2750 train_time:2627.502s step_avg:2290.76ms
step:1148/2750 train_time:2629.794s step_avg:2290.76ms
step:1149/2750 train_time:2632.078s step_avg:2290.76ms
step:1150/2750 train_time:2634.363s step_avg:2290.75ms
step:1151/2750 train_time:2636.652s step_avg:2290.75ms
step:1152/2750 train_time:2638.934s step_avg:2290.74ms
step:1153/2750 train_time:2641.219s step_avg:2290.74ms
step:1154/2750 train_time:2643.505s step_avg:2290.73ms
step:1155/2750 train_time:2645.792s step_avg:2290.73ms
step:1156/2750 train_time:2648.080s step_avg:2290.73ms
step:1157/2750 train_time:2650.372s step_avg:2290.73ms
step:1158/2750 train_time:2652.656s step_avg:2290.72ms
step:1159/2750 train_time:2654.944s step_avg:2290.72ms
step:1160/2750 train_time:2657.233s step_avg:2290.72ms
step:1161/2750 train_time:2659.518s step_avg:2290.71ms
step:1162/2750 train_time:2661.809s step_avg:2290.71ms
step:1163/2750 train_time:2664.098s step_avg:2290.71ms
step:1164/2750 train_time:2666.383s step_avg:2290.71ms
step:1165/2750 train_time:2668.667s step_avg:2290.70ms
step:1166/2750 train_time:2670.957s step_avg:2290.70ms
step:1167/2750 train_time:2673.242s step_avg:2290.70ms
step:1168/2750 train_time:2675.526s step_avg:2290.69ms
step:1169/2750 train_time:2677.816s step_avg:2290.69ms
step:1170/2750 train_time:2680.101s step_avg:2290.68ms
step:1171/2750 train_time:2682.387s step_avg:2290.68ms
step:1172/2750 train_time:2684.680s step_avg:2290.68ms
step:1173/2750 train_time:2686.967s step_avg:2290.68ms
step:1174/2750 train_time:2689.254s step_avg:2290.68ms
step:1175/2750 train_time:2691.543s step_avg:2290.67ms
step:1176/2750 train_time:2693.836s step_avg:2290.68ms
step:1177/2750 train_time:2696.116s step_avg:2290.67ms
step:1178/2750 train_time:2698.407s step_avg:2290.67ms
step:1179/2750 train_time:2700.695s step_avg:2290.67ms
step:1180/2750 train_time:2702.977s step_avg:2290.66ms
step:1181/2750 train_time:2705.262s step_avg:2290.65ms
step:1182/2750 train_time:2707.553s step_avg:2290.65ms
step:1183/2750 train_time:2709.838s step_avg:2290.65ms
step:1184/2750 train_time:2712.122s step_avg:2290.64ms
step:1185/2750 train_time:2714.413s step_avg:2290.64ms
step:1186/2750 train_time:2716.696s step_avg:2290.64ms
step:1187/2750 train_time:2718.984s step_avg:2290.64ms
step:1188/2750 train_time:2721.273s step_avg:2290.63ms
step:1189/2750 train_time:2723.559s step_avg:2290.63ms
step:1190/2750 train_time:2725.848s step_avg:2290.63ms
step:1191/2750 train_time:2728.144s step_avg:2290.63ms
step:1192/2750 train_time:2730.429s step_avg:2290.63ms
step:1193/2750 train_time:2732.716s step_avg:2290.62ms
step:1194/2750 train_time:2735.006s step_avg:2290.62ms
step:1195/2750 train_time:2737.290s step_avg:2290.62ms
step:1196/2750 train_time:2739.577s step_avg:2290.62ms
step:1197/2750 train_time:2741.865s step_avg:2290.61ms
step:1198/2750 train_time:2744.152s step_avg:2290.61ms
step:1199/2750 train_time:2746.438s step_avg:2290.61ms
step:1200/2750 train_time:2748.726s step_avg:2290.61ms
step:1201/2750 train_time:2751.014s step_avg:2290.60ms
step:1202/2750 train_time:2753.301s step_avg:2290.60ms
step:1203/2750 train_time:2755.586s step_avg:2290.60ms
step:1204/2750 train_time:2757.876s step_avg:2290.59ms
step:1205/2750 train_time:2760.162s step_avg:2290.59ms
step:1206/2750 train_time:2762.458s step_avg:2290.60ms
step:1207/2750 train_time:2764.747s step_avg:2290.59ms
step:1208/2750 train_time:2767.033s step_avg:2290.59ms
step:1209/2750 train_time:2769.316s step_avg:2290.58ms
step:1210/2750 train_time:2771.604s step_avg:2290.58ms
step:1211/2750 train_time:2773.892s step_avg:2290.58ms
step:1212/2750 train_time:2776.174s step_avg:2290.57ms
step:1213/2750 train_time:2778.460s step_avg:2290.57ms
step:1214/2750 train_time:2780.748s step_avg:2290.57ms
step:1215/2750 train_time:2783.036s step_avg:2290.56ms
step:1216/2750 train_time:2785.326s step_avg:2290.56ms
step:1217/2750 train_time:2787.615s step_avg:2290.56ms
step:1218/2750 train_time:2789.901s step_avg:2290.56ms
step:1219/2750 train_time:2792.189s step_avg:2290.56ms
step:1220/2750 train_time:2794.474s step_avg:2290.55ms
step:1221/2750 train_time:2796.760s step_avg:2290.55ms
step:1222/2750 train_time:2799.050s step_avg:2290.55ms
step:1223/2750 train_time:2801.336s step_avg:2290.54ms
step:1224/2750 train_time:2803.623s step_avg:2290.54ms
step:1225/2750 train_time:2805.910s step_avg:2290.54ms
step:1226/2750 train_time:2808.196s step_avg:2290.54ms
step:1227/2750 train_time:2810.486s step_avg:2290.53ms
step:1228/2750 train_time:2812.776s step_avg:2290.53ms
step:1229/2750 train_time:2815.057s step_avg:2290.53ms
step:1230/2750 train_time:2817.344s step_avg:2290.52ms
step:1231/2750 train_time:2819.634s step_avg:2290.52ms
step:1232/2750 train_time:2821.918s step_avg:2290.52ms
step:1233/2750 train_time:2824.201s step_avg:2290.51ms
step:1234/2750 train_time:2826.491s step_avg:2290.51ms
step:1235/2750 train_time:2828.777s step_avg:2290.51ms
step:1236/2750 train_time:2831.067s step_avg:2290.51ms
step:1237/2750 train_time:2833.357s step_avg:2290.51ms
step:1238/2750 train_time:2835.642s step_avg:2290.50ms
step:1239/2750 train_time:2837.925s step_avg:2290.50ms
step:1240/2750 train_time:2840.215s step_avg:2290.50ms
step:1241/2750 train_time:2842.499s step_avg:2290.49ms
step:1242/2750 train_time:2844.785s step_avg:2290.49ms
step:1243/2750 train_time:2847.074s step_avg:2290.49ms
step:1244/2750 train_time:2849.359s step_avg:2290.48ms
step:1245/2750 train_time:2851.645s step_avg:2290.48ms
step:1246/2750 train_time:2853.936s step_avg:2290.48ms
step:1247/2750 train_time:2856.219s step_avg:2290.47ms
step:1248/2750 train_time:2858.507s step_avg:2290.47ms
step:1249/2750 train_time:2860.796s step_avg:2290.47ms
step:1250/2750 train_time:2863.084s step_avg:2290.47ms
step:1250/2750 val_loss:3.55028 train_time:2863.085s step_avg:2287.49ms
step:1251/2750 train_time:2865.371s step_avg:2290.46ms
step:1252/2750 train_time:2867.659s step_avg:2290.46ms
step:1253/2750 train_time:2869.947s step_avg:2290.46ms
step:1254/2750 train_time:2872.236s step_avg:2290.46ms
step:1255/2750 train_time:2874.522s step_avg:2290.46ms
step:1256/2750 train_time:2876.814s step_avg:2290.46ms
step:1257/2750 train_time:2879.100s step_avg:2290.45ms
step:1258/2750 train_time:2881.388s step_avg:2290.45ms
step:1259/2750 train_time:2883.676s step_avg:2290.45ms
step:1260/2750 train_time:2885.963s step_avg:2290.45ms
step:1261/2750 train_time:2888.257s step_avg:2290.45ms
step:1262/2750 train_time:2890.543s step_avg:2290.45ms
step:1263/2750 train_time:2892.830s step_avg:2290.44ms
step:1264/2750 train_time:2895.120s step_avg:2290.44ms
step:1265/2750 train_time:2897.403s step_avg:2290.44ms
step:1266/2750 train_time:2899.689s step_avg:2290.43ms
step:1267/2750 train_time:2901.978s step_avg:2290.43ms
step:1268/2750 train_time:2904.263s step_avg:2290.43ms
step:1269/2750 train_time:2906.555s step_avg:2290.43ms
step:1270/2750 train_time:2908.846s step_avg:2290.43ms
step:1271/2750 train_time:2911.139s step_avg:2290.43ms
step:1272/2750 train_time:2913.423s step_avg:2290.43ms
step:1273/2750 train_time:2915.712s step_avg:2290.43ms
step:1274/2750 train_time:2918.000s step_avg:2290.42ms
step:1275/2750 train_time:2920.284s step_avg:2290.42ms
step:1276/2750 train_time:2922.570s step_avg:2290.42ms
step:1277/2750 train_time:2924.859s step_avg:2290.41ms
step:1278/2750 train_time:2927.143s step_avg:2290.41ms
step:1279/2750 train_time:2929.430s step_avg:2290.41ms
step:1280/2750 train_time:2931.719s step_avg:2290.41ms
step:1281/2750 train_time:2934.003s step_avg:2290.40ms
step:1282/2750 train_time:2936.289s step_avg:2290.40ms
step:1283/2750 train_time:2938.580s step_avg:2290.40ms
step:1284/2750 train_time:2940.863s step_avg:2290.39ms
step:1285/2750 train_time:2943.151s step_avg:2290.39ms
step:1286/2750 train_time:2945.443s step_avg:2290.39ms
step:1287/2750 train_time:2947.727s step_avg:2290.39ms
step:1288/2750 train_time:2950.016s step_avg:2290.39ms
step:1289/2750 train_time:2952.307s step_avg:2290.39ms
step:1290/2750 train_time:2954.589s step_avg:2290.38ms
step:1291/2750 train_time:2956.874s step_avg:2290.37ms
step:1292/2750 train_time:2959.165s step_avg:2290.38ms
step:1293/2750 train_time:2961.448s step_avg:2290.37ms
step:1294/2750 train_time:2963.736s step_avg:2290.37ms
step:1295/2750 train_time:2966.028s step_avg:2290.37ms
step:1296/2750 train_time:2968.310s step_avg:2290.36ms
step:1297/2750 train_time:2970.596s step_avg:2290.36ms
step:1298/2750 train_time:2972.884s step_avg:2290.36ms
step:1299/2750 train_time:2975.166s step_avg:2290.35ms
step:1300/2750 train_time:2977.454s step_avg:2290.35ms
step:1301/2750 train_time:2979.746s step_avg:2290.35ms
step:1302/2750 train_time:2982.034s step_avg:2290.35ms
step:1303/2750 train_time:2984.323s step_avg:2290.35ms
step:1304/2750 train_time:2986.609s step_avg:2290.34ms
step:1305/2750 train_time:2988.894s step_avg:2290.34ms
step:1306/2750 train_time:2991.178s step_avg:2290.34ms
step:1307/2750 train_time:2993.468s step_avg:2290.33ms
step:1308/2750 train_time:2995.755s step_avg:2290.33ms
step:1309/2750 train_time:2998.040s step_avg:2290.33ms
step:1310/2750 train_time:3000.327s step_avg:2290.33ms
step:1311/2750 train_time:3002.609s step_avg:2290.32ms
step:1312/2750 train_time:3004.900s step_avg:2290.32ms
step:1313/2750 train_time:3007.190s step_avg:2290.32ms
step:1314/2750 train_time:3009.478s step_avg:2290.32ms
step:1315/2750 train_time:3011.768s step_avg:2290.32ms
step:1316/2750 train_time:3014.055s step_avg:2290.32ms
step:1317/2750 train_time:3016.340s step_avg:2290.31ms
step:1318/2750 train_time:3018.628s step_avg:2290.31ms
step:1319/2750 train_time:3020.918s step_avg:2290.31ms
step:1320/2750 train_time:3023.207s step_avg:2290.31ms
step:1321/2750 train_time:3025.493s step_avg:2290.30ms
step:1322/2750 train_time:3027.778s step_avg:2290.30ms
step:1323/2750 train_time:3030.068s step_avg:2290.30ms
step:1324/2750 train_time:3032.359s step_avg:2290.30ms
step:1325/2750 train_time:3034.644s step_avg:2290.30ms
step:1326/2750 train_time:3036.934s step_avg:2290.30ms
step:1327/2750 train_time:3039.221s step_avg:2290.29ms
step:1328/2750 train_time:3041.504s step_avg:2290.29ms
step:1329/2750 train_time:3043.793s step_avg:2290.29ms
step:1330/2750 train_time:3046.079s step_avg:2290.29ms
step:1331/2750 train_time:3048.383s step_avg:2290.30ms
step:1332/2750 train_time:3050.673s step_avg:2290.29ms
step:1333/2750 train_time:3052.962s step_avg:2290.29ms
step:1334/2750 train_time:3055.243s step_avg:2290.29ms
step:1335/2750 train_time:3057.531s step_avg:2290.29ms
step:1336/2750 train_time:3059.819s step_avg:2290.28ms
step:1337/2750 train_time:3062.104s step_avg:2290.28ms
step:1338/2750 train_time:3064.388s step_avg:2290.27ms
step:1339/2750 train_time:3066.680s step_avg:2290.28ms
step:1340/2750 train_time:3068.961s step_avg:2290.27ms
step:1341/2750 train_time:3071.248s step_avg:2290.27ms
step:1342/2750 train_time:3073.539s step_avg:2290.27ms
step:1343/2750 train_time:3075.822s step_avg:2290.26ms
step:1344/2750 train_time:3078.109s step_avg:2290.26ms
step:1345/2750 train_time:3080.400s step_avg:2290.26ms
step:1346/2750 train_time:3082.682s step_avg:2290.25ms
step:1347/2750 train_time:3084.969s step_avg:2290.25ms
step:1348/2750 train_time:3087.259s step_avg:2290.25ms
step:1349/2750 train_time:3089.542s step_avg:2290.25ms
step:1350/2750 train_time:3091.833s step_avg:2290.25ms
step:1351/2750 train_time:3094.122s step_avg:2290.25ms
step:1352/2750 train_time:3096.404s step_avg:2290.24ms
step:1353/2750 train_time:3098.688s step_avg:2290.24ms
step:1354/2750 train_time:3100.977s step_avg:2290.23ms
step:1355/2750 train_time:3103.256s step_avg:2290.23ms
step:1356/2750 train_time:3105.548s step_avg:2290.23ms
step:1357/2750 train_time:3107.838s step_avg:2290.23ms
step:1358/2750 train_time:3110.120s step_avg:2290.22ms
step:1359/2750 train_time:3112.407s step_avg:2290.22ms
step:1360/2750 train_time:3114.699s step_avg:2290.22ms
step:1361/2750 train_time:3116.977s step_avg:2290.21ms
step:1362/2750 train_time:3119.269s step_avg:2290.21ms
step:1363/2750 train_time:3121.558s step_avg:2290.21ms
step:1364/2750 train_time:3123.842s step_avg:2290.21ms
step:1365/2750 train_time:3126.126s step_avg:2290.20ms
step:1366/2750 train_time:3128.418s step_avg:2290.20ms
step:1367/2750 train_time:3130.703s step_avg:2290.20ms
step:1368/2750 train_time:3132.989s step_avg:2290.20ms
step:1369/2750 train_time:3135.277s step_avg:2290.20ms
step:1370/2750 train_time:3137.561s step_avg:2290.19ms
step:1371/2750 train_time:3139.850s step_avg:2290.19ms
step:1372/2750 train_time:3142.143s step_avg:2290.19ms
step:1373/2750 train_time:3144.426s step_avg:2290.19ms
step:1374/2750 train_time:3146.711s step_avg:2290.18ms
step:1375/2750 train_time:3149.003s step_avg:2290.18ms
step:1375/2750 val_loss:3.52576 train_time:3149.003s step_avg:2287.35ms
step:1376/2750 train_time:3151.297s step_avg:2290.19ms
step:1377/2750 train_time:3153.586s step_avg:2290.19ms
step:1378/2750 train_time:3155.877s step_avg:2290.19ms
step:1379/2750 train_time:3158.168s step_avg:2290.19ms
step:1380/2750 train_time:3160.457s step_avg:2290.19ms
step:1381/2750 train_time:3162.750s step_avg:2290.19ms
step:1382/2750 train_time:3165.033s step_avg:2290.18ms
step:1383/2750 train_time:3167.318s step_avg:2290.18ms
step:1384/2750 train_time:3169.607s step_avg:2290.18ms
step:1385/2750 train_time:3171.893s step_avg:2290.18ms
step:1386/2750 train_time:3174.181s step_avg:2290.17ms
step:1387/2750 train_time:3176.471s step_avg:2290.17ms
step:1388/2750 train_time:3178.755s step_avg:2290.17ms
step:1389/2750 train_time:3181.041s step_avg:2290.17ms
step:1390/2750 train_time:3183.329s step_avg:2290.16ms
step:1391/2750 train_time:3185.614s step_avg:2290.16ms
step:1392/2750 train_time:3187.901s step_avg:2290.16ms
step:1393/2750 train_time:3190.197s step_avg:2290.16ms
step:1394/2750 train_time:3192.479s step_avg:2290.16ms
step:1395/2750 train_time:3194.766s step_avg:2290.16ms
step:1396/2750 train_time:3197.057s step_avg:2290.16ms
step:1397/2750 train_time:3199.343s step_avg:2290.15ms
step:1398/2750 train_time:3201.630s step_avg:2290.15ms
step:1399/2750 train_time:3203.917s step_avg:2290.15ms
step:1400/2750 train_time:3206.202s step_avg:2290.14ms
step:1401/2750 train_time:3208.490s step_avg:2290.14ms
step:1402/2750 train_time:3210.778s step_avg:2290.14ms
step:1403/2750 train_time:3213.065s step_avg:2290.14ms
step:1404/2750 train_time:3215.353s step_avg:2290.14ms
step:1405/2750 train_time:3217.638s step_avg:2290.13ms
step:1406/2750 train_time:3219.920s step_avg:2290.13ms
step:1407/2750 train_time:3222.207s step_avg:2290.13ms
step:1408/2750 train_time:3224.496s step_avg:2290.13ms
step:1409/2750 train_time:3226.778s step_avg:2290.12ms
step:1410/2750 train_time:3229.069s step_avg:2290.12ms
step:1411/2750 train_time:3231.359s step_avg:2290.12ms
step:1412/2750 train_time:3233.645s step_avg:2290.12ms
step:1413/2750 train_time:3235.934s step_avg:2290.12ms
step:1414/2750 train_time:3238.221s step_avg:2290.11ms
step:1415/2750 train_time:3240.507s step_avg:2290.11ms
step:1416/2750 train_time:3242.795s step_avg:2290.11ms
step:1417/2750 train_time:3245.082s step_avg:2290.11ms
step:1418/2750 train_time:3247.367s step_avg:2290.10ms
step:1419/2750 train_time:3249.655s step_avg:2290.10ms
step:1420/2750 train_time:3251.940s step_avg:2290.10ms
step:1421/2750 train_time:3254.224s step_avg:2290.09ms
step:1422/2750 train_time:3256.510s step_avg:2290.09ms
step:1423/2750 train_time:3258.800s step_avg:2290.09ms
step:1424/2750 train_time:3261.082s step_avg:2290.09ms
step:1425/2750 train_time:3263.370s step_avg:2290.08ms
step:1426/2750 train_time:3265.658s step_avg:2290.08ms
step:1427/2750 train_time:3267.942s step_avg:2290.08ms
step:1428/2750 train_time:3270.228s step_avg:2290.08ms
step:1429/2750 train_time:3272.515s step_avg:2290.07ms
step:1430/2750 train_time:3274.800s step_avg:2290.07ms
step:1431/2750 train_time:3277.090s step_avg:2290.07ms
step:1432/2750 train_time:3279.378s step_avg:2290.07ms
step:1433/2750 train_time:3281.663s step_avg:2290.06ms
step:1434/2750 train_time:3283.949s step_avg:2290.06ms
step:1435/2750 train_time:3286.240s step_avg:2290.06ms
step:1436/2750 train_time:3288.530s step_avg:2290.06ms
step:1437/2750 train_time:3290.819s step_avg:2290.06ms
step:1438/2750 train_time:3293.108s step_avg:2290.06ms
step:1439/2750 train_time:3295.396s step_avg:2290.06ms
step:1440/2750 train_time:3297.684s step_avg:2290.06ms
step:1441/2750 train_time:3299.970s step_avg:2290.06ms
step:1442/2750 train_time:3302.258s step_avg:2290.05ms
step:1443/2750 train_time:3304.547s step_avg:2290.05ms
step:1444/2750 train_time:3306.835s step_avg:2290.05ms
step:1445/2750 train_time:3309.122s step_avg:2290.05ms
step:1446/2750 train_time:3311.408s step_avg:2290.05ms
step:1447/2750 train_time:3313.696s step_avg:2290.05ms
step:1448/2750 train_time:3315.986s step_avg:2290.05ms
step:1449/2750 train_time:3318.272s step_avg:2290.04ms
step:1450/2750 train_time:3320.559s step_avg:2290.04ms
step:1451/2750 train_time:3322.845s step_avg:2290.04ms
step:1452/2750 train_time:3325.131s step_avg:2290.04ms
step:1453/2750 train_time:3327.419s step_avg:2290.03ms
step:1454/2750 train_time:3329.708s step_avg:2290.03ms
step:1455/2750 train_time:3331.991s step_avg:2290.03ms
step:1456/2750 train_time:3334.275s step_avg:2290.02ms
step:1457/2750 train_time:3336.563s step_avg:2290.02ms
step:1458/2750 train_time:3338.850s step_avg:2290.02ms
step:1459/2750 train_time:3341.135s step_avg:2290.02ms
step:1460/2750 train_time:3343.427s step_avg:2290.02ms
step:1461/2750 train_time:3345.710s step_avg:2290.01ms
step:1462/2750 train_time:3347.996s step_avg:2290.01ms
step:1463/2750 train_time:3350.282s step_avg:2290.01ms
step:1464/2750 train_time:3352.568s step_avg:2290.01ms
step:1465/2750 train_time:3354.856s step_avg:2290.00ms
step:1466/2750 train_time:3357.144s step_avg:2290.00ms
step:1467/2750 train_time:3359.431s step_avg:2290.00ms
step:1468/2750 train_time:3361.718s step_avg:2290.00ms
step:1469/2750 train_time:3364.009s step_avg:2290.00ms
step:1470/2750 train_time:3366.291s step_avg:2289.99ms
step:1471/2750 train_time:3368.576s step_avg:2289.99ms
step:1472/2750 train_time:3370.865s step_avg:2289.99ms
step:1473/2750 train_time:3373.153s step_avg:2289.99ms
step:1474/2750 train_time:3375.439s step_avg:2289.99ms
step:1475/2750 train_time:3377.729s step_avg:2289.99ms
step:1476/2750 train_time:3380.015s step_avg:2289.98ms
step:1477/2750 train_time:3382.301s step_avg:2289.98ms
step:1478/2750 train_time:3384.593s step_avg:2289.98ms
step:1479/2750 train_time:3386.875s step_avg:2289.98ms
step:1480/2750 train_time:3389.162s step_avg:2289.97ms
step:1481/2750 train_time:3391.450s step_avg:2289.97ms
step:1482/2750 train_time:3393.736s step_avg:2289.97ms
step:1483/2750 train_time:3396.022s step_avg:2289.97ms
step:1484/2750 train_time:3398.312s step_avg:2289.97ms
step:1485/2750 train_time:3400.595s step_avg:2289.96ms
step:1486/2750 train_time:3402.885s step_avg:2289.96ms
step:1487/2750 train_time:3405.175s step_avg:2289.96ms
step:1488/2750 train_time:3407.461s step_avg:2289.96ms
step:1489/2750 train_time:3409.746s step_avg:2289.96ms
step:1490/2750 train_time:3412.035s step_avg:2289.96ms
step:1491/2750 train_time:3414.323s step_avg:2289.96ms
step:1492/2750 train_time:3416.606s step_avg:2289.95ms
step:1493/2750 train_time:3418.897s step_avg:2289.95ms
step:1494/2750 train_time:3421.182s step_avg:2289.95ms
step:1495/2750 train_time:3423.467s step_avg:2289.94ms
step:1496/2750 train_time:3425.757s step_avg:2289.94ms
step:1497/2750 train_time:3428.043s step_avg:2289.94ms
step:1498/2750 train_time:3430.328s step_avg:2289.94ms
step:1499/2750 train_time:3432.621s step_avg:2289.94ms
step:1500/2750 train_time:3434.913s step_avg:2289.94ms
step:1500/2750 val_loss:3.49626 train_time:3434.913s step_avg:2287.28ms
step:1501/2750 train_time:3437.203s step_avg:2289.94ms
step:1502/2750 train_time:3439.493s step_avg:2289.94ms
step:1503/2750 train_time:3441.780s step_avg:2289.94ms
step:1504/2750 train_time:3444.068s step_avg:2289.94ms
step:1505/2750 train_time:3446.357s step_avg:2289.94ms
step:1506/2750 train_time:3448.643s step_avg:2289.94ms
step:1507/2750 train_time:3450.930s step_avg:2289.93ms
step:1508/2750 train_time:3453.219s step_avg:2289.93ms
step:1509/2750 train_time:3455.507s step_avg:2289.93ms
step:1510/2750 train_time:3457.791s step_avg:2289.93ms
step:1511/2750 train_time:3460.082s step_avg:2289.93ms
step:1512/2750 train_time:3462.371s step_avg:2289.93ms
step:1513/2750 train_time:3464.655s step_avg:2289.92ms
step:1514/2750 train_time:3466.943s step_avg:2289.92ms
step:1515/2750 train_time:3469.233s step_avg:2289.92ms
step:1516/2750 train_time:3471.514s step_avg:2289.92ms
step:1517/2750 train_time:3473.802s step_avg:2289.92ms
step:1518/2750 train_time:3476.092s step_avg:2289.92ms
step:1519/2750 train_time:3478.379s step_avg:2289.91ms
step:1520/2750 train_time:3480.668s step_avg:2289.91ms
step:1521/2750 train_time:3482.972s step_avg:2289.92ms
step:1522/2750 train_time:3485.264s step_avg:2289.92ms
step:1523/2750 train_time:3487.552s step_avg:2289.92ms
step:1524/2750 train_time:3489.841s step_avg:2289.92ms
step:1525/2750 train_time:3492.138s step_avg:2289.93ms
step:1526/2750 train_time:3494.424s step_avg:2289.92ms
step:1527/2750 train_time:3496.715s step_avg:2289.92ms
step:1528/2750 train_time:3499.005s step_avg:2289.92ms
step:1529/2750 train_time:3501.295s step_avg:2289.92ms
step:1530/2750 train_time:3503.577s step_avg:2289.92ms
step:1531/2750 train_time:3505.863s step_avg:2289.92ms
step:1532/2750 train_time:3508.155s step_avg:2289.92ms
step:1533/2750 train_time:3510.435s step_avg:2289.91ms
step:1534/2750 train_time:3512.723s step_avg:2289.91ms
step:1535/2750 train_time:3515.012s step_avg:2289.91ms
step:1536/2750 train_time:3517.295s step_avg:2289.91ms
step:1537/2750 train_time:3519.582s step_avg:2289.90ms
step:1538/2750 train_time:3521.873s step_avg:2289.90ms
step:1539/2750 train_time:3524.156s step_avg:2289.90ms
step:1540/2750 train_time:3526.446s step_avg:2289.90ms
step:1541/2750 train_time:3528.734s step_avg:2289.90ms
step:1542/2750 train_time:3531.019s step_avg:2289.90ms
step:1543/2750 train_time:3533.307s step_avg:2289.89ms
step:1544/2750 train_time:3535.597s step_avg:2289.89ms
step:1545/2750 train_time:3537.878s step_avg:2289.89ms
step:1546/2750 train_time:3540.166s step_avg:2289.89ms
step:1547/2750 train_time:3542.467s step_avg:2289.89ms
step:1548/2750 train_time:3544.751s step_avg:2289.89ms
step:1549/2750 train_time:3547.035s step_avg:2289.89ms
step:1550/2750 train_time:3549.322s step_avg:2289.89ms
step:1551/2750 train_time:3551.606s step_avg:2289.88ms
step:1552/2750 train_time:3553.895s step_avg:2289.88ms
step:1553/2750 train_time:3556.185s step_avg:2289.88ms
step:1554/2750 train_time:3558.472s step_avg:2289.88ms
step:1555/2750 train_time:3560.757s step_avg:2289.88ms
step:1556/2750 train_time:3563.046s step_avg:2289.88ms
step:1557/2750 train_time:3565.330s step_avg:2289.87ms
step:1558/2750 train_time:3567.617s step_avg:2289.87ms
step:1559/2750 train_time:3569.906s step_avg:2289.87ms
step:1560/2750 train_time:3572.193s step_avg:2289.87ms
step:1561/2750 train_time:3574.482s step_avg:2289.87ms
step:1562/2750 train_time:3576.766s step_avg:2289.86ms
step:1563/2750 train_time:3579.048s step_avg:2289.86ms
step:1564/2750 train_time:3581.334s step_avg:2289.86ms
step:1565/2750 train_time:3583.622s step_avg:2289.85ms
step:1566/2750 train_time:3585.906s step_avg:2289.85ms
step:1567/2750 train_time:3588.193s step_avg:2289.85ms
step:1568/2750 train_time:3590.485s step_avg:2289.85ms
step:1569/2750 train_time:3592.773s step_avg:2289.85ms
step:1570/2750 train_time:3595.062s step_avg:2289.85ms
step:1571/2750 train_time:3597.349s step_avg:2289.85ms
step:1572/2750 train_time:3599.631s step_avg:2289.84ms
step:1573/2750 train_time:3601.919s step_avg:2289.84ms
step:1574/2750 train_time:3604.205s step_avg:2289.84ms
step:1575/2750 train_time:3606.486s step_avg:2289.83ms
step:1576/2750 train_time:3608.774s step_avg:2289.83ms
step:1577/2750 train_time:3611.064s step_avg:2289.83ms
step:1578/2750 train_time:3613.348s step_avg:2289.83ms
step:1579/2750 train_time:3615.638s step_avg:2289.83ms
step:1580/2750 train_time:3617.925s step_avg:2289.83ms
step:1581/2750 train_time:3620.209s step_avg:2289.82ms
step:1582/2750 train_time:3622.492s step_avg:2289.82ms
step:1583/2750 train_time:3624.783s step_avg:2289.82ms
step:1584/2750 train_time:3627.067s step_avg:2289.81ms
step:1585/2750 train_time:3629.354s step_avg:2289.81ms
step:1586/2750 train_time:3631.643s step_avg:2289.81ms
step:1587/2750 train_time:3633.925s step_avg:2289.81ms
step:1588/2750 train_time:3636.211s step_avg:2289.81ms
step:1589/2750 train_time:3638.502s step_avg:2289.81ms
step:1590/2750 train_time:3640.784s step_avg:2289.80ms
step:1591/2750 train_time:3643.072s step_avg:2289.80ms
step:1592/2750 train_time:3645.365s step_avg:2289.80ms
step:1593/2750 train_time:3647.649s step_avg:2289.80ms
step:1594/2750 train_time:3649.934s step_avg:2289.80ms
step:1595/2750 train_time:3652.222s step_avg:2289.79ms
step:1596/2750 train_time:3654.506s step_avg:2289.79ms
step:1597/2750 train_time:3656.793s step_avg:2289.79ms
step:1598/2750 train_time:3659.083s step_avg:2289.79ms
step:1599/2750 train_time:3661.374s step_avg:2289.79ms
step:1600/2750 train_time:3663.663s step_avg:2289.79ms
step:1601/2750 train_time:3665.948s step_avg:2289.79ms
step:1602/2750 train_time:3668.239s step_avg:2289.79ms
step:1603/2750 train_time:3670.525s step_avg:2289.78ms
step:1604/2750 train_time:3672.811s step_avg:2289.78ms
step:1605/2750 train_time:3675.101s step_avg:2289.78ms
step:1606/2750 train_time:3677.387s step_avg:2289.78ms
step:1607/2750 train_time:3679.673s step_avg:2289.78ms
step:1608/2750 train_time:3681.959s step_avg:2289.78ms
step:1609/2750 train_time:3684.247s step_avg:2289.77ms
step:1610/2750 train_time:3686.533s step_avg:2289.77ms
step:1611/2750 train_time:3688.819s step_avg:2289.77ms
step:1612/2750 train_time:3691.107s step_avg:2289.77ms
step:1613/2750 train_time:3693.397s step_avg:2289.77ms
step:1614/2750 train_time:3695.680s step_avg:2289.76ms
step:1615/2750 train_time:3697.968s step_avg:2289.76ms
step:1616/2750 train_time:3700.256s step_avg:2289.76ms
step:1617/2750 train_time:3702.544s step_avg:2289.76ms
step:1618/2750 train_time:3704.832s step_avg:2289.76ms
step:1619/2750 train_time:3707.119s step_avg:2289.76ms
step:1620/2750 train_time:3709.408s step_avg:2289.76ms
step:1621/2750 train_time:3711.695s step_avg:2289.76ms
step:1622/2750 train_time:3713.978s step_avg:2289.75ms
step:1623/2750 train_time:3716.260s step_avg:2289.75ms
step:1624/2750 train_time:3718.543s step_avg:2289.74ms
step:1625/2750 train_time:3720.830s step_avg:2289.74ms
step:1625/2750 val_loss:3.47021 train_time:3720.830s step_avg:2287.33ms
step:1626/2750 train_time:3723.126s step_avg:2289.75ms
step:1627/2750 train_time:3725.417s step_avg:2289.75ms
step:1628/2750 train_time:3727.712s step_avg:2289.75ms
step:1629/2750 train_time:3730.002s step_avg:2289.75ms
step:1630/2750 train_time:3732.291s step_avg:2289.75ms
step:1631/2750 train_time:3734.576s step_avg:2289.75ms
step:1632/2750 train_time:3736.867s step_avg:2289.75ms
step:1633/2750 train_time:3739.156s step_avg:2289.75ms
step:1634/2750 train_time:3741.447s step_avg:2289.75ms
step:1635/2750 train_time:3743.741s step_avg:2289.75ms
step:1636/2750 train_time:3746.023s step_avg:2289.75ms
step:1637/2750 train_time:3748.310s step_avg:2289.74ms
step:1638/2750 train_time:3750.600s step_avg:2289.74ms
step:1639/2750 train_time:3752.886s step_avg:2289.74ms
step:1640/2750 train_time:3755.172s step_avg:2289.74ms
step:1641/2750 train_time:3757.461s step_avg:2289.74ms
step:1642/2750 train_time:3759.747s step_avg:2289.74ms
step:1643/2750 train_time:3762.032s step_avg:2289.73ms
step:1644/2750 train_time:3764.320s step_avg:2289.73ms
step:1645/2750 train_time:3766.607s step_avg:2289.73ms
step:1646/2750 train_time:3768.893s step_avg:2289.73ms
step:1647/2750 train_time:3771.180s step_avg:2289.73ms
step:1648/2750 train_time:3773.465s step_avg:2289.72ms
step:1649/2750 train_time:3775.754s step_avg:2289.72ms
step:1650/2750 train_time:3778.046s step_avg:2289.73ms
step:1651/2750 train_time:3780.338s step_avg:2289.73ms
step:1652/2750 train_time:3782.625s step_avg:2289.72ms
step:1653/2750 train_time:3784.912s step_avg:2289.72ms
step:1654/2750 train_time:3787.205s step_avg:2289.72ms
step:1655/2750 train_time:3789.490s step_avg:2289.72ms
step:1656/2750 train_time:3791.779s step_avg:2289.72ms
step:1657/2750 train_time:3794.067s step_avg:2289.72ms
step:1658/2750 train_time:3796.358s step_avg:2289.72ms
step:1659/2750 train_time:3798.646s step_avg:2289.72ms
step:1660/2750 train_time:3800.934s step_avg:2289.72ms
step:1661/2750 train_time:3803.224s step_avg:2289.72ms
step:1662/2750 train_time:3805.512s step_avg:2289.72ms
step:1663/2750 train_time:3807.800s step_avg:2289.72ms
step:1664/2750 train_time:3810.088s step_avg:2289.72ms
step:1665/2750 train_time:3812.374s step_avg:2289.71ms
step:1666/2750 train_time:3814.661s step_avg:2289.71ms
step:1667/2750 train_time:3816.951s step_avg:2289.71ms
step:1668/2750 train_time:3819.240s step_avg:2289.71ms
step:1669/2750 train_time:3821.531s step_avg:2289.71ms
step:1670/2750 train_time:3823.823s step_avg:2289.71ms
step:1671/2750 train_time:3826.107s step_avg:2289.71ms
step:1672/2750 train_time:3828.391s step_avg:2289.71ms
step:1673/2750 train_time:3830.683s step_avg:2289.71ms
step:1674/2750 train_time:3832.971s step_avg:2289.71ms
step:1675/2750 train_time:3835.256s step_avg:2289.71ms
step:1676/2750 train_time:3837.545s step_avg:2289.70ms
step:1677/2750 train_time:3839.837s step_avg:2289.71ms
step:1678/2750 train_time:3842.122s step_avg:2289.70ms
step:1679/2750 train_time:3844.409s step_avg:2289.70ms
step:1680/2750 train_time:3846.698s step_avg:2289.70ms
step:1681/2750 train_time:3848.980s step_avg:2289.70ms
step:1682/2750 train_time:3851.274s step_avg:2289.70ms
step:1683/2750 train_time:3853.568s step_avg:2289.70ms
step:1684/2750 train_time:3855.852s step_avg:2289.70ms
step:1685/2750 train_time:3858.138s step_avg:2289.70ms
step:1686/2750 train_time:3860.430s step_avg:2289.70ms
step:1687/2750 train_time:3862.718s step_avg:2289.70ms
step:1688/2750 train_time:3865.006s step_avg:2289.70ms
step:1689/2750 train_time:3867.291s step_avg:2289.69ms
step:1690/2750 train_time:3869.577s step_avg:2289.69ms
step:1691/2750 train_time:3871.864s step_avg:2289.69ms
step:1692/2750 train_time:3874.151s step_avg:2289.69ms
step:1693/2750 train_time:3876.433s step_avg:2289.68ms
step:1694/2750 train_time:3878.718s step_avg:2289.68ms
step:1695/2750 train_time:3881.007s step_avg:2289.68ms
step:1696/2750 train_time:3883.298s step_avg:2289.68ms
step:1697/2750 train_time:3885.587s step_avg:2289.68ms
step:1698/2750 train_time:3887.874s step_avg:2289.68ms
step:1699/2750 train_time:3890.164s step_avg:2289.68ms
step:1700/2750 train_time:3892.457s step_avg:2289.68ms
step:1701/2750 train_time:3894.743s step_avg:2289.68ms
step:1702/2750 train_time:3897.035s step_avg:2289.68ms
step:1703/2750 train_time:3899.320s step_avg:2289.68ms
step:1704/2750 train_time:3901.614s step_avg:2289.68ms
step:1705/2750 train_time:3903.903s step_avg:2289.68ms
step:1706/2750 train_time:3906.192s step_avg:2289.68ms
step:1707/2750 train_time:3908.474s step_avg:2289.67ms
step:1708/2750 train_time:3910.774s step_avg:2289.68ms
step:1709/2750 train_time:3913.063s step_avg:2289.68ms
step:1710/2750 train_time:3915.346s step_avg:2289.68ms
step:1711/2750 train_time:3917.652s step_avg:2289.69ms
step:1712/2750 train_time:3919.940s step_avg:2289.68ms
step:1713/2750 train_time:3922.225s step_avg:2289.68ms
step:1714/2750 train_time:3924.515s step_avg:2289.68ms
step:1715/2750 train_time:3926.802s step_avg:2289.68ms
step:1716/2750 train_time:3929.093s step_avg:2289.68ms
step:1717/2750 train_time:3931.380s step_avg:2289.68ms
step:1718/2750 train_time:3933.666s step_avg:2289.68ms
step:1719/2750 train_time:3935.956s step_avg:2289.68ms
step:1720/2750 train_time:3938.243s step_avg:2289.68ms
step:1721/2750 train_time:3940.534s step_avg:2289.68ms
step:1722/2750 train_time:3942.834s step_avg:2289.68ms
step:1723/2750 train_time:3945.123s step_avg:2289.68ms
step:1724/2750 train_time:3947.408s step_avg:2289.68ms
step:1725/2750 train_time:3949.699s step_avg:2289.68ms
step:1726/2750 train_time:3951.987s step_avg:2289.68ms
step:1727/2750 train_time:3954.270s step_avg:2289.68ms
step:1728/2750 train_time:3956.555s step_avg:2289.67ms
step:1729/2750 train_time:3958.845s step_avg:2289.67ms
step:1730/2750 train_time:3961.131s step_avg:2289.67ms
step:1731/2750 train_time:3963.418s step_avg:2289.67ms
step:1732/2750 train_time:3965.707s step_avg:2289.67ms
step:1733/2750 train_time:3967.991s step_avg:2289.67ms
step:1734/2750 train_time:3970.277s step_avg:2289.66ms
step:1735/2750 train_time:3972.567s step_avg:2289.66ms
step:1736/2750 train_time:3974.853s step_avg:2289.66ms
step:1737/2750 train_time:3977.138s step_avg:2289.66ms
step:1738/2750 train_time:3979.428s step_avg:2289.66ms
step:1739/2750 train_time:3981.713s step_avg:2289.66ms
step:1740/2750 train_time:3984.000s step_avg:2289.65ms
step:1741/2750 train_time:3986.288s step_avg:2289.65ms
step:1742/2750 train_time:3988.575s step_avg:2289.65ms
step:1743/2750 train_time:3990.862s step_avg:2289.65ms
step:1744/2750 train_time:3993.151s step_avg:2289.65ms
step:1745/2750 train_time:3995.439s step_avg:2289.65ms
step:1746/2750 train_time:3997.727s step_avg:2289.65ms
step:1747/2750 train_time:4000.014s step_avg:2289.65ms
step:1748/2750 train_time:4002.302s step_avg:2289.65ms
step:1749/2750 train_time:4004.590s step_avg:2289.65ms
step:1750/2750 train_time:4006.876s step_avg:2289.64ms
step:1750/2750 val_loss:3.44035 train_time:4006.876s step_avg:2288.37ms
step:1751/2750 train_time:4009.170s step_avg:2289.65ms
step:1752/2750 train_time:4011.460s step_avg:2289.65ms
step:1753/2750 train_time:4013.750s step_avg:2289.65ms
step:1754/2750 train_time:4016.037s step_avg:2289.64ms
step:1755/2750 train_time:4018.328s step_avg:2289.65ms
step:1756/2750 train_time:4020.615s step_avg:2289.64ms
step:1757/2750 train_time:4022.901s step_avg:2289.64ms
step:1758/2750 train_time:4025.188s step_avg:2289.64ms
step:1759/2750 train_time:4027.484s step_avg:2289.64ms
step:1760/2750 train_time:4029.774s step_avg:2289.64ms
step:1761/2750 train_time:4032.060s step_avg:2289.64ms
step:1762/2750 train_time:4034.344s step_avg:2289.64ms
step:1763/2750 train_time:4036.633s step_avg:2289.64ms
step:1764/2750 train_time:4038.920s step_avg:2289.64ms
step:1765/2750 train_time:4041.207s step_avg:2289.64ms
step:1766/2750 train_time:4043.498s step_avg:2289.64ms
step:1767/2750 train_time:4045.783s step_avg:2289.63ms
step:1768/2750 train_time:4048.072s step_avg:2289.63ms
step:1769/2750 train_time:4050.360s step_avg:2289.63ms
step:1770/2750 train_time:4052.647s step_avg:2289.63ms
step:1771/2750 train_time:4054.935s step_avg:2289.63ms
step:1772/2750 train_time:4057.226s step_avg:2289.63ms
step:1773/2750 train_time:4059.512s step_avg:2289.63ms
step:1774/2750 train_time:4061.793s step_avg:2289.62ms
step:1775/2750 train_time:4064.083s step_avg:2289.62ms
step:1776/2750 train_time:4066.370s step_avg:2289.62ms
step:1777/2750 train_time:4068.655s step_avg:2289.62ms
step:1778/2750 train_time:4070.944s step_avg:2289.62ms
step:1779/2750 train_time:4073.229s step_avg:2289.62ms
step:1780/2750 train_time:4075.510s step_avg:2289.61ms
step:1781/2750 train_time:4077.800s step_avg:2289.61ms
step:1782/2750 train_time:4080.086s step_avg:2289.61ms
step:1783/2750 train_time:4082.372s step_avg:2289.61ms
step:1784/2750 train_time:4084.660s step_avg:2289.61ms
step:1785/2750 train_time:4086.946s step_avg:2289.61ms
step:1786/2750 train_time:4089.236s step_avg:2289.61ms
step:1787/2750 train_time:4091.526s step_avg:2289.61ms
step:1788/2750 train_time:4093.817s step_avg:2289.61ms
step:1789/2750 train_time:4096.103s step_avg:2289.60ms
step:1790/2750 train_time:4098.391s step_avg:2289.60ms
step:1791/2750 train_time:4100.681s step_avg:2289.60ms
step:1792/2750 train_time:4102.967s step_avg:2289.60ms
step:1793/2750 train_time:4105.253s step_avg:2289.60ms
step:1794/2750 train_time:4107.540s step_avg:2289.60ms
step:1795/2750 train_time:4109.824s step_avg:2289.60ms
step:1796/2750 train_time:4112.113s step_avg:2289.59ms
step:1797/2750 train_time:4114.403s step_avg:2289.60ms
step:1798/2750 train_time:4116.690s step_avg:2289.59ms
step:1799/2750 train_time:4118.975s step_avg:2289.59ms
step:1800/2750 train_time:4121.265s step_avg:2289.59ms
step:1801/2750 train_time:4123.550s step_avg:2289.59ms
step:1802/2750 train_time:4125.837s step_avg:2289.59ms
step:1803/2750 train_time:4128.129s step_avg:2289.59ms
step:1804/2750 train_time:4130.416s step_avg:2289.59ms
step:1805/2750 train_time:4132.702s step_avg:2289.59ms
step:1806/2750 train_time:4134.994s step_avg:2289.59ms
step:1807/2750 train_time:4137.281s step_avg:2289.59ms
step:1808/2750 train_time:4139.567s step_avg:2289.58ms
step:1809/2750 train_time:4141.855s step_avg:2289.58ms
step:1810/2750 train_time:4144.145s step_avg:2289.58ms
step:1811/2750 train_time:4146.431s step_avg:2289.58ms
step:1812/2750 train_time:4148.718s step_avg:2289.58ms
step:1813/2750 train_time:4151.010s step_avg:2289.58ms
step:1814/2750 train_time:4153.301s step_avg:2289.58ms
step:1815/2750 train_time:4155.590s step_avg:2289.58ms
step:1816/2750 train_time:4157.880s step_avg:2289.58ms
step:1817/2750 train_time:4160.164s step_avg:2289.58ms
step:1818/2750 train_time:4162.445s step_avg:2289.57ms
step:1819/2750 train_time:4164.736s step_avg:2289.57ms
step:1820/2750 train_time:4167.021s step_avg:2289.57ms
step:1821/2750 train_time:4169.308s step_avg:2289.57ms
step:1822/2750 train_time:4171.600s step_avg:2289.57ms
step:1823/2750 train_time:4173.883s step_avg:2289.57ms
step:1824/2750 train_time:4176.172s step_avg:2289.57ms
step:1825/2750 train_time:4178.462s step_avg:2289.57ms
step:1826/2750 train_time:4180.747s step_avg:2289.57ms
step:1827/2750 train_time:4183.035s step_avg:2289.56ms
step:1828/2750 train_time:4185.322s step_avg:2289.56ms
step:1829/2750 train_time:4187.611s step_avg:2289.56ms
step:1830/2750 train_time:4189.901s step_avg:2289.56ms
step:1831/2750 train_time:4192.187s step_avg:2289.56ms
step:1832/2750 train_time:4194.477s step_avg:2289.56ms
step:1833/2750 train_time:4196.762s step_avg:2289.56ms
step:1834/2750 train_time:4199.051s step_avg:2289.56ms
step:1835/2750 train_time:4201.343s step_avg:2289.56ms
step:1836/2750 train_time:4203.627s step_avg:2289.56ms
step:1837/2750 train_time:4205.915s step_avg:2289.56ms
step:1838/2750 train_time:4208.205s step_avg:2289.56ms
step:1839/2750 train_time:4210.489s step_avg:2289.55ms
step:1840/2750 train_time:4212.776s step_avg:2289.55ms
step:1841/2750 train_time:4215.067s step_avg:2289.55ms
step:1842/2750 train_time:4217.349s step_avg:2289.55ms
step:1843/2750 train_time:4219.635s step_avg:2289.55ms
step:1844/2750 train_time:4221.927s step_avg:2289.55ms
step:1845/2750 train_time:4224.211s step_avg:2289.55ms
step:1846/2750 train_time:4226.504s step_avg:2289.55ms
step:1847/2750 train_time:4228.789s step_avg:2289.54ms
step:1848/2750 train_time:4231.073s step_avg:2289.54ms
step:1849/2750 train_time:4233.361s step_avg:2289.54ms
step:1850/2750 train_time:4235.651s step_avg:2289.54ms
step:1851/2750 train_time:4237.937s step_avg:2289.54ms
step:1852/2750 train_time:4240.224s step_avg:2289.54ms
step:1853/2750 train_time:4242.511s step_avg:2289.54ms
step:1854/2750 train_time:4244.800s step_avg:2289.54ms
step:1855/2750 train_time:4247.089s step_avg:2289.54ms
step:1856/2750 train_time:4249.378s step_avg:2289.54ms
step:1857/2750 train_time:4251.666s step_avg:2289.53ms
step:1858/2750 train_time:4253.949s step_avg:2289.53ms
step:1859/2750 train_time:4256.237s step_avg:2289.53ms
step:1860/2750 train_time:4258.521s step_avg:2289.53ms
step:1861/2750 train_time:4260.807s step_avg:2289.53ms
step:1862/2750 train_time:4263.091s step_avg:2289.52ms
step:1863/2750 train_time:4265.378s step_avg:2289.52ms
step:1864/2750 train_time:4267.663s step_avg:2289.52ms
step:1865/2750 train_time:4269.951s step_avg:2289.52ms
step:1866/2750 train_time:4272.236s step_avg:2289.52ms
step:1867/2750 train_time:4274.520s step_avg:2289.51ms
step:1868/2750 train_time:4276.810s step_avg:2289.51ms
step:1869/2750 train_time:4279.091s step_avg:2289.51ms
step:1870/2750 train_time:4281.377s step_avg:2289.51ms
step:1871/2750 train_time:4283.668s step_avg:2289.51ms
step:1872/2750 train_time:4285.953s step_avg:2289.50ms
step:1873/2750 train_time:4288.240s step_avg:2289.50ms
step:1874/2750 train_time:4290.529s step_avg:2289.50ms
step:1875/2750 train_time:4292.813s step_avg:2289.50ms
step:1875/2750 val_loss:3.41248 train_time:4292.813s step_avg:2287.50ms
step:1876/2750 train_time:4295.111s step_avg:2289.50ms
step:1877/2750 train_time:4297.401s step_avg:2289.50ms
step:1878/2750 train_time:4299.686s step_avg:2289.50ms
step:1879/2750 train_time:4301.977s step_avg:2289.50ms
step:1880/2750 train_time:4304.267s step_avg:2289.50ms
step:1881/2750 train_time:4306.550s step_avg:2289.50ms
step:1882/2750 train_time:4308.837s step_avg:2289.50ms
step:1883/2750 train_time:4311.131s step_avg:2289.50ms
step:1884/2750 train_time:4313.418s step_avg:2289.50ms
step:1885/2750 train_time:4315.705s step_avg:2289.50ms
step:1886/2750 train_time:4317.994s step_avg:2289.50ms
step:1887/2750 train_time:4320.281s step_avg:2289.50ms
step:1888/2750 train_time:4322.569s step_avg:2289.50ms
step:1889/2750 train_time:4324.857s step_avg:2289.50ms
step:1890/2750 train_time:4327.142s step_avg:2289.49ms
step:1891/2750 train_time:4329.427s step_avg:2289.49ms
step:1892/2750 train_time:4331.711s step_avg:2289.49ms
step:1893/2750 train_time:4333.996s step_avg:2289.49ms
step:1894/2750 train_time:4336.281s step_avg:2289.48ms
step:1895/2750 train_time:4338.572s step_avg:2289.48ms
step:1896/2750 train_time:4340.856s step_avg:2289.48ms
step:1897/2750 train_time:4343.142s step_avg:2289.48ms
step:1898/2750 train_time:4345.431s step_avg:2289.48ms
step:1899/2750 train_time:4347.715s step_avg:2289.48ms
step:1900/2750 train_time:4350.001s step_avg:2289.47ms
step:1901/2750 train_time:4352.309s step_avg:2289.48ms
step:1902/2750 train_time:4354.598s step_avg:2289.48ms
step:1903/2750 train_time:4356.882s step_avg:2289.48ms
step:1904/2750 train_time:4359.169s step_avg:2289.48ms
step:1905/2750 train_time:4361.460s step_avg:2289.48ms
step:1906/2750 train_time:4363.745s step_avg:2289.48ms
step:1907/2750 train_time:4366.030s step_avg:2289.48ms
step:1908/2750 train_time:4368.318s step_avg:2289.47ms
step:1909/2750 train_time:4370.606s step_avg:2289.47ms
step:1910/2750 train_time:4372.890s step_avg:2289.47ms
step:1911/2750 train_time:4375.183s step_avg:2289.47ms
step:1912/2750 train_time:4377.470s step_avg:2289.47ms
step:1913/2750 train_time:4379.759s step_avg:2289.47ms
step:1914/2750 train_time:4382.046s step_avg:2289.47ms
step:1915/2750 train_time:4384.334s step_avg:2289.47ms
step:1916/2750 train_time:4386.617s step_avg:2289.47ms
step:1917/2750 train_time:4388.908s step_avg:2289.47ms
step:1918/2750 train_time:4391.200s step_avg:2289.47ms
step:1919/2750 train_time:4393.484s step_avg:2289.47ms
step:1920/2750 train_time:4395.772s step_avg:2289.46ms
step:1921/2750 train_time:4398.065s step_avg:2289.47ms
step:1922/2750 train_time:4400.348s step_avg:2289.46ms
step:1923/2750 train_time:4402.636s step_avg:2289.46ms
step:1924/2750 train_time:4404.926s step_avg:2289.46ms
step:1925/2750 train_time:4407.211s step_avg:2289.46ms
step:1926/2750 train_time:4409.500s step_avg:2289.46ms
step:1927/2750 train_time:4411.791s step_avg:2289.46ms
step:1928/2750 train_time:4414.078s step_avg:2289.46ms
step:1929/2750 train_time:4416.366s step_avg:2289.46ms
step:1930/2750 train_time:4418.650s step_avg:2289.46ms
step:1931/2750 train_time:4420.934s step_avg:2289.45ms
step:1932/2750 train_time:4423.219s step_avg:2289.45ms
step:1933/2750 train_time:4425.512s step_avg:2289.45ms
step:1934/2750 train_time:4427.796s step_avg:2289.45ms
step:1935/2750 train_time:4430.083s step_avg:2289.45ms
step:1936/2750 train_time:4432.375s step_avg:2289.45ms
step:1937/2750 train_time:4434.663s step_avg:2289.45ms
step:1938/2750 train_time:4436.953s step_avg:2289.45ms
step:1939/2750 train_time:4439.239s step_avg:2289.45ms
step:1940/2750 train_time:4441.529s step_avg:2289.45ms
step:1941/2750 train_time:4443.817s step_avg:2289.45ms
step:1942/2750 train_time:4446.103s step_avg:2289.45ms
step:1943/2750 train_time:4448.391s step_avg:2289.44ms
step:1944/2750 train_time:4450.677s step_avg:2289.44ms
step:1945/2750 train_time:4452.964s step_avg:2289.44ms
step:1946/2750 train_time:4455.252s step_avg:2289.44ms
step:1947/2750 train_time:4457.543s step_avg:2289.44ms
step:1948/2750 train_time:4459.831s step_avg:2289.44ms
step:1949/2750 train_time:4462.122s step_avg:2289.44ms
step:1950/2750 train_time:4464.408s step_avg:2289.44ms
step:1951/2750 train_time:4466.690s step_avg:2289.44ms
step:1952/2750 train_time:4468.977s step_avg:2289.44ms
step:1953/2750 train_time:4471.263s step_avg:2289.43ms
step:1954/2750 train_time:4473.548s step_avg:2289.43ms
step:1955/2750 train_time:4475.834s step_avg:2289.43ms
step:1956/2750 train_time:4478.121s step_avg:2289.43ms
step:1957/2750 train_time:4480.407s step_avg:2289.43ms
step:1958/2750 train_time:4482.697s step_avg:2289.43ms
step:1959/2750 train_time:4484.986s step_avg:2289.43ms
step:1960/2750 train_time:4487.271s step_avg:2289.42ms
step:1961/2750 train_time:4489.558s step_avg:2289.42ms
step:1962/2750 train_time:4491.845s step_avg:2289.42ms
step:1963/2750 train_time:4494.126s step_avg:2289.42ms
step:1964/2750 train_time:4496.414s step_avg:2289.42ms
step:1965/2750 train_time:4498.703s step_avg:2289.42ms
step:1966/2750 train_time:4500.987s step_avg:2289.41ms
step:1967/2750 train_time:4503.272s step_avg:2289.41ms
step:1968/2750 train_time:4505.556s step_avg:2289.41ms
step:1969/2750 train_time:4507.841s step_avg:2289.41ms
step:1970/2750 train_time:4510.127s step_avg:2289.40ms
step:1971/2750 train_time:4512.413s step_avg:2289.40ms
step:1972/2750 train_time:4514.697s step_avg:2289.40ms
step:1973/2750 train_time:4516.983s step_avg:2289.40ms
step:1974/2750 train_time:4519.270s step_avg:2289.40ms
step:1975/2750 train_time:4521.554s step_avg:2289.39ms
step:1976/2750 train_time:4523.837s step_avg:2289.39ms
step:1977/2750 train_time:4526.124s step_avg:2289.39ms
step:1978/2750 train_time:4528.415s step_avg:2289.39ms
step:1979/2750 train_time:4530.711s step_avg:2289.39ms
step:1980/2750 train_time:4533.002s step_avg:2289.39ms
step:1981/2750 train_time:4535.288s step_avg:2289.39ms
step:1982/2750 train_time:4537.574s step_avg:2289.39ms
step:1983/2750 train_time:4539.863s step_avg:2289.39ms
step:1984/2750 train_time:4542.148s step_avg:2289.39ms
step:1985/2750 train_time:4544.434s step_avg:2289.39ms
step:1986/2750 train_time:4546.720s step_avg:2289.39ms
step:1987/2750 train_time:4549.003s step_avg:2289.38ms
step:1988/2750 train_time:4551.291s step_avg:2289.38ms
step:1989/2750 train_time:4553.581s step_avg:2289.38ms
step:1990/2750 train_time:4555.867s step_avg:2289.38ms
step:1991/2750 train_time:4558.152s step_avg:2289.38ms
step:1992/2750 train_time:4560.443s step_avg:2289.38ms
step:1993/2750 train_time:4562.730s step_avg:2289.38ms
step:1994/2750 train_time:4565.018s step_avg:2289.38ms
step:1995/2750 train_time:4567.308s step_avg:2289.38ms
step:1996/2750 train_time:4569.592s step_avg:2289.37ms
step:1997/2750 train_time:4571.878s step_avg:2289.37ms
step:1998/2750 train_time:4574.163s step_avg:2289.37ms
step:1999/2750 train_time:4576.450s step_avg:2289.37ms
step:2000/2750 train_time:4578.740s step_avg:2289.37ms
step:2000/2750 val_loss:3.38252 train_time:4578.740s step_avg:2287.42ms
step:2001/2750 train_time:4581.040s step_avg:2289.38ms
step:2002/2750 train_time:4583.329s step_avg:2289.38ms
step:2003/2750 train_time:4585.622s step_avg:2289.38ms
step:2004/2750 train_time:4587.915s step_avg:2289.38ms
step:2005/2750 train_time:4590.203s step_avg:2289.38ms
step:2006/2750 train_time:4592.499s step_avg:2289.38ms
step:2007/2750 train_time:4594.792s step_avg:2289.38ms
step:2008/2750 train_time:4597.080s step_avg:2289.38ms
step:2009/2750 train_time:4599.372s step_avg:2289.38ms
step:2010/2750 train_time:4601.659s step_avg:2289.38ms
step:2011/2750 train_time:4603.950s step_avg:2289.38ms
step:2012/2750 train_time:4606.242s step_avg:2289.38ms
step:2013/2750 train_time:4608.529s step_avg:2289.38ms
step:2014/2750 train_time:4610.826s step_avg:2289.39ms
step:2015/2750 train_time:4613.114s step_avg:2289.39ms
step:2016/2750 train_time:4615.404s step_avg:2289.39ms
step:2017/2750 train_time:4617.695s step_avg:2289.39ms
step:2018/2750 train_time:4619.992s step_avg:2289.39ms
step:2019/2750 train_time:4622.285s step_avg:2289.39ms
step:2020/2750 train_time:4624.577s step_avg:2289.39ms
step:2021/2750 train_time:4626.864s step_avg:2289.39ms
step:2022/2750 train_time:4629.156s step_avg:2289.39ms
step:2023/2750 train_time:4631.442s step_avg:2289.39ms
step:2024/2750 train_time:4633.731s step_avg:2289.39ms
step:2025/2750 train_time:4636.024s step_avg:2289.39ms
step:2026/2750 train_time:4638.308s step_avg:2289.39ms
step:2027/2750 train_time:4640.597s step_avg:2289.39ms
step:2028/2750 train_time:4642.892s step_avg:2289.39ms
step:2029/2750 train_time:4645.184s step_avg:2289.40ms
step:2030/2750 train_time:4647.468s step_avg:2289.39ms
step:2031/2750 train_time:4649.758s step_avg:2289.39ms
step:2032/2750 train_time:4652.056s step_avg:2289.40ms
step:2033/2750 train_time:4654.346s step_avg:2289.40ms
step:2034/2750 train_time:4656.635s step_avg:2289.40ms
step:2035/2750 train_time:4658.928s step_avg:2289.40ms
step:2036/2750 train_time:4661.223s step_avg:2289.40ms
step:2037/2750 train_time:4663.506s step_avg:2289.40ms
step:2038/2750 train_time:4665.796s step_avg:2289.40ms
step:2039/2750 train_time:4668.098s step_avg:2289.41ms
step:2040/2750 train_time:4670.390s step_avg:2289.41ms
step:2041/2750 train_time:4672.677s step_avg:2289.41ms
step:2042/2750 train_time:4674.966s step_avg:2289.41ms
step:2043/2750 train_time:4677.255s step_avg:2289.41ms
step:2044/2750 train_time:4679.543s step_avg:2289.40ms
step:2045/2750 train_time:4681.833s step_avg:2289.40ms
step:2046/2750 train_time:4684.124s step_avg:2289.41ms
step:2047/2750 train_time:4686.416s step_avg:2289.41ms
step:2048/2750 train_time:4688.708s step_avg:2289.41ms
step:2049/2750 train_time:4690.999s step_avg:2289.41ms
step:2050/2750 train_time:4693.288s step_avg:2289.41ms
step:2051/2750 train_time:4695.582s step_avg:2289.41ms
step:2052/2750 train_time:4697.867s step_avg:2289.41ms
step:2053/2750 train_time:4700.159s step_avg:2289.41ms
step:2054/2750 train_time:4702.456s step_avg:2289.41ms
step:2055/2750 train_time:4704.745s step_avg:2289.41ms
step:2056/2750 train_time:4707.034s step_avg:2289.41ms
step:2057/2750 train_time:4709.324s step_avg:2289.41ms
step:2058/2750 train_time:4711.619s step_avg:2289.42ms
step:2059/2750 train_time:4713.909s step_avg:2289.42ms
step:2060/2750 train_time:4716.197s step_avg:2289.42ms
step:2061/2750 train_time:4718.490s step_avg:2289.42ms
step:2062/2750 train_time:4720.783s step_avg:2289.42ms
step:2063/2750 train_time:4723.072s step_avg:2289.42ms
step:2064/2750 train_time:4725.361s step_avg:2289.42ms
step:2065/2750 train_time:4727.656s step_avg:2289.42ms
step:2066/2750 train_time:4729.943s step_avg:2289.42ms
step:2067/2750 train_time:4732.236s step_avg:2289.42ms
step:2068/2750 train_time:4734.526s step_avg:2289.42ms
step:2069/2750 train_time:4736.817s step_avg:2289.42ms
step:2070/2750 train_time:4739.108s step_avg:2289.42ms
step:2071/2750 train_time:4741.397s step_avg:2289.42ms
step:2072/2750 train_time:4743.688s step_avg:2289.42ms
step:2073/2750 train_time:4745.979s step_avg:2289.43ms
step:2074/2750 train_time:4748.267s step_avg:2289.42ms
step:2075/2750 train_time:4750.555s step_avg:2289.42ms
step:2076/2750 train_time:4752.848s step_avg:2289.43ms
step:2077/2750 train_time:4755.132s step_avg:2289.42ms
step:2078/2750 train_time:4757.424s step_avg:2289.42ms
step:2079/2750 train_time:4759.713s step_avg:2289.42ms
step:2080/2750 train_time:4761.997s step_avg:2289.42ms
step:2081/2750 train_time:4764.286s step_avg:2289.42ms
step:2082/2750 train_time:4766.578s step_avg:2289.42ms
step:2083/2750 train_time:4768.867s step_avg:2289.42ms
step:2084/2750 train_time:4771.155s step_avg:2289.42ms
step:2085/2750 train_time:4773.444s step_avg:2289.42ms
step:2086/2750 train_time:4775.736s step_avg:2289.42ms
step:2087/2750 train_time:4778.025s step_avg:2289.42ms
step:2088/2750 train_time:4780.314s step_avg:2289.42ms
step:2089/2750 train_time:4782.607s step_avg:2289.42ms
step:2090/2750 train_time:4784.897s step_avg:2289.42ms
step:2091/2750 train_time:4787.209s step_avg:2289.44ms
step:2092/2750 train_time:4789.497s step_avg:2289.43ms
step:2093/2750 train_time:4791.786s step_avg:2289.43ms
step:2094/2750 train_time:4794.078s step_avg:2289.44ms
step:2095/2750 train_time:4796.368s step_avg:2289.44ms
step:2096/2750 train_time:4798.659s step_avg:2289.44ms
step:2097/2750 train_time:4800.951s step_avg:2289.44ms
step:2098/2750 train_time:4803.245s step_avg:2289.44ms
step:2099/2750 train_time:4805.533s step_avg:2289.44ms
step:2100/2750 train_time:4807.829s step_avg:2289.44ms
step:2101/2750 train_time:4810.115s step_avg:2289.44ms
step:2102/2750 train_time:4812.404s step_avg:2289.44ms
step:2103/2750 train_time:4814.695s step_avg:2289.44ms
step:2104/2750 train_time:4816.985s step_avg:2289.44ms
step:2105/2750 train_time:4819.280s step_avg:2289.44ms
step:2106/2750 train_time:4821.570s step_avg:2289.44ms
step:2107/2750 train_time:4823.864s step_avg:2289.45ms
step:2108/2750 train_time:4826.157s step_avg:2289.45ms
step:2109/2750 train_time:4828.454s step_avg:2289.45ms
step:2110/2750 train_time:4830.744s step_avg:2289.45ms
step:2111/2750 train_time:4833.037s step_avg:2289.45ms
step:2112/2750 train_time:4835.328s step_avg:2289.45ms
step:2113/2750 train_time:4837.620s step_avg:2289.46ms
step:2114/2750 train_time:4839.905s step_avg:2289.45ms
step:2115/2750 train_time:4842.194s step_avg:2289.45ms
step:2116/2750 train_time:4844.487s step_avg:2289.45ms
step:2117/2750 train_time:4846.772s step_avg:2289.45ms
step:2118/2750 train_time:4849.066s step_avg:2289.46ms
step:2119/2750 train_time:4851.358s step_avg:2289.46ms
step:2120/2750 train_time:4853.647s step_avg:2289.46ms
step:2121/2750 train_time:4855.931s step_avg:2289.45ms
step:2122/2750 train_time:4858.220s step_avg:2289.45ms
step:2123/2750 train_time:4860.513s step_avg:2289.45ms
step:2124/2750 train_time:4862.804s step_avg:2289.46ms
step:2125/2750 train_time:4865.095s step_avg:2289.46ms
step:2125/2750 val_loss:3.33206 train_time:4865.096s step_avg:2290.84ms
step:2126/2750 train_time:4867.398s step_avg:2289.46ms
step:2127/2750 train_time:4869.692s step_avg:2289.46ms
step:2128/2750 train_time:4871.986s step_avg:2289.47ms
step:2129/2750 train_time:4874.278s step_avg:2289.47ms
step:2130/2750 train_time:4876.571s step_avg:2289.47ms
step:2131/2750 train_time:4878.867s step_avg:2289.47ms
step:2132/2750 train_time:4881.153s step_avg:2289.47ms
step:2133/2750 train_time:4883.441s step_avg:2289.47ms
step:2134/2750 train_time:4885.730s step_avg:2289.47ms
step:2135/2750 train_time:4888.018s step_avg:2289.47ms
step:2136/2750 train_time:4890.308s step_avg:2289.47ms
step:2137/2750 train_time:4892.600s step_avg:2289.47ms
step:2138/2750 train_time:4894.892s step_avg:2289.47ms
step:2139/2750 train_time:4897.183s step_avg:2289.47ms
step:2140/2750 train_time:4899.476s step_avg:2289.47ms
step:2141/2750 train_time:4901.770s step_avg:2289.48ms
step:2142/2750 train_time:4904.065s step_avg:2289.48ms
step:2143/2750 train_time:4906.355s step_avg:2289.48ms
step:2144/2750 train_time:4908.650s step_avg:2289.48ms
step:2145/2750 train_time:4910.938s step_avg:2289.48ms
step:2146/2750 train_time:4913.232s step_avg:2289.48ms
step:2147/2750 train_time:4915.522s step_avg:2289.48ms
step:2148/2750 train_time:4917.814s step_avg:2289.49ms
step:2149/2750 train_time:4920.105s step_avg:2289.49ms
step:2150/2750 train_time:4922.401s step_avg:2289.49ms
step:2151/2750 train_time:4924.687s step_avg:2289.49ms
step:2152/2750 train_time:4926.981s step_avg:2289.49ms
step:2153/2750 train_time:4929.271s step_avg:2289.49ms
step:2154/2750 train_time:4931.560s step_avg:2289.49ms
step:2155/2750 train_time:4933.849s step_avg:2289.49ms
step:2156/2750 train_time:4936.149s step_avg:2289.49ms
step:2157/2750 train_time:4938.439s step_avg:2289.49ms
step:2158/2750 train_time:4940.727s step_avg:2289.49ms
step:2159/2750 train_time:4943.013s step_avg:2289.49ms
step:2160/2750 train_time:4945.306s step_avg:2289.49ms
step:2161/2750 train_time:4947.597s step_avg:2289.49ms
step:2162/2750 train_time:4949.883s step_avg:2289.49ms
step:2163/2750 train_time:4952.172s step_avg:2289.49ms
step:2164/2750 train_time:4954.467s step_avg:2289.49ms
step:2165/2750 train_time:4956.750s step_avg:2289.49ms
step:2166/2750 train_time:4959.038s step_avg:2289.49ms
step:2167/2750 train_time:4961.329s step_avg:2289.49ms
step:2168/2750 train_time:4963.617s step_avg:2289.49ms
step:2169/2750 train_time:4965.908s step_avg:2289.49ms
step:2170/2750 train_time:4968.199s step_avg:2289.49ms
step:2171/2750 train_time:4970.492s step_avg:2289.49ms
step:2172/2750 train_time:4972.780s step_avg:2289.49ms
step:2173/2750 train_time:4975.072s step_avg:2289.49ms
step:2174/2750 train_time:4977.366s step_avg:2289.50ms
step:2175/2750 train_time:4979.658s step_avg:2289.50ms
step:2176/2750 train_time:4981.944s step_avg:2289.50ms
step:2177/2750 train_time:4984.232s step_avg:2289.50ms
step:2178/2750 train_time:4986.524s step_avg:2289.50ms
step:2179/2750 train_time:4988.810s step_avg:2289.50ms
step:2180/2750 train_time:4991.099s step_avg:2289.50ms
step:2181/2750 train_time:4993.390s step_avg:2289.50ms
step:2182/2750 train_time:4995.680s step_avg:2289.50ms
step:2183/2750 train_time:4997.969s step_avg:2289.50ms
step:2184/2750 train_time:5000.255s step_avg:2289.49ms
step:2185/2750 train_time:5002.546s step_avg:2289.49ms
step:2186/2750 train_time:5004.836s step_avg:2289.50ms
step:2187/2750 train_time:5007.122s step_avg:2289.49ms
step:2188/2750 train_time:5009.414s step_avg:2289.49ms
step:2189/2750 train_time:5011.702s step_avg:2289.49ms
step:2190/2750 train_time:5013.999s step_avg:2289.50ms
step:2191/2750 train_time:5016.290s step_avg:2289.50ms
step:2192/2750 train_time:5018.586s step_avg:2289.50ms
step:2193/2750 train_time:5020.879s step_avg:2289.50ms
step:2194/2750 train_time:5023.169s step_avg:2289.50ms
step:2195/2750 train_time:5025.461s step_avg:2289.50ms
step:2196/2750 train_time:5027.751s step_avg:2289.50ms
step:2197/2750 train_time:5030.040s step_avg:2289.50ms
step:2198/2750 train_time:5032.329s step_avg:2289.50ms
step:2199/2750 train_time:5034.620s step_avg:2289.50ms
step:2200/2750 train_time:5036.905s step_avg:2289.50ms
step:2201/2750 train_time:5039.198s step_avg:2289.50ms
step:2202/2750 train_time:5041.489s step_avg:2289.50ms
step:2203/2750 train_time:5043.782s step_avg:2289.51ms
step:2204/2750 train_time:5046.068s step_avg:2289.50ms
step:2205/2750 train_time:5048.360s step_avg:2289.51ms
step:2206/2750 train_time:5050.652s step_avg:2289.51ms
step:2207/2750 train_time:5052.943s step_avg:2289.51ms
step:2208/2750 train_time:5055.238s step_avg:2289.51ms
step:2209/2750 train_time:5057.525s step_avg:2289.51ms
step:2210/2750 train_time:5059.817s step_avg:2289.51ms
step:2211/2750 train_time:5062.107s step_avg:2289.51ms
step:2212/2750 train_time:5064.400s step_avg:2289.51ms
step:2213/2750 train_time:5066.692s step_avg:2289.51ms
step:2214/2750 train_time:5068.985s step_avg:2289.51ms
step:2215/2750 train_time:5071.275s step_avg:2289.51ms
step:2216/2750 train_time:5073.569s step_avg:2289.52ms
step:2217/2750 train_time:5075.861s step_avg:2289.52ms
step:2218/2750 train_time:5078.150s step_avg:2289.52ms
step:2219/2750 train_time:5080.438s step_avg:2289.52ms
step:2220/2750 train_time:5082.737s step_avg:2289.52ms
step:2221/2750 train_time:5085.030s step_avg:2289.52ms
step:2222/2750 train_time:5087.321s step_avg:2289.52ms
step:2223/2750 train_time:5089.608s step_avg:2289.52ms
step:2224/2750 train_time:5091.900s step_avg:2289.52ms
step:2225/2750 train_time:5094.190s step_avg:2289.52ms
step:2226/2750 train_time:5096.479s step_avg:2289.52ms
step:2227/2750 train_time:5098.770s step_avg:2289.52ms
step:2228/2750 train_time:5101.061s step_avg:2289.52ms
step:2229/2750 train_time:5103.351s step_avg:2289.53ms
step:2230/2750 train_time:5105.640s step_avg:2289.52ms
step:2231/2750 train_time:5107.930s step_avg:2289.53ms
step:2232/2750 train_time:5110.224s step_avg:2289.53ms
step:2233/2750 train_time:5112.518s step_avg:2289.53ms
step:2234/2750 train_time:5114.804s step_avg:2289.53ms
step:2235/2750 train_time:5117.094s step_avg:2289.53ms
step:2236/2750 train_time:5119.385s step_avg:2289.53ms
step:2237/2750 train_time:5121.675s step_avg:2289.53ms
step:2238/2750 train_time:5123.967s step_avg:2289.53ms
step:2239/2750 train_time:5126.258s step_avg:2289.53ms
step:2240/2750 train_time:5128.549s step_avg:2289.53ms
step:2241/2750 train_time:5130.841s step_avg:2289.53ms
step:2242/2750 train_time:5133.130s step_avg:2289.53ms
step:2243/2750 train_time:5135.423s step_avg:2289.53ms
step:2244/2750 train_time:5137.707s step_avg:2289.53ms
step:2245/2750 train_time:5140.000s step_avg:2289.53ms
step:2246/2750 train_time:5142.292s step_avg:2289.53ms
step:2247/2750 train_time:5144.585s step_avg:2289.54ms
step:2248/2750 train_time:5146.871s step_avg:2289.53ms
step:2249/2750 train_time:5149.162s step_avg:2289.53ms
step:2250/2750 train_time:5151.450s step_avg:2289.53ms
step:2250/2750 val_loss:3.31159 train_time:5151.451s step_avg:2290.84ms
step:2251/2750 train_time:5153.750s step_avg:2289.54ms
step:2252/2750 train_time:5156.042s step_avg:2289.54ms
step:2253/2750 train_time:5158.336s step_avg:2289.54ms
step:2254/2750 train_time:5160.627s step_avg:2289.54ms
step:2255/2750 train_time:5162.916s step_avg:2289.54ms
step:2256/2750 train_time:5165.204s step_avg:2289.54ms
step:2257/2750 train_time:5167.495s step_avg:2289.54ms
step:2258/2750 train_time:5169.783s step_avg:2289.54ms
step:2259/2750 train_time:5172.072s step_avg:2289.54ms
step:2260/2750 train_time:5174.366s step_avg:2289.54ms
step:2261/2750 train_time:5176.660s step_avg:2289.54ms
step:2262/2750 train_time:5178.950s step_avg:2289.54ms
step:2263/2750 train_time:5181.241s step_avg:2289.55ms
step:2264/2750 train_time:5183.533s step_avg:2289.55ms
step:2265/2750 train_time:5185.824s step_avg:2289.55ms
step:2266/2750 train_time:5188.116s step_avg:2289.55ms
step:2267/2750 train_time:5190.407s step_avg:2289.55ms
step:2268/2750 train_time:5192.698s step_avg:2289.55ms
step:2269/2750 train_time:5195.000s step_avg:2289.55ms
step:2270/2750 train_time:5197.285s step_avg:2289.55ms
step:2271/2750 train_time:5199.576s step_avg:2289.55ms
step:2272/2750 train_time:5201.865s step_avg:2289.55ms
step:2273/2750 train_time:5204.153s step_avg:2289.55ms
step:2274/2750 train_time:5206.443s step_avg:2289.55ms
step:2275/2750 train_time:5208.734s step_avg:2289.55ms
step:2276/2750 train_time:5211.026s step_avg:2289.55ms
step:2277/2750 train_time:5213.317s step_avg:2289.56ms
step:2278/2750 train_time:5215.609s step_avg:2289.56ms
step:2279/2750 train_time:5217.899s step_avg:2289.56ms
step:2280/2750 train_time:5220.191s step_avg:2289.56ms
step:2281/2750 train_time:5222.505s step_avg:2289.57ms
step:2282/2750 train_time:5224.792s step_avg:2289.57ms
step:2283/2750 train_time:5227.082s step_avg:2289.57ms
step:2284/2750 train_time:5229.375s step_avg:2289.57ms
step:2285/2750 train_time:5231.663s step_avg:2289.57ms
step:2286/2750 train_time:5233.954s step_avg:2289.57ms
step:2287/2750 train_time:5236.245s step_avg:2289.57ms
step:2288/2750 train_time:5238.539s step_avg:2289.57ms
step:2289/2750 train_time:5240.826s step_avg:2289.57ms
step:2290/2750 train_time:5243.113s step_avg:2289.57ms
step:2291/2750 train_time:5245.407s step_avg:2289.57ms
step:2292/2750 train_time:5247.696s step_avg:2289.57ms
step:2293/2750 train_time:5249.993s step_avg:2289.57ms
step:2294/2750 train_time:5252.281s step_avg:2289.57ms
step:2295/2750 train_time:5254.573s step_avg:2289.57ms
step:2296/2750 train_time:5256.863s step_avg:2289.57ms
step:2297/2750 train_time:5259.156s step_avg:2289.58ms
step:2298/2750 train_time:5261.446s step_avg:2289.58ms
step:2299/2750 train_time:5263.739s step_avg:2289.58ms
step:2300/2750 train_time:5266.026s step_avg:2289.58ms
step:2301/2750 train_time:5268.312s step_avg:2289.58ms
step:2302/2750 train_time:5270.604s step_avg:2289.58ms
step:2303/2750 train_time:5272.895s step_avg:2289.58ms
step:2304/2750 train_time:5275.187s step_avg:2289.58ms
step:2305/2750 train_time:5277.477s step_avg:2289.58ms
step:2306/2750 train_time:5279.772s step_avg:2289.58ms
step:2307/2750 train_time:5282.058s step_avg:2289.58ms
step:2308/2750 train_time:5284.353s step_avg:2289.58ms
step:2309/2750 train_time:5286.643s step_avg:2289.58ms
step:2310/2750 train_time:5288.936s step_avg:2289.58ms
step:2311/2750 train_time:5291.220s step_avg:2289.58ms
step:2312/2750 train_time:5293.511s step_avg:2289.58ms
step:2313/2750 train_time:5295.809s step_avg:2289.58ms
step:2314/2750 train_time:5298.101s step_avg:2289.59ms
step:2315/2750 train_time:5300.389s step_avg:2289.58ms
step:2316/2750 train_time:5302.676s step_avg:2289.58ms
step:2317/2750 train_time:5304.969s step_avg:2289.59ms
step:2318/2750 train_time:5307.256s step_avg:2289.58ms
step:2319/2750 train_time:5309.546s step_avg:2289.58ms
step:2320/2750 train_time:5311.836s step_avg:2289.58ms
step:2321/2750 train_time:5314.125s step_avg:2289.58ms
step:2322/2750 train_time:5316.413s step_avg:2289.58ms
step:2323/2750 train_time:5318.704s step_avg:2289.58ms
step:2324/2750 train_time:5320.995s step_avg:2289.58ms
step:2325/2750 train_time:5323.282s step_avg:2289.58ms
step:2326/2750 train_time:5325.572s step_avg:2289.58ms
step:2327/2750 train_time:5327.865s step_avg:2289.59ms
step:2328/2750 train_time:5330.154s step_avg:2289.59ms
step:2329/2750 train_time:5332.448s step_avg:2289.59ms
step:2330/2750 train_time:5334.737s step_avg:2289.59ms
step:2331/2750 train_time:5337.030s step_avg:2289.59ms
step:2332/2750 train_time:5339.319s step_avg:2289.59ms
step:2333/2750 train_time:5341.615s step_avg:2289.59ms
step:2334/2750 train_time:5343.908s step_avg:2289.59ms
step:2335/2750 train_time:5346.203s step_avg:2289.59ms
step:2336/2750 train_time:5348.494s step_avg:2289.60ms
step:2337/2750 train_time:5350.786s step_avg:2289.60ms
step:2338/2750 train_time:5353.077s step_avg:2289.60ms
step:2339/2750 train_time:5355.374s step_avg:2289.60ms
step:2340/2750 train_time:5357.661s step_avg:2289.60ms
step:2341/2750 train_time:5359.955s step_avg:2289.60ms
step:2342/2750 train_time:5362.254s step_avg:2289.60ms
step:2343/2750 train_time:5364.548s step_avg:2289.61ms
step:2344/2750 train_time:5366.837s step_avg:2289.61ms
step:2345/2750 train_time:5369.126s step_avg:2289.61ms
step:2346/2750 train_time:5371.414s step_avg:2289.61ms
step:2347/2750 train_time:5373.708s step_avg:2289.61ms
step:2348/2750 train_time:5375.999s step_avg:2289.61ms
step:2349/2750 train_time:5378.287s step_avg:2289.61ms
step:2350/2750 train_time:5380.578s step_avg:2289.61ms
step:2351/2750 train_time:5382.864s step_avg:2289.61ms
step:2352/2750 train_time:5385.154s step_avg:2289.61ms
step:2353/2750 train_time:5387.445s step_avg:2289.61ms
step:2354/2750 train_time:5389.739s step_avg:2289.61ms
step:2355/2750 train_time:5392.024s step_avg:2289.61ms
step:2356/2750 train_time:5394.315s step_avg:2289.61ms
step:2357/2750 train_time:5396.608s step_avg:2289.61ms
step:2358/2750 train_time:5398.897s step_avg:2289.61ms
step:2359/2750 train_time:5401.185s step_avg:2289.61ms
step:2360/2750 train_time:5403.475s step_avg:2289.61ms
step:2361/2750 train_time:5405.771s step_avg:2289.61ms
step:2362/2750 train_time:5408.060s step_avg:2289.61ms
step:2363/2750 train_time:5410.355s step_avg:2289.61ms
step:2364/2750 train_time:5412.646s step_avg:2289.61ms
step:2365/2750 train_time:5414.940s step_avg:2289.62ms
step:2366/2750 train_time:5417.229s step_avg:2289.61ms
step:2367/2750 train_time:5419.519s step_avg:2289.62ms
step:2368/2750 train_time:5421.810s step_avg:2289.62ms
step:2369/2750 train_time:5424.099s step_avg:2289.62ms
step:2370/2750 train_time:5426.388s step_avg:2289.62ms
step:2371/2750 train_time:5428.680s step_avg:2289.62ms
step:2372/2750 train_time:5430.972s step_avg:2289.62ms
step:2373/2750 train_time:5433.264s step_avg:2289.62ms
step:2374/2750 train_time:5435.555s step_avg:2289.62ms
step:2375/2750 train_time:5437.850s step_avg:2289.62ms
step:2375/2750 val_loss:3.29831 train_time:5437.850s step_avg:2291.20ms
step:2376/2750 train_time:5440.150s step_avg:2289.63ms
step:2377/2750 train_time:5442.436s step_avg:2289.62ms
step:2378/2750 train_time:5444.726s step_avg:2289.62ms
step:2379/2750 train_time:5447.016s step_avg:2289.62ms
step:2380/2750 train_time:5449.308s step_avg:2289.63ms
step:2381/2750 train_time:5451.599s step_avg:2289.63ms
step:2382/2750 train_time:5453.891s step_avg:2289.63ms
step:2383/2750 train_time:5456.189s step_avg:2289.63ms
step:2384/2750 train_time:5458.490s step_avg:2289.63ms
step:2385/2750 train_time:5460.781s step_avg:2289.64ms
step:2386/2750 train_time:5463.075s step_avg:2289.64ms
step:2387/2750 train_time:5465.365s step_avg:2289.64ms
step:2388/2750 train_time:5467.659s step_avg:2289.64ms
step:2389/2750 train_time:5469.949s step_avg:2289.64ms
step:2390/2750 train_time:5472.237s step_avg:2289.64ms
step:2391/2750 train_time:5474.528s step_avg:2289.64ms
step:2392/2750 train_time:5476.815s step_avg:2289.64ms
step:2393/2750 train_time:5479.105s step_avg:2289.64ms
step:2394/2750 train_time:5481.395s step_avg:2289.64ms
step:2395/2750 train_time:5483.690s step_avg:2289.64ms
step:2396/2750 train_time:5485.979s step_avg:2289.64ms
step:2397/2750 train_time:5488.271s step_avg:2289.64ms
step:2398/2750 train_time:5490.559s step_avg:2289.64ms
step:2399/2750 train_time:5492.847s step_avg:2289.64ms
step:2400/2750 train_time:5495.142s step_avg:2289.64ms
step:2401/2750 train_time:5497.430s step_avg:2289.64ms
step:2402/2750 train_time:5499.724s step_avg:2289.64ms
step:2403/2750 train_time:5502.009s step_avg:2289.64ms
step:2404/2750 train_time:5504.300s step_avg:2289.64ms
step:2405/2750 train_time:5506.593s step_avg:2289.64ms
step:2406/2750 train_time:5508.889s step_avg:2289.65ms
step:2407/2750 train_time:5511.176s step_avg:2289.65ms
step:2408/2750 train_time:5513.479s step_avg:2289.65ms
step:2409/2750 train_time:5515.770s step_avg:2289.65ms
step:2410/2750 train_time:5518.066s step_avg:2289.65ms
step:2411/2750 train_time:5520.352s step_avg:2289.65ms
step:2412/2750 train_time:5522.642s step_avg:2289.65ms
step:2413/2750 train_time:5524.937s step_avg:2289.65ms
step:2414/2750 train_time:5527.232s step_avg:2289.66ms
step:2415/2750 train_time:5529.520s step_avg:2289.66ms
step:2416/2750 train_time:5531.808s step_avg:2289.66ms
step:2417/2750 train_time:5534.100s step_avg:2289.66ms
step:2418/2750 train_time:5536.388s step_avg:2289.66ms
step:2419/2750 train_time:5538.677s step_avg:2289.66ms
step:2420/2750 train_time:5540.966s step_avg:2289.66ms
step:2421/2750 train_time:5543.255s step_avg:2289.66ms
step:2422/2750 train_time:5545.546s step_avg:2289.66ms
step:2423/2750 train_time:5547.833s step_avg:2289.65ms
step:2424/2750 train_time:5550.128s step_avg:2289.66ms
step:2425/2750 train_time:5552.415s step_avg:2289.66ms
step:2426/2750 train_time:5554.709s step_avg:2289.66ms
step:2427/2750 train_time:5556.997s step_avg:2289.66ms
step:2428/2750 train_time:5559.290s step_avg:2289.66ms
step:2429/2750 train_time:5561.577s step_avg:2289.66ms
step:2430/2750 train_time:5563.867s step_avg:2289.66ms
step:2431/2750 train_time:5566.158s step_avg:2289.66ms
step:2432/2750 train_time:5568.447s step_avg:2289.66ms
step:2433/2750 train_time:5570.735s step_avg:2289.66ms
step:2434/2750 train_time:5573.027s step_avg:2289.66ms
step:2435/2750 train_time:5575.319s step_avg:2289.66ms
step:2436/2750 train_time:5577.608s step_avg:2289.66ms
step:2437/2750 train_time:5579.899s step_avg:2289.66ms
step:2438/2750 train_time:5582.192s step_avg:2289.66ms
step:2439/2750 train_time:5584.482s step_avg:2289.66ms
step:2440/2750 train_time:5586.763s step_avg:2289.66ms
step:2441/2750 train_time:5589.058s step_avg:2289.66ms
step:2442/2750 train_time:5591.347s step_avg:2289.66ms
step:2443/2750 train_time:5593.634s step_avg:2289.66ms
step:2444/2750 train_time:5595.922s step_avg:2289.66ms
step:2445/2750 train_time:5598.218s step_avg:2289.66ms
step:2446/2750 train_time:5600.512s step_avg:2289.66ms
step:2447/2750 train_time:5602.803s step_avg:2289.66ms
step:2448/2750 train_time:5605.089s step_avg:2289.66ms
step:2449/2750 train_time:5607.382s step_avg:2289.66ms
step:2450/2750 train_time:5609.671s step_avg:2289.66ms
step:2451/2750 train_time:5611.963s step_avg:2289.66ms
step:2452/2750 train_time:5614.255s step_avg:2289.66ms
step:2453/2750 train_time:5616.547s step_avg:2289.66ms
step:2454/2750 train_time:5618.835s step_avg:2289.66ms
step:2455/2750 train_time:5621.126s step_avg:2289.66ms
step:2456/2750 train_time:5623.418s step_avg:2289.67ms
step:2457/2750 train_time:5625.711s step_avg:2289.67ms
step:2458/2750 train_time:5628.008s step_avg:2289.67ms
step:2459/2750 train_time:5630.298s step_avg:2289.67ms
step:2460/2750 train_time:5632.590s step_avg:2289.67ms
step:2461/2750 train_time:5634.879s step_avg:2289.67ms
step:2462/2750 train_time:5637.168s step_avg:2289.67ms
step:2463/2750 train_time:5639.458s step_avg:2289.67ms
step:2464/2750 train_time:5641.750s step_avg:2289.67ms
step:2465/2750 train_time:5644.034s step_avg:2289.67ms
step:2466/2750 train_time:5646.324s step_avg:2289.67ms
step:2467/2750 train_time:5648.623s step_avg:2289.67ms
step:2468/2750 train_time:5650.918s step_avg:2289.68ms
step:2469/2750 train_time:5653.210s step_avg:2289.68ms
step:2470/2750 train_time:5655.502s step_avg:2289.68ms
step:2471/2750 train_time:5657.807s step_avg:2289.68ms
step:2472/2750 train_time:5660.101s step_avg:2289.68ms
step:2473/2750 train_time:5662.390s step_avg:2289.68ms
step:2474/2750 train_time:5664.678s step_avg:2289.68ms
step:2475/2750 train_time:5666.967s step_avg:2289.68ms
step:2476/2750 train_time:5669.260s step_avg:2289.69ms
step:2477/2750 train_time:5671.549s step_avg:2289.68ms
step:2478/2750 train_time:5673.837s step_avg:2289.68ms
step:2479/2750 train_time:5676.127s step_avg:2289.68ms
step:2480/2750 train_time:5678.413s step_avg:2289.68ms
step:2481/2750 train_time:5680.707s step_avg:2289.68ms
step:2482/2750 train_time:5682.996s step_avg:2289.68ms
step:2483/2750 train_time:5685.291s step_avg:2289.69ms
step:2484/2750 train_time:5687.584s step_avg:2289.69ms
step:2485/2750 train_time:5689.871s step_avg:2289.69ms
step:2486/2750 train_time:5692.161s step_avg:2289.69ms
step:2487/2750 train_time:5694.449s step_avg:2289.69ms
step:2488/2750 train_time:5696.736s step_avg:2289.68ms
step:2489/2750 train_time:5699.028s step_avg:2289.69ms
step:2490/2750 train_time:5701.324s step_avg:2289.69ms
step:2491/2750 train_time:5703.611s step_avg:2289.69ms
step:2492/2750 train_time:5705.902s step_avg:2289.69ms
step:2493/2750 train_time:5708.194s step_avg:2289.69ms
step:2494/2750 train_time:5710.488s step_avg:2289.69ms
step:2495/2750 train_time:5712.776s step_avg:2289.69ms
step:2496/2750 train_time:5715.071s step_avg:2289.69ms
step:2497/2750 train_time:5717.361s step_avg:2289.69ms
step:2498/2750 train_time:5719.650s step_avg:2289.69ms
step:2499/2750 train_time:5721.939s step_avg:2289.69ms
step:2500/2750 train_time:5724.228s step_avg:2289.69ms
step:2500/2750 val_loss:3.28767 train_time:5724.228s step_avg:2291.03ms
step:2501/2750 train_time:5726.524s step_avg:2289.69ms
step:2502/2750 train_time:5728.815s step_avg:2289.69ms
step:2503/2750 train_time:5731.104s step_avg:2289.69ms
step:2504/2750 train_time:5733.397s step_avg:2289.70ms
step:2505/2750 train_time:5735.689s step_avg:2289.70ms
step:2506/2750 train_time:5737.981s step_avg:2289.70ms
step:2507/2750 train_time:5740.275s step_avg:2289.70ms
step:2508/2750 train_time:5742.567s step_avg:2289.70ms
step:2509/2750 train_time:5744.852s step_avg:2289.70ms
step:2510/2750 train_time:5747.155s step_avg:2289.70ms
step:2511/2750 train_time:5749.442s step_avg:2289.70ms
step:2512/2750 train_time:5751.731s step_avg:2289.70ms
step:2513/2750 train_time:5754.023s step_avg:2289.70ms
step:2514/2750 train_time:5756.313s step_avg:2289.70ms
step:2515/2750 train_time:5758.607s step_avg:2289.70ms
step:2516/2750 train_time:5760.898s step_avg:2289.71ms
step:2517/2750 train_time:5763.184s step_avg:2289.70ms
step:2518/2750 train_time:5765.472s step_avg:2289.70ms
step:2519/2750 train_time:5767.767s step_avg:2289.70ms
step:2520/2750 train_time:5770.051s step_avg:2289.70ms
step:2521/2750 train_time:5772.342s step_avg:2289.70ms
step:2522/2750 train_time:5774.635s step_avg:2289.70ms
step:2523/2750 train_time:5776.923s step_avg:2289.70ms
step:2524/2750 train_time:5779.212s step_avg:2289.70ms
step:2525/2750 train_time:5781.501s step_avg:2289.70ms
step:2526/2750 train_time:5783.796s step_avg:2289.71ms
step:2527/2750 train_time:5786.085s step_avg:2289.71ms
step:2528/2750 train_time:5788.377s step_avg:2289.71ms
step:2529/2750 train_time:5790.670s step_avg:2289.71ms
step:2530/2750 train_time:5792.963s step_avg:2289.71ms
step:2531/2750 train_time:5795.250s step_avg:2289.71ms
step:2532/2750 train_time:5797.544s step_avg:2289.71ms
step:2533/2750 train_time:5799.832s step_avg:2289.71ms
step:2534/2750 train_time:5802.121s step_avg:2289.71ms
step:2535/2750 train_time:5804.408s step_avg:2289.71ms
step:2536/2750 train_time:5806.692s step_avg:2289.71ms
step:2537/2750 train_time:5808.981s step_avg:2289.70ms
step:2538/2750 train_time:5811.271s step_avg:2289.70ms
step:2539/2750 train_time:5813.560s step_avg:2289.70ms
step:2540/2750 train_time:5815.855s step_avg:2289.71ms
step:2541/2750 train_time:5818.146s step_avg:2289.71ms
step:2542/2750 train_time:5820.431s step_avg:2289.71ms
step:2543/2750 train_time:5822.722s step_avg:2289.71ms
step:2544/2750 train_time:5825.008s step_avg:2289.70ms
step:2545/2750 train_time:5827.300s step_avg:2289.71ms
step:2546/2750 train_time:5829.591s step_avg:2289.71ms
step:2547/2750 train_time:5831.883s step_avg:2289.71ms
step:2548/2750 train_time:5834.168s step_avg:2289.70ms
step:2549/2750 train_time:5836.460s step_avg:2289.71ms
step:2550/2750 train_time:5838.754s step_avg:2289.71ms
step:2551/2750 train_time:5841.045s step_avg:2289.71ms
step:2552/2750 train_time:5843.335s step_avg:2289.71ms
step:2553/2750 train_time:5845.626s step_avg:2289.71ms
step:2554/2750 train_time:5847.922s step_avg:2289.71ms
step:2555/2750 train_time:5850.209s step_avg:2289.71ms
step:2556/2750 train_time:5852.500s step_avg:2289.71ms
step:2557/2750 train_time:5854.792s step_avg:2289.71ms
step:2558/2750 train_time:5857.084s step_avg:2289.71ms
step:2559/2750 train_time:5859.368s step_avg:2289.71ms
step:2560/2750 train_time:5861.659s step_avg:2289.71ms
step:2561/2750 train_time:5863.953s step_avg:2289.71ms
step:2562/2750 train_time:5866.244s step_avg:2289.71ms
step:2563/2750 train_time:5868.535s step_avg:2289.71ms
step:2564/2750 train_time:5870.826s step_avg:2289.71ms
step:2565/2750 train_time:5873.119s step_avg:2289.71ms
step:2566/2750 train_time:5875.404s step_avg:2289.71ms
step:2567/2750 train_time:5877.691s step_avg:2289.71ms
step:2568/2750 train_time:5879.983s step_avg:2289.71ms
step:2569/2750 train_time:5882.273s step_avg:2289.71ms
step:2570/2750 train_time:5884.568s step_avg:2289.71ms
step:2571/2750 train_time:5886.856s step_avg:2289.71ms
step:2572/2750 train_time:5889.150s step_avg:2289.72ms
step:2573/2750 train_time:5891.438s step_avg:2289.72ms
step:2574/2750 train_time:5893.728s step_avg:2289.72ms
step:2575/2750 train_time:5896.021s step_avg:2289.72ms
step:2576/2750 train_time:5898.315s step_avg:2289.72ms
step:2577/2750 train_time:5900.607s step_avg:2289.72ms
step:2578/2750 train_time:5902.895s step_avg:2289.72ms
step:2579/2750 train_time:5905.186s step_avg:2289.72ms
step:2580/2750 train_time:5907.471s step_avg:2289.72ms
step:2581/2750 train_time:5909.765s step_avg:2289.72ms
step:2582/2750 train_time:5912.055s step_avg:2289.72ms
step:2583/2750 train_time:5914.345s step_avg:2289.72ms
step:2584/2750 train_time:5916.631s step_avg:2289.72ms
step:2585/2750 train_time:5918.922s step_avg:2289.72ms
step:2586/2750 train_time:5921.215s step_avg:2289.72ms
step:2587/2750 train_time:5923.504s step_avg:2289.72ms
step:2588/2750 train_time:5925.807s step_avg:2289.72ms
step:2589/2750 train_time:5928.094s step_avg:2289.72ms
step:2590/2750 train_time:5930.384s step_avg:2289.72ms
step:2591/2750 train_time:5932.669s step_avg:2289.72ms
step:2592/2750 train_time:5934.958s step_avg:2289.72ms
step:2593/2750 train_time:5937.252s step_avg:2289.72ms
step:2594/2750 train_time:5939.545s step_avg:2289.72ms
step:2595/2750 train_time:5941.833s step_avg:2289.72ms
step:2596/2750 train_time:5944.123s step_avg:2289.72ms
step:2597/2750 train_time:5946.416s step_avg:2289.73ms
step:2598/2750 train_time:5948.708s step_avg:2289.73ms
step:2599/2750 train_time:5950.998s step_avg:2289.73ms
step:2600/2750 train_time:5953.289s step_avg:2289.73ms
step:2600/2750 val_loss:3.28076 train_time:5953.289s step_avg:2290.61ms
step:2601/2750 train_time:5955.586s step_avg:2289.73ms
step:2602/2750 train_time:5957.879s step_avg:2289.73ms
step:2603/2750 train_time:5960.172s step_avg:2289.73ms
step:2604/2750 train_time:5962.462s step_avg:2289.73ms
step:2605/2750 train_time:5964.753s step_avg:2289.73ms
step:2605/2750 val_loss:3.28046 train_time:5964.753s step_avg:2292.82ms
step:2606/2750 train_time:5967.045s step_avg:2289.73ms
step:2607/2750 train_time:5969.340s step_avg:2289.74ms
step:2608/2750 train_time:5971.637s step_avg:2289.74ms
step:2609/2750 train_time:5973.930s step_avg:2289.74ms
step:2610/2750 train_time:5976.220s step_avg:2289.74ms
step:2610/2750 val_loss:3.28016 train_time:5976.220s step_avg:2293.47ms
step:2611/2750 train_time:5978.515s step_avg:2289.74ms
step:2612/2750 train_time:5980.810s step_avg:2289.74ms
step:2613/2750 train_time:5983.100s step_avg:2289.74ms
step:2614/2750 train_time:5985.388s step_avg:2289.74ms
step:2615/2750 train_time:5987.678s step_avg:2289.74ms
step:2615/2750 val_loss:3.27987 train_time:5987.678s step_avg:2291.63ms
step:2616/2750 train_time:5989.977s step_avg:2289.75ms
step:2617/2750 train_time:5992.269s step_avg:2289.75ms
step:2618/2750 train_time:5994.556s step_avg:2289.75ms
step:2619/2750 train_time:5996.846s step_avg:2289.75ms
step:2620/2750 train_time:5999.141s step_avg:2289.75ms
step:2620/2750 val_loss:3.27951 train_time:5999.141s step_avg:2292.51ms
step:2621/2750 train_time:6001.434s step_avg:2289.75ms
step:2622/2750 train_time:6003.727s step_avg:2289.75ms
step:2623/2750 train_time:6006.018s step_avg:2289.75ms
step:2624/2750 train_time:6008.310s step_avg:2289.75ms
step:2625/2750 train_time:6010.610s step_avg:2289.76ms
step:2625/2750 val_loss:3.27920 train_time:6010.610s step_avg:2293.92ms
step:2626/2750 train_time:6012.910s step_avg:2289.76ms
step:2627/2750 train_time:6015.204s step_avg:2289.76ms
step:2628/2750 train_time:6017.502s step_avg:2289.76ms
step:2629/2750 train_time:6019.797s step_avg:2289.77ms
step:2630/2750 train_time:6022.095s step_avg:2289.77ms
step:2630/2750 val_loss:3.27889 train_time:6022.095s step_avg:2296.98ms
step:2631/2750 train_time:6024.397s step_avg:2289.77ms
step:2632/2750 train_time:6026.690s step_avg:2289.78ms
step:2633/2750 train_time:6028.989s step_avg:2289.78ms
step:2634/2750 train_time:6031.289s step_avg:2289.78ms
step:2635/2750 train_time:6033.580s step_avg:2289.78ms
step:2635/2750 val_loss:3.27857 train_time:6033.580s step_avg:2296.87ms
step:2636/2750 train_time:6035.873s step_avg:2289.78ms
step:2637/2750 train_time:6038.170s step_avg:2289.79ms
step:2638/2750 train_time:6040.465s step_avg:2289.79ms
step:2639/2750 train_time:6042.755s step_avg:2289.79ms
step:2640/2750 train_time:6045.046s step_avg:2289.79ms
step:2640/2750 val_loss:3.27826 train_time:6045.046s step_avg:2293.21ms
step:2641/2750 train_time:6047.348s step_avg:2289.79ms
step:2642/2750 train_time:6049.646s step_avg:2289.80ms
step:2643/2750 train_time:6051.944s step_avg:2289.80ms
step:2644/2750 train_time:6054.237s step_avg:2289.80ms
step:2645/2750 train_time:6056.529s step_avg:2289.80ms
step:2645/2750 val_loss:3.27795 train_time:6056.529s step_avg:2296.64ms
target_reached step:2645 val_loss:3.27795
step:2646/2750 train_time:6058.827s step_avg:2289.81ms
step:2647/2750 train_time:6061.128s step_avg:2289.81ms
step:2648/2750 train_time:6063.421s step_avg:2289.81ms
step:2649/2750 train_time:6065.710s step_avg:2289.81ms
step:2650/2750 train_time:6068.004s step_avg:2289.81ms
step:2650/2750 val_loss:3.27770 train_time:6068.004s step_avg:2295.02ms
target_reached step:2650 val_loss:3.27770
step:2651/2750 train_time:6070.295s step_avg:2289.81ms
step:2652/2750 train_time:6072.590s step_avg:2289.82ms
step:2653/2750 train_time:6074.878s step_avg:2289.81ms
step:2654/2750 train_time:6077.169s step_avg:2289.82ms
step:2655/2750 train_time:6079.461s step_avg:2289.82ms
step:2655/2750 val_loss:3.27738 train_time:6079.461s step_avg:2291.47ms
target_reached step:2655 val_loss:3.27738
step:2656/2750 train_time:6081.766s step_avg:2289.82ms
step:2657/2750 train_time:6084.062s step_avg:2289.82ms
step:2658/2750 train_time:6086.353s step_avg:2289.82ms
step:2659/2750 train_time:6088.648s step_avg:2289.83ms
step:2660/2750 train_time:6090.942s step_avg:2289.83ms
step:2660/2750 val_loss:3.27710 train_time:6090.943s step_avg:2296.24ms
target_reached step:2660 val_loss:3.27710
step:2661/2750 train_time:6093.252s step_avg:2289.84ms
step:2662/2750 train_time:6095.542s step_avg:2289.84ms
step:2663/2750 train_time:6097.831s step_avg:2289.84ms
step:2664/2750 train_time:6100.129s step_avg:2289.84ms
step:2665/2750 train_time:6102.423s step_avg:2289.84ms
step:2665/2750 val_loss:3.27681 train_time:6102.423s step_avg:2296.12ms
target_reached step:2665 val_loss:3.27681
step:2666/2750 train_time:6104.724s step_avg:2289.84ms
step:2667/2750 train_time:6107.017s step_avg:2289.85ms
step:2668/2750 train_time:6109.301s step_avg:2289.84ms
step:2669/2750 train_time:6111.597s step_avg:2289.85ms
step:2670/2750 train_time:6113.887s step_avg:2289.85ms
step:2670/2750 val_loss:3.27652 train_time:6113.888s step_avg:2292.88ms
target_reached step:2670 val_loss:3.27652
step:2671/2750 train_time:6116.179s step_avg:2289.85ms
step:2672/2750 train_time:6118.475s step_avg:2289.85ms
step:2673/2750 train_time:6120.768s step_avg:2289.85ms
step:2674/2750 train_time:6123.057s step_avg:2289.85ms
step:2675/2750 train_time:6125.348s step_avg:2289.85ms
step:2675/2750 val_loss:3.27625 train_time:6125.349s step_avg:2292.18ms
target_reached step:2675 val_loss:3.27625
step:2676/2750 train_time:6127.653s step_avg:2289.86ms
step:2677/2750 train_time:6129.951s step_avg:2289.86ms
step:2678/2750 train_time:6132.244s step_avg:2289.86ms
step:2679/2750 train_time:6134.535s step_avg:2289.86ms
step:2680/2750 train_time:6136.829s step_avg:2289.86ms
step:2680/2750 val_loss:3.27598 train_time:6136.830s step_avg:2296.22ms
target_reached step:2680 val_loss:3.27598
step:2681/2750 train_time:6139.132s step_avg:2289.87ms
step:2682/2750 train_time:6141.427s step_avg:2289.87ms
step:2683/2750 train_time:6143.717s step_avg:2289.87ms
step:2684/2750 train_time:6146.010s step_avg:2289.87ms
step:2685/2750 train_time:6148.303s step_avg:2289.87ms
step:2685/2750 val_loss:3.27572 train_time:6148.303s step_avg:2294.62ms
target_reached step:2685 val_loss:3.27572
step:2686/2750 train_time:6150.606s step_avg:2289.88ms
step:2687/2750 train_time:6152.900s step_avg:2289.88ms
step:2688/2750 train_time:6155.190s step_avg:2289.88ms
step:2689/2750 train_time:6157.481s step_avg:2289.88ms
step:2690/2750 train_time:6159.773s step_avg:2289.88ms
step:2690/2750 val_loss:3.27545 train_time:6159.774s step_avg:2294.16ms
target_reached step:2690 val_loss:3.27545
step:2691/2750 train_time:6162.076s step_avg:2289.88ms
step:2692/2750 train_time:6164.370s step_avg:2289.88ms
step:2693/2750 train_time:6166.663s step_avg:2289.89ms
step:2694/2750 train_time:6168.952s step_avg:2289.89ms
step:2695/2750 train_time:6171.247s step_avg:2289.89ms
step:2695/2750 val_loss:3.27523 train_time:6171.247s step_avg:2294.64ms
target_reached step:2695 val_loss:3.27523
step:2696/2750 train_time:6173.551s step_avg:2289.89ms
step:2697/2750 train_time:6175.841s step_avg:2289.89ms
step:2698/2750 train_time:6178.133s step_avg:2289.89ms
step:2699/2750 train_time:6180.425s step_avg:2289.89ms
step:2700/2750 train_time:6182.714s step_avg:2289.89ms
step:2700/2750 val_loss:3.27500 train_time:6182.714s step_avg:2293.41ms
target_reached step:2700 val_loss:3.27500
step:2701/2750 train_time:6185.012s step_avg:2289.90ms
step:2702/2750 train_time:6187.304s step_avg:2289.90ms
step:2703/2750 train_time:6189.602s step_avg:2289.90ms
step:2704/2750 train_time:6191.899s step_avg:2289.90ms
step:2705/2750 train_time:6194.194s step_avg:2289.91ms
step:2705/2750 val_loss:3.27473 train_time:6194.194s step_avg:2295.98ms
target_reached step:2705 val_loss:3.27473
step:2706/2750 train_time:6196.492s step_avg:2289.91ms
step:2707/2750 train_time:6198.786s step_avg:2289.91ms
step:2708/2750 train_time:6201.081s step_avg:2289.91ms
step:2709/2750 train_time:6203.380s step_avg:2289.92ms
step:2710/2750 train_time:6205.674s step_avg:2289.92ms
step:2710/2750 val_loss:3.27449 train_time:6205.675s step_avg:2296.18ms
target_reached step:2710 val_loss:3.27449
step:2711/2750 train_time:6207.980s step_avg:2289.92ms
step:2712/2750 train_time:6210.277s step_avg:2289.93ms
step:2713/2750 train_time:6212.571s step_avg:2289.93ms
step:2714/2750 train_time:6214.862s step_avg:2289.93ms
step:2715/2750 train_time:6217.159s step_avg:2289.93ms
step:2715/2750 val_loss:3.27427 train_time:6217.159s step_avg:2296.88ms
target_reached step:2715 val_loss:3.27427
step:2716/2750 train_time:6219.461s step_avg:2289.93ms
step:2717/2750 train_time:6221.749s step_avg:2289.93ms
step:2718/2750 train_time:6224.040s step_avg:2289.93ms
step:2719/2750 train_time:6226.332s step_avg:2289.93ms
step:2720/2750 train_time:6228.623s step_avg:2289.93ms
step:2720/2750 val_loss:3.27402 train_time:6228.623s step_avg:2292.80ms
target_reached step:2720 val_loss:3.27402
step:2721/2750 train_time:6230.917s step_avg:2289.94ms
step:2722/2750 train_time:6233.215s step_avg:2289.94ms
step:2723/2750 train_time:6235.511s step_avg:2289.94ms
step:2724/2750 train_time:6237.797s step_avg:2289.94ms
step:2725/2750 train_time:6240.087s step_avg:2289.94ms
step:2725/2750 val_loss:3.27382 train_time:6240.087s step_avg:2292.79ms
target_reached step:2725 val_loss:3.27382
step:2726/2750 train_time:6242.391s step_avg:2289.95ms
step:2727/2750 train_time:6244.692s step_avg:2289.95ms
step:2728/2750 train_time:6246.990s step_avg:2289.95ms
step:2729/2750 train_time:6249.279s step_avg:2289.95ms
step:2730/2750 train_time:6251.572s step_avg:2289.95ms
step:2730/2750 val_loss:3.27361 train_time:6251.572s step_avg:2296.97ms
target_reached step:2730 val_loss:3.27361
step:2731/2750 train_time:6253.867s step_avg:2289.96ms
step:2732/2750 train_time:6256.163s step_avg:2289.96ms
step:2733/2750 train_time:6258.454s step_avg:2289.96ms
step:2734/2750 train_time:6260.749s step_avg:2289.96ms
step:2735/2750 train_time:6263.039s step_avg:2289.96ms
step:2735/2750 val_loss:3.27339 train_time:6263.039s step_avg:2293.39ms
target_reached step:2735 val_loss:3.27339
step:2736/2750 train_time:6265.346s step_avg:2289.97ms
step:2737/2750 train_time:6267.643s step_avg:2289.97ms
step:2738/2750 train_time:6269.938s step_avg:2289.97ms
step:2739/2750 train_time:6272.232s step_avg:2289.97ms
step:2740/2750 train_time:6274.523s step_avg:2289.97ms
step:2740/2750 val_loss:3.27318 train_time:6274.523s step_avg:2296.92ms
target_reached step:2740 val_loss:3.27318
step:2741/2750 train_time:6276.828s step_avg:2289.98ms
step:2742/2750 train_time:6279.124s step_avg:2289.98ms
step:2743/2750 train_time:6281.420s step_avg:2289.98ms
step:2744/2750 train_time:6283.712s step_avg:2289.98ms
step:2745/2750 train_time:6286.006s step_avg:2289.98ms
step:2745/2750 val_loss:3.27299 train_time:6286.007s step_avg:2296.62ms
target_reached step:2745 val_loss:3.27299
step:2746/2750 train_time:6288.306s step_avg:2289.99ms
step:2747/2750 train_time:6290.601s step_avg:2289.99ms
step:2748/2750 train_time:6292.894s step_avg:2289.99ms
step:2749/2750 train_time:6295.189s step_avg:2289.99ms
step:2750/2750 train_time:6297.487s step_avg:2290.00ms
step:2750/2750 val_loss:3.27280 train_time:6297.487s step_avg:2296.09ms
target_reached step:2750 val_loss:3.27280
fixed_step_complete max_step:2750 val_loss:3.27280
