logs/7014cf0c-c955-4ff7-a6c7-043f325ac8c9.txt
step:0/2750 val_loss:10.82583 train_time:0.000s step_avg:nanms
step:1/2750 train_time:4.704s step_avg:4703.76ms
step:2/2750 train_time:6.872s step_avg:3436.05ms
step:3/2750 train_time:9.146s step_avg:3048.76ms
step:4/2750 train_time:11.437s step_avg:2859.16ms
step:5/2750 train_time:13.722s step_avg:2744.49ms
step:6/2750 train_time:16.015s step_avg:2669.10ms
step:7/2750 train_time:18.311s step_avg:2615.89ms
step:8/2750 train_time:20.611s step_avg:2576.32ms
step:9/2750 train_time:22.908s step_avg:2545.29ms
step:10/2750 train_time:25.199s step_avg:2519.94ms
step:11/2750 train_time:27.498s step_avg:2499.83ms
step:12/2750 train_time:29.797s step_avg:2483.11ms
step:13/2750 train_time:32.097s step_avg:2468.98ms
step:14/2750 train_time:34.398s step_avg:2456.98ms
step:15/2750 train_time:36.696s step_avg:2446.38ms
step:16/2750 train_time:38.990s step_avg:2436.86ms
step:17/2750 train_time:41.280s step_avg:2428.21ms
step:18/2750 train_time:43.578s step_avg:2421.00ms
step:19/2750 train_time:45.878s step_avg:2414.66ms
step:20/2750 train_time:48.177s step_avg:2408.87ms
step:21/2750 train_time:50.468s step_avg:2403.22ms
step:22/2750 train_time:52.763s step_avg:2398.30ms
step:23/2750 train_time:55.061s step_avg:2393.95ms
step:24/2750 train_time:57.361s step_avg:2390.06ms
step:25/2750 train_time:59.658s step_avg:2386.32ms
step:26/2750 train_time:61.948s step_avg:2382.62ms
step:27/2750 train_time:64.238s step_avg:2379.18ms
step:28/2750 train_time:66.537s step_avg:2376.33ms
step:29/2750 train_time:68.837s step_avg:2373.69ms
step:30/2750 train_time:71.139s step_avg:2371.30ms
step:31/2750 train_time:73.439s step_avg:2368.99ms
step:32/2750 train_time:75.738s step_avg:2366.82ms
step:33/2750 train_time:78.038s step_avg:2364.78ms
step:34/2750 train_time:80.337s step_avg:2362.85ms
step:35/2750 train_time:82.638s step_avg:2361.07ms
step:36/2750 train_time:84.938s step_avg:2359.40ms
step:37/2750 train_time:87.236s step_avg:2357.73ms
step:38/2750 train_time:89.526s step_avg:2355.95ms
step:39/2750 train_time:91.821s step_avg:2354.38ms
step:40/2750 train_time:94.117s step_avg:2352.93ms
step:41/2750 train_time:96.418s step_avg:2351.67ms
step:42/2750 train_time:98.715s step_avg:2350.35ms
step:43/2750 train_time:101.006s step_avg:2348.98ms
step:44/2750 train_time:103.301s step_avg:2347.75ms
step:45/2750 train_time:105.598s step_avg:2346.62ms
step:46/2750 train_time:107.895s step_avg:2345.55ms
step:47/2750 train_time:110.197s step_avg:2344.62ms
step:48/2750 train_time:112.491s step_avg:2343.56ms
step:49/2750 train_time:114.785s step_avg:2342.56ms
step:50/2750 train_time:117.082s step_avg:2341.64ms
step:51/2750 train_time:119.380s step_avg:2340.78ms
step:52/2750 train_time:121.679s step_avg:2339.97ms
step:53/2750 train_time:123.971s step_avg:2339.07ms
step:54/2750 train_time:126.262s step_avg:2338.19ms
step:55/2750 train_time:128.558s step_avg:2337.42ms
step:56/2750 train_time:130.858s step_avg:2336.74ms
step:57/2750 train_time:133.150s step_avg:2335.97ms
step:58/2750 train_time:135.443s step_avg:2335.23ms
step:59/2750 train_time:137.739s step_avg:2334.56ms
step:60/2750 train_time:140.039s step_avg:2333.98ms
step:61/2750 train_time:142.339s step_avg:2333.42ms
step:62/2750 train_time:144.636s step_avg:2332.84ms
step:63/2750 train_time:146.928s step_avg:2332.19ms
step:64/2750 train_time:149.218s step_avg:2331.53ms
step:65/2750 train_time:151.517s step_avg:2331.03ms
step:66/2750 train_time:153.816s step_avg:2330.55ms
step:67/2750 train_time:156.112s step_avg:2330.04ms
step:68/2750 train_time:158.402s step_avg:2329.45ms
step:69/2750 train_time:160.698s step_avg:2328.96ms
step:70/2750 train_time:162.995s step_avg:2328.51ms
step:71/2750 train_time:165.297s step_avg:2328.12ms
step:72/2750 train_time:167.598s step_avg:2327.74ms
step:73/2750 train_time:169.885s step_avg:2327.19ms
step:74/2750 train_time:172.181s step_avg:2326.77ms
step:75/2750 train_time:174.479s step_avg:2326.39ms
step:76/2750 train_time:176.774s step_avg:2325.98ms
step:77/2750 train_time:179.065s step_avg:2325.51ms
step:78/2750 train_time:181.362s step_avg:2325.15ms
step:79/2750 train_time:183.658s step_avg:2324.79ms
step:80/2750 train_time:185.956s step_avg:2324.45ms
step:81/2750 train_time:188.258s step_avg:2324.17ms
step:82/2750 train_time:190.547s step_avg:2323.74ms
step:83/2750 train_time:192.843s step_avg:2323.40ms
step:84/2750 train_time:195.140s step_avg:2323.09ms
step:85/2750 train_time:197.437s step_avg:2322.79ms
step:86/2750 train_time:199.738s step_avg:2322.53ms
step:87/2750 train_time:202.033s step_avg:2322.22ms
step:88/2750 train_time:204.322s step_avg:2321.84ms
step:89/2750 train_time:206.615s step_avg:2321.52ms
step:90/2750 train_time:208.918s step_avg:2321.31ms
step:91/2750 train_time:211.217s step_avg:2321.07ms
step:92/2750 train_time:213.506s step_avg:2320.72ms
step:93/2750 train_time:215.801s step_avg:2320.44ms
step:94/2750 train_time:218.101s step_avg:2320.22ms
step:95/2750 train_time:220.397s step_avg:2319.97ms
step:96/2750 train_time:222.694s step_avg:2319.73ms
step:97/2750 train_time:224.987s step_avg:2319.46ms
step:98/2750 train_time:227.280s step_avg:2319.18ms
step:99/2750 train_time:229.577s step_avg:2318.96ms
step:100/2750 train_time:231.880s step_avg:2318.80ms
step:101/2750 train_time:234.178s step_avg:2318.60ms
step:102/2750 train_time:236.464s step_avg:2318.27ms
step:103/2750 train_time:238.758s step_avg:2318.04ms
step:104/2750 train_time:241.058s step_avg:2317.87ms
step:105/2750 train_time:243.358s step_avg:2317.69ms
step:106/2750 train_time:245.656s step_avg:2317.51ms
step:107/2750 train_time:247.953s step_avg:2317.32ms
step:108/2750 train_time:250.242s step_avg:2317.06ms
step:109/2750 train_time:252.538s step_avg:2316.86ms
step:110/2750 train_time:254.842s step_avg:2316.74ms
step:111/2750 train_time:257.139s step_avg:2316.56ms
step:112/2750 train_time:259.438s step_avg:2316.41ms
step:113/2750 train_time:261.724s step_avg:2316.14ms
step:114/2750 train_time:264.017s step_avg:2315.93ms
step:115/2750 train_time:266.315s step_avg:2315.78ms
step:116/2750 train_time:268.611s step_avg:2315.61ms
step:117/2750 train_time:270.901s step_avg:2315.40ms
step:118/2750 train_time:273.196s step_avg:2315.22ms
step:119/2750 train_time:275.498s step_avg:2315.11ms
step:120/2750 train_time:277.796s step_avg:2314.96ms
step:121/2750 train_time:280.085s step_avg:2314.75ms
step:122/2750 train_time:282.378s step_avg:2314.57ms
step:123/2750 train_time:284.667s step_avg:2314.37ms
step:124/2750 train_time:286.961s step_avg:2314.20ms
step:125/2750 train_time:289.252s step_avg:2314.02ms
step:125/2750 val_loss:4.45877 train_time:289.253s step_avg:2314.02ms
step:126/2750 train_time:291.549s step_avg:2313.88ms
step:127/2750 train_time:293.841s step_avg:2313.71ms
step:128/2750 train_time:296.141s step_avg:2313.60ms
step:129/2750 train_time:298.439s step_avg:2313.48ms
step:130/2750 train_time:300.729s step_avg:2313.30ms
step:131/2750 train_time:303.026s step_avg:2313.18ms
step:132/2750 train_time:305.319s step_avg:2313.03ms
step:133/2750 train_time:307.619s step_avg:2312.92ms
step:134/2750 train_time:309.911s step_avg:2312.77ms
step:135/2750 train_time:312.203s step_avg:2312.61ms
step:136/2750 train_time:314.493s step_avg:2312.45ms
step:137/2750 train_time:316.786s step_avg:2312.31ms
step:138/2750 train_time:319.078s step_avg:2312.16ms
step:139/2750 train_time:321.363s step_avg:2311.97ms
step:140/2750 train_time:323.658s step_avg:2311.84ms
step:141/2750 train_time:325.958s step_avg:2311.76ms
step:142/2750 train_time:328.250s step_avg:2311.62ms
step:143/2750 train_time:330.543s step_avg:2311.49ms
step:144/2750 train_time:332.837s step_avg:2311.37ms
step:145/2750 train_time:335.132s step_avg:2311.25ms
step:146/2750 train_time:337.422s step_avg:2311.11ms
step:147/2750 train_time:339.710s step_avg:2310.96ms
step:148/2750 train_time:342.002s step_avg:2310.83ms
step:149/2750 train_time:344.296s step_avg:2310.71ms
step:150/2750 train_time:346.584s step_avg:2310.56ms
step:151/2750 train_time:348.876s step_avg:2310.44ms
step:152/2750 train_time:351.165s step_avg:2310.29ms
step:153/2750 train_time:353.460s step_avg:2310.19ms
step:154/2750 train_time:355.748s step_avg:2310.05ms
step:155/2750 train_time:358.043s step_avg:2309.96ms
step:156/2750 train_time:360.335s step_avg:2309.84ms
step:157/2750 train_time:362.629s step_avg:2309.74ms
step:158/2750 train_time:364.914s step_avg:2309.58ms
step:159/2750 train_time:367.203s step_avg:2309.45ms
step:160/2750 train_time:369.497s step_avg:2309.36ms
step:161/2750 train_time:371.786s step_avg:2309.23ms
step:162/2750 train_time:374.080s step_avg:2309.13ms
step:163/2750 train_time:376.369s step_avg:2309.01ms
step:164/2750 train_time:378.663s step_avg:2308.92ms
step:165/2750 train_time:380.949s step_avg:2308.78ms
step:166/2750 train_time:383.244s step_avg:2308.70ms
step:167/2750 train_time:385.536s step_avg:2308.60ms
step:168/2750 train_time:387.829s step_avg:2308.51ms
step:169/2750 train_time:390.109s step_avg:2308.34ms
step:170/2750 train_time:392.400s step_avg:2308.24ms
step:171/2750 train_time:394.695s step_avg:2308.16ms
step:172/2750 train_time:396.981s step_avg:2308.03ms
step:173/2750 train_time:399.271s step_avg:2307.93ms
step:174/2750 train_time:401.561s step_avg:2307.82ms
step:175/2750 train_time:403.855s step_avg:2307.74ms
step:176/2750 train_time:406.153s step_avg:2307.69ms
step:177/2750 train_time:408.444s step_avg:2307.60ms
step:178/2750 train_time:410.736s step_avg:2307.50ms
step:179/2750 train_time:413.026s step_avg:2307.41ms
step:180/2750 train_time:415.311s step_avg:2307.28ms
step:181/2750 train_time:417.599s step_avg:2307.18ms
step:182/2750 train_time:419.894s step_avg:2307.11ms
step:183/2750 train_time:422.185s step_avg:2307.02ms
step:184/2750 train_time:424.481s step_avg:2306.96ms
step:185/2750 train_time:426.765s step_avg:2306.84ms
step:186/2750 train_time:429.059s step_avg:2306.77ms
step:187/2750 train_time:431.344s step_avg:2306.65ms
step:188/2750 train_time:433.633s step_avg:2306.56ms
step:189/2750 train_time:435.923s step_avg:2306.47ms
step:190/2750 train_time:438.208s step_avg:2306.36ms
step:191/2750 train_time:440.528s step_avg:2306.43ms
step:192/2750 train_time:442.823s step_avg:2306.37ms
step:193/2750 train_time:445.107s step_avg:2306.25ms
step:194/2750 train_time:447.397s step_avg:2306.17ms
step:195/2750 train_time:449.687s step_avg:2306.09ms
step:196/2750 train_time:451.975s step_avg:2306.00ms
step:197/2750 train_time:454.263s step_avg:2305.90ms
step:198/2750 train_time:456.551s step_avg:2305.81ms
step:199/2750 train_time:458.843s step_avg:2305.75ms
step:200/2750 train_time:461.138s step_avg:2305.69ms
step:201/2750 train_time:463.430s step_avg:2305.62ms
step:202/2750 train_time:465.715s step_avg:2305.52ms
step:203/2750 train_time:468.001s step_avg:2305.42ms
step:204/2750 train_time:470.294s step_avg:2305.36ms
step:205/2750 train_time:472.578s step_avg:2305.26ms
step:206/2750 train_time:474.866s step_avg:2305.17ms
step:207/2750 train_time:477.154s step_avg:2305.09ms
step:208/2750 train_time:479.442s step_avg:2305.01ms
step:209/2750 train_time:481.728s step_avg:2304.92ms
step:210/2750 train_time:484.017s step_avg:2304.85ms
step:211/2750 train_time:486.302s step_avg:2304.75ms
step:212/2750 train_time:488.588s step_avg:2304.66ms
step:213/2750 train_time:490.876s step_avg:2304.58ms
step:214/2750 train_time:493.160s step_avg:2304.49ms
step:215/2750 train_time:495.446s step_avg:2304.40ms
step:216/2750 train_time:497.738s step_avg:2304.34ms
step:217/2750 train_time:500.022s step_avg:2304.25ms
step:218/2750 train_time:502.307s step_avg:2304.16ms
step:219/2750 train_time:504.594s step_avg:2304.08ms
step:220/2750 train_time:506.883s step_avg:2304.01ms
step:221/2750 train_time:509.175s step_avg:2303.96ms
step:222/2750 train_time:511.463s step_avg:2303.89ms
step:223/2750 train_time:513.755s step_avg:2303.83ms
step:224/2750 train_time:516.045s step_avg:2303.77ms
step:225/2750 train_time:518.334s step_avg:2303.71ms
step:226/2750 train_time:520.625s step_avg:2303.65ms
step:227/2750 train_time:522.910s step_avg:2303.57ms
step:228/2750 train_time:525.195s step_avg:2303.49ms
step:229/2750 train_time:527.492s step_avg:2303.46ms
step:230/2750 train_time:529.783s step_avg:2303.40ms
step:231/2750 train_time:532.060s step_avg:2303.29ms
step:232/2750 train_time:534.352s step_avg:2303.24ms
step:233/2750 train_time:536.640s step_avg:2303.18ms
step:234/2750 train_time:538.927s step_avg:2303.11ms
step:235/2750 train_time:541.214s step_avg:2303.04ms
step:236/2750 train_time:543.502s step_avg:2302.98ms
step:237/2750 train_time:545.786s step_avg:2302.89ms
step:238/2750 train_time:548.073s step_avg:2302.83ms
step:239/2750 train_time:550.362s step_avg:2302.77ms
step:240/2750 train_time:552.645s step_avg:2302.69ms
step:241/2750 train_time:554.933s step_avg:2302.63ms
step:242/2750 train_time:557.221s step_avg:2302.56ms
step:243/2750 train_time:559.503s step_avg:2302.48ms
step:244/2750 train_time:561.790s step_avg:2302.42ms
step:245/2750 train_time:564.080s step_avg:2302.37ms
step:246/2750 train_time:566.361s step_avg:2302.28ms
step:247/2750 train_time:568.653s step_avg:2302.24ms
step:248/2750 train_time:570.943s step_avg:2302.19ms
step:249/2750 train_time:573.222s step_avg:2302.10ms
step:250/2750 train_time:575.513s step_avg:2302.05ms
step:250/2750 val_loss:4.08232 train_time:575.513s step_avg:2290.09ms
step:251/2750 train_time:577.811s step_avg:2302.04ms
step:252/2750 train_time:580.096s step_avg:2301.97ms
step:253/2750 train_time:582.389s step_avg:2301.93ms
step:254/2750 train_time:584.675s step_avg:2301.87ms
step:255/2750 train_time:586.959s step_avg:2301.80ms
step:256/2750 train_time:589.252s step_avg:2301.76ms
step:257/2750 train_time:591.536s step_avg:2301.69ms
step:258/2750 train_time:593.816s step_avg:2301.61ms
step:259/2750 train_time:596.103s step_avg:2301.56ms
step:260/2750 train_time:598.391s step_avg:2301.50ms
step:261/2750 train_time:600.677s step_avg:2301.44ms
step:262/2750 train_time:602.963s step_avg:2301.39ms
step:263/2750 train_time:605.250s step_avg:2301.33ms
step:264/2750 train_time:607.534s step_avg:2301.27ms
step:265/2750 train_time:609.825s step_avg:2301.23ms
step:266/2750 train_time:612.110s step_avg:2301.17ms
step:267/2750 train_time:614.394s step_avg:2301.10ms
step:268/2750 train_time:616.682s step_avg:2301.05ms
step:269/2750 train_time:618.972s step_avg:2301.01ms
step:270/2750 train_time:621.256s step_avg:2300.95ms
step:271/2750 train_time:623.542s step_avg:2300.89ms
step:272/2750 train_time:625.830s step_avg:2300.85ms
step:273/2750 train_time:628.114s step_avg:2300.78ms
step:274/2750 train_time:630.404s step_avg:2300.74ms
step:275/2750 train_time:632.691s step_avg:2300.70ms
step:276/2750 train_time:634.976s step_avg:2300.64ms
step:277/2750 train_time:637.262s step_avg:2300.58ms
step:278/2750 train_time:639.550s step_avg:2300.54ms
step:279/2750 train_time:641.836s step_avg:2300.49ms
step:280/2750 train_time:644.126s step_avg:2300.45ms
step:281/2750 train_time:646.412s step_avg:2300.40ms
step:282/2750 train_time:648.694s step_avg:2300.33ms
step:283/2750 train_time:650.979s step_avg:2300.28ms
step:284/2750 train_time:653.263s step_avg:2300.22ms
step:285/2750 train_time:655.546s step_avg:2300.16ms
step:286/2750 train_time:657.831s step_avg:2300.11ms
step:287/2750 train_time:660.114s step_avg:2300.05ms
step:288/2750 train_time:662.400s step_avg:2300.00ms
step:289/2750 train_time:664.684s step_avg:2299.94ms
step:290/2750 train_time:666.970s step_avg:2299.89ms
step:291/2750 train_time:669.260s step_avg:2299.86ms
step:292/2750 train_time:671.543s step_avg:2299.80ms
step:293/2750 train_time:673.830s step_avg:2299.76ms
step:294/2750 train_time:676.120s step_avg:2299.73ms
step:295/2750 train_time:678.403s step_avg:2299.67ms
step:296/2750 train_time:680.691s step_avg:2299.63ms
step:297/2750 train_time:682.982s step_avg:2299.60ms
step:298/2750 train_time:685.263s step_avg:2299.54ms
step:299/2750 train_time:687.547s step_avg:2299.49ms
step:300/2750 train_time:689.835s step_avg:2299.45ms
step:301/2750 train_time:692.118s step_avg:2299.40ms
step:302/2750 train_time:694.404s step_avg:2299.35ms
step:303/2750 train_time:696.693s step_avg:2299.32ms
step:304/2750 train_time:698.976s step_avg:2299.26ms
step:305/2750 train_time:701.264s step_avg:2299.23ms
step:306/2750 train_time:703.553s step_avg:2299.19ms
step:307/2750 train_time:705.838s step_avg:2299.15ms
step:308/2750 train_time:708.125s step_avg:2299.11ms
step:309/2750 train_time:710.416s step_avg:2299.08ms
step:310/2750 train_time:712.697s step_avg:2299.02ms
step:311/2750 train_time:714.984s step_avg:2298.98ms
step:312/2750 train_time:717.274s step_avg:2298.96ms
step:313/2750 train_time:719.556s step_avg:2298.90ms
step:314/2750 train_time:721.842s step_avg:2298.86ms
step:315/2750 train_time:724.132s step_avg:2298.83ms
step:316/2750 train_time:726.414s step_avg:2298.78ms
step:317/2750 train_time:728.704s step_avg:2298.75ms
step:318/2750 train_time:730.990s step_avg:2298.71ms
step:319/2750 train_time:733.269s step_avg:2298.65ms
step:320/2750 train_time:735.560s step_avg:2298.63ms
step:321/2750 train_time:737.850s step_avg:2298.60ms
step:322/2750 train_time:740.133s step_avg:2298.55ms
step:323/2750 train_time:742.422s step_avg:2298.52ms
step:324/2750 train_time:744.714s step_avg:2298.50ms
step:325/2750 train_time:746.996s step_avg:2298.45ms
step:326/2750 train_time:749.285s step_avg:2298.42ms
step:327/2750 train_time:751.578s step_avg:2298.40ms
step:328/2750 train_time:753.860s step_avg:2298.35ms
step:329/2750 train_time:756.147s step_avg:2298.32ms
step:330/2750 train_time:758.436s step_avg:2298.29ms
step:331/2750 train_time:760.717s step_avg:2298.24ms
step:332/2750 train_time:763.003s step_avg:2298.20ms
step:333/2750 train_time:765.294s step_avg:2298.18ms
step:334/2750 train_time:767.576s step_avg:2298.13ms
step:335/2750 train_time:769.864s step_avg:2298.10ms
step:336/2750 train_time:772.155s step_avg:2298.08ms
step:337/2750 train_time:774.439s step_avg:2298.04ms
step:338/2750 train_time:776.724s step_avg:2298.00ms
step:339/2750 train_time:779.011s step_avg:2297.97ms
step:340/2750 train_time:781.292s step_avg:2297.92ms
step:341/2750 train_time:783.580s step_avg:2297.89ms
step:342/2750 train_time:785.868s step_avg:2297.86ms
step:343/2750 train_time:788.155s step_avg:2297.83ms
step:344/2750 train_time:790.441s step_avg:2297.79ms
step:345/2750 train_time:792.723s step_avg:2297.75ms
step:346/2750 train_time:795.010s step_avg:2297.72ms
step:347/2750 train_time:797.300s step_avg:2297.69ms
step:348/2750 train_time:799.584s step_avg:2297.65ms
step:349/2750 train_time:801.870s step_avg:2297.62ms
step:350/2750 train_time:804.153s step_avg:2297.58ms
step:351/2750 train_time:806.437s step_avg:2297.54ms
step:352/2750 train_time:808.721s step_avg:2297.50ms
step:353/2750 train_time:811.010s step_avg:2297.48ms
step:354/2750 train_time:813.295s step_avg:2297.44ms
step:355/2750 train_time:815.579s step_avg:2297.41ms
step:356/2750 train_time:817.865s step_avg:2297.37ms
step:357/2750 train_time:820.152s step_avg:2297.34ms
step:358/2750 train_time:822.437s step_avg:2297.31ms
step:359/2750 train_time:824.724s step_avg:2297.28ms
step:360/2750 train_time:827.008s step_avg:2297.24ms
step:361/2750 train_time:829.290s step_avg:2297.20ms
step:362/2750 train_time:831.575s step_avg:2297.17ms
step:363/2750 train_time:833.865s step_avg:2297.15ms
step:364/2750 train_time:836.148s step_avg:2297.11ms
step:365/2750 train_time:838.432s step_avg:2297.07ms
step:366/2750 train_time:840.716s step_avg:2297.04ms
step:367/2750 train_time:843.005s step_avg:2297.02ms
step:368/2750 train_time:845.289s step_avg:2296.98ms
step:369/2750 train_time:847.572s step_avg:2296.94ms
step:370/2750 train_time:849.860s step_avg:2296.92ms
step:371/2750 train_time:852.137s step_avg:2296.87ms
step:372/2750 train_time:854.421s step_avg:2296.83ms
step:373/2750 train_time:856.704s step_avg:2296.79ms
step:374/2750 train_time:858.996s step_avg:2296.78ms
step:375/2750 train_time:861.283s step_avg:2296.75ms
step:375/2750 val_loss:3.93085 train_time:861.283s step_avg:2286.16ms
step:376/2750 train_time:863.573s step_avg:2296.74ms
step:377/2750 train_time:865.863s step_avg:2296.72ms
step:378/2750 train_time:868.150s step_avg:2296.69ms
step:379/2750 train_time:870.439s step_avg:2296.67ms
step:380/2750 train_time:872.724s step_avg:2296.64ms
step:381/2750 train_time:875.030s step_avg:2296.67ms
step:382/2750 train_time:877.311s step_avg:2296.63ms
step:383/2750 train_time:879.597s step_avg:2296.60ms
step:384/2750 train_time:881.884s step_avg:2296.57ms
step:385/2750 train_time:884.171s step_avg:2296.55ms
step:386/2750 train_time:886.452s step_avg:2296.51ms
step:387/2750 train_time:888.736s step_avg:2296.48ms
step:388/2750 train_time:891.022s step_avg:2296.45ms
step:389/2750 train_time:893.306s step_avg:2296.42ms
step:390/2750 train_time:895.590s step_avg:2296.39ms
step:391/2750 train_time:897.876s step_avg:2296.36ms
step:392/2750 train_time:900.161s step_avg:2296.33ms
step:393/2750 train_time:902.442s step_avg:2296.29ms
step:394/2750 train_time:904.727s step_avg:2296.26ms
step:395/2750 train_time:907.018s step_avg:2296.25ms
step:396/2750 train_time:909.300s step_avg:2296.21ms
step:397/2750 train_time:911.582s step_avg:2296.18ms
step:398/2750 train_time:913.874s step_avg:2296.17ms
step:399/2750 train_time:916.159s step_avg:2296.14ms
step:400/2750 train_time:918.443s step_avg:2296.11ms
step:401/2750 train_time:920.729s step_avg:2296.08ms
step:402/2750 train_time:923.011s step_avg:2296.05ms
step:403/2750 train_time:925.298s step_avg:2296.03ms
step:404/2750 train_time:927.587s step_avg:2296.01ms
step:405/2750 train_time:929.871s step_avg:2295.98ms
step:406/2750 train_time:932.158s step_avg:2295.95ms
step:407/2750 train_time:934.450s step_avg:2295.95ms
step:408/2750 train_time:936.730s step_avg:2295.91ms
step:409/2750 train_time:939.018s step_avg:2295.89ms
step:410/2750 train_time:941.305s step_avg:2295.86ms
step:411/2750 train_time:943.591s step_avg:2295.84ms
step:412/2750 train_time:945.878s step_avg:2295.82ms
step:413/2750 train_time:948.167s step_avg:2295.80ms
step:414/2750 train_time:950.451s step_avg:2295.78ms
step:415/2750 train_time:952.736s step_avg:2295.75ms
step:416/2750 train_time:955.020s step_avg:2295.72ms
step:417/2750 train_time:957.309s step_avg:2295.70ms
step:418/2750 train_time:959.601s step_avg:2295.70ms
step:419/2750 train_time:961.890s step_avg:2295.68ms
step:420/2750 train_time:964.174s step_avg:2295.65ms
step:421/2750 train_time:966.459s step_avg:2295.63ms
step:422/2750 train_time:968.749s step_avg:2295.61ms
step:423/2750 train_time:971.033s step_avg:2295.59ms
step:424/2750 train_time:973.322s step_avg:2295.57ms
step:425/2750 train_time:975.612s step_avg:2295.56ms
step:426/2750 train_time:977.895s step_avg:2295.53ms
step:427/2750 train_time:980.184s step_avg:2295.51ms
step:428/2750 train_time:982.472s step_avg:2295.50ms
step:429/2750 train_time:984.752s step_avg:2295.46ms
step:430/2750 train_time:987.037s step_avg:2295.44ms
step:431/2750 train_time:989.324s step_avg:2295.42ms
step:432/2750 train_time:991.607s step_avg:2295.39ms
step:433/2750 train_time:993.895s step_avg:2295.37ms
step:434/2750 train_time:996.177s step_avg:2295.34ms
step:435/2750 train_time:998.464s step_avg:2295.32ms
step:436/2750 train_time:1000.750s step_avg:2295.30ms
step:437/2750 train_time:1003.034s step_avg:2295.27ms
step:438/2750 train_time:1005.318s step_avg:2295.25ms
step:439/2750 train_time:1007.602s step_avg:2295.22ms
step:440/2750 train_time:1009.890s step_avg:2295.21ms
step:441/2750 train_time:1012.173s step_avg:2295.18ms
step:442/2750 train_time:1014.463s step_avg:2295.16ms
step:443/2750 train_time:1016.746s step_avg:2295.14ms
step:444/2750 train_time:1019.030s step_avg:2295.11ms
step:445/2750 train_time:1021.311s step_avg:2295.08ms
step:446/2750 train_time:1023.598s step_avg:2295.06ms
step:447/2750 train_time:1025.885s step_avg:2295.04ms
step:448/2750 train_time:1028.170s step_avg:2295.02ms
step:449/2750 train_time:1030.456s step_avg:2295.00ms
step:450/2750 train_time:1032.738s step_avg:2294.97ms
step:451/2750 train_time:1035.023s step_avg:2294.95ms
step:452/2750 train_time:1037.312s step_avg:2294.94ms
step:453/2750 train_time:1039.599s step_avg:2294.92ms
step:454/2750 train_time:1041.883s step_avg:2294.90ms
step:455/2750 train_time:1044.169s step_avg:2294.88ms
step:456/2750 train_time:1046.457s step_avg:2294.86ms
step:457/2750 train_time:1048.738s step_avg:2294.83ms
step:458/2750 train_time:1051.025s step_avg:2294.81ms
step:459/2750 train_time:1053.317s step_avg:2294.81ms
step:460/2750 train_time:1055.599s step_avg:2294.78ms
step:461/2750 train_time:1057.883s step_avg:2294.76ms
step:462/2750 train_time:1060.170s step_avg:2294.74ms
step:463/2750 train_time:1062.452s step_avg:2294.71ms
step:464/2750 train_time:1064.735s step_avg:2294.69ms
step:465/2750 train_time:1067.015s step_avg:2294.66ms
step:466/2750 train_time:1069.300s step_avg:2294.63ms
step:467/2750 train_time:1071.590s step_avg:2294.62ms
step:468/2750 train_time:1073.870s step_avg:2294.60ms
step:469/2750 train_time:1076.156s step_avg:2294.58ms
step:470/2750 train_time:1078.442s step_avg:2294.56ms
step:471/2750 train_time:1080.725s step_avg:2294.53ms
step:472/2750 train_time:1083.009s step_avg:2294.51ms
step:473/2750 train_time:1085.293s step_avg:2294.49ms
step:474/2750 train_time:1087.578s step_avg:2294.47ms
step:475/2750 train_time:1089.865s step_avg:2294.45ms
step:476/2750 train_time:1092.150s step_avg:2294.43ms
step:477/2750 train_time:1094.436s step_avg:2294.42ms
step:478/2750 train_time:1096.723s step_avg:2294.40ms
step:479/2750 train_time:1099.006s step_avg:2294.38ms
step:480/2750 train_time:1101.288s step_avg:2294.35ms
step:481/2750 train_time:1103.579s step_avg:2294.34ms
step:482/2750 train_time:1105.862s step_avg:2294.32ms
step:483/2750 train_time:1108.145s step_avg:2294.30ms
step:484/2750 train_time:1110.433s step_avg:2294.28ms
step:485/2750 train_time:1112.714s step_avg:2294.26ms
step:486/2750 train_time:1115.000s step_avg:2294.24ms
step:487/2750 train_time:1117.292s step_avg:2294.23ms
step:488/2750 train_time:1119.573s step_avg:2294.21ms
step:489/2750 train_time:1121.860s step_avg:2294.19ms
step:490/2750 train_time:1124.151s step_avg:2294.19ms
step:491/2750 train_time:1126.430s step_avg:2294.15ms
step:492/2750 train_time:1128.719s step_avg:2294.14ms
step:493/2750 train_time:1131.007s step_avg:2294.13ms
step:494/2750 train_time:1133.292s step_avg:2294.11ms
step:495/2750 train_time:1135.578s step_avg:2294.10ms
step:496/2750 train_time:1137.860s step_avg:2294.07ms
step:497/2750 train_time:1140.144s step_avg:2294.05ms
step:498/2750 train_time:1142.430s step_avg:2294.04ms
step:499/2750 train_time:1144.715s step_avg:2294.02ms
step:500/2750 train_time:1146.999s step_avg:2294.00ms
step:500/2750 val_loss:3.80824 train_time:1146.999s step_avg:2285.73ms
step:501/2750 train_time:1149.286s step_avg:2293.98ms
step:502/2750 train_time:1151.572s step_avg:2293.97ms
step:503/2750 train_time:1153.861s step_avg:2293.96ms
step:504/2750 train_time:1156.142s step_avg:2293.93ms
step:505/2750 train_time:1158.426s step_avg:2293.91ms
step:506/2750 train_time:1160.716s step_avg:2293.90ms
step:507/2750 train_time:1162.998s step_avg:2293.88ms
step:508/2750 train_time:1165.284s step_avg:2293.87ms
step:509/2750 train_time:1167.574s step_avg:2293.86ms
step:510/2750 train_time:1169.855s step_avg:2293.83ms
step:511/2750 train_time:1172.142s step_avg:2293.82ms
step:512/2750 train_time:1174.433s step_avg:2293.81ms
step:513/2750 train_time:1176.711s step_avg:2293.78ms
step:514/2750 train_time:1178.997s step_avg:2293.77ms
step:515/2750 train_time:1181.280s step_avg:2293.75ms
step:516/2750 train_time:1183.561s step_avg:2293.72ms
step:517/2750 train_time:1185.850s step_avg:2293.71ms
step:518/2750 train_time:1188.138s step_avg:2293.70ms
step:519/2750 train_time:1190.420s step_avg:2293.68ms
step:520/2750 train_time:1192.706s step_avg:2293.67ms
step:521/2750 train_time:1194.990s step_avg:2293.65ms
step:522/2750 train_time:1197.275s step_avg:2293.63ms
step:523/2750 train_time:1199.562s step_avg:2293.62ms
step:524/2750 train_time:1201.851s step_avg:2293.61ms
step:525/2750 train_time:1204.134s step_avg:2293.59ms
step:526/2750 train_time:1206.419s step_avg:2293.57ms
step:527/2750 train_time:1208.704s step_avg:2293.56ms
step:528/2750 train_time:1210.990s step_avg:2293.54ms
step:529/2750 train_time:1213.274s step_avg:2293.52ms
step:530/2750 train_time:1215.559s step_avg:2293.51ms
step:531/2750 train_time:1217.848s step_avg:2293.50ms
step:532/2750 train_time:1220.137s step_avg:2293.49ms
step:533/2750 train_time:1222.419s step_avg:2293.47ms
step:534/2750 train_time:1224.706s step_avg:2293.46ms
step:535/2750 train_time:1226.988s step_avg:2293.43ms
step:536/2750 train_time:1229.274s step_avg:2293.42ms
step:537/2750 train_time:1231.558s step_avg:2293.40ms
step:538/2750 train_time:1233.839s step_avg:2293.38ms
step:539/2750 train_time:1236.125s step_avg:2293.37ms
step:540/2750 train_time:1238.415s step_avg:2293.36ms
step:541/2750 train_time:1240.698s step_avg:2293.34ms
step:542/2750 train_time:1242.983s step_avg:2293.33ms
step:543/2750 train_time:1245.265s step_avg:2293.31ms
step:544/2750 train_time:1247.555s step_avg:2293.30ms
step:545/2750 train_time:1249.844s step_avg:2293.29ms
step:546/2750 train_time:1252.127s step_avg:2293.27ms
step:547/2750 train_time:1254.416s step_avg:2293.27ms
step:548/2750 train_time:1256.704s step_avg:2293.25ms
step:549/2750 train_time:1258.991s step_avg:2293.24ms
step:550/2750 train_time:1261.271s step_avg:2293.22ms
step:551/2750 train_time:1263.558s step_avg:2293.21ms
step:552/2750 train_time:1265.838s step_avg:2293.18ms
step:553/2750 train_time:1268.121s step_avg:2293.17ms
step:554/2750 train_time:1270.406s step_avg:2293.15ms
step:555/2750 train_time:1272.691s step_avg:2293.14ms
step:556/2750 train_time:1274.975s step_avg:2293.12ms
step:557/2750 train_time:1277.263s step_avg:2293.11ms
step:558/2750 train_time:1279.546s step_avg:2293.09ms
step:559/2750 train_time:1281.831s step_avg:2293.08ms
step:560/2750 train_time:1284.117s step_avg:2293.07ms
step:561/2750 train_time:1286.402s step_avg:2293.05ms
step:562/2750 train_time:1288.687s step_avg:2293.04ms
step:563/2750 train_time:1290.970s step_avg:2293.02ms
step:564/2750 train_time:1293.254s step_avg:2293.00ms
step:565/2750 train_time:1295.541s step_avg:2292.99ms
step:566/2750 train_time:1297.823s step_avg:2292.97ms
step:567/2750 train_time:1300.109s step_avg:2292.96ms
step:568/2750 train_time:1302.396s step_avg:2292.95ms
step:569/2750 train_time:1304.677s step_avg:2292.93ms
step:570/2750 train_time:1306.966s step_avg:2292.92ms
step:571/2750 train_time:1309.267s step_avg:2292.94ms
step:572/2750 train_time:1311.550s step_avg:2292.92ms
step:573/2750 train_time:1313.833s step_avg:2292.90ms
step:574/2750 train_time:1316.124s step_avg:2292.90ms
step:575/2750 train_time:1318.408s step_avg:2292.88ms
step:576/2750 train_time:1320.693s step_avg:2292.87ms
step:577/2750 train_time:1322.980s step_avg:2292.86ms
step:578/2750 train_time:1325.262s step_avg:2292.84ms
step:579/2750 train_time:1327.546s step_avg:2292.83ms
step:580/2750 train_time:1329.837s step_avg:2292.82ms
step:581/2750 train_time:1332.113s step_avg:2292.79ms
step:582/2750 train_time:1334.401s step_avg:2292.78ms
step:583/2750 train_time:1336.685s step_avg:2292.77ms
step:584/2750 train_time:1338.970s step_avg:2292.76ms
step:585/2750 train_time:1341.258s step_avg:2292.75ms
step:586/2750 train_time:1343.542s step_avg:2292.73ms
step:587/2750 train_time:1345.826s step_avg:2292.72ms
step:588/2750 train_time:1348.116s step_avg:2292.71ms
step:589/2750 train_time:1350.401s step_avg:2292.70ms
step:590/2750 train_time:1352.688s step_avg:2292.69ms
step:591/2750 train_time:1354.978s step_avg:2292.69ms
step:592/2750 train_time:1357.263s step_avg:2292.67ms
step:593/2750 train_time:1359.554s step_avg:2292.67ms
step:594/2750 train_time:1361.841s step_avg:2292.66ms
step:595/2750 train_time:1364.125s step_avg:2292.65ms
step:596/2750 train_time:1366.405s step_avg:2292.63ms
step:597/2750 train_time:1368.694s step_avg:2292.62ms
step:598/2750 train_time:1370.980s step_avg:2292.61ms
step:599/2750 train_time:1373.266s step_avg:2292.60ms
step:600/2750 train_time:1375.555s step_avg:2292.59ms
step:601/2750 train_time:1377.843s step_avg:2292.58ms
step:602/2750 train_time:1380.129s step_avg:2292.57ms
step:603/2750 train_time:1382.418s step_avg:2292.57ms
step:604/2750 train_time:1384.698s step_avg:2292.55ms
step:605/2750 train_time:1386.984s step_avg:2292.54ms
step:606/2750 train_time:1389.270s step_avg:2292.53ms
step:607/2750 train_time:1391.556s step_avg:2292.51ms
step:608/2750 train_time:1393.839s step_avg:2292.50ms
step:609/2750 train_time:1396.125s step_avg:2292.49ms
step:610/2750 train_time:1398.408s step_avg:2292.47ms
step:611/2750 train_time:1400.703s step_avg:2292.48ms
step:612/2750 train_time:1402.994s step_avg:2292.47ms
step:613/2750 train_time:1405.278s step_avg:2292.46ms
step:614/2750 train_time:1407.562s step_avg:2292.45ms
step:615/2750 train_time:1409.849s step_avg:2292.44ms
step:616/2750 train_time:1412.138s step_avg:2292.43ms
step:617/2750 train_time:1414.423s step_avg:2292.42ms
step:618/2750 train_time:1416.709s step_avg:2292.41ms
step:619/2750 train_time:1418.995s step_avg:2292.40ms
step:620/2750 train_time:1421.282s step_avg:2292.39ms
step:621/2750 train_time:1423.568s step_avg:2292.38ms
step:622/2750 train_time:1425.867s step_avg:2292.39ms
step:623/2750 train_time:1428.151s step_avg:2292.38ms
step:624/2750 train_time:1430.439s step_avg:2292.37ms
step:625/2750 train_time:1432.722s step_avg:2292.36ms
step:625/2750 val_loss:3.73073 train_time:1432.722s step_avg:2285.79ms
step:626/2750 train_time:1435.018s step_avg:2292.36ms
step:627/2750 train_time:1437.301s step_avg:2292.35ms
step:628/2750 train_time:1439.585s step_avg:2292.33ms
step:629/2750 train_time:1441.870s step_avg:2292.32ms
step:630/2750 train_time:1444.154s step_avg:2292.31ms
step:631/2750 train_time:1446.440s step_avg:2292.30ms
step:632/2750 train_time:1448.730s step_avg:2292.29ms
step:633/2750 train_time:1451.015s step_avg:2292.28ms
step:634/2750 train_time:1453.300s step_avg:2292.27ms
step:635/2750 train_time:1455.586s step_avg:2292.26ms
step:636/2750 train_time:1457.866s step_avg:2292.24ms
step:637/2750 train_time:1460.154s step_avg:2292.23ms
step:638/2750 train_time:1462.442s step_avg:2292.23ms
step:639/2750 train_time:1464.725s step_avg:2292.21ms
step:640/2750 train_time:1467.015s step_avg:2292.21ms
step:641/2750 train_time:1469.305s step_avg:2292.21ms
step:642/2750 train_time:1471.583s step_avg:2292.19ms
step:643/2750 train_time:1473.868s step_avg:2292.17ms
step:644/2750 train_time:1476.156s step_avg:2292.17ms
step:645/2750 train_time:1478.438s step_avg:2292.15ms
step:646/2750 train_time:1480.726s step_avg:2292.15ms
step:647/2750 train_time:1483.011s step_avg:2292.13ms
step:648/2750 train_time:1485.296s step_avg:2292.12ms
step:649/2750 train_time:1487.585s step_avg:2292.12ms
step:650/2750 train_time:1489.870s step_avg:2292.11ms
step:651/2750 train_time:1492.156s step_avg:2292.10ms
step:652/2750 train_time:1494.443s step_avg:2292.09ms
step:653/2750 train_time:1496.727s step_avg:2292.08ms
step:654/2750 train_time:1499.010s step_avg:2292.06ms
step:655/2750 train_time:1501.299s step_avg:2292.06ms
step:656/2750 train_time:1503.580s step_avg:2292.04ms
step:657/2750 train_time:1505.865s step_avg:2292.03ms
step:658/2750 train_time:1508.154s step_avg:2292.03ms
step:659/2750 train_time:1510.440s step_avg:2292.02ms
step:660/2750 train_time:1512.722s step_avg:2292.00ms
step:661/2750 train_time:1515.009s step_avg:2292.00ms
step:662/2750 train_time:1517.295s step_avg:2291.99ms
step:663/2750 train_time:1519.584s step_avg:2291.98ms
step:664/2750 train_time:1521.870s step_avg:2291.97ms
step:665/2750 train_time:1524.155s step_avg:2291.96ms
step:666/2750 train_time:1526.440s step_avg:2291.95ms
step:667/2750 train_time:1528.723s step_avg:2291.94ms
step:668/2750 train_time:1531.006s step_avg:2291.93ms
step:669/2750 train_time:1533.293s step_avg:2291.92ms
step:670/2750 train_time:1535.576s step_avg:2291.91ms
step:671/2750 train_time:1537.861s step_avg:2291.89ms
step:672/2750 train_time:1540.149s step_avg:2291.89ms
step:673/2750 train_time:1542.429s step_avg:2291.87ms
step:674/2750 train_time:1544.718s step_avg:2291.87ms
step:675/2750 train_time:1547.007s step_avg:2291.86ms
step:676/2750 train_time:1549.290s step_avg:2291.85ms
step:677/2750 train_time:1551.575s step_avg:2291.84ms
step:678/2750 train_time:1553.864s step_avg:2291.83ms
step:679/2750 train_time:1556.146s step_avg:2291.82ms
step:680/2750 train_time:1558.433s step_avg:2291.81ms
step:681/2750 train_time:1560.723s step_avg:2291.81ms
step:682/2750 train_time:1563.004s step_avg:2291.80ms
step:683/2750 train_time:1565.292s step_avg:2291.79ms
step:684/2750 train_time:1567.582s step_avg:2291.79ms
step:685/2750 train_time:1569.864s step_avg:2291.77ms
step:686/2750 train_time:1572.150s step_avg:2291.76ms
step:687/2750 train_time:1574.438s step_avg:2291.76ms
step:688/2750 train_time:1576.718s step_avg:2291.74ms
step:689/2750 train_time:1579.010s step_avg:2291.74ms
step:690/2750 train_time:1581.296s step_avg:2291.73ms
step:691/2750 train_time:1583.574s step_avg:2291.71ms
step:692/2750 train_time:1585.860s step_avg:2291.70ms
step:693/2750 train_time:1588.144s step_avg:2291.69ms
step:694/2750 train_time:1590.427s step_avg:2291.68ms
step:695/2750 train_time:1592.714s step_avg:2291.67ms
step:696/2750 train_time:1595.002s step_avg:2291.67ms
step:697/2750 train_time:1597.286s step_avg:2291.66ms
step:698/2750 train_time:1599.573s step_avg:2291.65ms
step:699/2750 train_time:1601.858s step_avg:2291.64ms
step:700/2750 train_time:1604.146s step_avg:2291.64ms
step:701/2750 train_time:1606.435s step_avg:2291.63ms
step:702/2750 train_time:1608.722s step_avg:2291.63ms
step:703/2750 train_time:1611.008s step_avg:2291.62ms
step:704/2750 train_time:1613.294s step_avg:2291.61ms
step:705/2750 train_time:1615.579s step_avg:2291.60ms
step:706/2750 train_time:1617.864s step_avg:2291.59ms
step:707/2750 train_time:1620.153s step_avg:2291.59ms
step:708/2750 train_time:1622.436s step_avg:2291.58ms
step:709/2750 train_time:1624.724s step_avg:2291.57ms
step:710/2750 train_time:1627.008s step_avg:2291.56ms
step:711/2750 train_time:1629.293s step_avg:2291.55ms
step:712/2750 train_time:1631.580s step_avg:2291.55ms
step:713/2750 train_time:1633.866s step_avg:2291.54ms
step:714/2750 train_time:1636.153s step_avg:2291.53ms
step:715/2750 train_time:1638.438s step_avg:2291.52ms
step:716/2750 train_time:1640.723s step_avg:2291.51ms
step:717/2750 train_time:1643.006s step_avg:2291.50ms
step:718/2750 train_time:1645.289s step_avg:2291.49ms
step:719/2750 train_time:1647.571s step_avg:2291.48ms
step:720/2750 train_time:1649.860s step_avg:2291.47ms
step:721/2750 train_time:1652.143s step_avg:2291.46ms
step:722/2750 train_time:1654.427s step_avg:2291.45ms
step:723/2750 train_time:1656.714s step_avg:2291.44ms
step:724/2750 train_time:1659.004s step_avg:2291.44ms
step:725/2750 train_time:1661.287s step_avg:2291.43ms
step:726/2750 train_time:1663.569s step_avg:2291.42ms
step:727/2750 train_time:1665.853s step_avg:2291.41ms
step:728/2750 train_time:1668.142s step_avg:2291.40ms
step:729/2750 train_time:1670.436s step_avg:2291.41ms
step:730/2750 train_time:1672.723s step_avg:2291.40ms
step:731/2750 train_time:1675.007s step_avg:2291.39ms
step:732/2750 train_time:1677.291s step_avg:2291.38ms
step:733/2750 train_time:1679.574s step_avg:2291.37ms
step:734/2750 train_time:1681.855s step_avg:2291.36ms
step:735/2750 train_time:1684.145s step_avg:2291.35ms
step:736/2750 train_time:1686.433s step_avg:2291.35ms
step:737/2750 train_time:1688.721s step_avg:2291.34ms
step:738/2750 train_time:1691.011s step_avg:2291.34ms
step:739/2750 train_time:1693.299s step_avg:2291.34ms
step:740/2750 train_time:1695.578s step_avg:2291.32ms
step:741/2750 train_time:1697.866s step_avg:2291.32ms
step:742/2750 train_time:1700.151s step_avg:2291.31ms
step:743/2750 train_time:1702.433s step_avg:2291.30ms
step:744/2750 train_time:1704.720s step_avg:2291.29ms
step:745/2750 train_time:1707.004s step_avg:2291.28ms
step:746/2750 train_time:1709.289s step_avg:2291.27ms
step:747/2750 train_time:1711.587s step_avg:2291.28ms
step:748/2750 train_time:1713.869s step_avg:2291.27ms
step:749/2750 train_time:1716.151s step_avg:2291.26ms
step:750/2750 train_time:1718.439s step_avg:2291.25ms
step:750/2750 val_loss:3.68584 train_time:1718.439s step_avg:2285.73ms
step:751/2750 train_time:1720.732s step_avg:2291.25ms
step:752/2750 train_time:1723.017s step_avg:2291.25ms
step:753/2750 train_time:1725.305s step_avg:2291.24ms
step:754/2750 train_time:1727.592s step_avg:2291.24ms
step:755/2750 train_time:1729.878s step_avg:2291.23ms
step:756/2750 train_time:1732.162s step_avg:2291.22ms
step:757/2750 train_time:1734.449s step_avg:2291.21ms
step:758/2750 train_time:1736.735s step_avg:2291.21ms
step:759/2750 train_time:1739.019s step_avg:2291.20ms
step:760/2750 train_time:1741.305s step_avg:2291.19ms
step:761/2750 train_time:1743.610s step_avg:2291.21ms
step:762/2750 train_time:1745.897s step_avg:2291.20ms
step:763/2750 train_time:1748.185s step_avg:2291.20ms
step:764/2750 train_time:1750.469s step_avg:2291.19ms
step:765/2750 train_time:1752.757s step_avg:2291.19ms
step:766/2750 train_time:1755.043s step_avg:2291.18ms
step:767/2750 train_time:1757.327s step_avg:2291.17ms
step:768/2750 train_time:1759.616s step_avg:2291.17ms
step:769/2750 train_time:1761.902s step_avg:2291.16ms
step:770/2750 train_time:1764.186s step_avg:2291.15ms
step:771/2750 train_time:1766.473s step_avg:2291.15ms
step:772/2750 train_time:1768.759s step_avg:2291.14ms
step:773/2750 train_time:1771.044s step_avg:2291.13ms
step:774/2750 train_time:1773.329s step_avg:2291.12ms
step:775/2750 train_time:1775.618s step_avg:2291.12ms
step:776/2750 train_time:1777.902s step_avg:2291.11ms
step:777/2750 train_time:1780.190s step_avg:2291.11ms
step:778/2750 train_time:1782.474s step_avg:2291.10ms
step:779/2750 train_time:1784.756s step_avg:2291.09ms
step:780/2750 train_time:1787.041s step_avg:2291.08ms
step:781/2750 train_time:1789.327s step_avg:2291.07ms
step:782/2750 train_time:1791.613s step_avg:2291.07ms
step:783/2750 train_time:1793.900s step_avg:2291.06ms
step:784/2750 train_time:1796.186s step_avg:2291.05ms
step:785/2750 train_time:1798.471s step_avg:2291.05ms
step:786/2750 train_time:1800.755s step_avg:2291.04ms
step:787/2750 train_time:1803.040s step_avg:2291.03ms
step:788/2750 train_time:1805.333s step_avg:2291.03ms
step:789/2750 train_time:1807.614s step_avg:2291.02ms
step:790/2750 train_time:1809.898s step_avg:2291.01ms
step:791/2750 train_time:1812.185s step_avg:2291.01ms
step:792/2750 train_time:1814.466s step_avg:2290.99ms
step:793/2750 train_time:1816.753s step_avg:2290.99ms
step:794/2750 train_time:1819.042s step_avg:2290.98ms
step:795/2750 train_time:1821.322s step_avg:2290.97ms
step:796/2750 train_time:1823.615s step_avg:2290.97ms
step:797/2750 train_time:1825.902s step_avg:2290.97ms
step:798/2750 train_time:1828.184s step_avg:2290.96ms
step:799/2750 train_time:1830.472s step_avg:2290.95ms
step:800/2750 train_time:1832.761s step_avg:2290.95ms
step:801/2750 train_time:1835.040s step_avg:2290.94ms
step:802/2750 train_time:1837.327s step_avg:2290.93ms
step:803/2750 train_time:1839.611s step_avg:2290.92ms
step:804/2750 train_time:1841.896s step_avg:2290.92ms
step:805/2750 train_time:1844.182s step_avg:2290.91ms
step:806/2750 train_time:1846.465s step_avg:2290.90ms
step:807/2750 train_time:1848.751s step_avg:2290.89ms
step:808/2750 train_time:1851.039s step_avg:2290.89ms
step:809/2750 train_time:1853.326s step_avg:2290.88ms
step:810/2750 train_time:1855.609s step_avg:2290.88ms
step:811/2750 train_time:1857.896s step_avg:2290.87ms
step:812/2750 train_time:1860.183s step_avg:2290.87ms
step:813/2750 train_time:1862.467s step_avg:2290.86ms
step:814/2750 train_time:1864.756s step_avg:2290.86ms
step:815/2750 train_time:1867.040s step_avg:2290.85ms
step:816/2750 train_time:1869.323s step_avg:2290.84ms
step:817/2750 train_time:1871.609s step_avg:2290.83ms
step:818/2750 train_time:1873.895s step_avg:2290.82ms
step:819/2750 train_time:1876.180s step_avg:2290.82ms
step:820/2750 train_time:1878.465s step_avg:2290.81ms
step:821/2750 train_time:1880.745s step_avg:2290.80ms
step:822/2750 train_time:1883.033s step_avg:2290.79ms
step:823/2750 train_time:1885.319s step_avg:2290.79ms
step:824/2750 train_time:1887.603s step_avg:2290.78ms
step:825/2750 train_time:1889.897s step_avg:2290.78ms
step:826/2750 train_time:1892.181s step_avg:2290.78ms
step:827/2750 train_time:1894.465s step_avg:2290.77ms
step:828/2750 train_time:1896.750s step_avg:2290.76ms
step:829/2750 train_time:1899.033s step_avg:2290.75ms
step:830/2750 train_time:1901.320s step_avg:2290.75ms
step:831/2750 train_time:1903.613s step_avg:2290.75ms
step:832/2750 train_time:1905.901s step_avg:2290.75ms
step:833/2750 train_time:1908.186s step_avg:2290.74ms
step:834/2750 train_time:1910.471s step_avg:2290.73ms
step:835/2750 train_time:1912.752s step_avg:2290.72ms
step:836/2750 train_time:1915.036s step_avg:2290.71ms
step:837/2750 train_time:1917.325s step_avg:2290.71ms
step:838/2750 train_time:1919.606s step_avg:2290.70ms
step:839/2750 train_time:1921.891s step_avg:2290.69ms
step:840/2750 train_time:1924.179s step_avg:2290.69ms
step:841/2750 train_time:1926.462s step_avg:2290.68ms
step:842/2750 train_time:1928.752s step_avg:2290.68ms
step:843/2750 train_time:1931.041s step_avg:2290.68ms
step:844/2750 train_time:1933.327s step_avg:2290.67ms
step:845/2750 train_time:1935.616s step_avg:2290.67ms
step:846/2750 train_time:1937.905s step_avg:2290.67ms
step:847/2750 train_time:1940.186s step_avg:2290.66ms
step:848/2750 train_time:1942.470s step_avg:2290.65ms
step:849/2750 train_time:1944.755s step_avg:2290.64ms
step:850/2750 train_time:1947.040s step_avg:2290.64ms
step:851/2750 train_time:1949.330s step_avg:2290.63ms
step:852/2750 train_time:1951.615s step_avg:2290.63ms
step:853/2750 train_time:1953.909s step_avg:2290.63ms
step:854/2750 train_time:1956.194s step_avg:2290.62ms
step:855/2750 train_time:1958.482s step_avg:2290.62ms
step:856/2750 train_time:1960.764s step_avg:2290.61ms
step:857/2750 train_time:1963.052s step_avg:2290.61ms
step:858/2750 train_time:1965.337s step_avg:2290.60ms
step:859/2750 train_time:1967.624s step_avg:2290.60ms
step:860/2750 train_time:1969.916s step_avg:2290.60ms
step:861/2750 train_time:1972.204s step_avg:2290.60ms
step:862/2750 train_time:1974.487s step_avg:2290.59ms
step:863/2750 train_time:1976.775s step_avg:2290.59ms
step:864/2750 train_time:1979.065s step_avg:2290.59ms
step:865/2750 train_time:1981.348s step_avg:2290.58ms
step:866/2750 train_time:1983.633s step_avg:2290.57ms
step:867/2750 train_time:1985.924s step_avg:2290.57ms
step:868/2750 train_time:1988.205s step_avg:2290.56ms
step:869/2750 train_time:1990.494s step_avg:2290.56ms
step:870/2750 train_time:1992.783s step_avg:2290.56ms
step:871/2750 train_time:1995.066s step_avg:2290.55ms
step:872/2750 train_time:1997.352s step_avg:2290.54ms
step:873/2750 train_time:1999.645s step_avg:2290.54ms
step:874/2750 train_time:2001.926s step_avg:2290.53ms
step:875/2750 train_time:2004.213s step_avg:2290.53ms
step:875/2750 val_loss:3.64403 train_time:2004.213s step_avg:2286.19ms
step:876/2750 train_time:2006.507s step_avg:2290.53ms
step:877/2750 train_time:2008.794s step_avg:2290.53ms
step:878/2750 train_time:2011.084s step_avg:2290.53ms
step:879/2750 train_time:2013.369s step_avg:2290.52ms
step:880/2750 train_time:2015.659s step_avg:2290.52ms
step:881/2750 train_time:2017.949s step_avg:2290.52ms
step:882/2750 train_time:2020.238s step_avg:2290.52ms
step:883/2750 train_time:2022.525s step_avg:2290.52ms
step:884/2750 train_time:2024.809s step_avg:2290.51ms
step:885/2750 train_time:2027.100s step_avg:2290.51ms
step:886/2750 train_time:2029.384s step_avg:2290.50ms
step:887/2750 train_time:2031.670s step_avg:2290.50ms
step:888/2750 train_time:2033.958s step_avg:2290.49ms
step:889/2750 train_time:2036.240s step_avg:2290.48ms
step:890/2750 train_time:2038.531s step_avg:2290.48ms
step:891/2750 train_time:2040.821s step_avg:2290.48ms
step:892/2750 train_time:2043.104s step_avg:2290.47ms
step:893/2750 train_time:2045.387s step_avg:2290.47ms
step:894/2750 train_time:2047.673s step_avg:2290.46ms
step:895/2750 train_time:2049.955s step_avg:2290.45ms
step:896/2750 train_time:2052.242s step_avg:2290.45ms
step:897/2750 train_time:2054.525s step_avg:2290.44ms
step:898/2750 train_time:2056.807s step_avg:2290.43ms
step:899/2750 train_time:2059.096s step_avg:2290.43ms
step:900/2750 train_time:2061.383s step_avg:2290.43ms
step:901/2750 train_time:2063.669s step_avg:2290.42ms
step:902/2750 train_time:2065.954s step_avg:2290.41ms
step:903/2750 train_time:2068.243s step_avg:2290.41ms
step:904/2750 train_time:2070.531s step_avg:2290.41ms
step:905/2750 train_time:2072.820s step_avg:2290.41ms
step:906/2750 train_time:2075.103s step_avg:2290.40ms
step:907/2750 train_time:2077.388s step_avg:2290.39ms
step:908/2750 train_time:2079.684s step_avg:2290.40ms
step:909/2750 train_time:2081.969s step_avg:2290.39ms
step:910/2750 train_time:2084.254s step_avg:2290.39ms
step:911/2750 train_time:2086.541s step_avg:2290.38ms
step:912/2750 train_time:2088.823s step_avg:2290.38ms
step:913/2750 train_time:2091.107s step_avg:2290.37ms
step:914/2750 train_time:2093.390s step_avg:2290.36ms
step:915/2750 train_time:2095.675s step_avg:2290.35ms
step:916/2750 train_time:2097.962s step_avg:2290.35ms
step:917/2750 train_time:2100.248s step_avg:2290.35ms
step:918/2750 train_time:2102.538s step_avg:2290.35ms
step:919/2750 train_time:2104.820s step_avg:2290.34ms
step:920/2750 train_time:2107.110s step_avg:2290.34ms
step:921/2750 train_time:2109.397s step_avg:2290.33ms
step:922/2750 train_time:2111.685s step_avg:2290.33ms
step:923/2750 train_time:2113.975s step_avg:2290.33ms
step:924/2750 train_time:2116.261s step_avg:2290.33ms
step:925/2750 train_time:2118.545s step_avg:2290.32ms
step:926/2750 train_time:2120.836s step_avg:2290.32ms
step:927/2750 train_time:2123.122s step_avg:2290.31ms
step:928/2750 train_time:2125.404s step_avg:2290.31ms
step:929/2750 train_time:2127.691s step_avg:2290.30ms
step:930/2750 train_time:2129.979s step_avg:2290.30ms
step:931/2750 train_time:2132.264s step_avg:2290.29ms
step:932/2750 train_time:2134.551s step_avg:2290.29ms
step:933/2750 train_time:2136.838s step_avg:2290.29ms
step:934/2750 train_time:2139.122s step_avg:2290.28ms
step:935/2750 train_time:2141.405s step_avg:2290.27ms
step:936/2750 train_time:2143.696s step_avg:2290.27ms
step:937/2750 train_time:2145.981s step_avg:2290.27ms
step:938/2750 train_time:2148.267s step_avg:2290.26ms
step:939/2750 train_time:2150.553s step_avg:2290.26ms
step:940/2750 train_time:2152.841s step_avg:2290.26ms
step:941/2750 train_time:2155.129s step_avg:2290.25ms
step:942/2750 train_time:2157.417s step_avg:2290.25ms
step:943/2750 train_time:2159.703s step_avg:2290.25ms
step:944/2750 train_time:2161.992s step_avg:2290.25ms
step:945/2750 train_time:2164.281s step_avg:2290.24ms
step:946/2750 train_time:2166.564s step_avg:2290.24ms
step:947/2750 train_time:2168.850s step_avg:2290.23ms
step:948/2750 train_time:2171.133s step_avg:2290.22ms
step:949/2750 train_time:2173.418s step_avg:2290.22ms
step:950/2750 train_time:2175.702s step_avg:2290.21ms
step:951/2750 train_time:2178.009s step_avg:2290.23ms
step:952/2750 train_time:2180.292s step_avg:2290.22ms
step:953/2750 train_time:2182.579s step_avg:2290.22ms
step:954/2750 train_time:2184.864s step_avg:2290.21ms
step:955/2750 train_time:2187.150s step_avg:2290.21ms
step:956/2750 train_time:2189.437s step_avg:2290.21ms
step:957/2750 train_time:2191.723s step_avg:2290.20ms
step:958/2750 train_time:2194.003s step_avg:2290.19ms
step:959/2750 train_time:2196.292s step_avg:2290.19ms
step:960/2750 train_time:2198.572s step_avg:2290.18ms
step:961/2750 train_time:2200.855s step_avg:2290.17ms
step:962/2750 train_time:2203.144s step_avg:2290.17ms
step:963/2750 train_time:2205.429s step_avg:2290.17ms
step:964/2750 train_time:2207.715s step_avg:2290.16ms
step:965/2750 train_time:2209.997s step_avg:2290.15ms
step:966/2750 train_time:2212.282s step_avg:2290.15ms
step:967/2750 train_time:2214.571s step_avg:2290.15ms
step:968/2750 train_time:2216.855s step_avg:2290.14ms
step:969/2750 train_time:2219.141s step_avg:2290.13ms
step:970/2750 train_time:2221.428s step_avg:2290.13ms
step:971/2750 train_time:2223.710s step_avg:2290.12ms
step:972/2750 train_time:2225.996s step_avg:2290.12ms
step:973/2750 train_time:2228.286s step_avg:2290.12ms
step:974/2750 train_time:2230.567s step_avg:2290.11ms
step:975/2750 train_time:2232.854s step_avg:2290.11ms
step:976/2750 train_time:2235.143s step_avg:2290.11ms
step:977/2750 train_time:2237.425s step_avg:2290.10ms
step:978/2750 train_time:2239.714s step_avg:2290.10ms
step:979/2750 train_time:2242.006s step_avg:2290.10ms
step:980/2750 train_time:2244.285s step_avg:2290.09ms
step:981/2750 train_time:2246.573s step_avg:2290.08ms
step:982/2750 train_time:2248.860s step_avg:2290.08ms
step:983/2750 train_time:2251.141s step_avg:2290.07ms
step:984/2750 train_time:2253.431s step_avg:2290.07ms
step:985/2750 train_time:2255.717s step_avg:2290.07ms
step:986/2750 train_time:2257.997s step_avg:2290.06ms
step:987/2750 train_time:2260.287s step_avg:2290.06ms
step:988/2750 train_time:2262.572s step_avg:2290.05ms
step:989/2750 train_time:2264.857s step_avg:2290.05ms
step:990/2750 train_time:2267.145s step_avg:2290.05ms
step:991/2750 train_time:2269.427s step_avg:2290.04ms
step:992/2750 train_time:2271.713s step_avg:2290.03ms
step:993/2750 train_time:2274.001s step_avg:2290.03ms
step:994/2750 train_time:2276.286s step_avg:2290.03ms
step:995/2750 train_time:2278.572s step_avg:2290.02ms
step:996/2750 train_time:2280.861s step_avg:2290.02ms
step:997/2750 train_time:2283.146s step_avg:2290.02ms
step:998/2750 train_time:2285.431s step_avg:2290.01ms
step:999/2750 train_time:2287.723s step_avg:2290.01ms
step:1000/2750 train_time:2290.006s step_avg:2290.01ms
step:1000/2750 val_loss:3.60744 train_time:2290.006s step_avg:2286.34ms
step:1001/2750 train_time:2292.291s step_avg:2290.00ms
step:1002/2750 train_time:2294.580s step_avg:2290.00ms
step:1003/2750 train_time:2296.867s step_avg:2290.00ms
step:1004/2750 train_time:2299.155s step_avg:2290.00ms
step:1005/2750 train_time:2301.444s step_avg:2289.99ms
step:1006/2750 train_time:2303.731s step_avg:2289.99ms
step:1007/2750 train_time:2306.015s step_avg:2289.98ms
step:1008/2750 train_time:2308.299s step_avg:2289.98ms
step:1009/2750 train_time:2310.582s step_avg:2289.97ms
step:1010/2750 train_time:2312.871s step_avg:2289.97ms
step:1011/2750 train_time:2315.156s step_avg:2289.97ms
step:1012/2750 train_time:2317.441s step_avg:2289.96ms
step:1013/2750 train_time:2319.726s step_avg:2289.96ms
step:1014/2750 train_time:2322.007s step_avg:2289.95ms
step:1015/2750 train_time:2324.294s step_avg:2289.94ms
step:1016/2750 train_time:2326.584s step_avg:2289.95ms
step:1017/2750 train_time:2328.864s step_avg:2289.94ms
step:1018/2750 train_time:2331.150s step_avg:2289.93ms
step:1019/2750 train_time:2333.438s step_avg:2289.93ms
step:1020/2750 train_time:2335.722s step_avg:2289.92ms
step:1021/2750 train_time:2338.009s step_avg:2289.92ms
step:1022/2750 train_time:2340.298s step_avg:2289.92ms
step:1023/2750 train_time:2342.580s step_avg:2289.91ms
step:1024/2750 train_time:2344.869s step_avg:2289.91ms
step:1025/2750 train_time:2347.159s step_avg:2289.91ms
step:1026/2750 train_time:2349.444s step_avg:2289.91ms
step:1027/2750 train_time:2351.732s step_avg:2289.90ms
step:1028/2750 train_time:2354.023s step_avg:2289.91ms
step:1029/2750 train_time:2356.303s step_avg:2289.90ms
step:1030/2750 train_time:2358.590s step_avg:2289.89ms
step:1031/2750 train_time:2360.881s step_avg:2289.89ms
step:1032/2750 train_time:2363.164s step_avg:2289.89ms
step:1033/2750 train_time:2365.453s step_avg:2289.89ms
step:1034/2750 train_time:2367.739s step_avg:2289.88ms
step:1035/2750 train_time:2370.018s step_avg:2289.87ms
step:1036/2750 train_time:2372.306s step_avg:2289.87ms
step:1037/2750 train_time:2374.590s step_avg:2289.86ms
step:1038/2750 train_time:2376.873s step_avg:2289.86ms
step:1039/2750 train_time:2379.161s step_avg:2289.86ms
step:1040/2750 train_time:2381.445s step_avg:2289.85ms
step:1041/2750 train_time:2383.727s step_avg:2289.84ms
step:1042/2750 train_time:2386.017s step_avg:2289.84ms
step:1043/2750 train_time:2388.303s step_avg:2289.84ms
step:1044/2750 train_time:2390.587s step_avg:2289.83ms
step:1045/2750 train_time:2392.874s step_avg:2289.83ms
step:1046/2750 train_time:2395.154s step_avg:2289.82ms
step:1047/2750 train_time:2397.437s step_avg:2289.82ms
step:1048/2750 train_time:2399.725s step_avg:2289.81ms
step:1049/2750 train_time:2402.010s step_avg:2289.81ms
step:1050/2750 train_time:2404.296s step_avg:2289.81ms
step:1051/2750 train_time:2406.579s step_avg:2289.80ms
step:1052/2750 train_time:2408.863s step_avg:2289.79ms
step:1053/2750 train_time:2411.148s step_avg:2289.79ms
step:1054/2750 train_time:2413.430s step_avg:2289.78ms
step:1055/2750 train_time:2415.711s step_avg:2289.77ms
step:1056/2750 train_time:2418.001s step_avg:2289.77ms
step:1057/2750 train_time:2420.284s step_avg:2289.77ms
step:1058/2750 train_time:2422.573s step_avg:2289.77ms
step:1059/2750 train_time:2424.866s step_avg:2289.77ms
step:1060/2750 train_time:2427.146s step_avg:2289.76ms
step:1061/2750 train_time:2429.434s step_avg:2289.76ms
step:1062/2750 train_time:2431.725s step_avg:2289.76ms
step:1063/2750 train_time:2434.008s step_avg:2289.75ms
step:1064/2750 train_time:2436.295s step_avg:2289.75ms
step:1065/2750 train_time:2438.585s step_avg:2289.75ms
step:1066/2750 train_time:2440.870s step_avg:2289.75ms
step:1067/2750 train_time:2443.152s step_avg:2289.74ms
step:1068/2750 train_time:2445.438s step_avg:2289.74ms
step:1069/2750 train_time:2447.720s step_avg:2289.73ms
step:1070/2750 train_time:2450.012s step_avg:2289.73ms
step:1071/2750 train_time:2452.301s step_avg:2289.73ms
step:1072/2750 train_time:2454.582s step_avg:2289.72ms
step:1073/2750 train_time:2456.871s step_avg:2289.72ms
step:1074/2750 train_time:2459.160s step_avg:2289.72ms
step:1075/2750 train_time:2461.441s step_avg:2289.71ms
step:1076/2750 train_time:2463.731s step_avg:2289.71ms
step:1077/2750 train_time:2466.020s step_avg:2289.71ms
step:1078/2750 train_time:2468.304s step_avg:2289.71ms
step:1079/2750 train_time:2470.588s step_avg:2289.70ms
step:1080/2750 train_time:2472.870s step_avg:2289.69ms
step:1081/2750 train_time:2475.149s step_avg:2289.68ms
step:1082/2750 train_time:2477.436s step_avg:2289.68ms
step:1083/2750 train_time:2479.725s step_avg:2289.68ms
step:1084/2750 train_time:2482.010s step_avg:2289.68ms
step:1085/2750 train_time:2484.297s step_avg:2289.67ms
step:1086/2750 train_time:2486.586s step_avg:2289.67ms
step:1087/2750 train_time:2488.873s step_avg:2289.67ms
step:1088/2750 train_time:2491.162s step_avg:2289.67ms
step:1089/2750 train_time:2493.447s step_avg:2289.67ms
step:1090/2750 train_time:2495.736s step_avg:2289.67ms
step:1091/2750 train_time:2498.022s step_avg:2289.66ms
step:1092/2750 train_time:2500.305s step_avg:2289.66ms
step:1093/2750 train_time:2502.588s step_avg:2289.65ms
step:1094/2750 train_time:2504.878s step_avg:2289.65ms
step:1095/2750 train_time:2507.165s step_avg:2289.65ms
step:1096/2750 train_time:2509.450s step_avg:2289.64ms
step:1097/2750 train_time:2511.736s step_avg:2289.64ms
step:1098/2750 train_time:2514.032s step_avg:2289.65ms
step:1099/2750 train_time:2516.320s step_avg:2289.65ms
step:1100/2750 train_time:2518.611s step_avg:2289.65ms
step:1101/2750 train_time:2520.900s step_avg:2289.65ms
step:1102/2750 train_time:2523.181s step_avg:2289.64ms
step:1103/2750 train_time:2525.473s step_avg:2289.64ms
step:1104/2750 train_time:2527.758s step_avg:2289.64ms
step:1105/2750 train_time:2530.038s step_avg:2289.63ms
step:1106/2750 train_time:2532.322s step_avg:2289.62ms
step:1107/2750 train_time:2534.610s step_avg:2289.62ms
step:1108/2750 train_time:2536.898s step_avg:2289.62ms
step:1109/2750 train_time:2539.185s step_avg:2289.62ms
step:1110/2750 train_time:2541.466s step_avg:2289.61ms
step:1111/2750 train_time:2543.749s step_avg:2289.60ms
step:1112/2750 train_time:2546.036s step_avg:2289.60ms
step:1113/2750 train_time:2548.323s step_avg:2289.60ms
step:1114/2750 train_time:2550.606s step_avg:2289.59ms
step:1115/2750 train_time:2552.894s step_avg:2289.59ms
step:1116/2750 train_time:2555.181s step_avg:2289.59ms
step:1117/2750 train_time:2557.468s step_avg:2289.59ms
step:1118/2750 train_time:2559.753s step_avg:2289.58ms
step:1119/2750 train_time:2562.041s step_avg:2289.58ms
step:1120/2750 train_time:2564.325s step_avg:2289.58ms
step:1121/2750 train_time:2566.613s step_avg:2289.57ms
step:1122/2750 train_time:2568.899s step_avg:2289.57ms
step:1123/2750 train_time:2571.185s step_avg:2289.57ms
step:1124/2750 train_time:2573.472s step_avg:2289.57ms
step:1125/2750 train_time:2575.760s step_avg:2289.56ms
step:1125/2750 val_loss:3.58164 train_time:2575.760s step_avg:2286.03ms
step:1126/2750 train_time:2578.052s step_avg:2289.57ms
step:1127/2750 train_time:2580.333s step_avg:2289.56ms
step:1128/2750 train_time:2582.620s step_avg:2289.56ms
step:1129/2750 train_time:2584.911s step_avg:2289.56ms
step:1130/2750 train_time:2587.201s step_avg:2289.56ms
step:1131/2750 train_time:2589.490s step_avg:2289.56ms
step:1132/2750 train_time:2591.779s step_avg:2289.56ms
step:1133/2750 train_time:2594.064s step_avg:2289.55ms
step:1134/2750 train_time:2596.353s step_avg:2289.55ms
step:1135/2750 train_time:2598.636s step_avg:2289.55ms
step:1136/2750 train_time:2600.919s step_avg:2289.54ms
step:1137/2750 train_time:2603.203s step_avg:2289.54ms
step:1138/2750 train_time:2605.491s step_avg:2289.54ms
step:1139/2750 train_time:2607.776s step_avg:2289.53ms
step:1140/2750 train_time:2610.060s step_avg:2289.53ms
step:1141/2750 train_time:2612.361s step_avg:2289.54ms
step:1142/2750 train_time:2614.645s step_avg:2289.53ms
step:1143/2750 train_time:2616.930s step_avg:2289.53ms
step:1144/2750 train_time:2619.217s step_avg:2289.53ms
step:1145/2750 train_time:2621.502s step_avg:2289.52ms
step:1146/2750 train_time:2623.789s step_avg:2289.52ms
step:1147/2750 train_time:2626.074s step_avg:2289.52ms
step:1148/2750 train_time:2628.359s step_avg:2289.51ms
step:1149/2750 train_time:2630.649s step_avg:2289.51ms
step:1150/2750 train_time:2632.933s step_avg:2289.51ms
step:1151/2750 train_time:2635.217s step_avg:2289.50ms
step:1152/2750 train_time:2637.505s step_avg:2289.50ms
step:1153/2750 train_time:2639.790s step_avg:2289.50ms
step:1154/2750 train_time:2642.073s step_avg:2289.49ms
step:1155/2750 train_time:2644.363s step_avg:2289.49ms
step:1156/2750 train_time:2646.648s step_avg:2289.49ms
step:1157/2750 train_time:2648.930s step_avg:2289.48ms
step:1158/2750 train_time:2651.215s step_avg:2289.48ms
step:1159/2750 train_time:2653.504s step_avg:2289.48ms
step:1160/2750 train_time:2655.788s step_avg:2289.47ms
step:1161/2750 train_time:2658.072s step_avg:2289.47ms
step:1162/2750 train_time:2660.362s step_avg:2289.47ms
step:1163/2750 train_time:2662.646s step_avg:2289.46ms
step:1164/2750 train_time:2664.932s step_avg:2289.46ms
step:1165/2750 train_time:2667.220s step_avg:2289.46ms
step:1166/2750 train_time:2669.500s step_avg:2289.45ms
step:1167/2750 train_time:2671.790s step_avg:2289.45ms
step:1168/2750 train_time:2674.079s step_avg:2289.45ms
step:1169/2750 train_time:2676.362s step_avg:2289.45ms
step:1170/2750 train_time:2678.651s step_avg:2289.45ms
step:1171/2750 train_time:2680.939s step_avg:2289.44ms
step:1172/2750 train_time:2683.221s step_avg:2289.44ms
step:1173/2750 train_time:2685.508s step_avg:2289.44ms
step:1174/2750 train_time:2687.794s step_avg:2289.43ms
step:1175/2750 train_time:2690.081s step_avg:2289.43ms
step:1176/2750 train_time:2692.369s step_avg:2289.43ms
step:1177/2750 train_time:2694.652s step_avg:2289.42ms
step:1178/2750 train_time:2696.944s step_avg:2289.43ms
step:1179/2750 train_time:2699.229s step_avg:2289.42ms
step:1180/2750 train_time:2701.516s step_avg:2289.42ms
step:1181/2750 train_time:2703.800s step_avg:2289.42ms
step:1182/2750 train_time:2706.090s step_avg:2289.42ms
step:1183/2750 train_time:2708.381s step_avg:2289.42ms
step:1184/2750 train_time:2710.664s step_avg:2289.41ms
step:1185/2750 train_time:2712.947s step_avg:2289.41ms
step:1186/2750 train_time:2715.235s step_avg:2289.41ms
step:1187/2750 train_time:2717.519s step_avg:2289.40ms
step:1188/2750 train_time:2719.809s step_avg:2289.40ms
step:1189/2750 train_time:2722.099s step_avg:2289.40ms
step:1190/2750 train_time:2724.385s step_avg:2289.40ms
step:1191/2750 train_time:2726.672s step_avg:2289.40ms
step:1192/2750 train_time:2728.962s step_avg:2289.40ms
step:1193/2750 train_time:2731.246s step_avg:2289.39ms
step:1194/2750 train_time:2733.529s step_avg:2289.39ms
step:1195/2750 train_time:2735.817s step_avg:2289.39ms
step:1196/2750 train_time:2738.100s step_avg:2289.38ms
step:1197/2750 train_time:2740.388s step_avg:2289.38ms
step:1198/2750 train_time:2742.678s step_avg:2289.38ms
step:1199/2750 train_time:2744.959s step_avg:2289.37ms
step:1200/2750 train_time:2747.249s step_avg:2289.37ms
step:1201/2750 train_time:2749.534s step_avg:2289.37ms
step:1202/2750 train_time:2751.819s step_avg:2289.37ms
step:1203/2750 train_time:2754.109s step_avg:2289.37ms
step:1204/2750 train_time:2756.396s step_avg:2289.37ms
step:1205/2750 train_time:2758.676s step_avg:2289.36ms
step:1206/2750 train_time:2760.965s step_avg:2289.36ms
step:1207/2750 train_time:2763.249s step_avg:2289.35ms
step:1208/2750 train_time:2765.536s step_avg:2289.35ms
step:1209/2750 train_time:2767.824s step_avg:2289.35ms
step:1210/2750 train_time:2770.109s step_avg:2289.35ms
step:1211/2750 train_time:2772.398s step_avg:2289.35ms
step:1212/2750 train_time:2774.685s step_avg:2289.34ms
step:1213/2750 train_time:2776.969s step_avg:2289.34ms
step:1214/2750 train_time:2779.254s step_avg:2289.34ms
step:1215/2750 train_time:2781.546s step_avg:2289.34ms
step:1216/2750 train_time:2783.830s step_avg:2289.33ms
step:1217/2750 train_time:2786.116s step_avg:2289.33ms
step:1218/2750 train_time:2788.402s step_avg:2289.33ms
step:1219/2750 train_time:2790.685s step_avg:2289.32ms
step:1220/2750 train_time:2792.968s step_avg:2289.32ms
step:1221/2750 train_time:2795.258s step_avg:2289.32ms
step:1222/2750 train_time:2797.544s step_avg:2289.32ms
step:1223/2750 train_time:2799.828s step_avg:2289.31ms
step:1224/2750 train_time:2802.117s step_avg:2289.31ms
step:1225/2750 train_time:2804.404s step_avg:2289.31ms
step:1226/2750 train_time:2806.688s step_avg:2289.30ms
step:1227/2750 train_time:2808.977s step_avg:2289.30ms
step:1228/2750 train_time:2811.265s step_avg:2289.30ms
step:1229/2750 train_time:2813.551s step_avg:2289.30ms
step:1230/2750 train_time:2815.839s step_avg:2289.30ms
step:1231/2750 train_time:2818.123s step_avg:2289.30ms
step:1232/2750 train_time:2820.406s step_avg:2289.29ms
step:1233/2750 train_time:2822.695s step_avg:2289.29ms
step:1234/2750 train_time:2824.985s step_avg:2289.29ms
step:1235/2750 train_time:2827.270s step_avg:2289.29ms
step:1236/2750 train_time:2829.560s step_avg:2289.29ms
step:1237/2750 train_time:2831.845s step_avg:2289.28ms
step:1238/2750 train_time:2834.130s step_avg:2289.28ms
step:1239/2750 train_time:2836.419s step_avg:2289.28ms
step:1240/2750 train_time:2838.704s step_avg:2289.28ms
step:1241/2750 train_time:2840.991s step_avg:2289.28ms
step:1242/2750 train_time:2843.279s step_avg:2289.27ms
step:1243/2750 train_time:2845.563s step_avg:2289.27ms
step:1244/2750 train_time:2847.845s step_avg:2289.26ms
step:1245/2750 train_time:2850.131s step_avg:2289.26ms
step:1246/2750 train_time:2852.415s step_avg:2289.26ms
step:1247/2750 train_time:2854.698s step_avg:2289.25ms
step:1248/2750 train_time:2856.985s step_avg:2289.25ms
step:1249/2750 train_time:2859.269s step_avg:2289.25ms
step:1250/2750 train_time:2861.556s step_avg:2289.25ms
step:1250/2750 val_loss:3.55086 train_time:2861.557s step_avg:2286.37ms
step:1251/2750 train_time:2863.847s step_avg:2289.25ms
step:1252/2750 train_time:2866.134s step_avg:2289.24ms
step:1253/2750 train_time:2868.425s step_avg:2289.25ms
step:1254/2750 train_time:2870.707s step_avg:2289.24ms
step:1255/2750 train_time:2872.994s step_avg:2289.24ms
step:1256/2750 train_time:2875.283s step_avg:2289.24ms
step:1257/2750 train_time:2877.566s step_avg:2289.23ms
step:1258/2750 train_time:2879.851s step_avg:2289.23ms
step:1259/2750 train_time:2882.140s step_avg:2289.23ms
step:1260/2750 train_time:2884.425s step_avg:2289.23ms
step:1261/2750 train_time:2886.713s step_avg:2289.23ms
step:1262/2750 train_time:2889.004s step_avg:2289.23ms
step:1263/2750 train_time:2891.287s step_avg:2289.22ms
step:1264/2750 train_time:2893.573s step_avg:2289.22ms
step:1265/2750 train_time:2895.864s step_avg:2289.22ms
step:1266/2750 train_time:2898.145s step_avg:2289.21ms
step:1267/2750 train_time:2900.430s step_avg:2289.21ms
step:1268/2750 train_time:2902.716s step_avg:2289.21ms
step:1269/2750 train_time:2904.999s step_avg:2289.20ms
step:1270/2750 train_time:2907.290s step_avg:2289.21ms
step:1271/2750 train_time:2909.575s step_avg:2289.20ms
step:1272/2750 train_time:2911.863s step_avg:2289.20ms
step:1273/2750 train_time:2914.154s step_avg:2289.20ms
step:1274/2750 train_time:2916.441s step_avg:2289.20ms
step:1275/2750 train_time:2918.723s step_avg:2289.19ms
step:1276/2750 train_time:2921.010s step_avg:2289.19ms
step:1277/2750 train_time:2923.298s step_avg:2289.19ms
step:1278/2750 train_time:2925.579s step_avg:2289.19ms
step:1279/2750 train_time:2927.865s step_avg:2289.18ms
step:1280/2750 train_time:2930.148s step_avg:2289.18ms
step:1281/2750 train_time:2932.434s step_avg:2289.18ms
step:1282/2750 train_time:2934.721s step_avg:2289.17ms
step:1283/2750 train_time:2937.006s step_avg:2289.17ms
step:1284/2750 train_time:2939.294s step_avg:2289.17ms
step:1285/2750 train_time:2941.581s step_avg:2289.17ms
step:1286/2750 train_time:2943.866s step_avg:2289.16ms
step:1287/2750 train_time:2946.149s step_avg:2289.16ms
step:1288/2750 train_time:2948.436s step_avg:2289.16ms
step:1289/2750 train_time:2950.723s step_avg:2289.16ms
step:1290/2750 train_time:2953.007s step_avg:2289.15ms
step:1291/2750 train_time:2955.293s step_avg:2289.15ms
step:1292/2750 train_time:2957.582s step_avg:2289.15ms
step:1293/2750 train_time:2959.868s step_avg:2289.15ms
step:1294/2750 train_time:2962.156s step_avg:2289.15ms
step:1295/2750 train_time:2964.439s step_avg:2289.14ms
step:1296/2750 train_time:2966.724s step_avg:2289.14ms
step:1297/2750 train_time:2969.013s step_avg:2289.14ms
step:1298/2750 train_time:2971.298s step_avg:2289.14ms
step:1299/2750 train_time:2973.584s step_avg:2289.13ms
step:1300/2750 train_time:2975.872s step_avg:2289.13ms
step:1301/2750 train_time:2978.156s step_avg:2289.13ms
step:1302/2750 train_time:2980.442s step_avg:2289.13ms
step:1303/2750 train_time:2982.724s step_avg:2289.12ms
step:1304/2750 train_time:2985.010s step_avg:2289.12ms
step:1305/2750 train_time:2987.292s step_avg:2289.11ms
step:1306/2750 train_time:2989.574s step_avg:2289.11ms
step:1307/2750 train_time:2991.858s step_avg:2289.10ms
step:1308/2750 train_time:2994.145s step_avg:2289.10ms
step:1309/2750 train_time:2996.430s step_avg:2289.10ms
step:1310/2750 train_time:2998.718s step_avg:2289.10ms
step:1311/2750 train_time:3001.007s step_avg:2289.10ms
step:1312/2750 train_time:3003.288s step_avg:2289.09ms
step:1313/2750 train_time:3005.573s step_avg:2289.09ms
step:1314/2750 train_time:3007.859s step_avg:2289.09ms
step:1315/2750 train_time:3010.139s step_avg:2289.08ms
step:1316/2750 train_time:3012.430s step_avg:2289.08ms
step:1317/2750 train_time:3014.717s step_avg:2289.08ms
step:1318/2750 train_time:3017.004s step_avg:2289.08ms
step:1319/2750 train_time:3019.292s step_avg:2289.08ms
step:1320/2750 train_time:3021.582s step_avg:2289.08ms
step:1321/2750 train_time:3023.858s step_avg:2289.07ms
step:1322/2750 train_time:3026.145s step_avg:2289.07ms
step:1323/2750 train_time:3028.427s step_avg:2289.06ms
step:1324/2750 train_time:3030.714s step_avg:2289.06ms
step:1325/2750 train_time:3033.002s step_avg:2289.06ms
step:1326/2750 train_time:3035.285s step_avg:2289.05ms
step:1327/2750 train_time:3037.568s step_avg:2289.05ms
step:1328/2750 train_time:3039.855s step_avg:2289.05ms
step:1329/2750 train_time:3042.142s step_avg:2289.05ms
step:1330/2750 train_time:3044.426s step_avg:2289.04ms
step:1331/2750 train_time:3046.732s step_avg:2289.05ms
step:1332/2750 train_time:3049.015s step_avg:2289.05ms
step:1333/2750 train_time:3051.302s step_avg:2289.05ms
step:1334/2750 train_time:3053.593s step_avg:2289.05ms
step:1335/2750 train_time:3055.882s step_avg:2289.05ms
step:1336/2750 train_time:3058.164s step_avg:2289.05ms
step:1337/2750 train_time:3060.457s step_avg:2289.05ms
step:1338/2750 train_time:3062.745s step_avg:2289.05ms
step:1339/2750 train_time:3065.027s step_avg:2289.04ms
step:1340/2750 train_time:3067.314s step_avg:2289.04ms
step:1341/2750 train_time:3069.605s step_avg:2289.04ms
step:1342/2750 train_time:3071.889s step_avg:2289.04ms
step:1343/2750 train_time:3074.178s step_avg:2289.04ms
step:1344/2750 train_time:3076.469s step_avg:2289.04ms
step:1345/2750 train_time:3078.749s step_avg:2289.03ms
step:1346/2750 train_time:3081.035s step_avg:2289.03ms
step:1347/2750 train_time:3083.327s step_avg:2289.03ms
step:1348/2750 train_time:3085.609s step_avg:2289.03ms
step:1349/2750 train_time:3087.895s step_avg:2289.03ms
step:1350/2750 train_time:3090.185s step_avg:2289.03ms
step:1351/2750 train_time:3092.467s step_avg:2289.02ms
step:1352/2750 train_time:3094.754s step_avg:2289.02ms
step:1353/2750 train_time:3097.044s step_avg:2289.02ms
step:1354/2750 train_time:3099.328s step_avg:2289.02ms
step:1355/2750 train_time:3101.616s step_avg:2289.02ms
step:1356/2750 train_time:3103.904s step_avg:2289.01ms
step:1357/2750 train_time:3106.187s step_avg:2289.01ms
step:1358/2750 train_time:3108.474s step_avg:2289.01ms
step:1359/2750 train_time:3110.761s step_avg:2289.01ms
step:1360/2750 train_time:3113.046s step_avg:2289.00ms
step:1361/2750 train_time:3115.337s step_avg:2289.01ms
step:1362/2750 train_time:3117.625s step_avg:2289.00ms
step:1363/2750 train_time:3119.906s step_avg:2289.00ms
step:1364/2750 train_time:3122.194s step_avg:2289.00ms
step:1365/2750 train_time:3124.492s step_avg:2289.01ms
step:1366/2750 train_time:3126.771s step_avg:2289.00ms
step:1367/2750 train_time:3129.058s step_avg:2289.00ms
step:1368/2750 train_time:3131.349s step_avg:2289.00ms
step:1369/2750 train_time:3133.629s step_avg:2288.99ms
step:1370/2750 train_time:3135.915s step_avg:2288.99ms
step:1371/2750 train_time:3138.205s step_avg:2288.99ms
step:1372/2750 train_time:3140.485s step_avg:2288.98ms
step:1373/2750 train_time:3142.776s step_avg:2288.98ms
step:1374/2750 train_time:3145.067s step_avg:2288.99ms
step:1375/2750 train_time:3147.348s step_avg:2288.98ms
step:1375/2750 val_loss:3.52679 train_time:3147.348s step_avg:2286.33ms
step:1376/2750 train_time:3149.645s step_avg:2288.99ms
step:1377/2750 train_time:3151.935s step_avg:2288.99ms
step:1378/2750 train_time:3154.224s step_avg:2288.99ms
step:1379/2750 train_time:3156.516s step_avg:2288.99ms
step:1380/2750 train_time:3158.804s step_avg:2288.99ms
step:1381/2750 train_time:3161.087s step_avg:2288.98ms
step:1382/2750 train_time:3163.373s step_avg:2288.98ms
step:1383/2750 train_time:3165.665s step_avg:2288.98ms
step:1384/2750 train_time:3167.946s step_avg:2288.98ms
step:1385/2750 train_time:3170.234s step_avg:2288.98ms
step:1386/2750 train_time:3172.521s step_avg:2288.98ms
step:1387/2750 train_time:3174.800s step_avg:2288.97ms
step:1388/2750 train_time:3177.100s step_avg:2288.98ms
step:1389/2750 train_time:3179.391s step_avg:2288.98ms
step:1390/2750 train_time:3181.673s step_avg:2288.97ms
step:1391/2750 train_time:3183.962s step_avg:2288.97ms
step:1392/2750 train_time:3186.252s step_avg:2288.97ms
step:1393/2750 train_time:3188.540s step_avg:2288.97ms
step:1394/2750 train_time:3190.829s step_avg:2288.97ms
step:1395/2750 train_time:3193.115s step_avg:2288.97ms
step:1396/2750 train_time:3195.400s step_avg:2288.97ms
step:1397/2750 train_time:3197.684s step_avg:2288.97ms
step:1398/2750 train_time:3199.969s step_avg:2288.96ms
step:1399/2750 train_time:3202.249s step_avg:2288.96ms
step:1400/2750 train_time:3204.536s step_avg:2288.95ms
step:1401/2750 train_time:3206.824s step_avg:2288.95ms
step:1402/2750 train_time:3209.107s step_avg:2288.95ms
step:1403/2750 train_time:3211.392s step_avg:2288.95ms
step:1404/2750 train_time:3213.681s step_avg:2288.95ms
step:1405/2750 train_time:3215.960s step_avg:2288.94ms
step:1406/2750 train_time:3218.248s step_avg:2288.94ms
step:1407/2750 train_time:3220.533s step_avg:2288.94ms
step:1408/2750 train_time:3222.816s step_avg:2288.93ms
step:1409/2750 train_time:3225.105s step_avg:2288.93ms
step:1410/2750 train_time:3227.390s step_avg:2288.93ms
step:1411/2750 train_time:3229.678s step_avg:2288.93ms
step:1412/2750 train_time:3231.966s step_avg:2288.93ms
step:1413/2750 train_time:3234.252s step_avg:2288.93ms
step:1414/2750 train_time:3236.534s step_avg:2288.92ms
step:1415/2750 train_time:3238.820s step_avg:2288.92ms
step:1416/2750 train_time:3241.102s step_avg:2288.91ms
step:1417/2750 train_time:3243.385s step_avg:2288.91ms
step:1418/2750 train_time:3245.670s step_avg:2288.91ms
step:1419/2750 train_time:3247.957s step_avg:2288.91ms
step:1420/2750 train_time:3250.243s step_avg:2288.90ms
step:1421/2750 train_time:3252.534s step_avg:2288.91ms
step:1422/2750 train_time:3254.819s step_avg:2288.90ms
step:1423/2750 train_time:3257.103s step_avg:2288.90ms
step:1424/2750 train_time:3259.393s step_avg:2288.90ms
step:1425/2750 train_time:3261.681s step_avg:2288.90ms
step:1426/2750 train_time:3263.965s step_avg:2288.90ms
step:1427/2750 train_time:3266.254s step_avg:2288.90ms
step:1428/2750 train_time:3268.541s step_avg:2288.89ms
step:1429/2750 train_time:3270.827s step_avg:2288.89ms
step:1430/2750 train_time:3273.114s step_avg:2288.89ms
step:1431/2750 train_time:3275.401s step_avg:2288.89ms
step:1432/2750 train_time:3277.686s step_avg:2288.89ms
step:1433/2750 train_time:3279.972s step_avg:2288.88ms
step:1434/2750 train_time:3282.258s step_avg:2288.88ms
step:1435/2750 train_time:3284.543s step_avg:2288.88ms
step:1436/2750 train_time:3286.833s step_avg:2288.88ms
step:1437/2750 train_time:3289.121s step_avg:2288.88ms
step:1438/2750 train_time:3291.405s step_avg:2288.88ms
step:1439/2750 train_time:3293.692s step_avg:2288.88ms
step:1440/2750 train_time:3295.980s step_avg:2288.88ms
step:1441/2750 train_time:3298.265s step_avg:2288.87ms
step:1442/2750 train_time:3300.553s step_avg:2288.87ms
step:1443/2750 train_time:3302.838s step_avg:2288.87ms
step:1444/2750 train_time:3305.123s step_avg:2288.87ms
step:1445/2750 train_time:3307.412s step_avg:2288.87ms
step:1446/2750 train_time:3309.699s step_avg:2288.87ms
step:1447/2750 train_time:3311.985s step_avg:2288.86ms
step:1448/2750 train_time:3314.273s step_avg:2288.86ms
step:1449/2750 train_time:3316.559s step_avg:2288.86ms
step:1450/2750 train_time:3318.847s step_avg:2288.86ms
step:1451/2750 train_time:3321.133s step_avg:2288.86ms
step:1452/2750 train_time:3323.419s step_avg:2288.86ms
step:1453/2750 train_time:3325.706s step_avg:2288.85ms
step:1454/2750 train_time:3327.993s step_avg:2288.85ms
step:1455/2750 train_time:3330.283s step_avg:2288.85ms
step:1456/2750 train_time:3332.568s step_avg:2288.85ms
step:1457/2750 train_time:3334.853s step_avg:2288.85ms
step:1458/2750 train_time:3337.137s step_avg:2288.85ms
step:1459/2750 train_time:3339.423s step_avg:2288.84ms
step:1460/2750 train_time:3341.714s step_avg:2288.85ms
step:1461/2750 train_time:3344.000s step_avg:2288.84ms
step:1462/2750 train_time:3346.287s step_avg:2288.84ms
step:1463/2750 train_time:3348.576s step_avg:2288.84ms
step:1464/2750 train_time:3350.864s step_avg:2288.84ms
step:1465/2750 train_time:3353.149s step_avg:2288.84ms
step:1466/2750 train_time:3355.439s step_avg:2288.84ms
step:1467/2750 train_time:3357.725s step_avg:2288.84ms
step:1468/2750 train_time:3360.013s step_avg:2288.84ms
step:1469/2750 train_time:3362.305s step_avg:2288.84ms
step:1470/2750 train_time:3364.588s step_avg:2288.84ms
step:1471/2750 train_time:3366.873s step_avg:2288.83ms
step:1472/2750 train_time:3369.165s step_avg:2288.83ms
step:1473/2750 train_time:3371.445s step_avg:2288.83ms
step:1474/2750 train_time:3373.728s step_avg:2288.83ms
step:1475/2750 train_time:3376.015s step_avg:2288.82ms
step:1476/2750 train_time:3378.305s step_avg:2288.82ms
step:1477/2750 train_time:3380.589s step_avg:2288.82ms
step:1478/2750 train_time:3382.876s step_avg:2288.82ms
step:1479/2750 train_time:3385.164s step_avg:2288.82ms
step:1480/2750 train_time:3387.449s step_avg:2288.82ms
step:1481/2750 train_time:3389.734s step_avg:2288.81ms
step:1482/2750 train_time:3392.020s step_avg:2288.81ms
step:1483/2750 train_time:3394.305s step_avg:2288.81ms
step:1484/2750 train_time:3396.588s step_avg:2288.81ms
step:1485/2750 train_time:3398.873s step_avg:2288.80ms
step:1486/2750 train_time:3401.159s step_avg:2288.80ms
step:1487/2750 train_time:3403.443s step_avg:2288.80ms
step:1488/2750 train_time:3405.730s step_avg:2288.80ms
step:1489/2750 train_time:3408.015s step_avg:2288.79ms
step:1490/2750 train_time:3410.298s step_avg:2288.79ms
step:1491/2750 train_time:3412.586s step_avg:2288.79ms
step:1492/2750 train_time:3414.874s step_avg:2288.79ms
step:1493/2750 train_time:3417.159s step_avg:2288.79ms
step:1494/2750 train_time:3419.443s step_avg:2288.78ms
step:1495/2750 train_time:3421.734s step_avg:2288.79ms
step:1496/2750 train_time:3424.016s step_avg:2288.78ms
step:1497/2750 train_time:3426.301s step_avg:2288.78ms
step:1498/2750 train_time:3428.588s step_avg:2288.78ms
step:1499/2750 train_time:3430.870s step_avg:2288.77ms
step:1500/2750 train_time:3433.157s step_avg:2288.77ms
step:1500/2750 val_loss:3.49764 train_time:3433.157s step_avg:2286.47ms
step:1501/2750 train_time:3435.450s step_avg:2288.77ms
step:1502/2750 train_time:3437.741s step_avg:2288.78ms
step:1503/2750 train_time:3440.030s step_avg:2288.78ms
step:1504/2750 train_time:3442.319s step_avg:2288.78ms
step:1505/2750 train_time:3444.601s step_avg:2288.77ms
step:1506/2750 train_time:3446.889s step_avg:2288.77ms
step:1507/2750 train_time:3449.173s step_avg:2288.77ms
step:1508/2750 train_time:3451.457s step_avg:2288.76ms
step:1509/2750 train_time:3453.745s step_avg:2288.76ms
step:1510/2750 train_time:3456.030s step_avg:2288.76ms
step:1511/2750 train_time:3458.318s step_avg:2288.76ms
step:1512/2750 train_time:3460.608s step_avg:2288.76ms
step:1513/2750 train_time:3462.891s step_avg:2288.76ms
step:1514/2750 train_time:3465.173s step_avg:2288.75ms
step:1515/2750 train_time:3467.462s step_avg:2288.75ms
step:1516/2750 train_time:3469.748s step_avg:2288.75ms
step:1517/2750 train_time:3472.038s step_avg:2288.75ms
step:1518/2750 train_time:3474.329s step_avg:2288.75ms
step:1519/2750 train_time:3476.617s step_avg:2288.75ms
step:1520/2750 train_time:3478.896s step_avg:2288.75ms
step:1521/2750 train_time:3481.204s step_avg:2288.76ms
step:1522/2750 train_time:3483.492s step_avg:2288.76ms
step:1523/2750 train_time:3485.778s step_avg:2288.76ms
step:1524/2750 train_time:3488.065s step_avg:2288.76ms
step:1525/2750 train_time:3490.354s step_avg:2288.76ms
step:1526/2750 train_time:3492.643s step_avg:2288.76ms
step:1527/2750 train_time:3494.933s step_avg:2288.76ms
step:1528/2750 train_time:3497.219s step_avg:2288.76ms
step:1529/2750 train_time:3499.503s step_avg:2288.75ms
step:1530/2750 train_time:3501.789s step_avg:2288.75ms
step:1531/2750 train_time:3504.074s step_avg:2288.75ms
step:1532/2750 train_time:3506.354s step_avg:2288.74ms
step:1533/2750 train_time:3508.638s step_avg:2288.74ms
step:1534/2750 train_time:3510.926s step_avg:2288.74ms
step:1535/2750 train_time:3513.207s step_avg:2288.73ms
step:1536/2750 train_time:3515.495s step_avg:2288.73ms
step:1537/2750 train_time:3517.784s step_avg:2288.73ms
step:1538/2750 train_time:3520.067s step_avg:2288.73ms
step:1539/2750 train_time:3522.354s step_avg:2288.73ms
step:1540/2750 train_time:3524.646s step_avg:2288.73ms
step:1541/2750 train_time:3526.928s step_avg:2288.73ms
step:1542/2750 train_time:3529.216s step_avg:2288.73ms
step:1543/2750 train_time:3531.505s step_avg:2288.73ms
step:1544/2750 train_time:3533.789s step_avg:2288.72ms
step:1545/2750 train_time:3536.080s step_avg:2288.72ms
step:1546/2750 train_time:3538.368s step_avg:2288.72ms
step:1547/2750 train_time:3540.648s step_avg:2288.72ms
step:1548/2750 train_time:3542.934s step_avg:2288.72ms
step:1549/2750 train_time:3545.223s step_avg:2288.72ms
step:1550/2750 train_time:3547.506s step_avg:2288.71ms
step:1551/2750 train_time:3549.793s step_avg:2288.71ms
step:1552/2750 train_time:3552.083s step_avg:2288.71ms
step:1553/2750 train_time:3554.365s step_avg:2288.71ms
step:1554/2750 train_time:3556.652s step_avg:2288.71ms
step:1555/2750 train_time:3558.938s step_avg:2288.71ms
step:1556/2750 train_time:3561.224s step_avg:2288.70ms
step:1557/2750 train_time:3563.511s step_avg:2288.70ms
step:1558/2750 train_time:3565.796s step_avg:2288.70ms
step:1559/2750 train_time:3568.083s step_avg:2288.70ms
step:1560/2750 train_time:3570.369s step_avg:2288.70ms
step:1561/2750 train_time:3572.653s step_avg:2288.69ms
step:1562/2750 train_time:3574.935s step_avg:2288.69ms
step:1563/2750 train_time:3577.223s step_avg:2288.69ms
step:1564/2750 train_time:3579.507s step_avg:2288.69ms
step:1565/2750 train_time:3581.787s step_avg:2288.68ms
step:1566/2750 train_time:3584.073s step_avg:2288.68ms
step:1567/2750 train_time:3586.356s step_avg:2288.68ms
step:1568/2750 train_time:3588.650s step_avg:2288.68ms
step:1569/2750 train_time:3590.939s step_avg:2288.68ms
step:1570/2750 train_time:3593.228s step_avg:2288.68ms
step:1571/2750 train_time:3595.515s step_avg:2288.68ms
step:1572/2750 train_time:3597.802s step_avg:2288.68ms
step:1573/2750 train_time:3600.090s step_avg:2288.68ms
step:1574/2750 train_time:3602.375s step_avg:2288.68ms
step:1575/2750 train_time:3604.664s step_avg:2288.68ms
step:1576/2750 train_time:3606.947s step_avg:2288.67ms
step:1577/2750 train_time:3609.231s step_avg:2288.67ms
step:1578/2750 train_time:3611.519s step_avg:2288.67ms
step:1579/2750 train_time:3613.807s step_avg:2288.67ms
step:1580/2750 train_time:3616.090s step_avg:2288.66ms
step:1581/2750 train_time:3618.380s step_avg:2288.67ms
step:1582/2750 train_time:3620.664s step_avg:2288.66ms
step:1583/2750 train_time:3622.946s step_avg:2288.66ms
step:1584/2750 train_time:3625.233s step_avg:2288.66ms
step:1585/2750 train_time:3627.518s step_avg:2288.65ms
step:1586/2750 train_time:3629.804s step_avg:2288.65ms
step:1587/2750 train_time:3632.093s step_avg:2288.65ms
step:1588/2750 train_time:3634.380s step_avg:2288.65ms
step:1589/2750 train_time:3636.661s step_avg:2288.65ms
step:1590/2750 train_time:3638.943s step_avg:2288.64ms
step:1591/2750 train_time:3641.229s step_avg:2288.64ms
step:1592/2750 train_time:3643.516s step_avg:2288.64ms
step:1593/2750 train_time:3645.803s step_avg:2288.64ms
step:1594/2750 train_time:3648.091s step_avg:2288.64ms
step:1595/2750 train_time:3650.374s step_avg:2288.64ms
step:1596/2750 train_time:3652.657s step_avg:2288.63ms
step:1597/2750 train_time:3654.940s step_avg:2288.63ms
step:1598/2750 train_time:3657.230s step_avg:2288.63ms
step:1599/2750 train_time:3659.513s step_avg:2288.63ms
step:1600/2750 train_time:3661.798s step_avg:2288.62ms
step:1601/2750 train_time:3664.089s step_avg:2288.63ms
step:1602/2750 train_time:3666.371s step_avg:2288.62ms
step:1603/2750 train_time:3668.654s step_avg:2288.62ms
step:1604/2750 train_time:3670.943s step_avg:2288.62ms
step:1605/2750 train_time:3673.224s step_avg:2288.61ms
step:1606/2750 train_time:3675.513s step_avg:2288.61ms
step:1607/2750 train_time:3677.800s step_avg:2288.61ms
step:1608/2750 train_time:3680.082s step_avg:2288.61ms
step:1609/2750 train_time:3682.373s step_avg:2288.61ms
step:1610/2750 train_time:3684.662s step_avg:2288.61ms
step:1611/2750 train_time:3686.938s step_avg:2288.60ms
step:1612/2750 train_time:3689.227s step_avg:2288.60ms
step:1613/2750 train_time:3691.511s step_avg:2288.60ms
step:1614/2750 train_time:3693.794s step_avg:2288.60ms
step:1615/2750 train_time:3696.081s step_avg:2288.60ms
step:1616/2750 train_time:3698.367s step_avg:2288.59ms
step:1617/2750 train_time:3700.651s step_avg:2288.59ms
step:1618/2750 train_time:3702.938s step_avg:2288.59ms
step:1619/2750 train_time:3705.224s step_avg:2288.59ms
step:1620/2750 train_time:3707.510s step_avg:2288.59ms
step:1621/2750 train_time:3709.800s step_avg:2288.59ms
step:1622/2750 train_time:3712.087s step_avg:2288.59ms
step:1623/2750 train_time:3714.371s step_avg:2288.58ms
step:1624/2750 train_time:3716.660s step_avg:2288.58ms
step:1625/2750 train_time:3718.946s step_avg:2288.58ms
step:1625/2750 val_loss:3.47129 train_time:3718.947s step_avg:2286.32ms
step:1626/2750 train_time:3721.242s step_avg:2288.59ms
step:1627/2750 train_time:3723.527s step_avg:2288.58ms
step:1628/2750 train_time:3725.821s step_avg:2288.59ms
step:1629/2750 train_time:3728.109s step_avg:2288.59ms
step:1630/2750 train_time:3730.395s step_avg:2288.59ms
step:1631/2750 train_time:3732.681s step_avg:2288.58ms
step:1632/2750 train_time:3734.969s step_avg:2288.58ms
step:1633/2750 train_time:3737.252s step_avg:2288.58ms
step:1634/2750 train_time:3739.540s step_avg:2288.58ms
step:1635/2750 train_time:3741.828s step_avg:2288.58ms
step:1636/2750 train_time:3744.112s step_avg:2288.58ms
step:1637/2750 train_time:3746.397s step_avg:2288.58ms
step:1638/2750 train_time:3748.684s step_avg:2288.57ms
step:1639/2750 train_time:3750.970s step_avg:2288.57ms
step:1640/2750 train_time:3753.255s step_avg:2288.57ms
step:1641/2750 train_time:3755.541s step_avg:2288.57ms
step:1642/2750 train_time:3757.827s step_avg:2288.57ms
step:1643/2750 train_time:3760.113s step_avg:2288.57ms
step:1644/2750 train_time:3762.397s step_avg:2288.56ms
step:1645/2750 train_time:3764.684s step_avg:2288.56ms
step:1646/2750 train_time:3766.965s step_avg:2288.56ms
step:1647/2750 train_time:3769.255s step_avg:2288.56ms
step:1648/2750 train_time:3771.537s step_avg:2288.55ms
step:1649/2750 train_time:3773.826s step_avg:2288.55ms
step:1650/2750 train_time:3776.115s step_avg:2288.55ms
step:1651/2750 train_time:3778.402s step_avg:2288.55ms
step:1652/2750 train_time:3780.689s step_avg:2288.55ms
step:1653/2750 train_time:3782.977s step_avg:2288.55ms
step:1654/2750 train_time:3785.259s step_avg:2288.55ms
step:1655/2750 train_time:3787.546s step_avg:2288.55ms
step:1656/2750 train_time:3789.835s step_avg:2288.55ms
step:1657/2750 train_time:3792.117s step_avg:2288.54ms
step:1658/2750 train_time:3794.404s step_avg:2288.54ms
step:1659/2750 train_time:3796.690s step_avg:2288.54ms
step:1660/2750 train_time:3798.972s step_avg:2288.54ms
step:1661/2750 train_time:3801.257s step_avg:2288.54ms
step:1662/2750 train_time:3803.543s step_avg:2288.53ms
step:1663/2750 train_time:3805.829s step_avg:2288.53ms
step:1664/2750 train_time:3808.115s step_avg:2288.53ms
step:1665/2750 train_time:3810.409s step_avg:2288.53ms
step:1666/2750 train_time:3812.692s step_avg:2288.53ms
step:1667/2750 train_time:3814.981s step_avg:2288.53ms
step:1668/2750 train_time:3817.272s step_avg:2288.53ms
step:1669/2750 train_time:3819.554s step_avg:2288.53ms
step:1670/2750 train_time:3821.839s step_avg:2288.53ms
step:1671/2750 train_time:3824.128s step_avg:2288.53ms
step:1672/2750 train_time:3826.411s step_avg:2288.52ms
step:1673/2750 train_time:3828.696s step_avg:2288.52ms
step:1674/2750 train_time:3830.986s step_avg:2288.52ms
step:1675/2750 train_time:3833.269s step_avg:2288.52ms
step:1676/2750 train_time:3835.556s step_avg:2288.52ms
step:1677/2750 train_time:3837.843s step_avg:2288.52ms
step:1678/2750 train_time:3840.126s step_avg:2288.51ms
step:1679/2750 train_time:3842.412s step_avg:2288.51ms
step:1680/2750 train_time:3844.699s step_avg:2288.51ms
step:1681/2750 train_time:3846.989s step_avg:2288.51ms
step:1682/2750 train_time:3849.277s step_avg:2288.51ms
step:1683/2750 train_time:3851.562s step_avg:2288.51ms
step:1684/2750 train_time:3853.842s step_avg:2288.50ms
step:1685/2750 train_time:3856.130s step_avg:2288.50ms
step:1686/2750 train_time:3858.414s step_avg:2288.50ms
step:1687/2750 train_time:3860.700s step_avg:2288.50ms
step:1688/2750 train_time:3862.989s step_avg:2288.50ms
step:1689/2750 train_time:3865.272s step_avg:2288.50ms
step:1690/2750 train_time:3867.555s step_avg:2288.49ms
step:1691/2750 train_time:3869.847s step_avg:2288.50ms
step:1692/2750 train_time:3872.128s step_avg:2288.49ms
step:1693/2750 train_time:3874.408s step_avg:2288.49ms
step:1694/2750 train_time:3876.692s step_avg:2288.48ms
step:1695/2750 train_time:3878.978s step_avg:2288.48ms
step:1696/2750 train_time:3881.265s step_avg:2288.48ms
step:1697/2750 train_time:3883.553s step_avg:2288.48ms
step:1698/2750 train_time:3885.837s step_avg:2288.48ms
step:1699/2750 train_time:3888.123s step_avg:2288.48ms
step:1700/2750 train_time:3890.406s step_avg:2288.47ms
step:1701/2750 train_time:3892.693s step_avg:2288.47ms
step:1702/2750 train_time:3894.979s step_avg:2288.47ms
step:1703/2750 train_time:3897.260s step_avg:2288.47ms
step:1704/2750 train_time:3899.546s step_avg:2288.47ms
step:1705/2750 train_time:3901.832s step_avg:2288.46ms
step:1706/2750 train_time:3904.114s step_avg:2288.46ms
step:1707/2750 train_time:3906.400s step_avg:2288.46ms
step:1708/2750 train_time:3908.691s step_avg:2288.46ms
step:1709/2750 train_time:3910.973s step_avg:2288.46ms
step:1710/2750 train_time:3913.258s step_avg:2288.45ms
step:1711/2750 train_time:3915.565s step_avg:2288.47ms
step:1712/2750 train_time:3917.848s step_avg:2288.46ms
step:1713/2750 train_time:3920.132s step_avg:2288.46ms
step:1714/2750 train_time:3922.419s step_avg:2288.46ms
step:1715/2750 train_time:3924.714s step_avg:2288.46ms
step:1716/2750 train_time:3927.005s step_avg:2288.46ms
step:1717/2750 train_time:3929.291s step_avg:2288.46ms
step:1718/2750 train_time:3931.580s step_avg:2288.46ms
step:1719/2750 train_time:3933.866s step_avg:2288.46ms
step:1720/2750 train_time:3936.150s step_avg:2288.46ms
step:1721/2750 train_time:3938.437s step_avg:2288.46ms
step:1722/2750 train_time:3940.728s step_avg:2288.46ms
step:1723/2750 train_time:3943.014s step_avg:2288.46ms
step:1724/2750 train_time:3945.307s step_avg:2288.46ms
step:1725/2750 train_time:3947.592s step_avg:2288.46ms
step:1726/2750 train_time:3949.874s step_avg:2288.46ms
step:1727/2750 train_time:3952.168s step_avg:2288.46ms
step:1728/2750 train_time:3954.454s step_avg:2288.46ms
step:1729/2750 train_time:3956.739s step_avg:2288.46ms
step:1730/2750 train_time:3959.028s step_avg:2288.46ms
step:1731/2750 train_time:3961.316s step_avg:2288.46ms
step:1732/2750 train_time:3963.606s step_avg:2288.46ms
step:1733/2750 train_time:3965.891s step_avg:2288.45ms
step:1734/2750 train_time:3968.174s step_avg:2288.45ms
step:1735/2750 train_time:3970.457s step_avg:2288.45ms
step:1736/2750 train_time:3972.747s step_avg:2288.45ms
step:1737/2750 train_time:3975.031s step_avg:2288.45ms
step:1738/2750 train_time:3977.317s step_avg:2288.44ms
step:1739/2750 train_time:3979.607s step_avg:2288.45ms
step:1740/2750 train_time:3981.889s step_avg:2288.44ms
step:1741/2750 train_time:3984.175s step_avg:2288.44ms
step:1742/2750 train_time:3986.462s step_avg:2288.44ms
step:1743/2750 train_time:3988.749s step_avg:2288.44ms
step:1744/2750 train_time:3991.032s step_avg:2288.44ms
step:1745/2750 train_time:3993.319s step_avg:2288.43ms
step:1746/2750 train_time:3995.607s step_avg:2288.43ms
step:1747/2750 train_time:3997.893s step_avg:2288.43ms
step:1748/2750 train_time:4000.182s step_avg:2288.43ms
step:1749/2750 train_time:4002.468s step_avg:2288.43ms
step:1750/2750 train_time:4004.751s step_avg:2288.43ms
step:1750/2750 val_loss:3.44095 train_time:4004.752s step_avg:2286.44ms
step:1751/2750 train_time:4007.045s step_avg:2288.43ms
step:1752/2750 train_time:4009.331s step_avg:2288.43ms
step:1753/2750 train_time:4011.619s step_avg:2288.43ms
step:1754/2750 train_time:4013.907s step_avg:2288.43ms
step:1755/2750 train_time:4016.195s step_avg:2288.43ms
step:1756/2750 train_time:4018.480s step_avg:2288.43ms
step:1757/2750 train_time:4020.768s step_avg:2288.43ms
step:1758/2750 train_time:4023.057s step_avg:2288.43ms
step:1759/2750 train_time:4025.345s step_avg:2288.43ms
step:1760/2750 train_time:4027.627s step_avg:2288.42ms
step:1761/2750 train_time:4029.914s step_avg:2288.42ms
step:1762/2750 train_time:4032.198s step_avg:2288.42ms
step:1763/2750 train_time:4034.480s step_avg:2288.42ms
step:1764/2750 train_time:4036.766s step_avg:2288.42ms
step:1765/2750 train_time:4039.062s step_avg:2288.42ms
step:1766/2750 train_time:4041.348s step_avg:2288.42ms
step:1767/2750 train_time:4043.632s step_avg:2288.42ms
step:1768/2750 train_time:4045.919s step_avg:2288.42ms
step:1769/2750 train_time:4048.202s step_avg:2288.41ms
step:1770/2750 train_time:4050.489s step_avg:2288.41ms
step:1771/2750 train_time:4052.774s step_avg:2288.41ms
step:1772/2750 train_time:4055.058s step_avg:2288.41ms
step:1773/2750 train_time:4057.347s step_avg:2288.41ms
step:1774/2750 train_time:4059.638s step_avg:2288.41ms
step:1775/2750 train_time:4061.925s step_avg:2288.41ms
step:1776/2750 train_time:4064.210s step_avg:2288.41ms
step:1777/2750 train_time:4066.500s step_avg:2288.41ms
step:1778/2750 train_time:4068.787s step_avg:2288.41ms
step:1779/2750 train_time:4071.073s step_avg:2288.41ms
step:1780/2750 train_time:4073.356s step_avg:2288.40ms
step:1781/2750 train_time:4075.641s step_avg:2288.40ms
step:1782/2750 train_time:4077.925s step_avg:2288.40ms
step:1783/2750 train_time:4080.214s step_avg:2288.40ms
step:1784/2750 train_time:4082.495s step_avg:2288.39ms
step:1785/2750 train_time:4084.785s step_avg:2288.39ms
step:1786/2750 train_time:4087.069s step_avg:2288.39ms
step:1787/2750 train_time:4089.351s step_avg:2288.39ms
step:1788/2750 train_time:4091.638s step_avg:2288.39ms
step:1789/2750 train_time:4093.930s step_avg:2288.39ms
step:1790/2750 train_time:4096.213s step_avg:2288.39ms
step:1791/2750 train_time:4098.501s step_avg:2288.39ms
step:1792/2750 train_time:4100.789s step_avg:2288.39ms
step:1793/2750 train_time:4103.069s step_avg:2288.38ms
step:1794/2750 train_time:4105.361s step_avg:2288.38ms
step:1795/2750 train_time:4107.651s step_avg:2288.38ms
step:1796/2750 train_time:4109.931s step_avg:2288.38ms
step:1797/2750 train_time:4112.216s step_avg:2288.38ms
step:1798/2750 train_time:4114.508s step_avg:2288.38ms
step:1799/2750 train_time:4116.791s step_avg:2288.38ms
step:1800/2750 train_time:4119.077s step_avg:2288.38ms
step:1801/2750 train_time:4121.367s step_avg:2288.38ms
step:1802/2750 train_time:4123.650s step_avg:2288.37ms
step:1803/2750 train_time:4125.939s step_avg:2288.37ms
step:1804/2750 train_time:4128.231s step_avg:2288.38ms
step:1805/2750 train_time:4130.512s step_avg:2288.37ms
step:1806/2750 train_time:4132.802s step_avg:2288.37ms
step:1807/2750 train_time:4135.091s step_avg:2288.37ms
step:1808/2750 train_time:4137.371s step_avg:2288.37ms
step:1809/2750 train_time:4139.656s step_avg:2288.37ms
step:1810/2750 train_time:4141.949s step_avg:2288.37ms
step:1811/2750 train_time:4144.230s step_avg:2288.37ms
step:1812/2750 train_time:4146.518s step_avg:2288.37ms
step:1813/2750 train_time:4148.807s step_avg:2288.37ms
step:1814/2750 train_time:4151.090s step_avg:2288.36ms
step:1815/2750 train_time:4153.378s step_avg:2288.36ms
step:1816/2750 train_time:4155.666s step_avg:2288.36ms
step:1817/2750 train_time:4157.950s step_avg:2288.36ms
step:1818/2750 train_time:4160.239s step_avg:2288.36ms
step:1819/2750 train_time:4162.527s step_avg:2288.36ms
step:1820/2750 train_time:4164.808s step_avg:2288.36ms
step:1821/2750 train_time:4167.107s step_avg:2288.36ms
step:1822/2750 train_time:4169.399s step_avg:2288.36ms
step:1823/2750 train_time:4171.685s step_avg:2288.36ms
step:1824/2750 train_time:4173.973s step_avg:2288.36ms
step:1825/2750 train_time:4176.260s step_avg:2288.36ms
step:1826/2750 train_time:4178.545s step_avg:2288.36ms
step:1827/2750 train_time:4180.831s step_avg:2288.36ms
step:1828/2750 train_time:4183.117s step_avg:2288.36ms
step:1829/2750 train_time:4185.400s step_avg:2288.35ms
step:1830/2750 train_time:4187.688s step_avg:2288.35ms
step:1831/2750 train_time:4189.980s step_avg:2288.36ms
step:1832/2750 train_time:4192.266s step_avg:2288.35ms
step:1833/2750 train_time:4194.550s step_avg:2288.35ms
step:1834/2750 train_time:4196.839s step_avg:2288.35ms
step:1835/2750 train_time:4199.126s step_avg:2288.35ms
step:1836/2750 train_time:4201.410s step_avg:2288.35ms
step:1837/2750 train_time:4203.698s step_avg:2288.35ms
step:1838/2750 train_time:4205.976s step_avg:2288.34ms
step:1839/2750 train_time:4208.263s step_avg:2288.34ms
step:1840/2750 train_time:4210.549s step_avg:2288.34ms
step:1841/2750 train_time:4212.830s step_avg:2288.34ms
step:1842/2750 train_time:4215.118s step_avg:2288.34ms
step:1843/2750 train_time:4217.406s step_avg:2288.34ms
step:1844/2750 train_time:4219.689s step_avg:2288.33ms
step:1845/2750 train_time:4221.976s step_avg:2288.33ms
step:1846/2750 train_time:4224.267s step_avg:2288.34ms
step:1847/2750 train_time:4226.550s step_avg:2288.33ms
step:1848/2750 train_time:4228.838s step_avg:2288.33ms
step:1849/2750 train_time:4231.129s step_avg:2288.33ms
step:1850/2750 train_time:4233.412s step_avg:2288.33ms
step:1851/2750 train_time:4235.698s step_avg:2288.33ms
step:1852/2750 train_time:4237.990s step_avg:2288.33ms
step:1853/2750 train_time:4240.270s step_avg:2288.33ms
step:1854/2750 train_time:4242.559s step_avg:2288.33ms
step:1855/2750 train_time:4244.848s step_avg:2288.33ms
step:1856/2750 train_time:4247.127s step_avg:2288.32ms
step:1857/2750 train_time:4249.418s step_avg:2288.32ms
step:1858/2750 train_time:4251.710s step_avg:2288.33ms
step:1859/2750 train_time:4253.992s step_avg:2288.32ms
step:1860/2750 train_time:4256.277s step_avg:2288.32ms
step:1861/2750 train_time:4258.566s step_avg:2288.32ms
step:1862/2750 train_time:4260.853s step_avg:2288.32ms
step:1863/2750 train_time:4263.140s step_avg:2288.32ms
step:1864/2750 train_time:4265.432s step_avg:2288.32ms
step:1865/2750 train_time:4267.716s step_avg:2288.32ms
step:1866/2750 train_time:4270.000s step_avg:2288.32ms
step:1867/2750 train_time:4272.288s step_avg:2288.32ms
step:1868/2750 train_time:4274.573s step_avg:2288.32ms
step:1869/2750 train_time:4276.859s step_avg:2288.31ms
step:1870/2750 train_time:4279.149s step_avg:2288.31ms
step:1871/2750 train_time:4281.430s step_avg:2288.31ms
step:1872/2750 train_time:4283.720s step_avg:2288.31ms
step:1873/2750 train_time:4286.009s step_avg:2288.31ms
step:1874/2750 train_time:4288.291s step_avg:2288.31ms
step:1875/2750 train_time:4290.578s step_avg:2288.31ms
step:1875/2750 val_loss:3.41334 train_time:4290.579s step_avg:2286.62ms
step:1876/2750 train_time:4292.873s step_avg:2288.31ms
step:1877/2750 train_time:4295.160s step_avg:2288.31ms
step:1878/2750 train_time:4297.453s step_avg:2288.31ms
step:1879/2750 train_time:4299.739s step_avg:2288.31ms
step:1880/2750 train_time:4302.027s step_avg:2288.31ms
step:1881/2750 train_time:4304.317s step_avg:2288.31ms
step:1882/2750 train_time:4306.605s step_avg:2288.31ms
step:1883/2750 train_time:4308.885s step_avg:2288.31ms
step:1884/2750 train_time:4311.174s step_avg:2288.31ms
step:1885/2750 train_time:4313.456s step_avg:2288.31ms
step:1886/2750 train_time:4315.742s step_avg:2288.30ms
step:1887/2750 train_time:4318.031s step_avg:2288.30ms
step:1888/2750 train_time:4320.314s step_avg:2288.30ms
step:1889/2750 train_time:4322.600s step_avg:2288.30ms
step:1890/2750 train_time:4324.889s step_avg:2288.30ms
step:1891/2750 train_time:4327.173s step_avg:2288.30ms
step:1892/2750 train_time:4329.459s step_avg:2288.30ms
step:1893/2750 train_time:4331.748s step_avg:2288.30ms
step:1894/2750 train_time:4334.033s step_avg:2288.30ms
step:1895/2750 train_time:4336.322s step_avg:2288.30ms
step:1896/2750 train_time:4338.610s step_avg:2288.30ms
step:1897/2750 train_time:4340.893s step_avg:2288.29ms
step:1898/2750 train_time:4343.180s step_avg:2288.29ms
step:1899/2750 train_time:4345.468s step_avg:2288.29ms
step:1900/2750 train_time:4347.755s step_avg:2288.29ms
step:1901/2750 train_time:4350.055s step_avg:2288.30ms
step:1902/2750 train_time:4352.344s step_avg:2288.30ms
step:1903/2750 train_time:4354.635s step_avg:2288.30ms
step:1904/2750 train_time:4356.919s step_avg:2288.30ms
step:1905/2750 train_time:4359.206s step_avg:2288.30ms
step:1906/2750 train_time:4361.493s step_avg:2288.30ms
step:1907/2750 train_time:4363.776s step_avg:2288.29ms
step:1908/2750 train_time:4366.065s step_avg:2288.29ms
step:1909/2750 train_time:4368.354s step_avg:2288.29ms
step:1910/2750 train_time:4370.636s step_avg:2288.29ms
step:1911/2750 train_time:4372.924s step_avg:2288.29ms
step:1912/2750 train_time:4375.214s step_avg:2288.29ms
step:1913/2750 train_time:4377.495s step_avg:2288.29ms
step:1914/2750 train_time:4379.780s step_avg:2288.29ms
step:1915/2750 train_time:4382.071s step_avg:2288.29ms
step:1916/2750 train_time:4384.355s step_avg:2288.29ms
step:1917/2750 train_time:4386.641s step_avg:2288.28ms
step:1918/2750 train_time:4388.932s step_avg:2288.29ms
step:1919/2750 train_time:4391.212s step_avg:2288.28ms
step:1920/2750 train_time:4393.500s step_avg:2288.28ms
step:1921/2750 train_time:4395.792s step_avg:2288.28ms
step:1922/2750 train_time:4398.076s step_avg:2288.28ms
step:1923/2750 train_time:4400.361s step_avg:2288.28ms
step:1924/2750 train_time:4402.651s step_avg:2288.28ms
step:1925/2750 train_time:4404.935s step_avg:2288.28ms
step:1926/2750 train_time:4407.223s step_avg:2288.28ms
step:1927/2750 train_time:4409.513s step_avg:2288.28ms
step:1928/2750 train_time:4411.795s step_avg:2288.28ms
step:1929/2750 train_time:4414.082s step_avg:2288.28ms
step:1930/2750 train_time:4416.371s step_avg:2288.28ms
step:1931/2750 train_time:4418.653s step_avg:2288.27ms
step:1932/2750 train_time:4420.941s step_avg:2288.27ms
step:1933/2750 train_time:4423.232s step_avg:2288.27ms
step:1934/2750 train_time:4425.515s step_avg:2288.27ms
step:1935/2750 train_time:4427.803s step_avg:2288.27ms
step:1936/2750 train_time:4430.093s step_avg:2288.27ms
step:1937/2750 train_time:4432.377s step_avg:2288.27ms
step:1938/2750 train_time:4434.663s step_avg:2288.27ms
step:1939/2750 train_time:4436.952s step_avg:2288.27ms
step:1940/2750 train_time:4439.234s step_avg:2288.27ms
step:1941/2750 train_time:4441.521s step_avg:2288.26ms
step:1942/2750 train_time:4443.810s step_avg:2288.26ms
step:1943/2750 train_time:4446.095s step_avg:2288.26ms
step:1944/2750 train_time:4448.383s step_avg:2288.26ms
step:1945/2750 train_time:4450.672s step_avg:2288.26ms
step:1946/2750 train_time:4452.953s step_avg:2288.26ms
step:1947/2750 train_time:4455.239s step_avg:2288.26ms
step:1948/2750 train_time:4457.524s step_avg:2288.26ms
step:1949/2750 train_time:4459.813s step_avg:2288.26ms
step:1950/2750 train_time:4462.102s step_avg:2288.26ms
step:1951/2750 train_time:4464.390s step_avg:2288.26ms
step:1952/2750 train_time:4466.669s step_avg:2288.25ms
step:1953/2750 train_time:4468.956s step_avg:2288.25ms
step:1954/2750 train_time:4471.237s step_avg:2288.25ms
step:1955/2750 train_time:4473.522s step_avg:2288.25ms
step:1956/2750 train_time:4475.808s step_avg:2288.25ms
step:1957/2750 train_time:4478.091s step_avg:2288.24ms
step:1958/2750 train_time:4480.374s step_avg:2288.24ms
step:1959/2750 train_time:4482.664s step_avg:2288.24ms
step:1960/2750 train_time:4484.951s step_avg:2288.24ms
step:1961/2750 train_time:4487.233s step_avg:2288.24ms
step:1962/2750 train_time:4489.523s step_avg:2288.24ms
step:1963/2750 train_time:4491.809s step_avg:2288.24ms
step:1964/2750 train_time:4494.088s step_avg:2288.23ms
step:1965/2750 train_time:4496.373s step_avg:2288.23ms
step:1966/2750 train_time:4498.656s step_avg:2288.23ms
step:1967/2750 train_time:4500.941s step_avg:2288.23ms
step:1968/2750 train_time:4503.221s step_avg:2288.22ms
step:1969/2750 train_time:4505.502s step_avg:2288.22ms
step:1970/2750 train_time:4507.790s step_avg:2288.22ms
step:1971/2750 train_time:4510.069s step_avg:2288.21ms
step:1972/2750 train_time:4512.354s step_avg:2288.21ms
step:1973/2750 train_time:4514.638s step_avg:2288.21ms
step:1974/2750 train_time:4516.921s step_avg:2288.21ms
step:1975/2750 train_time:4519.206s step_avg:2288.21ms
step:1976/2750 train_time:4521.487s step_avg:2288.20ms
step:1977/2750 train_time:4523.770s step_avg:2288.20ms
step:1978/2750 train_time:4526.051s step_avg:2288.20ms
step:1979/2750 train_time:4528.335s step_avg:2288.19ms
step:1980/2750 train_time:4530.621s step_avg:2288.19ms
step:1981/2750 train_time:4532.900s step_avg:2288.19ms
step:1982/2750 train_time:4535.185s step_avg:2288.19ms
step:1983/2750 train_time:4537.473s step_avg:2288.19ms
step:1984/2750 train_time:4539.752s step_avg:2288.18ms
step:1985/2750 train_time:4542.043s step_avg:2288.18ms
step:1986/2750 train_time:4544.327s step_avg:2288.18ms
step:1987/2750 train_time:4546.611s step_avg:2288.18ms
step:1988/2750 train_time:4548.901s step_avg:2288.18ms
step:1989/2750 train_time:4551.190s step_avg:2288.18ms
step:1990/2750 train_time:4553.469s step_avg:2288.18ms
step:1991/2750 train_time:4555.757s step_avg:2288.18ms
step:1992/2750 train_time:4558.040s step_avg:2288.17ms
step:1993/2750 train_time:4560.325s step_avg:2288.17ms
step:1994/2750 train_time:4562.613s step_avg:2288.17ms
step:1995/2750 train_time:4564.896s step_avg:2288.17ms
step:1996/2750 train_time:4567.178s step_avg:2288.17ms
step:1997/2750 train_time:4569.464s step_avg:2288.16ms
step:1998/2750 train_time:4571.750s step_avg:2288.16ms
step:1999/2750 train_time:4574.033s step_avg:2288.16ms
step:2000/2750 train_time:4576.322s step_avg:2288.16ms
step:2000/2750 val_loss:3.38295 train_time:4576.322s step_avg:2285.95ms
step:2001/2750 train_time:4578.620s step_avg:2288.17ms
step:2002/2750 train_time:4580.907s step_avg:2288.17ms
step:2003/2750 train_time:4583.195s step_avg:2288.17ms
step:2004/2750 train_time:4585.486s step_avg:2288.17ms
step:2005/2750 train_time:4587.773s step_avg:2288.17ms
step:2006/2750 train_time:4590.064s step_avg:2288.17ms
step:2007/2750 train_time:4592.350s step_avg:2288.17ms
step:2008/2750 train_time:4594.635s step_avg:2288.17ms
step:2009/2750 train_time:4596.926s step_avg:2288.17ms
step:2010/2750 train_time:4599.207s step_avg:2288.16ms
step:2011/2750 train_time:4601.494s step_avg:2288.16ms
step:2012/2750 train_time:4603.785s step_avg:2288.16ms
step:2013/2750 train_time:4606.065s step_avg:2288.16ms
step:2014/2750 train_time:4608.355s step_avg:2288.16ms
step:2015/2750 train_time:4610.645s step_avg:2288.16ms
step:2016/2750 train_time:4612.931s step_avg:2288.16ms
step:2017/2750 train_time:4615.219s step_avg:2288.16ms
step:2018/2750 train_time:4617.513s step_avg:2288.16ms
step:2019/2750 train_time:4619.806s step_avg:2288.17ms
step:2020/2750 train_time:4622.090s step_avg:2288.16ms
step:2021/2750 train_time:4624.380s step_avg:2288.16ms
step:2022/2750 train_time:4626.672s step_avg:2288.17ms
step:2023/2750 train_time:4628.960s step_avg:2288.17ms
step:2024/2750 train_time:4631.246s step_avg:2288.17ms
step:2025/2750 train_time:4633.533s step_avg:2288.16ms
step:2026/2750 train_time:4635.819s step_avg:2288.16ms
step:2027/2750 train_time:4638.104s step_avg:2288.16ms
step:2028/2750 train_time:4640.399s step_avg:2288.17ms
step:2029/2750 train_time:4642.686s step_avg:2288.16ms
step:2030/2750 train_time:4644.973s step_avg:2288.16ms
step:2031/2750 train_time:4647.262s step_avg:2288.16ms
step:2032/2750 train_time:4649.550s step_avg:2288.16ms
step:2033/2750 train_time:4651.840s step_avg:2288.17ms
step:2034/2750 train_time:4654.125s step_avg:2288.16ms
step:2035/2750 train_time:4656.415s step_avg:2288.16ms
step:2036/2750 train_time:4658.706s step_avg:2288.17ms
step:2037/2750 train_time:4660.992s step_avg:2288.16ms
step:2038/2750 train_time:4663.281s step_avg:2288.17ms
step:2039/2750 train_time:4665.568s step_avg:2288.16ms
step:2040/2750 train_time:4667.855s step_avg:2288.16ms
step:2041/2750 train_time:4670.144s step_avg:2288.16ms
step:2042/2750 train_time:4672.427s step_avg:2288.16ms
step:2043/2750 train_time:4674.715s step_avg:2288.16ms
step:2044/2750 train_time:4677.005s step_avg:2288.16ms
step:2045/2750 train_time:4679.293s step_avg:2288.16ms
step:2046/2750 train_time:4681.583s step_avg:2288.16ms
step:2047/2750 train_time:4683.873s step_avg:2288.16ms
step:2048/2750 train_time:4686.167s step_avg:2288.17ms
step:2049/2750 train_time:4688.453s step_avg:2288.17ms
step:2050/2750 train_time:4690.742s step_avg:2288.17ms
step:2051/2750 train_time:4693.036s step_avg:2288.17ms
step:2052/2750 train_time:4695.324s step_avg:2288.17ms
step:2053/2750 train_time:4697.612s step_avg:2288.17ms
step:2054/2750 train_time:4699.901s step_avg:2288.17ms
step:2055/2750 train_time:4702.196s step_avg:2288.17ms
step:2056/2750 train_time:4704.487s step_avg:2288.17ms
step:2057/2750 train_time:4706.779s step_avg:2288.18ms
step:2058/2750 train_time:4709.067s step_avg:2288.18ms
step:2059/2750 train_time:4711.352s step_avg:2288.17ms
step:2060/2750 train_time:4713.637s step_avg:2288.17ms
step:2061/2750 train_time:4715.928s step_avg:2288.17ms
step:2062/2750 train_time:4718.215s step_avg:2288.17ms
step:2063/2750 train_time:4720.501s step_avg:2288.17ms
step:2064/2750 train_time:4722.790s step_avg:2288.17ms
step:2065/2750 train_time:4725.076s step_avg:2288.17ms
step:2066/2750 train_time:4727.367s step_avg:2288.17ms
step:2067/2750 train_time:4729.658s step_avg:2288.17ms
step:2068/2750 train_time:4731.950s step_avg:2288.18ms
step:2069/2750 train_time:4734.233s step_avg:2288.17ms
step:2070/2750 train_time:4736.519s step_avg:2288.17ms
step:2071/2750 train_time:4738.814s step_avg:2288.18ms
step:2072/2750 train_time:4741.102s step_avg:2288.18ms
step:2073/2750 train_time:4743.390s step_avg:2288.18ms
step:2074/2750 train_time:4745.678s step_avg:2288.18ms
step:2075/2750 train_time:4747.963s step_avg:2288.18ms
step:2076/2750 train_time:4750.251s step_avg:2288.17ms
step:2077/2750 train_time:4752.542s step_avg:2288.18ms
step:2078/2750 train_time:4754.833s step_avg:2288.18ms
step:2079/2750 train_time:4757.122s step_avg:2288.18ms
step:2080/2750 train_time:4759.410s step_avg:2288.18ms
step:2081/2750 train_time:4761.700s step_avg:2288.18ms
step:2082/2750 train_time:4763.989s step_avg:2288.18ms
step:2083/2750 train_time:4766.278s step_avg:2288.18ms
step:2084/2750 train_time:4768.570s step_avg:2288.18ms
step:2085/2750 train_time:4770.860s step_avg:2288.18ms
step:2086/2750 train_time:4773.145s step_avg:2288.18ms
step:2087/2750 train_time:4775.437s step_avg:2288.18ms
step:2088/2750 train_time:4777.730s step_avg:2288.18ms
step:2089/2750 train_time:4780.020s step_avg:2288.19ms
step:2090/2750 train_time:4782.308s step_avg:2288.19ms
step:2091/2750 train_time:4784.618s step_avg:2288.20ms
step:2092/2750 train_time:4786.909s step_avg:2288.20ms
step:2093/2750 train_time:4789.198s step_avg:2288.20ms
step:2094/2750 train_time:4791.484s step_avg:2288.20ms
step:2095/2750 train_time:4793.774s step_avg:2288.20ms
step:2096/2750 train_time:4796.064s step_avg:2288.20ms
step:2097/2750 train_time:4798.351s step_avg:2288.20ms
step:2098/2750 train_time:4800.640s step_avg:2288.20ms
step:2099/2750 train_time:4802.935s step_avg:2288.20ms
step:2100/2750 train_time:4805.222s step_avg:2288.20ms
step:2101/2750 train_time:4807.514s step_avg:2288.20ms
step:2102/2750 train_time:4809.801s step_avg:2288.20ms
step:2103/2750 train_time:4812.086s step_avg:2288.20ms
step:2104/2750 train_time:4814.374s step_avg:2288.20ms
step:2105/2750 train_time:4816.661s step_avg:2288.20ms
step:2106/2750 train_time:4818.945s step_avg:2288.20ms
step:2107/2750 train_time:4821.235s step_avg:2288.20ms
step:2108/2750 train_time:4823.524s step_avg:2288.20ms
step:2109/2750 train_time:4825.815s step_avg:2288.20ms
step:2110/2750 train_time:4828.102s step_avg:2288.20ms
step:2111/2750 train_time:4830.391s step_avg:2288.20ms
step:2112/2750 train_time:4832.685s step_avg:2288.20ms
step:2113/2750 train_time:4834.971s step_avg:2288.20ms
step:2114/2750 train_time:4837.263s step_avg:2288.20ms
step:2115/2750 train_time:4839.556s step_avg:2288.21ms
step:2116/2750 train_time:4841.846s step_avg:2288.21ms
step:2117/2750 train_time:4844.132s step_avg:2288.21ms
step:2118/2750 train_time:4846.421s step_avg:2288.21ms
step:2119/2750 train_time:4848.715s step_avg:2288.21ms
step:2120/2750 train_time:4850.999s step_avg:2288.21ms
step:2121/2750 train_time:4853.287s step_avg:2288.21ms
step:2122/2750 train_time:4855.571s step_avg:2288.21ms
step:2123/2750 train_time:4857.856s step_avg:2288.20ms
step:2124/2750 train_time:4860.142s step_avg:2288.20ms
step:2125/2750 train_time:4862.437s step_avg:2288.21ms
step:2125/2750 val_loss:3.33268 train_time:4862.437s step_avg:2288.92ms
step:2126/2750 train_time:4864.735s step_avg:2288.21ms
step:2127/2750 train_time:4867.025s step_avg:2288.21ms
step:2128/2750 train_time:4869.312s step_avg:2288.21ms
step:2129/2750 train_time:4871.602s step_avg:2288.21ms
step:2130/2750 train_time:4873.892s step_avg:2288.21ms
step:2131/2750 train_time:4876.180s step_avg:2288.21ms
step:2132/2750 train_time:4878.474s step_avg:2288.21ms
step:2133/2750 train_time:4880.767s step_avg:2288.22ms
step:2134/2750 train_time:4883.055s step_avg:2288.22ms
step:2135/2750 train_time:4885.348s step_avg:2288.22ms
step:2136/2750 train_time:4887.642s step_avg:2288.22ms
step:2137/2750 train_time:4889.927s step_avg:2288.22ms
step:2138/2750 train_time:4892.218s step_avg:2288.22ms
step:2139/2750 train_time:4894.509s step_avg:2288.22ms
step:2140/2750 train_time:4896.801s step_avg:2288.22ms
step:2141/2750 train_time:4899.090s step_avg:2288.22ms
step:2142/2750 train_time:4901.379s step_avg:2288.23ms
step:2143/2750 train_time:4903.669s step_avg:2288.23ms
step:2144/2750 train_time:4905.960s step_avg:2288.23ms
step:2145/2750 train_time:4908.247s step_avg:2288.23ms
step:2146/2750 train_time:4910.541s step_avg:2288.23ms
step:2147/2750 train_time:4912.824s step_avg:2288.23ms
step:2148/2750 train_time:4915.117s step_avg:2288.23ms
step:2149/2750 train_time:4917.407s step_avg:2288.23ms
step:2150/2750 train_time:4919.698s step_avg:2288.23ms
step:2151/2750 train_time:4921.983s step_avg:2288.23ms
step:2152/2750 train_time:4924.271s step_avg:2288.23ms
step:2153/2750 train_time:4926.562s step_avg:2288.23ms
step:2154/2750 train_time:4928.847s step_avg:2288.23ms
step:2155/2750 train_time:4931.138s step_avg:2288.23ms
step:2156/2750 train_time:4933.429s step_avg:2288.23ms
step:2157/2750 train_time:4935.714s step_avg:2288.23ms
step:2158/2750 train_time:4938.000s step_avg:2288.23ms
step:2159/2750 train_time:4940.287s step_avg:2288.23ms
step:2160/2750 train_time:4942.572s step_avg:2288.23ms
step:2161/2750 train_time:4944.861s step_avg:2288.23ms
step:2162/2750 train_time:4947.149s step_avg:2288.23ms
step:2163/2750 train_time:4949.436s step_avg:2288.23ms
step:2164/2750 train_time:4951.724s step_avg:2288.23ms
step:2165/2750 train_time:4954.011s step_avg:2288.23ms
step:2166/2750 train_time:4956.300s step_avg:2288.23ms
step:2167/2750 train_time:4958.591s step_avg:2288.23ms
step:2168/2750 train_time:4960.881s step_avg:2288.23ms
step:2169/2750 train_time:4963.172s step_avg:2288.23ms
step:2170/2750 train_time:4965.465s step_avg:2288.23ms
step:2171/2750 train_time:4967.757s step_avg:2288.23ms
step:2172/2750 train_time:4970.053s step_avg:2288.24ms
step:2173/2750 train_time:4972.348s step_avg:2288.24ms
step:2174/2750 train_time:4974.638s step_avg:2288.24ms
step:2175/2750 train_time:4976.930s step_avg:2288.24ms
step:2176/2750 train_time:4979.219s step_avg:2288.24ms
step:2177/2750 train_time:4981.508s step_avg:2288.24ms
step:2178/2750 train_time:4983.792s step_avg:2288.24ms
step:2179/2750 train_time:4986.080s step_avg:2288.24ms
step:2180/2750 train_time:4988.369s step_avg:2288.24ms
step:2181/2750 train_time:4990.662s step_avg:2288.24ms
step:2182/2750 train_time:4992.952s step_avg:2288.25ms
step:2183/2750 train_time:4995.244s step_avg:2288.25ms
step:2184/2750 train_time:4997.529s step_avg:2288.25ms
step:2185/2750 train_time:4999.819s step_avg:2288.25ms
step:2186/2750 train_time:5002.111s step_avg:2288.25ms
step:2187/2750 train_time:5004.405s step_avg:2288.25ms
step:2188/2750 train_time:5006.692s step_avg:2288.25ms
step:2189/2750 train_time:5008.979s step_avg:2288.25ms
step:2190/2750 train_time:5011.273s step_avg:2288.25ms
step:2191/2750 train_time:5013.561s step_avg:2288.25ms
step:2192/2750 train_time:5015.850s step_avg:2288.25ms
step:2193/2750 train_time:5018.138s step_avg:2288.25ms
step:2194/2750 train_time:5020.427s step_avg:2288.25ms
step:2195/2750 train_time:5022.719s step_avg:2288.25ms
step:2196/2750 train_time:5025.002s step_avg:2288.25ms
step:2197/2750 train_time:5027.291s step_avg:2288.25ms
step:2198/2750 train_time:5029.582s step_avg:2288.25ms
step:2199/2750 train_time:5031.868s step_avg:2288.25ms
step:2200/2750 train_time:5034.159s step_avg:2288.25ms
step:2201/2750 train_time:5036.446s step_avg:2288.25ms
step:2202/2750 train_time:5038.739s step_avg:2288.26ms
step:2203/2750 train_time:5041.025s step_avg:2288.25ms
step:2204/2750 train_time:5043.311s step_avg:2288.25ms
step:2205/2750 train_time:5045.594s step_avg:2288.25ms
step:2206/2750 train_time:5047.886s step_avg:2288.25ms
step:2207/2750 train_time:5050.179s step_avg:2288.25ms
step:2208/2750 train_time:5052.465s step_avg:2288.25ms
step:2209/2750 train_time:5054.753s step_avg:2288.25ms
step:2210/2750 train_time:5057.044s step_avg:2288.26ms
step:2211/2750 train_time:5059.326s step_avg:2288.25ms
step:2212/2750 train_time:5061.616s step_avg:2288.25ms
step:2213/2750 train_time:5063.913s step_avg:2288.26ms
step:2214/2750 train_time:5066.201s step_avg:2288.26ms
step:2215/2750 train_time:5068.490s step_avg:2288.26ms
step:2216/2750 train_time:5070.778s step_avg:2288.26ms
step:2217/2750 train_time:5073.066s step_avg:2288.26ms
step:2218/2750 train_time:5075.357s step_avg:2288.26ms
step:2219/2750 train_time:5077.643s step_avg:2288.26ms
step:2220/2750 train_time:5079.932s step_avg:2288.26ms
step:2221/2750 train_time:5082.223s step_avg:2288.26ms
step:2222/2750 train_time:5084.510s step_avg:2288.26ms
step:2223/2750 train_time:5086.800s step_avg:2288.26ms
step:2224/2750 train_time:5089.088s step_avg:2288.26ms
step:2225/2750 train_time:5091.372s step_avg:2288.26ms
step:2226/2750 train_time:5093.664s step_avg:2288.26ms
step:2227/2750 train_time:5095.952s step_avg:2288.26ms
step:2228/2750 train_time:5098.241s step_avg:2288.26ms
step:2229/2750 train_time:5100.533s step_avg:2288.26ms
step:2230/2750 train_time:5102.823s step_avg:2288.26ms
step:2231/2750 train_time:5105.109s step_avg:2288.26ms
step:2232/2750 train_time:5107.397s step_avg:2288.26ms
step:2233/2750 train_time:5109.686s step_avg:2288.26ms
step:2234/2750 train_time:5111.977s step_avg:2288.26ms
step:2235/2750 train_time:5114.262s step_avg:2288.26ms
step:2236/2750 train_time:5116.555s step_avg:2288.26ms
step:2237/2750 train_time:5118.842s step_avg:2288.26ms
step:2238/2750 train_time:5121.132s step_avg:2288.26ms
step:2239/2750 train_time:5123.420s step_avg:2288.26ms
step:2240/2750 train_time:5125.710s step_avg:2288.26ms
step:2241/2750 train_time:5127.997s step_avg:2288.26ms
step:2242/2750 train_time:5130.286s step_avg:2288.26ms
step:2243/2750 train_time:5132.578s step_avg:2288.26ms
step:2244/2750 train_time:5134.863s step_avg:2288.26ms
step:2245/2750 train_time:5137.151s step_avg:2288.26ms
step:2246/2750 train_time:5139.444s step_avg:2288.27ms
step:2247/2750 train_time:5141.729s step_avg:2288.26ms
step:2248/2750 train_time:5144.026s step_avg:2288.27ms
step:2249/2750 train_time:5146.314s step_avg:2288.27ms
step:2250/2750 train_time:5148.605s step_avg:2288.27ms
step:2250/2750 val_loss:3.31222 train_time:5148.605s step_avg:2289.35ms
step:2251/2750 train_time:5150.899s step_avg:2288.27ms
step:2252/2750 train_time:5153.190s step_avg:2288.27ms
step:2253/2750 train_time:5155.483s step_avg:2288.27ms
step:2254/2750 train_time:5157.765s step_avg:2288.27ms
step:2255/2750 train_time:5160.055s step_avg:2288.27ms
step:2256/2750 train_time:5162.341s step_avg:2288.27ms
step:2257/2750 train_time:5164.631s step_avg:2288.27ms
step:2258/2750 train_time:5166.918s step_avg:2288.27ms
step:2259/2750 train_time:5169.204s step_avg:2288.27ms
step:2260/2750 train_time:5171.491s step_avg:2288.27ms
step:2261/2750 train_time:5173.780s step_avg:2288.27ms
step:2262/2750 train_time:5176.069s step_avg:2288.27ms
step:2263/2750 train_time:5178.354s step_avg:2288.27ms
step:2264/2750 train_time:5180.645s step_avg:2288.27ms
step:2265/2750 train_time:5182.934s step_avg:2288.27ms
step:2266/2750 train_time:5185.224s step_avg:2288.27ms
step:2267/2750 train_time:5187.512s step_avg:2288.27ms
step:2268/2750 train_time:5189.799s step_avg:2288.27ms
step:2269/2750 train_time:5192.092s step_avg:2288.27ms
step:2270/2750 train_time:5194.375s step_avg:2288.27ms
step:2271/2750 train_time:5196.661s step_avg:2288.27ms
step:2272/2750 train_time:5198.950s step_avg:2288.27ms
step:2273/2750 train_time:5201.238s step_avg:2288.27ms
step:2274/2750 train_time:5203.528s step_avg:2288.27ms
step:2275/2750 train_time:5205.824s step_avg:2288.27ms
step:2276/2750 train_time:5208.114s step_avg:2288.28ms
step:2277/2750 train_time:5210.400s step_avg:2288.27ms
step:2278/2750 train_time:5212.692s step_avg:2288.28ms
step:2279/2750 train_time:5214.982s step_avg:2288.28ms
step:2280/2750 train_time:5217.264s step_avg:2288.27ms
step:2281/2750 train_time:5219.574s step_avg:2288.28ms
step:2282/2750 train_time:5221.861s step_avg:2288.28ms
step:2283/2750 train_time:5224.152s step_avg:2288.28ms
step:2284/2750 train_time:5226.437s step_avg:2288.28ms
step:2285/2750 train_time:5228.727s step_avg:2288.28ms
step:2286/2750 train_time:5231.019s step_avg:2288.28ms
step:2287/2750 train_time:5233.310s step_avg:2288.29ms
step:2288/2750 train_time:5235.597s step_avg:2288.29ms
step:2289/2750 train_time:5237.888s step_avg:2288.29ms
step:2290/2750 train_time:5240.180s step_avg:2288.29ms
step:2291/2750 train_time:5242.467s step_avg:2288.29ms
step:2292/2750 train_time:5244.756s step_avg:2288.29ms
step:2293/2750 train_time:5247.047s step_avg:2288.29ms
step:2294/2750 train_time:5249.332s step_avg:2288.29ms
step:2295/2750 train_time:5251.620s step_avg:2288.29ms
step:2296/2750 train_time:5253.909s step_avg:2288.29ms
step:2297/2750 train_time:5256.196s step_avg:2288.29ms
step:2298/2750 train_time:5258.485s step_avg:2288.29ms
step:2299/2750 train_time:5260.773s step_avg:2288.29ms
step:2300/2750 train_time:5263.062s step_avg:2288.29ms
step:2301/2750 train_time:5265.348s step_avg:2288.29ms
step:2302/2750 train_time:5267.635s step_avg:2288.29ms
step:2303/2750 train_time:5269.927s step_avg:2288.29ms
step:2304/2750 train_time:5272.215s step_avg:2288.29ms
step:2305/2750 train_time:5274.504s step_avg:2288.29ms
step:2306/2750 train_time:5276.798s step_avg:2288.29ms
step:2307/2750 train_time:5279.087s step_avg:2288.29ms
step:2308/2750 train_time:5281.370s step_avg:2288.29ms
step:2309/2750 train_time:5283.660s step_avg:2288.29ms
step:2310/2750 train_time:5285.950s step_avg:2288.29ms
step:2311/2750 train_time:5288.236s step_avg:2288.29ms
step:2312/2750 train_time:5290.528s step_avg:2288.29ms
step:2313/2750 train_time:5292.821s step_avg:2288.29ms
step:2314/2750 train_time:5295.107s step_avg:2288.29ms
step:2315/2750 train_time:5297.394s step_avg:2288.29ms
step:2316/2750 train_time:5299.688s step_avg:2288.29ms
step:2317/2750 train_time:5301.975s step_avg:2288.29ms
step:2318/2750 train_time:5304.262s step_avg:2288.29ms
step:2319/2750 train_time:5306.555s step_avg:2288.29ms
step:2320/2750 train_time:5308.855s step_avg:2288.30ms
step:2321/2750 train_time:5311.141s step_avg:2288.30ms
step:2322/2750 train_time:5313.433s step_avg:2288.30ms
step:2323/2750 train_time:5315.726s step_avg:2288.30ms
step:2324/2750 train_time:5318.014s step_avg:2288.30ms
step:2325/2750 train_time:5320.297s step_avg:2288.30ms
step:2326/2750 train_time:5322.585s step_avg:2288.30ms
step:2327/2750 train_time:5324.877s step_avg:2288.30ms
step:2328/2750 train_time:5327.163s step_avg:2288.30ms
step:2329/2750 train_time:5329.452s step_avg:2288.30ms
step:2330/2750 train_time:5331.746s step_avg:2288.30ms
step:2331/2750 train_time:5334.037s step_avg:2288.30ms
step:2332/2750 train_time:5336.325s step_avg:2288.30ms
step:2333/2750 train_time:5338.612s step_avg:2288.30ms
step:2334/2750 train_time:5340.903s step_avg:2288.30ms
step:2335/2750 train_time:5343.191s step_avg:2288.30ms
step:2336/2750 train_time:5345.479s step_avg:2288.30ms
step:2337/2750 train_time:5347.768s step_avg:2288.30ms
step:2338/2750 train_time:5350.055s step_avg:2288.30ms
step:2339/2750 train_time:5352.344s step_avg:2288.30ms
step:2340/2750 train_time:5354.635s step_avg:2288.31ms
step:2341/2750 train_time:5356.924s step_avg:2288.31ms
step:2342/2750 train_time:5359.212s step_avg:2288.31ms
step:2343/2750 train_time:5361.499s step_avg:2288.31ms
step:2344/2750 train_time:5363.789s step_avg:2288.31ms
step:2345/2750 train_time:5366.075s step_avg:2288.31ms
step:2346/2750 train_time:5368.363s step_avg:2288.30ms
step:2347/2750 train_time:5370.655s step_avg:2288.31ms
step:2348/2750 train_time:5372.939s step_avg:2288.30ms
step:2349/2750 train_time:5375.230s step_avg:2288.31ms
step:2350/2750 train_time:5377.525s step_avg:2288.31ms
step:2351/2750 train_time:5379.817s step_avg:2288.31ms
step:2352/2750 train_time:5382.110s step_avg:2288.31ms
step:2353/2750 train_time:5384.398s step_avg:2288.31ms
step:2354/2750 train_time:5386.691s step_avg:2288.31ms
step:2355/2750 train_time:5388.976s step_avg:2288.31ms
step:2356/2750 train_time:5391.266s step_avg:2288.31ms
step:2357/2750 train_time:5393.557s step_avg:2288.31ms
step:2358/2750 train_time:5395.841s step_avg:2288.31ms
step:2359/2750 train_time:5398.132s step_avg:2288.31ms
step:2360/2750 train_time:5400.421s step_avg:2288.31ms
step:2361/2750 train_time:5402.714s step_avg:2288.32ms
step:2362/2750 train_time:5405.003s step_avg:2288.32ms
step:2363/2750 train_time:5407.294s step_avg:2288.32ms
step:2364/2750 train_time:5409.582s step_avg:2288.32ms
step:2365/2750 train_time:5411.870s step_avg:2288.32ms
step:2366/2750 train_time:5414.158s step_avg:2288.32ms
step:2367/2750 train_time:5416.454s step_avg:2288.32ms
step:2368/2750 train_time:5418.742s step_avg:2288.32ms
step:2369/2750 train_time:5421.029s step_avg:2288.32ms
step:2370/2750 train_time:5423.318s step_avg:2288.32ms
step:2371/2750 train_time:5425.609s step_avg:2288.32ms
step:2372/2750 train_time:5427.896s step_avg:2288.32ms
step:2373/2750 train_time:5430.185s step_avg:2288.32ms
step:2374/2750 train_time:5432.475s step_avg:2288.32ms
step:2375/2750 train_time:5434.760s step_avg:2288.32ms
step:2375/2750 val_loss:3.29906 train_time:5434.760s step_avg:2289.24ms
step:2376/2750 train_time:5437.058s step_avg:2288.32ms
step:2377/2750 train_time:5439.351s step_avg:2288.33ms
step:2378/2750 train_time:5441.644s step_avg:2288.33ms
step:2379/2750 train_time:5443.927s step_avg:2288.33ms
step:2380/2750 train_time:5446.219s step_avg:2288.33ms
step:2381/2750 train_time:5448.511s step_avg:2288.33ms
step:2382/2750 train_time:5450.796s step_avg:2288.33ms
step:2383/2750 train_time:5453.083s step_avg:2288.33ms
step:2384/2750 train_time:5455.374s step_avg:2288.33ms
step:2385/2750 train_time:5457.663s step_avg:2288.33ms
step:2386/2750 train_time:5459.951s step_avg:2288.33ms
step:2387/2750 train_time:5462.242s step_avg:2288.33ms
step:2388/2750 train_time:5464.535s step_avg:2288.33ms
step:2389/2750 train_time:5466.826s step_avg:2288.33ms
step:2390/2750 train_time:5469.113s step_avg:2288.33ms
step:2391/2750 train_time:5471.404s step_avg:2288.33ms
step:2392/2750 train_time:5473.688s step_avg:2288.33ms
step:2393/2750 train_time:5475.975s step_avg:2288.33ms
step:2394/2750 train_time:5478.268s step_avg:2288.33ms
step:2395/2750 train_time:5480.559s step_avg:2288.33ms
step:2396/2750 train_time:5482.846s step_avg:2288.33ms
step:2397/2750 train_time:5485.137s step_avg:2288.33ms
step:2398/2750 train_time:5487.432s step_avg:2288.34ms
step:2399/2750 train_time:5489.715s step_avg:2288.33ms
step:2400/2750 train_time:5492.002s step_avg:2288.33ms
step:2401/2750 train_time:5494.303s step_avg:2288.34ms
step:2402/2750 train_time:5496.593s step_avg:2288.34ms
step:2403/2750 train_time:5498.883s step_avg:2288.34ms
step:2404/2750 train_time:5501.169s step_avg:2288.34ms
step:2405/2750 train_time:5503.459s step_avg:2288.34ms
step:2406/2750 train_time:5505.748s step_avg:2288.34ms
step:2407/2750 train_time:5508.037s step_avg:2288.34ms
step:2408/2750 train_time:5510.326s step_avg:2288.34ms
step:2409/2750 train_time:5512.614s step_avg:2288.34ms
step:2410/2750 train_time:5514.904s step_avg:2288.34ms
step:2411/2750 train_time:5517.194s step_avg:2288.34ms
step:2412/2750 train_time:5519.487s step_avg:2288.34ms
step:2413/2750 train_time:5521.772s step_avg:2288.34ms
step:2414/2750 train_time:5524.061s step_avg:2288.34ms
step:2415/2750 train_time:5526.353s step_avg:2288.34ms
step:2416/2750 train_time:5528.638s step_avg:2288.34ms
step:2417/2750 train_time:5530.926s step_avg:2288.34ms
step:2418/2750 train_time:5533.218s step_avg:2288.35ms
step:2419/2750 train_time:5535.506s step_avg:2288.34ms
step:2420/2750 train_time:5537.795s step_avg:2288.35ms
step:2421/2750 train_time:5540.085s step_avg:2288.35ms
step:2422/2750 train_time:5542.379s step_avg:2288.35ms
step:2423/2750 train_time:5544.666s step_avg:2288.35ms
step:2424/2750 train_time:5546.953s step_avg:2288.35ms
step:2425/2750 train_time:5549.245s step_avg:2288.35ms
step:2426/2750 train_time:5551.527s step_avg:2288.35ms
step:2427/2750 train_time:5553.815s step_avg:2288.35ms
step:2428/2750 train_time:5556.107s step_avg:2288.35ms
step:2429/2750 train_time:5558.394s step_avg:2288.35ms
step:2430/2750 train_time:5560.682s step_avg:2288.35ms
step:2431/2750 train_time:5562.975s step_avg:2288.35ms
step:2432/2750 train_time:5565.266s step_avg:2288.35ms
step:2433/2750 train_time:5567.551s step_avg:2288.35ms
step:2434/2750 train_time:5569.841s step_avg:2288.35ms
step:2435/2750 train_time:5572.137s step_avg:2288.35ms
step:2436/2750 train_time:5574.429s step_avg:2288.35ms
step:2437/2750 train_time:5576.721s step_avg:2288.35ms
step:2438/2750 train_time:5579.010s step_avg:2288.36ms
step:2439/2750 train_time:5581.301s step_avg:2288.36ms
step:2440/2750 train_time:5583.590s step_avg:2288.36ms
step:2441/2750 train_time:5585.881s step_avg:2288.36ms
step:2442/2750 train_time:5588.173s step_avg:2288.36ms
step:2443/2750 train_time:5590.467s step_avg:2288.36ms
step:2444/2750 train_time:5592.752s step_avg:2288.36ms
step:2445/2750 train_time:5595.041s step_avg:2288.36ms
step:2446/2750 train_time:5597.337s step_avg:2288.36ms
step:2447/2750 train_time:5599.628s step_avg:2288.36ms
step:2448/2750 train_time:5601.918s step_avg:2288.37ms
step:2449/2750 train_time:5604.208s step_avg:2288.37ms
step:2450/2750 train_time:5606.497s step_avg:2288.37ms
step:2451/2750 train_time:5608.788s step_avg:2288.37ms
step:2452/2750 train_time:5611.078s step_avg:2288.37ms
step:2453/2750 train_time:5613.367s step_avg:2288.37ms
step:2454/2750 train_time:5615.653s step_avg:2288.37ms
step:2455/2750 train_time:5617.944s step_avg:2288.37ms
step:2456/2750 train_time:5620.237s step_avg:2288.37ms
step:2457/2750 train_time:5622.527s step_avg:2288.37ms
step:2458/2750 train_time:5624.818s step_avg:2288.37ms
step:2459/2750 train_time:5627.105s step_avg:2288.37ms
step:2460/2750 train_time:5629.394s step_avg:2288.37ms
step:2461/2750 train_time:5631.683s step_avg:2288.37ms
step:2462/2750 train_time:5633.969s step_avg:2288.37ms
step:2463/2750 train_time:5636.258s step_avg:2288.37ms
step:2464/2750 train_time:5638.543s step_avg:2288.37ms
step:2465/2750 train_time:5640.831s step_avg:2288.37ms
step:2466/2750 train_time:5643.119s step_avg:2288.37ms
step:2467/2750 train_time:5645.402s step_avg:2288.37ms
step:2468/2750 train_time:5647.692s step_avg:2288.37ms
step:2469/2750 train_time:5649.979s step_avg:2288.37ms
step:2470/2750 train_time:5652.265s step_avg:2288.37ms
step:2471/2750 train_time:5654.570s step_avg:2288.37ms
step:2472/2750 train_time:5656.860s step_avg:2288.37ms
step:2473/2750 train_time:5659.151s step_avg:2288.37ms
step:2474/2750 train_time:5661.444s step_avg:2288.38ms
step:2475/2750 train_time:5663.728s step_avg:2288.37ms
step:2476/2750 train_time:5666.018s step_avg:2288.38ms
step:2477/2750 train_time:5668.309s step_avg:2288.38ms
step:2478/2750 train_time:5670.599s step_avg:2288.38ms
step:2479/2750 train_time:5672.884s step_avg:2288.38ms
step:2480/2750 train_time:5675.175s step_avg:2288.38ms
step:2481/2750 train_time:5677.462s step_avg:2288.38ms
step:2482/2750 train_time:5679.748s step_avg:2288.38ms
step:2483/2750 train_time:5682.038s step_avg:2288.38ms
step:2484/2750 train_time:5684.323s step_avg:2288.37ms
step:2485/2750 train_time:5686.610s step_avg:2288.37ms
step:2486/2750 train_time:5688.894s step_avg:2288.37ms
step:2487/2750 train_time:5691.179s step_avg:2288.37ms
step:2488/2750 train_time:5693.471s step_avg:2288.37ms
step:2489/2750 train_time:5695.758s step_avg:2288.37ms
step:2490/2750 train_time:5698.048s step_avg:2288.37ms
step:2491/2750 train_time:5700.338s step_avg:2288.37ms
step:2492/2750 train_time:5702.627s step_avg:2288.37ms
step:2493/2750 train_time:5704.917s step_avg:2288.37ms
step:2494/2750 train_time:5707.209s step_avg:2288.38ms
step:2495/2750 train_time:5709.493s step_avg:2288.37ms
step:2496/2750 train_time:5711.790s step_avg:2288.38ms
step:2497/2750 train_time:5714.076s step_avg:2288.38ms
step:2498/2750 train_time:5716.369s step_avg:2288.38ms
step:2499/2750 train_time:5718.660s step_avg:2288.38ms
step:2500/2750 train_time:5720.953s step_avg:2288.38ms
step:2500/2750 val_loss:3.28842 train_time:5720.953s step_avg:2289.54ms
step:2501/2750 train_time:5723.249s step_avg:2288.38ms
step:2502/2750 train_time:5725.539s step_avg:2288.39ms
step:2503/2750 train_time:5727.829s step_avg:2288.39ms
step:2504/2750 train_time:5730.120s step_avg:2288.39ms
step:2505/2750 train_time:5732.410s step_avg:2288.39ms
step:2506/2750 train_time:5734.699s step_avg:2288.39ms
step:2507/2750 train_time:5736.990s step_avg:2288.39ms
step:2508/2750 train_time:5739.275s step_avg:2288.39ms
step:2509/2750 train_time:5741.569s step_avg:2288.39ms
step:2510/2750 train_time:5743.862s step_avg:2288.39ms
step:2511/2750 train_time:5746.154s step_avg:2288.39ms
step:2512/2750 train_time:5748.440s step_avg:2288.39ms
step:2513/2750 train_time:5750.731s step_avg:2288.39ms
step:2514/2750 train_time:5753.018s step_avg:2288.39ms
step:2515/2750 train_time:5755.303s step_avg:2288.39ms
step:2516/2750 train_time:5757.591s step_avg:2288.39ms
step:2517/2750 train_time:5759.883s step_avg:2288.39ms
step:2518/2750 train_time:5762.170s step_avg:2288.39ms
step:2519/2750 train_time:5764.461s step_avg:2288.39ms
step:2520/2750 train_time:5766.752s step_avg:2288.39ms
step:2521/2750 train_time:5769.043s step_avg:2288.39ms
step:2522/2750 train_time:5771.332s step_avg:2288.40ms
step:2523/2750 train_time:5773.621s step_avg:2288.40ms
step:2524/2750 train_time:5775.912s step_avg:2288.40ms
step:2525/2750 train_time:5778.199s step_avg:2288.40ms
step:2526/2750 train_time:5780.489s step_avg:2288.40ms
step:2527/2750 train_time:5782.779s step_avg:2288.40ms
step:2528/2750 train_time:5785.069s step_avg:2288.40ms
step:2529/2750 train_time:5787.351s step_avg:2288.40ms
step:2530/2750 train_time:5789.638s step_avg:2288.39ms
step:2531/2750 train_time:5791.929s step_avg:2288.40ms
step:2532/2750 train_time:5794.213s step_avg:2288.39ms
step:2533/2750 train_time:5796.501s step_avg:2288.39ms
step:2534/2750 train_time:5798.794s step_avg:2288.40ms
step:2535/2750 train_time:5801.075s step_avg:2288.39ms
step:2536/2750 train_time:5803.365s step_avg:2288.39ms
step:2537/2750 train_time:5805.658s step_avg:2288.40ms
step:2538/2750 train_time:5807.943s step_avg:2288.39ms
step:2539/2750 train_time:5810.231s step_avg:2288.39ms
step:2540/2750 train_time:5812.522s step_avg:2288.39ms
step:2541/2750 train_time:5814.810s step_avg:2288.39ms
step:2542/2750 train_time:5817.102s step_avg:2288.40ms
step:2543/2750 train_time:5819.391s step_avg:2288.40ms
step:2544/2750 train_time:5821.678s step_avg:2288.40ms
step:2545/2750 train_time:5823.970s step_avg:2288.40ms
step:2546/2750 train_time:5826.259s step_avg:2288.40ms
step:2547/2750 train_time:5828.550s step_avg:2288.40ms
step:2548/2750 train_time:5830.838s step_avg:2288.40ms
step:2549/2750 train_time:5833.132s step_avg:2288.40ms
step:2550/2750 train_time:5835.426s step_avg:2288.40ms
step:2551/2750 train_time:5837.724s step_avg:2288.41ms
step:2552/2750 train_time:5840.014s step_avg:2288.41ms
step:2553/2750 train_time:5842.305s step_avg:2288.41ms
step:2554/2750 train_time:5844.595s step_avg:2288.41ms
step:2555/2750 train_time:5846.888s step_avg:2288.41ms
step:2556/2750 train_time:5849.174s step_avg:2288.41ms
step:2557/2750 train_time:5851.463s step_avg:2288.41ms
step:2558/2750 train_time:5853.752s step_avg:2288.41ms
step:2559/2750 train_time:5856.038s step_avg:2288.41ms
step:2560/2750 train_time:5858.327s step_avg:2288.41ms
step:2561/2750 train_time:5860.620s step_avg:2288.41ms
step:2562/2750 train_time:5862.910s step_avg:2288.41ms
step:2563/2750 train_time:5865.197s step_avg:2288.41ms
step:2564/2750 train_time:5867.487s step_avg:2288.41ms
step:2565/2750 train_time:5869.781s step_avg:2288.41ms
step:2566/2750 train_time:5872.066s step_avg:2288.41ms
step:2567/2750 train_time:5874.355s step_avg:2288.41ms
step:2568/2750 train_time:5876.642s step_avg:2288.41ms
step:2569/2750 train_time:5878.933s step_avg:2288.41ms
step:2570/2750 train_time:5881.227s step_avg:2288.42ms
step:2571/2750 train_time:5883.514s step_avg:2288.41ms
step:2572/2750 train_time:5885.809s step_avg:2288.42ms
step:2573/2750 train_time:5888.095s step_avg:2288.42ms
step:2574/2750 train_time:5890.387s step_avg:2288.42ms
step:2575/2750 train_time:5892.688s step_avg:2288.42ms
step:2576/2750 train_time:5894.981s step_avg:2288.42ms
step:2577/2750 train_time:5897.270s step_avg:2288.42ms
step:2578/2750 train_time:5899.557s step_avg:2288.42ms
step:2579/2750 train_time:5901.844s step_avg:2288.42ms
step:2580/2750 train_time:5904.130s step_avg:2288.42ms
step:2581/2750 train_time:5906.421s step_avg:2288.42ms
step:2582/2750 train_time:5908.711s step_avg:2288.42ms
step:2583/2750 train_time:5911.002s step_avg:2288.42ms
step:2584/2750 train_time:5913.295s step_avg:2288.43ms
step:2585/2750 train_time:5915.583s step_avg:2288.43ms
step:2586/2750 train_time:5917.874s step_avg:2288.43ms
step:2587/2750 train_time:5920.162s step_avg:2288.43ms
step:2588/2750 train_time:5922.452s step_avg:2288.43ms
step:2589/2750 train_time:5924.745s step_avg:2288.43ms
step:2590/2750 train_time:5927.041s step_avg:2288.43ms
step:2591/2750 train_time:5929.329s step_avg:2288.43ms
step:2592/2750 train_time:5931.619s step_avg:2288.43ms
step:2593/2750 train_time:5933.911s step_avg:2288.43ms
step:2594/2750 train_time:5936.200s step_avg:2288.44ms
step:2595/2750 train_time:5938.489s step_avg:2288.43ms
step:2596/2750 train_time:5940.778s step_avg:2288.44ms
step:2597/2750 train_time:5943.068s step_avg:2288.44ms
step:2598/2750 train_time:5945.353s step_avg:2288.43ms
step:2599/2750 train_time:5947.640s step_avg:2288.43ms
step:2600/2750 train_time:5949.928s step_avg:2288.43ms
step:2600/2750 val_loss:3.28152 train_time:5949.928s step_avg:2289.75ms
step:2601/2750 train_time:5952.227s step_avg:2288.44ms
step:2602/2750 train_time:5954.519s step_avg:2288.44ms
step:2603/2750 train_time:5956.811s step_avg:2288.44ms
step:2604/2750 train_time:5959.105s step_avg:2288.44ms
step:2605/2750 train_time:5961.388s step_avg:2288.44ms
step:2605/2750 val_loss:3.28123 train_time:5961.388s step_avg:2292.05ms
step:2606/2750 train_time:5963.686s step_avg:2288.44ms
step:2607/2750 train_time:5965.978s step_avg:2288.45ms
step:2608/2750 train_time:5968.265s step_avg:2288.45ms
step:2609/2750 train_time:5970.555s step_avg:2288.45ms
step:2610/2750 train_time:5972.842s step_avg:2288.45ms
step:2610/2750 val_loss:3.28093 train_time:5972.843s step_avg:2290.85ms
step:2611/2750 train_time:5975.140s step_avg:2288.45ms
step:2612/2750 train_time:5977.434s step_avg:2288.45ms
step:2613/2750 train_time:5979.725s step_avg:2288.45ms
step:2614/2750 train_time:5982.017s step_avg:2288.45ms
step:2615/2750 train_time:5984.304s step_avg:2288.45ms
step:2615/2750 val_loss:3.28061 train_time:5984.304s step_avg:2292.27ms
step:2616/2750 train_time:5986.601s step_avg:2288.46ms
step:2617/2750 train_time:5988.897s step_avg:2288.46ms
step:2618/2750 train_time:5991.191s step_avg:2288.46ms
step:2619/2750 train_time:5993.480s step_avg:2288.46ms
step:2620/2750 train_time:5995.773s step_avg:2288.46ms
step:2620/2750 val_loss:3.28027 train_time:5995.773s step_avg:2293.78ms
step:2621/2750 train_time:5998.066s step_avg:2288.46ms
step:2622/2750 train_time:6000.362s step_avg:2288.47ms
step:2623/2750 train_time:6002.651s step_avg:2288.47ms
step:2624/2750 train_time:6004.947s step_avg:2288.47ms
step:2625/2750 train_time:6007.237s step_avg:2288.47ms
step:2625/2750 val_loss:3.27996 train_time:6007.238s step_avg:2292.96ms
step:2626/2750 train_time:6009.532s step_avg:2288.47ms
step:2627/2750 train_time:6011.816s step_avg:2288.47ms
step:2628/2750 train_time:6014.105s step_avg:2288.47ms
step:2629/2750 train_time:6016.396s step_avg:2288.47ms
step:2630/2750 train_time:6018.681s step_avg:2288.47ms
step:2630/2750 val_loss:3.27965 train_time:6018.682s step_avg:2288.78ms
step:2631/2750 train_time:6020.971s step_avg:2288.47ms
step:2632/2750 train_time:6023.267s step_avg:2288.48ms
step:2633/2750 train_time:6025.558s step_avg:2288.48ms
step:2634/2750 train_time:6027.851s step_avg:2288.48ms
step:2635/2750 train_time:6030.140s step_avg:2288.48ms
step:2635/2750 val_loss:3.27935 train_time:6030.140s step_avg:2291.73ms
step:2636/2750 train_time:6032.440s step_avg:2288.48ms
step:2637/2750 train_time:6034.733s step_avg:2288.48ms
step:2638/2750 train_time:6037.019s step_avg:2288.48ms
step:2639/2750 train_time:6039.307s step_avg:2288.48ms
step:2640/2750 train_time:6041.602s step_avg:2288.49ms
step:2640/2750 val_loss:3.27903 train_time:6041.602s step_avg:2292.39ms
step:2641/2750 train_time:6043.906s step_avg:2288.49ms
step:2642/2750 train_time:6046.196s step_avg:2288.49ms
step:2643/2750 train_time:6048.488s step_avg:2288.49ms
step:2644/2750 train_time:6050.780s step_avg:2288.49ms
step:2645/2750 train_time:6053.072s step_avg:2288.50ms
step:2645/2750 val_loss:3.27870 train_time:6053.072s step_avg:2294.04ms
step:2646/2750 train_time:6055.369s step_avg:2288.50ms
step:2647/2750 train_time:6057.662s step_avg:2288.50ms
step:2648/2750 train_time:6059.951s step_avg:2288.50ms
step:2649/2750 train_time:6062.247s step_avg:2288.50ms
step:2650/2750 train_time:6064.544s step_avg:2288.51ms
step:2650/2750 val_loss:3.27845 train_time:6064.544s step_avg:2294.33ms
step:2651/2750 train_time:6066.835s step_avg:2288.51ms
step:2652/2750 train_time:6069.127s step_avg:2288.51ms
step:2653/2750 train_time:6071.419s step_avg:2288.51ms
step:2654/2750 train_time:6073.713s step_avg:2288.51ms
step:2655/2750 train_time:6076.005s step_avg:2288.51ms
step:2655/2750 val_loss:3.27812 train_time:6076.005s step_avg:2292.22ms
step:2656/2750 train_time:6078.303s step_avg:2288.52ms
step:2657/2750 train_time:6080.597s step_avg:2288.52ms
step:2658/2750 train_time:6082.894s step_avg:2288.52ms
step:2659/2750 train_time:6085.186s step_avg:2288.52ms
step:2660/2750 train_time:6087.476s step_avg:2288.52ms
step:2660/2750 val_loss:3.27785 train_time:6087.476s step_avg:2294.25ms
target_reached step:2660 val_loss:3.27785
step:2661/2750 train_time:6089.788s step_avg:2288.53ms
step:2662/2750 train_time:6092.080s step_avg:2288.53ms
step:2663/2750 train_time:6094.379s step_avg:2288.54ms
step:2664/2750 train_time:6096.669s step_avg:2288.54ms
step:2665/2750 train_time:6098.965s step_avg:2288.54ms
step:2665/2750 val_loss:3.27754 train_time:6098.966s step_avg:2297.83ms
target_reached step:2665 val_loss:3.27754
step:2666/2750 train_time:6101.262s step_avg:2288.55ms
step:2667/2750 train_time:6103.555s step_avg:2288.55ms
step:2668/2750 train_time:6105.850s step_avg:2288.55ms
step:2669/2750 train_time:6108.136s step_avg:2288.55ms
step:2670/2750 train_time:6110.428s step_avg:2288.55ms
step:2670/2750 val_loss:3.27726 train_time:6110.428s step_avg:2292.53ms
target_reached step:2670 val_loss:3.27726
step:2671/2750 train_time:6112.725s step_avg:2288.55ms
step:2672/2750 train_time:6115.017s step_avg:2288.55ms
step:2673/2750 train_time:6117.306s step_avg:2288.55ms
step:2674/2750 train_time:6119.597s step_avg:2288.56ms
step:2675/2750 train_time:6121.887s step_avg:2288.56ms
step:2675/2750 val_loss:3.27697 train_time:6121.887s step_avg:2291.81ms
target_reached step:2675 val_loss:3.27697
step:2676/2750 train_time:6124.187s step_avg:2288.56ms
step:2677/2750 train_time:6126.475s step_avg:2288.56ms
step:2678/2750 train_time:6128.771s step_avg:2288.56ms
step:2679/2750 train_time:6131.061s step_avg:2288.56ms
step:2680/2750 train_time:6133.354s step_avg:2288.57ms
step:2680/2750 val_loss:3.27672 train_time:6133.355s step_avg:2293.48ms
target_reached step:2680 val_loss:3.27672
step:2681/2750 train_time:6135.658s step_avg:2288.57ms
step:2682/2750 train_time:6137.950s step_avg:2288.57ms
step:2683/2750 train_time:6140.239s step_avg:2288.57ms
step:2684/2750 train_time:6142.531s step_avg:2288.57ms
step:2685/2750 train_time:6144.829s step_avg:2288.58ms
step:2685/2750 val_loss:3.27644 train_time:6144.830s step_avg:2294.99ms
target_reached step:2685 val_loss:3.27644
step:2686/2750 train_time:6147.124s step_avg:2288.58ms
step:2687/2750 train_time:6149.411s step_avg:2288.58ms
step:2688/2750 train_time:6151.701s step_avg:2288.58ms
step:2689/2750 train_time:6153.995s step_avg:2288.58ms
step:2690/2750 train_time:6156.283s step_avg:2288.58ms
step:2690/2750 val_loss:3.27620 train_time:6156.283s step_avg:2290.65ms
target_reached step:2690 val_loss:3.27620
step:2691/2750 train_time:6158.576s step_avg:2288.58ms
step:2692/2750 train_time:6160.871s step_avg:2288.58ms
step:2693/2750 train_time:6163.162s step_avg:2288.59ms
step:2694/2750 train_time:6165.453s step_avg:2288.59ms
step:2695/2750 train_time:6167.741s step_avg:2288.59ms
step:2695/2750 val_loss:3.27594 train_time:6167.742s step_avg:2291.76ms
target_reached step:2695 val_loss:3.27594
step:2696/2750 train_time:6170.040s step_avg:2288.59ms
step:2697/2750 train_time:6172.336s step_avg:2288.59ms
step:2698/2750 train_time:6174.627s step_avg:2288.59ms
step:2699/2750 train_time:6176.919s step_avg:2288.60ms
step:2700/2750 train_time:6179.209s step_avg:2288.60ms
step:2700/2750 val_loss:3.27572 train_time:6179.210s step_avg:2293.60ms
target_reached step:2700 val_loss:3.27572
step:2701/2750 train_time:6181.508s step_avg:2288.60ms
step:2702/2750 train_time:6183.798s step_avg:2288.60ms
step:2703/2750 train_time:6186.098s step_avg:2288.60ms
step:2704/2750 train_time:6188.389s step_avg:2288.61ms
step:2705/2750 train_time:6190.680s step_avg:2288.61ms
step:2705/2750 val_loss:3.27545 train_time:6190.680s step_avg:2294.01ms
target_reached step:2705 val_loss:3.27545
step:2706/2750 train_time:6192.972s step_avg:2288.61ms
step:2707/2750 train_time:6195.266s step_avg:2288.61ms
step:2708/2750 train_time:6197.557s step_avg:2288.61ms
step:2709/2750 train_time:6199.851s step_avg:2288.61ms
step:2710/2750 train_time:6202.142s step_avg:2288.61ms
step:2710/2750 val_loss:3.27521 train_time:6202.142s step_avg:2292.44ms
target_reached step:2710 val_loss:3.27521
step:2711/2750 train_time:6204.444s step_avg:2288.62ms
step:2712/2750 train_time:6206.738s step_avg:2288.62ms
step:2713/2750 train_time:6209.027s step_avg:2288.62ms
step:2714/2750 train_time:6211.323s step_avg:2288.62ms
step:2715/2750 train_time:6213.610s step_avg:2288.62ms
step:2715/2750 val_loss:3.27497 train_time:6213.610s step_avg:2293.67ms
target_reached step:2715 val_loss:3.27497
step:2716/2750 train_time:6215.909s step_avg:2288.63ms
step:2717/2750 train_time:6218.200s step_avg:2288.63ms
step:2718/2750 train_time:6220.494s step_avg:2288.63ms
step:2719/2750 train_time:6222.784s step_avg:2288.63ms
step:2720/2750 train_time:6225.076s step_avg:2288.63ms
step:2720/2750 val_loss:3.27474 train_time:6225.077s step_avg:2293.26ms
target_reached step:2720 val_loss:3.27474
step:2721/2750 train_time:6227.370s step_avg:2288.63ms
step:2722/2750 train_time:6229.662s step_avg:2288.63ms
step:2723/2750 train_time:6231.952s step_avg:2288.63ms
step:2724/2750 train_time:6234.241s step_avg:2288.63ms
step:2725/2750 train_time:6236.532s step_avg:2288.64ms
step:2725/2750 val_loss:3.27451 train_time:6236.532s step_avg:2291.17ms
target_reached step:2725 val_loss:3.27451
step:2726/2750 train_time:6238.823s step_avg:2288.64ms
step:2727/2750 train_time:6241.110s step_avg:2288.64ms
step:2728/2750 train_time:6243.401s step_avg:2288.64ms
step:2729/2750 train_time:6245.697s step_avg:2288.64ms
step:2730/2750 train_time:6247.988s step_avg:2288.64ms
step:2730/2750 val_loss:3.27430 train_time:6247.988s step_avg:2291.10ms
target_reached step:2730 val_loss:3.27430
step:2731/2750 train_time:6250.282s step_avg:2288.64ms
step:2732/2750 train_time:6252.578s step_avg:2288.65ms
step:2733/2750 train_time:6254.871s step_avg:2288.65ms
step:2734/2750 train_time:6257.163s step_avg:2288.65ms
step:2735/2750 train_time:6259.452s step_avg:2288.65ms
step:2735/2750 val_loss:3.27408 train_time:6259.452s step_avg:2292.85ms
target_reached step:2735 val_loss:3.27408
step:2736/2750 train_time:6261.745s step_avg:2288.65ms
step:2737/2750 train_time:6264.040s step_avg:2288.65ms
step:2738/2750 train_time:6266.332s step_avg:2288.65ms
step:2739/2750 train_time:6268.625s step_avg:2288.65ms
step:2740/2750 train_time:6270.913s step_avg:2288.65ms
step:2740/2750 val_loss:3.27389 train_time:6270.913s step_avg:2292.13ms
target_reached step:2740 val_loss:3.27389
step:2741/2750 train_time:6273.215s step_avg:2288.66ms
step:2742/2750 train_time:6275.501s step_avg:2288.66ms
step:2743/2750 train_time:6277.792s step_avg:2288.66ms
step:2744/2750 train_time:6280.084s step_avg:2288.66ms
step:2745/2750 train_time:6282.380s step_avg:2288.66ms
step:2745/2750 val_loss:3.27369 train_time:6282.380s step_avg:2293.39ms
target_reached step:2745 val_loss:3.27369
step:2746/2750 train_time:6284.681s step_avg:2288.67ms
step:2747/2750 train_time:6286.976s step_avg:2288.67ms
step:2748/2750 train_time:6289.265s step_avg:2288.67ms
step:2749/2750 train_time:6291.562s step_avg:2288.67ms
step:2750/2750 train_time:6293.860s step_avg:2288.68ms
step:2750/2750 val_loss:3.27350 train_time:6293.860s step_avg:2295.99ms
target_reached step:2750 val_loss:3.27350
fixed_step_complete max_step:2750 val_loss:3.27350
