logs/d6ca6153-e3ab-4ed9-8164-e68a5b0b2178.txt
step:0/2750 val_loss:10.82583 train_time:0.000s step_avg:nanms
step:1/2750 train_time:4.701s step_avg:4701.22ms
step:2/2750 train_time:6.869s step_avg:3434.57ms
step:3/2750 train_time:9.148s step_avg:3049.18ms
step:4/2750 train_time:11.438s step_avg:2859.53ms
step:5/2750 train_time:13.731s step_avg:2746.25ms
step:6/2750 train_time:16.027s step_avg:2671.18ms
step:7/2750 train_time:18.323s step_avg:2617.60ms
step:8/2750 train_time:20.616s step_avg:2576.97ms
step:9/2750 train_time:22.915s step_avg:2546.10ms
step:10/2750 train_time:25.213s step_avg:2521.30ms
step:11/2750 train_time:27.511s step_avg:2501.03ms
step:12/2750 train_time:29.814s step_avg:2484.49ms
step:13/2750 train_time:32.112s step_avg:2470.17ms
step:14/2750 train_time:34.402s step_avg:2457.30ms
step:15/2750 train_time:36.697s step_avg:2446.47ms
step:16/2750 train_time:38.995s step_avg:2437.16ms
step:17/2750 train_time:41.293s step_avg:2428.99ms
step:18/2750 train_time:43.592s step_avg:2421.78ms
step:19/2750 train_time:45.891s step_avg:2415.31ms
step:20/2750 train_time:48.181s step_avg:2409.07ms
step:21/2750 train_time:50.479s step_avg:2403.74ms
step:22/2750 train_time:52.774s step_avg:2398.83ms
step:23/2750 train_time:55.077s step_avg:2394.64ms
step:24/2750 train_time:57.379s step_avg:2390.79ms
step:25/2750 train_time:59.674s step_avg:2386.94ms
step:26/2750 train_time:61.973s step_avg:2383.57ms
step:27/2750 train_time:64.267s step_avg:2380.26ms
step:28/2750 train_time:66.571s step_avg:2377.52ms
step:29/2750 train_time:68.873s step_avg:2374.92ms
step:30/2750 train_time:71.173s step_avg:2372.43ms
step:31/2750 train_time:73.470s step_avg:2370.00ms
step:32/2750 train_time:75.759s step_avg:2367.46ms
step:33/2750 train_time:78.056s step_avg:2365.34ms
step:34/2750 train_time:80.355s step_avg:2363.37ms
step:35/2750 train_time:82.656s step_avg:2361.59ms
step:36/2750 train_time:84.954s step_avg:2359.82ms
step:37/2750 train_time:87.244s step_avg:2357.95ms
step:38/2750 train_time:89.538s step_avg:2356.27ms
step:39/2750 train_time:91.835s step_avg:2354.75ms
step:40/2750 train_time:94.133s step_avg:2353.33ms
step:41/2750 train_time:96.421s step_avg:2351.74ms
step:42/2750 train_time:98.718s step_avg:2350.43ms
step:43/2750 train_time:101.016s step_avg:2349.20ms
step:44/2750 train_time:103.312s step_avg:2347.99ms
step:45/2750 train_time:105.612s step_avg:2346.93ms
step:46/2750 train_time:107.914s step_avg:2345.95ms
step:47/2750 train_time:110.210s step_avg:2344.88ms
step:48/2750 train_time:112.502s step_avg:2343.80ms
step:49/2750 train_time:114.798s step_avg:2342.82ms
step:50/2750 train_time:117.097s step_avg:2341.94ms
step:51/2750 train_time:119.393s step_avg:2341.05ms
step:52/2750 train_time:121.682s step_avg:2340.04ms
step:53/2750 train_time:123.980s step_avg:2339.24ms
step:54/2750 train_time:126.273s step_avg:2338.40ms
step:55/2750 train_time:128.574s step_avg:2337.71ms
step:56/2750 train_time:130.863s step_avg:2336.84ms
step:57/2750 train_time:133.159s step_avg:2336.12ms
step:58/2750 train_time:135.451s step_avg:2335.37ms
step:59/2750 train_time:137.753s step_avg:2334.79ms
step:60/2750 train_time:140.048s step_avg:2334.14ms
step:61/2750 train_time:142.342s step_avg:2333.48ms
step:62/2750 train_time:144.638s step_avg:2332.87ms
step:63/2750 train_time:146.938s step_avg:2332.34ms
step:64/2750 train_time:149.234s step_avg:2331.77ms
step:65/2750 train_time:151.534s step_avg:2331.29ms
step:66/2750 train_time:153.826s step_avg:2330.70ms
step:67/2750 train_time:156.120s step_avg:2330.15ms
step:68/2750 train_time:158.414s step_avg:2329.61ms
step:69/2750 train_time:160.710s step_avg:2329.14ms
step:70/2750 train_time:163.003s step_avg:2328.61ms
step:71/2750 train_time:165.297s step_avg:2328.12ms
step:72/2750 train_time:167.594s step_avg:2327.69ms
step:73/2750 train_time:169.895s step_avg:2327.33ms
step:74/2750 train_time:172.194s step_avg:2326.94ms
step:75/2750 train_time:174.493s step_avg:2326.57ms
step:76/2750 train_time:176.782s step_avg:2326.08ms
step:77/2750 train_time:179.078s step_avg:2325.68ms
step:78/2750 train_time:181.374s step_avg:2325.31ms
step:79/2750 train_time:183.673s step_avg:2324.97ms
step:80/2750 train_time:185.973s step_avg:2324.66ms
step:81/2750 train_time:188.272s step_avg:2324.34ms
step:82/2750 train_time:190.560s step_avg:2323.91ms
step:83/2750 train_time:192.856s step_avg:2323.56ms
step:84/2750 train_time:195.155s step_avg:2323.28ms
step:85/2750 train_time:197.453s step_avg:2322.97ms
step:86/2750 train_time:199.751s step_avg:2322.69ms
step:87/2750 train_time:202.041s step_avg:2322.31ms
step:88/2750 train_time:204.337s step_avg:2322.01ms
step:89/2750 train_time:206.635s step_avg:2321.74ms
step:90/2750 train_time:208.933s step_avg:2321.48ms
step:91/2750 train_time:211.234s step_avg:2321.25ms
step:92/2750 train_time:213.526s step_avg:2320.93ms
step:93/2750 train_time:215.816s step_avg:2320.60ms
step:94/2750 train_time:218.112s step_avg:2320.34ms
step:95/2750 train_time:220.407s step_avg:2320.07ms
step:96/2750 train_time:222.696s step_avg:2319.75ms
step:97/2750 train_time:224.991s step_avg:2319.49ms
step:98/2750 train_time:227.290s step_avg:2319.29ms
step:99/2750 train_time:229.585s step_avg:2319.04ms
step:100/2750 train_time:231.876s step_avg:2318.76ms
step:101/2750 train_time:234.176s step_avg:2318.57ms
step:102/2750 train_time:236.465s step_avg:2318.28ms
step:103/2750 train_time:238.758s step_avg:2318.04ms
step:104/2750 train_time:241.053s step_avg:2317.82ms
step:105/2750 train_time:243.339s step_avg:2317.52ms
step:106/2750 train_time:245.642s step_avg:2317.38ms
step:107/2750 train_time:247.935s step_avg:2317.15ms
step:108/2750 train_time:250.232s step_avg:2316.97ms
step:109/2750 train_time:252.521s step_avg:2316.70ms
step:110/2750 train_time:254.815s step_avg:2316.50ms
step:111/2750 train_time:257.110s step_avg:2316.31ms
step:112/2750 train_time:259.412s step_avg:2316.18ms
step:113/2750 train_time:261.710s step_avg:2316.02ms
step:114/2750 train_time:264.000s step_avg:2315.79ms
step:115/2750 train_time:266.297s step_avg:2315.62ms
step:116/2750 train_time:268.592s step_avg:2315.45ms
step:117/2750 train_time:270.890s step_avg:2315.30ms
step:118/2750 train_time:273.182s step_avg:2315.10ms
step:119/2750 train_time:275.477s step_avg:2314.93ms
step:120/2750 train_time:277.771s step_avg:2314.76ms
step:121/2750 train_time:280.070s step_avg:2314.63ms
step:122/2750 train_time:282.370s step_avg:2314.50ms
step:123/2750 train_time:284.663s step_avg:2314.33ms
step:124/2750 train_time:286.955s step_avg:2314.15ms
step:125/2750 train_time:289.243s step_avg:2313.94ms
step:125/2750 val_loss:4.45749 train_time:289.243s step_avg:2313.94ms
step:126/2750 train_time:291.541s step_avg:2313.82ms
step:127/2750 train_time:293.835s step_avg:2313.66ms
step:128/2750 train_time:296.123s step_avg:2313.46ms
step:129/2750 train_time:298.415s step_avg:2313.30ms
step:130/2750 train_time:300.711s step_avg:2313.16ms
step:131/2750 train_time:303.001s step_avg:2312.98ms
step:132/2750 train_time:305.295s step_avg:2312.84ms
step:133/2750 train_time:307.584s step_avg:2312.66ms
step:134/2750 train_time:309.878s step_avg:2312.52ms
step:135/2750 train_time:312.165s step_avg:2312.33ms
step:136/2750 train_time:314.459s step_avg:2312.20ms
step:137/2750 train_time:316.751s step_avg:2312.05ms
step:138/2750 train_time:319.047s step_avg:2311.94ms
step:139/2750 train_time:321.339s step_avg:2311.79ms
step:140/2750 train_time:323.632s step_avg:2311.66ms
step:141/2750 train_time:325.924s step_avg:2311.52ms
step:142/2750 train_time:328.214s step_avg:2311.37ms
step:143/2750 train_time:330.503s step_avg:2311.21ms
step:144/2750 train_time:332.797s step_avg:2311.09ms
step:145/2750 train_time:335.088s step_avg:2310.95ms
step:146/2750 train_time:337.381s step_avg:2310.83ms
step:147/2750 train_time:339.666s step_avg:2310.65ms
step:148/2750 train_time:341.960s step_avg:2310.54ms
step:149/2750 train_time:344.250s step_avg:2310.40ms
step:150/2750 train_time:346.542s step_avg:2310.28ms
step:151/2750 train_time:348.834s step_avg:2310.16ms
step:152/2750 train_time:351.122s step_avg:2310.01ms
step:153/2750 train_time:353.414s step_avg:2309.90ms
step:154/2750 train_time:355.703s step_avg:2309.76ms
step:155/2750 train_time:357.994s step_avg:2309.64ms
step:156/2750 train_time:360.293s step_avg:2309.57ms
step:157/2750 train_time:362.586s step_avg:2309.46ms
step:158/2750 train_time:364.873s step_avg:2309.32ms
step:159/2750 train_time:367.163s step_avg:2309.20ms
step:160/2750 train_time:369.451s step_avg:2309.07ms
step:161/2750 train_time:371.740s step_avg:2308.95ms
step:162/2750 train_time:374.034s step_avg:2308.85ms
step:163/2750 train_time:376.321s step_avg:2308.72ms
step:164/2750 train_time:378.614s step_avg:2308.62ms
step:165/2750 train_time:380.904s step_avg:2308.51ms
step:166/2750 train_time:383.197s step_avg:2308.42ms
step:167/2750 train_time:385.492s step_avg:2308.33ms
step:168/2750 train_time:387.786s step_avg:2308.25ms
step:169/2750 train_time:390.073s step_avg:2308.12ms
step:170/2750 train_time:392.368s step_avg:2308.05ms
step:171/2750 train_time:394.658s step_avg:2307.94ms
step:172/2750 train_time:396.951s step_avg:2307.85ms
step:173/2750 train_time:399.237s step_avg:2307.73ms
step:174/2750 train_time:401.523s step_avg:2307.61ms
step:175/2750 train_time:403.816s step_avg:2307.52ms
step:176/2750 train_time:406.102s step_avg:2307.40ms
step:177/2750 train_time:408.393s step_avg:2307.30ms
step:178/2750 train_time:410.687s step_avg:2307.23ms
step:179/2750 train_time:412.980s step_avg:2307.15ms
step:180/2750 train_time:415.266s step_avg:2307.03ms
step:181/2750 train_time:417.555s step_avg:2306.93ms
step:182/2750 train_time:419.846s step_avg:2306.85ms
step:183/2750 train_time:422.136s step_avg:2306.75ms
step:184/2750 train_time:424.431s step_avg:2306.69ms
step:185/2750 train_time:426.719s step_avg:2306.59ms
step:186/2750 train_time:429.013s step_avg:2306.52ms
step:187/2750 train_time:431.296s step_avg:2306.40ms
step:188/2750 train_time:433.582s step_avg:2306.29ms
step:189/2750 train_time:435.874s step_avg:2306.21ms
step:190/2750 train_time:438.160s step_avg:2306.10ms
step:191/2750 train_time:440.479s step_avg:2306.18ms
step:192/2750 train_time:442.771s step_avg:2306.10ms
step:193/2750 train_time:445.059s step_avg:2306.00ms
step:194/2750 train_time:447.353s step_avg:2305.94ms
step:195/2750 train_time:449.639s step_avg:2305.84ms
step:196/2750 train_time:451.923s step_avg:2305.73ms
step:197/2750 train_time:454.213s step_avg:2305.65ms
step:198/2750 train_time:456.499s step_avg:2305.55ms
step:199/2750 train_time:458.784s step_avg:2305.45ms
step:200/2750 train_time:461.076s step_avg:2305.38ms
step:201/2750 train_time:463.360s step_avg:2305.27ms
step:202/2750 train_time:465.645s step_avg:2305.18ms
step:203/2750 train_time:467.936s step_avg:2305.10ms
step:204/2750 train_time:470.225s step_avg:2305.02ms
step:205/2750 train_time:472.516s step_avg:2304.96ms
step:206/2750 train_time:474.806s step_avg:2304.88ms
step:207/2750 train_time:477.096s step_avg:2304.81ms
step:208/2750 train_time:479.381s step_avg:2304.72ms
step:209/2750 train_time:481.672s step_avg:2304.65ms
step:210/2750 train_time:483.967s step_avg:2304.60ms
step:211/2750 train_time:486.248s step_avg:2304.49ms
step:212/2750 train_time:488.536s step_avg:2304.42ms
step:213/2750 train_time:490.823s step_avg:2304.33ms
step:214/2750 train_time:493.105s step_avg:2304.23ms
step:215/2750 train_time:495.395s step_avg:2304.16ms
step:216/2750 train_time:497.686s step_avg:2304.10ms
step:217/2750 train_time:499.973s step_avg:2304.02ms
step:218/2750 train_time:502.258s step_avg:2303.94ms
step:219/2750 train_time:504.548s step_avg:2303.87ms
step:220/2750 train_time:506.834s step_avg:2303.79ms
step:221/2750 train_time:509.119s step_avg:2303.71ms
step:222/2750 train_time:511.408s step_avg:2303.64ms
step:223/2750 train_time:513.696s step_avg:2303.57ms
step:224/2750 train_time:515.982s step_avg:2303.49ms
step:225/2750 train_time:518.267s step_avg:2303.41ms
step:226/2750 train_time:520.549s step_avg:2303.31ms
step:227/2750 train_time:522.838s step_avg:2303.25ms
step:228/2750 train_time:525.125s step_avg:2303.18ms
step:229/2750 train_time:527.410s step_avg:2303.10ms
step:230/2750 train_time:529.694s step_avg:2303.02ms
step:231/2750 train_time:531.981s step_avg:2302.95ms
step:232/2750 train_time:534.263s step_avg:2302.86ms
step:233/2750 train_time:536.549s step_avg:2302.79ms
step:234/2750 train_time:538.837s step_avg:2302.72ms
step:235/2750 train_time:541.117s step_avg:2302.63ms
step:236/2750 train_time:543.407s step_avg:2302.57ms
step:237/2750 train_time:545.695s step_avg:2302.51ms
step:238/2750 train_time:547.982s step_avg:2302.44ms
step:239/2750 train_time:550.268s step_avg:2302.38ms
step:240/2750 train_time:552.558s step_avg:2302.33ms
step:241/2750 train_time:554.838s step_avg:2302.23ms
step:242/2750 train_time:557.126s step_avg:2302.17ms
step:243/2750 train_time:559.419s step_avg:2302.13ms
step:244/2750 train_time:561.700s step_avg:2302.05ms
step:245/2750 train_time:563.988s step_avg:2301.99ms
step:246/2750 train_time:566.275s step_avg:2301.93ms
step:247/2750 train_time:568.561s step_avg:2301.87ms
step:248/2750 train_time:570.853s step_avg:2301.83ms
step:249/2750 train_time:573.153s step_avg:2301.82ms
step:250/2750 train_time:575.440s step_avg:2301.76ms
step:250/2750 val_loss:4.08340 train_time:575.441s step_avg:2289.58ms
step:251/2750 train_time:577.737s step_avg:2301.74ms
step:252/2750 train_time:580.024s step_avg:2301.68ms
step:253/2750 train_time:582.305s step_avg:2301.60ms
step:254/2750 train_time:584.598s step_avg:2301.57ms
step:255/2750 train_time:586.887s step_avg:2301.52ms
step:256/2750 train_time:589.169s step_avg:2301.44ms
step:257/2750 train_time:591.457s step_avg:2301.39ms
step:258/2750 train_time:593.745s step_avg:2301.34ms
step:259/2750 train_time:596.024s step_avg:2301.25ms
step:260/2750 train_time:598.313s step_avg:2301.20ms
step:261/2750 train_time:600.606s step_avg:2301.17ms
step:262/2750 train_time:602.887s step_avg:2301.09ms
step:263/2750 train_time:605.175s step_avg:2301.04ms
step:264/2750 train_time:607.465s step_avg:2301.00ms
step:265/2750 train_time:609.748s step_avg:2300.93ms
step:266/2750 train_time:612.032s step_avg:2300.87ms
step:267/2750 train_time:614.323s step_avg:2300.83ms
step:268/2750 train_time:616.603s step_avg:2300.76ms
step:269/2750 train_time:618.892s step_avg:2300.71ms
step:270/2750 train_time:621.177s step_avg:2300.65ms
step:271/2750 train_time:623.465s step_avg:2300.61ms
step:272/2750 train_time:625.755s step_avg:2300.57ms
step:273/2750 train_time:628.043s step_avg:2300.52ms
step:274/2750 train_time:630.325s step_avg:2300.46ms
step:275/2750 train_time:632.612s step_avg:2300.41ms
step:276/2750 train_time:634.896s step_avg:2300.35ms
step:277/2750 train_time:637.182s step_avg:2300.30ms
step:278/2750 train_time:639.472s step_avg:2300.26ms
step:279/2750 train_time:641.760s step_avg:2300.21ms
step:280/2750 train_time:644.045s step_avg:2300.16ms
step:281/2750 train_time:646.333s step_avg:2300.12ms
step:282/2750 train_time:648.620s step_avg:2300.07ms
step:283/2750 train_time:650.900s step_avg:2300.00ms
step:284/2750 train_time:653.189s step_avg:2299.96ms
step:285/2750 train_time:655.468s step_avg:2299.89ms
step:286/2750 train_time:657.749s step_avg:2299.82ms
step:287/2750 train_time:660.035s step_avg:2299.77ms
step:288/2750 train_time:662.318s step_avg:2299.72ms
step:289/2750 train_time:664.603s step_avg:2299.66ms
step:290/2750 train_time:666.883s step_avg:2299.60ms
step:291/2750 train_time:669.168s step_avg:2299.55ms
step:292/2750 train_time:671.453s step_avg:2299.50ms
step:293/2750 train_time:673.734s step_avg:2299.43ms
step:294/2750 train_time:676.022s step_avg:2299.40ms
step:295/2750 train_time:678.313s step_avg:2299.37ms
step:296/2750 train_time:680.595s step_avg:2299.31ms
step:297/2750 train_time:682.884s step_avg:2299.27ms
step:298/2750 train_time:685.168s step_avg:2299.22ms
step:299/2750 train_time:687.449s step_avg:2299.16ms
step:300/2750 train_time:689.734s step_avg:2299.11ms
step:301/2750 train_time:692.022s step_avg:2299.08ms
step:302/2750 train_time:694.301s step_avg:2299.01ms
step:303/2750 train_time:696.592s step_avg:2298.98ms
step:304/2750 train_time:698.882s step_avg:2298.95ms
step:305/2750 train_time:701.163s step_avg:2298.89ms
step:306/2750 train_time:703.457s step_avg:2298.88ms
step:307/2750 train_time:705.745s step_avg:2298.84ms
step:308/2750 train_time:708.029s step_avg:2298.79ms
step:309/2750 train_time:710.317s step_avg:2298.76ms
step:310/2750 train_time:712.606s step_avg:2298.73ms
step:311/2750 train_time:714.886s step_avg:2298.67ms
step:312/2750 train_time:717.174s step_avg:2298.63ms
step:313/2750 train_time:719.464s step_avg:2298.61ms
step:314/2750 train_time:721.746s step_avg:2298.55ms
step:315/2750 train_time:724.031s step_avg:2298.51ms
step:316/2750 train_time:726.313s step_avg:2298.46ms
step:317/2750 train_time:728.598s step_avg:2298.42ms
step:318/2750 train_time:730.885s step_avg:2298.38ms
step:319/2750 train_time:733.167s step_avg:2298.33ms
step:320/2750 train_time:735.451s step_avg:2298.28ms
step:321/2750 train_time:737.738s step_avg:2298.25ms
step:322/2750 train_time:740.026s step_avg:2298.22ms
step:323/2750 train_time:742.308s step_avg:2298.17ms
step:324/2750 train_time:744.594s step_avg:2298.13ms
step:325/2750 train_time:746.882s step_avg:2298.10ms
step:326/2750 train_time:749.166s step_avg:2298.06ms
step:327/2750 train_time:751.454s step_avg:2298.02ms
step:328/2750 train_time:753.741s step_avg:2297.99ms
step:329/2750 train_time:756.027s step_avg:2297.95ms
step:330/2750 train_time:758.314s step_avg:2297.92ms
step:331/2750 train_time:760.600s step_avg:2297.88ms
step:332/2750 train_time:762.883s step_avg:2297.84ms
step:333/2750 train_time:765.168s step_avg:2297.80ms
step:334/2750 train_time:767.454s step_avg:2297.77ms
step:335/2750 train_time:769.740s step_avg:2297.73ms
step:336/2750 train_time:772.024s step_avg:2297.69ms
step:337/2750 train_time:774.306s step_avg:2297.64ms
step:338/2750 train_time:776.591s step_avg:2297.61ms
step:339/2750 train_time:778.871s step_avg:2297.56ms
step:340/2750 train_time:781.156s step_avg:2297.52ms
step:341/2750 train_time:783.446s step_avg:2297.50ms
step:342/2750 train_time:785.728s step_avg:2297.45ms
step:343/2750 train_time:788.015s step_avg:2297.42ms
step:344/2750 train_time:790.304s step_avg:2297.40ms
step:345/2750 train_time:792.585s step_avg:2297.35ms
step:346/2750 train_time:794.872s step_avg:2297.32ms
step:347/2750 train_time:797.161s step_avg:2297.29ms
step:348/2750 train_time:799.449s step_avg:2297.27ms
step:349/2750 train_time:801.735s step_avg:2297.24ms
step:350/2750 train_time:804.022s step_avg:2297.21ms
step:351/2750 train_time:806.304s step_avg:2297.16ms
step:352/2750 train_time:808.593s step_avg:2297.14ms
step:353/2750 train_time:810.884s step_avg:2297.12ms
step:354/2750 train_time:813.168s step_avg:2297.08ms
step:355/2750 train_time:815.454s step_avg:2297.05ms
step:356/2750 train_time:817.747s step_avg:2297.04ms
step:357/2750 train_time:820.028s step_avg:2297.00ms
step:358/2750 train_time:822.314s step_avg:2296.97ms
step:359/2750 train_time:824.601s step_avg:2296.94ms
step:360/2750 train_time:826.884s step_avg:2296.90ms
step:361/2750 train_time:829.172s step_avg:2296.88ms
step:362/2750 train_time:831.462s step_avg:2296.86ms
step:363/2750 train_time:833.738s step_avg:2296.80ms
step:364/2750 train_time:836.025s step_avg:2296.77ms
step:365/2750 train_time:838.308s step_avg:2296.73ms
step:366/2750 train_time:840.591s step_avg:2296.70ms
step:367/2750 train_time:842.878s step_avg:2296.67ms
step:368/2750 train_time:845.165s step_avg:2296.64ms
step:369/2750 train_time:847.448s step_avg:2296.61ms
step:370/2750 train_time:849.736s step_avg:2296.58ms
step:371/2750 train_time:852.024s step_avg:2296.56ms
step:372/2750 train_time:854.307s step_avg:2296.53ms
step:373/2750 train_time:856.592s step_avg:2296.49ms
step:374/2750 train_time:858.882s step_avg:2296.48ms
step:375/2750 train_time:861.166s step_avg:2296.44ms
step:375/2750 val_loss:3.93503 train_time:861.166s step_avg:2285.81ms
step:376/2750 train_time:863.458s step_avg:2296.43ms
step:377/2750 train_time:865.748s step_avg:2296.41ms
step:378/2750 train_time:868.038s step_avg:2296.40ms
step:379/2750 train_time:870.321s step_avg:2296.36ms
step:380/2750 train_time:872.607s step_avg:2296.33ms
step:381/2750 train_time:874.912s step_avg:2296.36ms
step:382/2750 train_time:877.197s step_avg:2296.33ms
step:383/2750 train_time:879.484s step_avg:2296.30ms
step:384/2750 train_time:881.771s step_avg:2296.28ms
step:385/2750 train_time:884.055s step_avg:2296.25ms
step:386/2750 train_time:886.339s step_avg:2296.22ms
step:387/2750 train_time:888.625s step_avg:2296.19ms
step:388/2750 train_time:890.908s step_avg:2296.16ms
step:389/2750 train_time:893.192s step_avg:2296.12ms
step:390/2750 train_time:895.480s step_avg:2296.10ms
step:391/2750 train_time:897.765s step_avg:2296.07ms
step:392/2750 train_time:900.051s step_avg:2296.05ms
step:393/2750 train_time:902.340s step_avg:2296.03ms
step:394/2750 train_time:904.619s step_avg:2295.99ms
step:395/2750 train_time:906.903s step_avg:2295.96ms
step:396/2750 train_time:909.187s step_avg:2295.93ms
step:397/2750 train_time:911.466s step_avg:2295.88ms
step:398/2750 train_time:913.756s step_avg:2295.87ms
step:399/2750 train_time:916.038s step_avg:2295.83ms
step:400/2750 train_time:918.324s step_avg:2295.81ms
step:401/2750 train_time:920.613s step_avg:2295.79ms
step:402/2750 train_time:922.900s step_avg:2295.77ms
step:403/2750 train_time:925.183s step_avg:2295.74ms
step:404/2750 train_time:927.471s step_avg:2295.72ms
step:405/2750 train_time:929.757s step_avg:2295.70ms
step:406/2750 train_time:932.038s step_avg:2295.66ms
step:407/2750 train_time:934.326s step_avg:2295.64ms
step:408/2750 train_time:936.616s step_avg:2295.63ms
step:409/2750 train_time:938.900s step_avg:2295.60ms
step:410/2750 train_time:941.189s step_avg:2295.58ms
step:411/2750 train_time:943.471s step_avg:2295.55ms
step:412/2750 train_time:945.755s step_avg:2295.52ms
step:413/2750 train_time:948.037s step_avg:2295.49ms
step:414/2750 train_time:950.322s step_avg:2295.46ms
step:415/2750 train_time:952.602s step_avg:2295.43ms
step:416/2750 train_time:954.880s step_avg:2295.38ms
step:417/2750 train_time:957.167s step_avg:2295.36ms
step:418/2750 train_time:959.454s step_avg:2295.34ms
step:419/2750 train_time:961.734s step_avg:2295.31ms
step:420/2750 train_time:964.022s step_avg:2295.29ms
step:421/2750 train_time:966.306s step_avg:2295.26ms
step:422/2750 train_time:968.588s step_avg:2295.23ms
step:423/2750 train_time:970.878s step_avg:2295.22ms
step:424/2750 train_time:973.163s step_avg:2295.20ms
step:425/2750 train_time:975.450s step_avg:2295.18ms
step:426/2750 train_time:977.739s step_avg:2295.16ms
step:427/2750 train_time:980.019s step_avg:2295.13ms
step:428/2750 train_time:982.302s step_avg:2295.10ms
step:429/2750 train_time:984.587s step_avg:2295.08ms
step:430/2750 train_time:986.871s step_avg:2295.05ms
step:431/2750 train_time:989.155s step_avg:2295.02ms
step:432/2750 train_time:991.440s step_avg:2295.00ms
step:433/2750 train_time:993.724s step_avg:2294.97ms
step:434/2750 train_time:996.007s step_avg:2294.95ms
step:435/2750 train_time:998.289s step_avg:2294.92ms
step:436/2750 train_time:1000.578s step_avg:2294.90ms
step:437/2750 train_time:1002.865s step_avg:2294.89ms
step:438/2750 train_time:1005.147s step_avg:2294.86ms
step:439/2750 train_time:1007.431s step_avg:2294.83ms
step:440/2750 train_time:1009.720s step_avg:2294.82ms
step:441/2750 train_time:1012.000s step_avg:2294.78ms
step:442/2750 train_time:1014.286s step_avg:2294.76ms
step:443/2750 train_time:1016.574s step_avg:2294.75ms
step:444/2750 train_time:1018.855s step_avg:2294.72ms
step:445/2750 train_time:1021.142s step_avg:2294.70ms
step:446/2750 train_time:1023.429s step_avg:2294.68ms
step:447/2750 train_time:1025.718s step_avg:2294.67ms
step:448/2750 train_time:1028.007s step_avg:2294.66ms
step:449/2750 train_time:1030.294s step_avg:2294.64ms
step:450/2750 train_time:1032.572s step_avg:2294.60ms
step:451/2750 train_time:1034.861s step_avg:2294.59ms
step:452/2750 train_time:1037.141s step_avg:2294.56ms
step:453/2750 train_time:1039.424s step_avg:2294.54ms
step:454/2750 train_time:1041.712s step_avg:2294.52ms
step:455/2750 train_time:1043.996s step_avg:2294.50ms
step:456/2750 train_time:1046.277s step_avg:2294.47ms
step:457/2750 train_time:1048.561s step_avg:2294.44ms
step:458/2750 train_time:1050.848s step_avg:2294.43ms
step:459/2750 train_time:1053.135s step_avg:2294.41ms
step:460/2750 train_time:1055.419s step_avg:2294.39ms
step:461/2750 train_time:1057.705s step_avg:2294.37ms
step:462/2750 train_time:1059.990s step_avg:2294.35ms
step:463/2750 train_time:1062.272s step_avg:2294.32ms
step:464/2750 train_time:1064.558s step_avg:2294.31ms
step:465/2750 train_time:1066.847s step_avg:2294.30ms
step:466/2750 train_time:1069.131s step_avg:2294.27ms
step:467/2750 train_time:1071.420s step_avg:2294.26ms
step:468/2750 train_time:1073.706s step_avg:2294.24ms
step:469/2750 train_time:1075.987s step_avg:2294.21ms
step:470/2750 train_time:1078.268s step_avg:2294.19ms
step:471/2750 train_time:1080.555s step_avg:2294.17ms
step:472/2750 train_time:1082.837s step_avg:2294.15ms
step:473/2750 train_time:1085.123s step_avg:2294.13ms
step:474/2750 train_time:1087.407s step_avg:2294.11ms
step:475/2750 train_time:1089.693s step_avg:2294.09ms
step:476/2750 train_time:1091.980s step_avg:2294.08ms
step:477/2750 train_time:1094.267s step_avg:2294.06ms
step:478/2750 train_time:1096.552s step_avg:2294.04ms
step:479/2750 train_time:1098.840s step_avg:2294.03ms
step:480/2750 train_time:1101.121s step_avg:2294.00ms
step:481/2750 train_time:1103.406s step_avg:2293.98ms
step:482/2750 train_time:1105.690s step_avg:2293.96ms
step:483/2750 train_time:1107.972s step_avg:2293.94ms
step:484/2750 train_time:1110.257s step_avg:2293.92ms
step:485/2750 train_time:1112.542s step_avg:2293.90ms
step:486/2750 train_time:1114.828s step_avg:2293.89ms
step:487/2750 train_time:1117.111s step_avg:2293.86ms
step:488/2750 train_time:1119.403s step_avg:2293.86ms
step:489/2750 train_time:1121.688s step_avg:2293.84ms
step:490/2750 train_time:1123.974s step_avg:2293.82ms
step:491/2750 train_time:1126.262s step_avg:2293.81ms
step:492/2750 train_time:1128.553s step_avg:2293.81ms
step:493/2750 train_time:1130.838s step_avg:2293.79ms
step:494/2750 train_time:1133.124s step_avg:2293.77ms
step:495/2750 train_time:1135.405s step_avg:2293.75ms
step:496/2750 train_time:1137.693s step_avg:2293.74ms
step:497/2750 train_time:1139.980s step_avg:2293.72ms
step:498/2750 train_time:1142.267s step_avg:2293.71ms
step:499/2750 train_time:1144.551s step_avg:2293.69ms
step:500/2750 train_time:1146.836s step_avg:2293.67ms
step:500/2750 val_loss:3.80920 train_time:1146.837s step_avg:2285.36ms
step:501/2750 train_time:1149.129s step_avg:2293.67ms
step:502/2750 train_time:1151.419s step_avg:2293.66ms
step:503/2750 train_time:1153.697s step_avg:2293.63ms
step:504/2750 train_time:1155.984s step_avg:2293.62ms
step:505/2750 train_time:1158.266s step_avg:2293.60ms
step:506/2750 train_time:1160.546s step_avg:2293.57ms
step:507/2750 train_time:1162.830s step_avg:2293.55ms
step:508/2750 train_time:1165.114s step_avg:2293.53ms
step:509/2750 train_time:1167.397s step_avg:2293.51ms
step:510/2750 train_time:1169.686s step_avg:2293.50ms
step:511/2750 train_time:1171.973s step_avg:2293.49ms
step:512/2750 train_time:1174.255s step_avg:2293.47ms
step:513/2750 train_time:1176.544s step_avg:2293.46ms
step:514/2750 train_time:1178.827s step_avg:2293.44ms
step:515/2750 train_time:1181.111s step_avg:2293.42ms
step:516/2750 train_time:1183.390s step_avg:2293.39ms
step:517/2750 train_time:1185.673s step_avg:2293.37ms
step:518/2750 train_time:1187.961s step_avg:2293.36ms
step:519/2750 train_time:1190.240s step_avg:2293.33ms
step:520/2750 train_time:1192.529s step_avg:2293.33ms
step:521/2750 train_time:1194.810s step_avg:2293.30ms
step:522/2750 train_time:1197.093s step_avg:2293.28ms
step:523/2750 train_time:1199.380s step_avg:2293.27ms
step:524/2750 train_time:1201.663s step_avg:2293.25ms
step:525/2750 train_time:1203.947s step_avg:2293.23ms
step:526/2750 train_time:1206.231s step_avg:2293.22ms
step:527/2750 train_time:1208.516s step_avg:2293.20ms
step:528/2750 train_time:1210.801s step_avg:2293.18ms
step:529/2750 train_time:1213.082s step_avg:2293.16ms
step:530/2750 train_time:1215.364s step_avg:2293.14ms
step:531/2750 train_time:1217.650s step_avg:2293.13ms
step:532/2750 train_time:1219.931s step_avg:2293.10ms
step:533/2750 train_time:1222.216s step_avg:2293.09ms
step:534/2750 train_time:1224.504s step_avg:2293.08ms
step:535/2750 train_time:1226.784s step_avg:2293.05ms
step:536/2750 train_time:1229.074s step_avg:2293.05ms
step:537/2750 train_time:1231.361s step_avg:2293.04ms
step:538/2750 train_time:1233.643s step_avg:2293.02ms
step:539/2750 train_time:1235.933s step_avg:2293.01ms
step:540/2750 train_time:1238.223s step_avg:2293.01ms
step:541/2750 train_time:1240.502s step_avg:2292.98ms
step:542/2750 train_time:1242.791s step_avg:2292.97ms
step:543/2750 train_time:1245.074s step_avg:2292.95ms
step:544/2750 train_time:1247.362s step_avg:2292.94ms
step:545/2750 train_time:1249.648s step_avg:2292.93ms
step:546/2750 train_time:1251.931s step_avg:2292.91ms
step:547/2750 train_time:1254.214s step_avg:2292.90ms
step:548/2750 train_time:1256.502s step_avg:2292.89ms
step:549/2750 train_time:1258.787s step_avg:2292.87ms
step:550/2750 train_time:1261.070s step_avg:2292.86ms
step:551/2750 train_time:1263.357s step_avg:2292.84ms
step:552/2750 train_time:1265.639s step_avg:2292.82ms
step:553/2750 train_time:1267.926s step_avg:2292.81ms
step:554/2750 train_time:1270.213s step_avg:2292.80ms
step:555/2750 train_time:1272.495s step_avg:2292.78ms
step:556/2750 train_time:1274.778s step_avg:2292.77ms
step:557/2750 train_time:1277.060s step_avg:2292.75ms
step:558/2750 train_time:1279.341s step_avg:2292.73ms
step:559/2750 train_time:1281.629s step_avg:2292.72ms
step:560/2750 train_time:1283.906s step_avg:2292.69ms
step:561/2750 train_time:1286.188s step_avg:2292.67ms
step:562/2750 train_time:1288.471s step_avg:2292.65ms
step:563/2750 train_time:1290.756s step_avg:2292.64ms
step:564/2750 train_time:1293.047s step_avg:2292.64ms
step:565/2750 train_time:1295.329s step_avg:2292.62ms
step:566/2750 train_time:1297.614s step_avg:2292.60ms
step:567/2750 train_time:1299.901s step_avg:2292.59ms
step:568/2750 train_time:1302.186s step_avg:2292.58ms
step:569/2750 train_time:1304.468s step_avg:2292.56ms
step:570/2750 train_time:1306.754s step_avg:2292.55ms
step:571/2750 train_time:1309.059s step_avg:2292.57ms
step:572/2750 train_time:1311.339s step_avg:2292.55ms
step:573/2750 train_time:1313.627s step_avg:2292.54ms
step:574/2750 train_time:1315.910s step_avg:2292.53ms
step:575/2750 train_time:1318.198s step_avg:2292.52ms
step:576/2750 train_time:1320.485s step_avg:2292.51ms
step:577/2750 train_time:1322.766s step_avg:2292.49ms
step:578/2750 train_time:1325.046s step_avg:2292.47ms
step:579/2750 train_time:1327.331s step_avg:2292.45ms
step:580/2750 train_time:1329.613s step_avg:2292.44ms
step:581/2750 train_time:1331.898s step_avg:2292.42ms
step:582/2750 train_time:1334.184s step_avg:2292.41ms
step:583/2750 train_time:1336.467s step_avg:2292.40ms
step:584/2750 train_time:1338.751s step_avg:2292.38ms
step:585/2750 train_time:1341.030s step_avg:2292.36ms
step:586/2750 train_time:1343.314s step_avg:2292.35ms
step:587/2750 train_time:1345.603s step_avg:2292.34ms
step:588/2750 train_time:1347.884s step_avg:2292.32ms
step:589/2750 train_time:1350.172s step_avg:2292.31ms
step:590/2750 train_time:1352.458s step_avg:2292.30ms
step:591/2750 train_time:1354.736s step_avg:2292.28ms
step:592/2750 train_time:1357.021s step_avg:2292.26ms
step:593/2750 train_time:1359.303s step_avg:2292.25ms
step:594/2750 train_time:1361.586s step_avg:2292.23ms
step:595/2750 train_time:1363.867s step_avg:2292.21ms
step:596/2750 train_time:1366.150s step_avg:2292.20ms
step:597/2750 train_time:1368.433s step_avg:2292.18ms
step:598/2750 train_time:1370.716s step_avg:2292.17ms
step:599/2750 train_time:1373.001s step_avg:2292.16ms
step:600/2750 train_time:1375.287s step_avg:2292.15ms
step:601/2750 train_time:1377.571s step_avg:2292.13ms
step:602/2750 train_time:1379.856s step_avg:2292.12ms
step:603/2750 train_time:1382.145s step_avg:2292.11ms
step:604/2750 train_time:1384.427s step_avg:2292.10ms
step:605/2750 train_time:1386.715s step_avg:2292.09ms
step:606/2750 train_time:1389.007s step_avg:2292.09ms
step:607/2750 train_time:1391.288s step_avg:2292.07ms
step:608/2750 train_time:1393.572s step_avg:2292.06ms
step:609/2750 train_time:1395.855s step_avg:2292.04ms
step:610/2750 train_time:1398.140s step_avg:2292.03ms
step:611/2750 train_time:1400.426s step_avg:2292.02ms
step:612/2750 train_time:1402.708s step_avg:2292.01ms
step:613/2750 train_time:1404.988s step_avg:2291.99ms
step:614/2750 train_time:1407.272s step_avg:2291.97ms
step:615/2750 train_time:1409.558s step_avg:2291.96ms
step:616/2750 train_time:1411.841s step_avg:2291.95ms
step:617/2750 train_time:1414.127s step_avg:2291.94ms
step:618/2750 train_time:1416.410s step_avg:2291.93ms
step:619/2750 train_time:1418.696s step_avg:2291.92ms
step:620/2750 train_time:1420.979s step_avg:2291.90ms
step:621/2750 train_time:1423.264s step_avg:2291.89ms
step:622/2750 train_time:1425.551s step_avg:2291.88ms
step:623/2750 train_time:1427.834s step_avg:2291.87ms
step:624/2750 train_time:1430.118s step_avg:2291.86ms
step:625/2750 train_time:1432.407s step_avg:2291.85ms
step:625/2750 val_loss:3.72950 train_time:1432.407s step_avg:2284.57ms
step:626/2750 train_time:1434.696s step_avg:2291.85ms
step:627/2750 train_time:1436.985s step_avg:2291.84ms
step:628/2750 train_time:1439.269s step_avg:2291.83ms
step:629/2750 train_time:1441.553s step_avg:2291.82ms
step:630/2750 train_time:1443.840s step_avg:2291.81ms
step:631/2750 train_time:1446.125s step_avg:2291.80ms
step:632/2750 train_time:1448.408s step_avg:2291.79ms
step:633/2750 train_time:1450.693s step_avg:2291.77ms
step:634/2750 train_time:1452.976s step_avg:2291.76ms
step:635/2750 train_time:1455.260s step_avg:2291.75ms
step:636/2750 train_time:1457.542s step_avg:2291.73ms
step:637/2750 train_time:1459.825s step_avg:2291.72ms
step:638/2750 train_time:1462.113s step_avg:2291.71ms
step:639/2750 train_time:1464.392s step_avg:2291.69ms
step:640/2750 train_time:1466.677s step_avg:2291.68ms
step:641/2750 train_time:1468.963s step_avg:2291.67ms
step:642/2750 train_time:1471.246s step_avg:2291.66ms
step:643/2750 train_time:1473.532s step_avg:2291.65ms
step:644/2750 train_time:1475.816s step_avg:2291.64ms
step:645/2750 train_time:1478.098s step_avg:2291.63ms
step:646/2750 train_time:1480.385s step_avg:2291.62ms
step:647/2750 train_time:1482.669s step_avg:2291.61ms
step:648/2750 train_time:1484.950s step_avg:2291.59ms
step:649/2750 train_time:1487.236s step_avg:2291.58ms
step:650/2750 train_time:1489.524s step_avg:2291.57ms
step:651/2750 train_time:1491.809s step_avg:2291.57ms
step:652/2750 train_time:1494.097s step_avg:2291.56ms
step:653/2750 train_time:1496.379s step_avg:2291.55ms
step:654/2750 train_time:1498.661s step_avg:2291.53ms
step:655/2750 train_time:1500.944s step_avg:2291.52ms
step:656/2750 train_time:1503.229s step_avg:2291.51ms
step:657/2750 train_time:1505.516s step_avg:2291.50ms
step:658/2750 train_time:1507.799s step_avg:2291.49ms
step:659/2750 train_time:1510.084s step_avg:2291.48ms
step:660/2750 train_time:1512.372s step_avg:2291.47ms
step:661/2750 train_time:1514.651s step_avg:2291.45ms
step:662/2750 train_time:1516.938s step_avg:2291.45ms
step:663/2750 train_time:1519.226s step_avg:2291.44ms
step:664/2750 train_time:1521.508s step_avg:2291.43ms
step:665/2750 train_time:1523.799s step_avg:2291.43ms
step:666/2750 train_time:1526.088s step_avg:2291.42ms
step:667/2750 train_time:1528.367s step_avg:2291.41ms
step:668/2750 train_time:1530.658s step_avg:2291.40ms
step:669/2750 train_time:1532.949s step_avg:2291.40ms
step:670/2750 train_time:1535.235s step_avg:2291.40ms
step:671/2750 train_time:1537.521s step_avg:2291.39ms
step:672/2750 train_time:1539.812s step_avg:2291.39ms
step:673/2750 train_time:1542.092s step_avg:2291.37ms
step:674/2750 train_time:1544.383s step_avg:2291.37ms
step:675/2750 train_time:1546.672s step_avg:2291.37ms
step:676/2750 train_time:1548.955s step_avg:2291.35ms
step:677/2750 train_time:1551.239s step_avg:2291.34ms
step:678/2750 train_time:1553.530s step_avg:2291.34ms
step:679/2750 train_time:1555.815s step_avg:2291.33ms
step:680/2750 train_time:1558.102s step_avg:2291.33ms
step:681/2750 train_time:1560.392s step_avg:2291.32ms
step:682/2750 train_time:1562.673s step_avg:2291.31ms
step:683/2750 train_time:1564.955s step_avg:2291.30ms
step:684/2750 train_time:1567.237s step_avg:2291.28ms
step:685/2750 train_time:1569.519s step_avg:2291.27ms
step:686/2750 train_time:1571.808s step_avg:2291.27ms
step:687/2750 train_time:1574.091s step_avg:2291.25ms
step:688/2750 train_time:1576.371s step_avg:2291.24ms
step:689/2750 train_time:1578.657s step_avg:2291.23ms
step:690/2750 train_time:1580.940s step_avg:2291.22ms
step:691/2750 train_time:1583.225s step_avg:2291.21ms
step:692/2750 train_time:1585.512s step_avg:2291.20ms
step:693/2750 train_time:1587.798s step_avg:2291.19ms
step:694/2750 train_time:1590.078s step_avg:2291.18ms
step:695/2750 train_time:1592.355s step_avg:2291.16ms
step:696/2750 train_time:1594.640s step_avg:2291.15ms
step:697/2750 train_time:1596.928s step_avg:2291.14ms
step:698/2750 train_time:1599.207s step_avg:2291.13ms
step:699/2750 train_time:1601.493s step_avg:2291.12ms
step:700/2750 train_time:1603.778s step_avg:2291.11ms
step:701/2750 train_time:1606.061s step_avg:2291.10ms
step:702/2750 train_time:1608.345s step_avg:2291.09ms
step:703/2750 train_time:1610.630s step_avg:2291.08ms
step:704/2750 train_time:1612.913s step_avg:2291.07ms
step:705/2750 train_time:1615.199s step_avg:2291.06ms
step:706/2750 train_time:1617.483s step_avg:2291.05ms
step:707/2750 train_time:1619.768s step_avg:2291.04ms
step:708/2750 train_time:1622.049s step_avg:2291.03ms
step:709/2750 train_time:1624.335s step_avg:2291.02ms
step:710/2750 train_time:1626.620s step_avg:2291.01ms
step:711/2750 train_time:1628.901s step_avg:2291.00ms
step:712/2750 train_time:1631.189s step_avg:2291.00ms
step:713/2750 train_time:1633.481s step_avg:2291.00ms
step:714/2750 train_time:1635.768s step_avg:2290.99ms
step:715/2750 train_time:1638.052s step_avg:2290.98ms
step:716/2750 train_time:1640.343s step_avg:2290.98ms
step:717/2750 train_time:1642.627s step_avg:2290.97ms
step:718/2750 train_time:1644.911s step_avg:2290.96ms
step:719/2750 train_time:1647.198s step_avg:2290.96ms
step:720/2750 train_time:1649.478s step_avg:2290.94ms
step:721/2750 train_time:1651.759s step_avg:2290.93ms
step:722/2750 train_time:1654.047s step_avg:2290.92ms
step:723/2750 train_time:1656.328s step_avg:2290.91ms
step:724/2750 train_time:1658.613s step_avg:2290.90ms
step:725/2750 train_time:1660.901s step_avg:2290.90ms
step:726/2750 train_time:1663.188s step_avg:2290.89ms
step:727/2750 train_time:1665.474s step_avg:2290.89ms
step:728/2750 train_time:1667.756s step_avg:2290.87ms
step:729/2750 train_time:1670.043s step_avg:2290.87ms
step:730/2750 train_time:1672.331s step_avg:2290.86ms
step:731/2750 train_time:1674.612s step_avg:2290.85ms
step:732/2750 train_time:1676.894s step_avg:2290.84ms
step:733/2750 train_time:1679.180s step_avg:2290.83ms
step:734/2750 train_time:1681.461s step_avg:2290.82ms
step:735/2750 train_time:1683.744s step_avg:2290.81ms
step:736/2750 train_time:1686.026s step_avg:2290.80ms
step:737/2750 train_time:1688.310s step_avg:2290.79ms
step:738/2750 train_time:1690.595s step_avg:2290.78ms
step:739/2750 train_time:1692.875s step_avg:2290.76ms
step:740/2750 train_time:1695.158s step_avg:2290.75ms
step:741/2750 train_time:1697.439s step_avg:2290.74ms
step:742/2750 train_time:1699.728s step_avg:2290.74ms
step:743/2750 train_time:1702.014s step_avg:2290.73ms
step:744/2750 train_time:1704.296s step_avg:2290.72ms
step:745/2750 train_time:1706.579s step_avg:2290.71ms
step:746/2750 train_time:1708.864s step_avg:2290.70ms
step:747/2750 train_time:1711.149s step_avg:2290.70ms
step:748/2750 train_time:1713.431s step_avg:2290.68ms
step:749/2750 train_time:1715.720s step_avg:2290.68ms
step:750/2750 train_time:1718.007s step_avg:2290.68ms
step:750/2750 val_loss:3.68281 train_time:1718.007s step_avg:2284.80ms
step:751/2750 train_time:1720.300s step_avg:2290.68ms
step:752/2750 train_time:1722.583s step_avg:2290.67ms
step:753/2750 train_time:1724.870s step_avg:2290.66ms
step:754/2750 train_time:1727.161s step_avg:2290.66ms
step:755/2750 train_time:1729.443s step_avg:2290.65ms
step:756/2750 train_time:1731.730s step_avg:2290.65ms
step:757/2750 train_time:1734.020s step_avg:2290.65ms
step:758/2750 train_time:1736.304s step_avg:2290.64ms
step:759/2750 train_time:1738.589s step_avg:2290.63ms
step:760/2750 train_time:1740.877s step_avg:2290.63ms
step:761/2750 train_time:1743.179s step_avg:2290.64ms
step:762/2750 train_time:1745.465s step_avg:2290.64ms
step:763/2750 train_time:1747.750s step_avg:2290.63ms
step:764/2750 train_time:1750.034s step_avg:2290.62ms
step:765/2750 train_time:1752.318s step_avg:2290.61ms
step:766/2750 train_time:1754.603s step_avg:2290.60ms
step:767/2750 train_time:1756.883s step_avg:2290.59ms
step:768/2750 train_time:1759.169s step_avg:2290.58ms
step:769/2750 train_time:1761.455s step_avg:2290.58ms
step:770/2750 train_time:1763.736s step_avg:2290.57ms
step:771/2750 train_time:1766.025s step_avg:2290.56ms
step:772/2750 train_time:1768.314s step_avg:2290.56ms
step:773/2750 train_time:1770.595s step_avg:2290.55ms
step:774/2750 train_time:1772.881s step_avg:2290.54ms
step:775/2750 train_time:1775.164s step_avg:2290.53ms
step:776/2750 train_time:1777.450s step_avg:2290.53ms
step:777/2750 train_time:1779.735s step_avg:2290.52ms
step:778/2750 train_time:1782.022s step_avg:2290.52ms
step:779/2750 train_time:1784.307s step_avg:2290.51ms
step:780/2750 train_time:1786.595s step_avg:2290.51ms
step:781/2750 train_time:1788.878s step_avg:2290.50ms
step:782/2750 train_time:1791.162s step_avg:2290.49ms
step:783/2750 train_time:1793.447s step_avg:2290.48ms
step:784/2750 train_time:1795.733s step_avg:2290.48ms
step:785/2750 train_time:1798.018s step_avg:2290.47ms
step:786/2750 train_time:1800.300s step_avg:2290.46ms
step:787/2750 train_time:1802.587s step_avg:2290.45ms
step:788/2750 train_time:1804.870s step_avg:2290.44ms
step:789/2750 train_time:1807.149s step_avg:2290.43ms
step:790/2750 train_time:1809.432s step_avg:2290.42ms
step:791/2750 train_time:1811.720s step_avg:2290.42ms
step:792/2750 train_time:1814.002s step_avg:2290.41ms
step:793/2750 train_time:1816.289s step_avg:2290.40ms
step:794/2750 train_time:1818.579s step_avg:2290.40ms
step:795/2750 train_time:1820.862s step_avg:2290.39ms
step:796/2750 train_time:1823.150s step_avg:2290.39ms
step:797/2750 train_time:1825.438s step_avg:2290.39ms
step:798/2750 train_time:1827.716s step_avg:2290.37ms
step:799/2750 train_time:1830.004s step_avg:2290.37ms
step:800/2750 train_time:1832.286s step_avg:2290.36ms
step:801/2750 train_time:1834.570s step_avg:2290.35ms
step:802/2750 train_time:1836.857s step_avg:2290.35ms
step:803/2750 train_time:1839.141s step_avg:2290.34ms
step:804/2750 train_time:1841.427s step_avg:2290.33ms
step:805/2750 train_time:1843.716s step_avg:2290.33ms
step:806/2750 train_time:1846.000s step_avg:2290.32ms
step:807/2750 train_time:1848.283s step_avg:2290.31ms
step:808/2750 train_time:1850.568s step_avg:2290.31ms
step:809/2750 train_time:1852.851s step_avg:2290.30ms
step:810/2750 train_time:1855.139s step_avg:2290.29ms
step:811/2750 train_time:1857.427s step_avg:2290.29ms
step:812/2750 train_time:1859.711s step_avg:2290.28ms
step:813/2750 train_time:1861.993s step_avg:2290.27ms
step:814/2750 train_time:1864.277s step_avg:2290.27ms
step:815/2750 train_time:1866.561s step_avg:2290.26ms
step:816/2750 train_time:1868.849s step_avg:2290.26ms
step:817/2750 train_time:1871.129s step_avg:2290.24ms
step:818/2750 train_time:1873.416s step_avg:2290.24ms
step:819/2750 train_time:1875.710s step_avg:2290.24ms
step:820/2750 train_time:1877.994s step_avg:2290.24ms
step:821/2750 train_time:1880.277s step_avg:2290.23ms
step:822/2750 train_time:1882.565s step_avg:2290.22ms
step:823/2750 train_time:1884.847s step_avg:2290.22ms
step:824/2750 train_time:1887.128s step_avg:2290.20ms
step:825/2750 train_time:1889.414s step_avg:2290.20ms
step:826/2750 train_time:1891.697s step_avg:2290.19ms
step:827/2750 train_time:1893.984s step_avg:2290.19ms
step:828/2750 train_time:1896.269s step_avg:2290.18ms
step:829/2750 train_time:1898.555s step_avg:2290.17ms
step:830/2750 train_time:1900.844s step_avg:2290.17ms
step:831/2750 train_time:1903.127s step_avg:2290.17ms
step:832/2750 train_time:1905.416s step_avg:2290.16ms
step:833/2750 train_time:1907.706s step_avg:2290.16ms
step:834/2750 train_time:1909.993s step_avg:2290.16ms
step:835/2750 train_time:1912.274s step_avg:2290.15ms
step:836/2750 train_time:1914.560s step_avg:2290.14ms
step:837/2750 train_time:1916.842s step_avg:2290.13ms
step:838/2750 train_time:1919.123s step_avg:2290.12ms
step:839/2750 train_time:1921.411s step_avg:2290.12ms
step:840/2750 train_time:1923.696s step_avg:2290.11ms
step:841/2750 train_time:1925.979s step_avg:2290.11ms
step:842/2750 train_time:1928.263s step_avg:2290.10ms
step:843/2750 train_time:1930.548s step_avg:2290.09ms
step:844/2750 train_time:1932.832s step_avg:2290.09ms
step:845/2750 train_time:1935.120s step_avg:2290.08ms
step:846/2750 train_time:1937.407s step_avg:2290.08ms
step:847/2750 train_time:1939.689s step_avg:2290.07ms
step:848/2750 train_time:1941.972s step_avg:2290.06ms
step:849/2750 train_time:1944.256s step_avg:2290.05ms
step:850/2750 train_time:1946.546s step_avg:2290.05ms
step:851/2750 train_time:1948.827s step_avg:2290.04ms
step:852/2750 train_time:1951.114s step_avg:2290.04ms
step:853/2750 train_time:1953.399s step_avg:2290.03ms
step:854/2750 train_time:1955.681s step_avg:2290.02ms
step:855/2750 train_time:1957.969s step_avg:2290.02ms
step:856/2750 train_time:1960.261s step_avg:2290.02ms
step:857/2750 train_time:1962.539s step_avg:2290.01ms
step:858/2750 train_time:1964.832s step_avg:2290.01ms
step:859/2750 train_time:1967.114s step_avg:2290.00ms
step:860/2750 train_time:1969.400s step_avg:2290.00ms
step:861/2750 train_time:1971.688s step_avg:2290.00ms
step:862/2750 train_time:1973.974s step_avg:2289.99ms
step:863/2750 train_time:1976.263s step_avg:2289.99ms
step:864/2750 train_time:1978.552s step_avg:2289.99ms
step:865/2750 train_time:1980.841s step_avg:2289.99ms
step:866/2750 train_time:1983.123s step_avg:2289.98ms
step:867/2750 train_time:1985.408s step_avg:2289.98ms
step:868/2750 train_time:1987.692s step_avg:2289.97ms
step:869/2750 train_time:1989.978s step_avg:2289.96ms
step:870/2750 train_time:1992.266s step_avg:2289.96ms
step:871/2750 train_time:1994.551s step_avg:2289.96ms
step:872/2750 train_time:1996.836s step_avg:2289.95ms
step:873/2750 train_time:1999.124s step_avg:2289.95ms
step:874/2750 train_time:2001.404s step_avg:2289.94ms
step:875/2750 train_time:2003.686s step_avg:2289.93ms
step:875/2750 val_loss:3.64482 train_time:2003.686s step_avg:2285.43ms
step:876/2750 train_time:2005.972s step_avg:2289.92ms
step:877/2750 train_time:2008.257s step_avg:2289.92ms
step:878/2750 train_time:2010.546s step_avg:2289.92ms
step:879/2750 train_time:2012.828s step_avg:2289.91ms
step:880/2750 train_time:2015.112s step_avg:2289.90ms
step:881/2750 train_time:2017.395s step_avg:2289.89ms
step:882/2750 train_time:2019.679s step_avg:2289.89ms
step:883/2750 train_time:2021.967s step_avg:2289.88ms
step:884/2750 train_time:2024.249s step_avg:2289.87ms
step:885/2750 train_time:2026.531s step_avg:2289.87ms
step:886/2750 train_time:2028.819s step_avg:2289.86ms
step:887/2750 train_time:2031.106s step_avg:2289.86ms
step:888/2750 train_time:2033.393s step_avg:2289.86ms
step:889/2750 train_time:2035.680s step_avg:2289.85ms
step:890/2750 train_time:2037.965s step_avg:2289.85ms
step:891/2750 train_time:2040.247s step_avg:2289.84ms
step:892/2750 train_time:2042.534s step_avg:2289.84ms
step:893/2750 train_time:2044.819s step_avg:2289.83ms
step:894/2750 train_time:2047.103s step_avg:2289.82ms
step:895/2750 train_time:2049.393s step_avg:2289.82ms
step:896/2750 train_time:2051.678s step_avg:2289.82ms
step:897/2750 train_time:2053.963s step_avg:2289.81ms
step:898/2750 train_time:2056.254s step_avg:2289.81ms
step:899/2750 train_time:2058.540s step_avg:2289.81ms
step:900/2750 train_time:2060.824s step_avg:2289.80ms
step:901/2750 train_time:2063.112s step_avg:2289.80ms
step:902/2750 train_time:2065.396s step_avg:2289.80ms
step:903/2750 train_time:2067.683s step_avg:2289.79ms
step:904/2750 train_time:2069.967s step_avg:2289.79ms
step:905/2750 train_time:2072.252s step_avg:2289.78ms
step:906/2750 train_time:2074.537s step_avg:2289.78ms
step:907/2750 train_time:2076.823s step_avg:2289.77ms
step:908/2750 train_time:2079.107s step_avg:2289.77ms
step:909/2750 train_time:2081.394s step_avg:2289.76ms
step:910/2750 train_time:2083.680s step_avg:2289.76ms
step:911/2750 train_time:2085.964s step_avg:2289.75ms
step:912/2750 train_time:2088.253s step_avg:2289.75ms
step:913/2750 train_time:2090.533s step_avg:2289.74ms
step:914/2750 train_time:2092.817s step_avg:2289.73ms
step:915/2750 train_time:2095.104s step_avg:2289.73ms
step:916/2750 train_time:2097.388s step_avg:2289.72ms
step:917/2750 train_time:2099.675s step_avg:2289.72ms
step:918/2750 train_time:2101.966s step_avg:2289.72ms
step:919/2750 train_time:2104.248s step_avg:2289.71ms
step:920/2750 train_time:2106.530s step_avg:2289.71ms
step:921/2750 train_time:2108.810s step_avg:2289.70ms
step:922/2750 train_time:2111.098s step_avg:2289.69ms
step:923/2750 train_time:2113.383s step_avg:2289.69ms
step:924/2750 train_time:2115.666s step_avg:2289.68ms
step:925/2750 train_time:2117.951s step_avg:2289.68ms
step:926/2750 train_time:2120.240s step_avg:2289.68ms
step:927/2750 train_time:2122.526s step_avg:2289.67ms
step:928/2750 train_time:2124.811s step_avg:2289.67ms
step:929/2750 train_time:2127.106s step_avg:2289.67ms
step:930/2750 train_time:2129.390s step_avg:2289.67ms
step:931/2750 train_time:2131.675s step_avg:2289.66ms
step:932/2750 train_time:2133.962s step_avg:2289.66ms
step:933/2750 train_time:2136.246s step_avg:2289.65ms
step:934/2750 train_time:2138.528s step_avg:2289.64ms
step:935/2750 train_time:2140.815s step_avg:2289.64ms
step:936/2750 train_time:2143.103s step_avg:2289.64ms
step:937/2750 train_time:2145.390s step_avg:2289.64ms
step:938/2750 train_time:2147.679s step_avg:2289.64ms
step:939/2750 train_time:2149.965s step_avg:2289.63ms
step:940/2750 train_time:2152.246s step_avg:2289.62ms
step:941/2750 train_time:2154.532s step_avg:2289.62ms
step:942/2750 train_time:2156.819s step_avg:2289.62ms
step:943/2750 train_time:2159.103s step_avg:2289.61ms
step:944/2750 train_time:2161.390s step_avg:2289.61ms
step:945/2750 train_time:2163.674s step_avg:2289.60ms
step:946/2750 train_time:2165.959s step_avg:2289.60ms
step:947/2750 train_time:2168.246s step_avg:2289.59ms
step:948/2750 train_time:2170.532s step_avg:2289.59ms
step:949/2750 train_time:2172.813s step_avg:2289.58ms
step:950/2750 train_time:2175.096s step_avg:2289.57ms
step:951/2750 train_time:2177.400s step_avg:2289.59ms
step:952/2750 train_time:2179.684s step_avg:2289.58ms
step:953/2750 train_time:2181.966s step_avg:2289.58ms
step:954/2750 train_time:2184.250s step_avg:2289.57ms
step:955/2750 train_time:2186.533s step_avg:2289.56ms
step:956/2750 train_time:2188.814s step_avg:2289.55ms
step:957/2750 train_time:2191.098s step_avg:2289.55ms
step:958/2750 train_time:2193.383s step_avg:2289.54ms
step:959/2750 train_time:2195.667s step_avg:2289.54ms
step:960/2750 train_time:2197.952s step_avg:2289.53ms
step:961/2750 train_time:2200.241s step_avg:2289.53ms
step:962/2750 train_time:2202.521s step_avg:2289.52ms
step:963/2750 train_time:2204.811s step_avg:2289.52ms
step:964/2750 train_time:2207.103s step_avg:2289.53ms
step:965/2750 train_time:2209.385s step_avg:2289.52ms
step:966/2750 train_time:2211.674s step_avg:2289.52ms
step:967/2750 train_time:2213.964s step_avg:2289.52ms
step:968/2750 train_time:2216.244s step_avg:2289.51ms
step:969/2750 train_time:2218.534s step_avg:2289.51ms
step:970/2750 train_time:2220.823s step_avg:2289.51ms
step:971/2750 train_time:2223.105s step_avg:2289.50ms
step:972/2750 train_time:2225.403s step_avg:2289.51ms
step:973/2750 train_time:2227.693s step_avg:2289.51ms
step:974/2750 train_time:2229.975s step_avg:2289.50ms
step:975/2750 train_time:2232.260s step_avg:2289.50ms
step:976/2750 train_time:2234.545s step_avg:2289.49ms
step:977/2750 train_time:2236.827s step_avg:2289.49ms
step:978/2750 train_time:2239.116s step_avg:2289.48ms
step:979/2750 train_time:2241.403s step_avg:2289.48ms
step:980/2750 train_time:2243.687s step_avg:2289.48ms
step:981/2750 train_time:2245.974s step_avg:2289.47ms
step:982/2750 train_time:2248.264s step_avg:2289.47ms
step:983/2750 train_time:2250.542s step_avg:2289.46ms
step:984/2750 train_time:2252.832s step_avg:2289.46ms
step:985/2750 train_time:2255.117s step_avg:2289.46ms
step:986/2750 train_time:2257.399s step_avg:2289.45ms
step:987/2750 train_time:2259.687s step_avg:2289.45ms
step:988/2750 train_time:2261.970s step_avg:2289.44ms
step:989/2750 train_time:2264.257s step_avg:2289.44ms
step:990/2750 train_time:2266.544s step_avg:2289.44ms
step:991/2750 train_time:2268.827s step_avg:2289.43ms
step:992/2750 train_time:2271.112s step_avg:2289.43ms
step:993/2750 train_time:2273.394s step_avg:2289.42ms
step:994/2750 train_time:2275.680s step_avg:2289.42ms
step:995/2750 train_time:2277.963s step_avg:2289.41ms
step:996/2750 train_time:2280.249s step_avg:2289.41ms
step:997/2750 train_time:2282.533s step_avg:2289.40ms
step:998/2750 train_time:2284.814s step_avg:2289.39ms
step:999/2750 train_time:2287.098s step_avg:2289.39ms
step:1000/2750 train_time:2289.382s step_avg:2289.38ms
step:1000/2750 val_loss:3.60632 train_time:2289.382s step_avg:2285.57ms
step:1001/2750 train_time:2291.674s step_avg:2289.38ms
step:1002/2750 train_time:2293.962s step_avg:2289.38ms
step:1003/2750 train_time:2296.246s step_avg:2289.38ms
step:1004/2750 train_time:2298.528s step_avg:2289.37ms
step:1005/2750 train_time:2300.811s step_avg:2289.36ms
step:1006/2750 train_time:2303.100s step_avg:2289.36ms
step:1007/2750 train_time:2305.387s step_avg:2289.36ms
step:1008/2750 train_time:2307.670s step_avg:2289.35ms
step:1009/2750 train_time:2309.956s step_avg:2289.35ms
step:1010/2750 train_time:2312.247s step_avg:2289.35ms
step:1011/2750 train_time:2314.530s step_avg:2289.35ms
step:1012/2750 train_time:2316.816s step_avg:2289.34ms
step:1013/2750 train_time:2319.103s step_avg:2289.34ms
step:1014/2750 train_time:2321.398s step_avg:2289.35ms
step:1015/2750 train_time:2323.682s step_avg:2289.34ms
step:1016/2750 train_time:2325.969s step_avg:2289.34ms
step:1017/2750 train_time:2328.253s step_avg:2289.33ms
step:1018/2750 train_time:2330.541s step_avg:2289.33ms
step:1019/2750 train_time:2332.829s step_avg:2289.33ms
step:1020/2750 train_time:2335.112s step_avg:2289.33ms
step:1021/2750 train_time:2337.398s step_avg:2289.32ms
step:1022/2750 train_time:2339.681s step_avg:2289.32ms
step:1023/2750 train_time:2341.966s step_avg:2289.31ms
step:1024/2750 train_time:2344.253s step_avg:2289.31ms
step:1025/2750 train_time:2346.537s step_avg:2289.30ms
step:1026/2750 train_time:2348.821s step_avg:2289.30ms
step:1027/2750 train_time:2351.104s step_avg:2289.29ms
step:1028/2750 train_time:2353.388s step_avg:2289.29ms
step:1029/2750 train_time:2355.675s step_avg:2289.29ms
step:1030/2750 train_time:2357.955s step_avg:2289.28ms
step:1031/2750 train_time:2360.243s step_avg:2289.28ms
step:1032/2750 train_time:2362.534s step_avg:2289.28ms
step:1033/2750 train_time:2364.815s step_avg:2289.27ms
step:1034/2750 train_time:2367.102s step_avg:2289.27ms
step:1035/2750 train_time:2369.390s step_avg:2289.27ms
step:1036/2750 train_time:2371.672s step_avg:2289.26ms
step:1037/2750 train_time:2373.955s step_avg:2289.25ms
step:1038/2750 train_time:2376.245s step_avg:2289.25ms
step:1039/2750 train_time:2378.527s step_avg:2289.25ms
step:1040/2750 train_time:2380.816s step_avg:2289.25ms
step:1041/2750 train_time:2383.102s step_avg:2289.24ms
step:1042/2750 train_time:2385.382s step_avg:2289.23ms
step:1043/2750 train_time:2387.670s step_avg:2289.23ms
step:1044/2750 train_time:2389.953s step_avg:2289.23ms
step:1045/2750 train_time:2392.240s step_avg:2289.23ms
step:1046/2750 train_time:2394.528s step_avg:2289.22ms
step:1047/2750 train_time:2396.810s step_avg:2289.22ms
step:1048/2750 train_time:2399.096s step_avg:2289.21ms
step:1049/2750 train_time:2401.381s step_avg:2289.21ms
step:1050/2750 train_time:2403.668s step_avg:2289.21ms
step:1051/2750 train_time:2405.948s step_avg:2289.20ms
step:1052/2750 train_time:2408.232s step_avg:2289.19ms
step:1053/2750 train_time:2410.516s step_avg:2289.19ms
step:1054/2750 train_time:2412.799s step_avg:2289.18ms
step:1055/2750 train_time:2415.079s step_avg:2289.17ms
step:1056/2750 train_time:2417.363s step_avg:2289.17ms
step:1057/2750 train_time:2419.648s step_avg:2289.17ms
step:1058/2750 train_time:2421.931s step_avg:2289.16ms
step:1059/2750 train_time:2424.216s step_avg:2289.16ms
step:1060/2750 train_time:2426.503s step_avg:2289.15ms
step:1061/2750 train_time:2428.784s step_avg:2289.15ms
step:1062/2750 train_time:2431.071s step_avg:2289.14ms
step:1063/2750 train_time:2433.354s step_avg:2289.14ms
step:1064/2750 train_time:2435.642s step_avg:2289.14ms
step:1065/2750 train_time:2437.929s step_avg:2289.13ms
step:1066/2750 train_time:2440.210s step_avg:2289.13ms
step:1067/2750 train_time:2442.496s step_avg:2289.12ms
step:1068/2750 train_time:2444.784s step_avg:2289.12ms
step:1069/2750 train_time:2447.070s step_avg:2289.12ms
step:1070/2750 train_time:2449.356s step_avg:2289.12ms
step:1071/2750 train_time:2451.648s step_avg:2289.12ms
step:1072/2750 train_time:2453.928s step_avg:2289.11ms
step:1073/2750 train_time:2456.208s step_avg:2289.10ms
step:1074/2750 train_time:2458.493s step_avg:2289.10ms
step:1075/2750 train_time:2460.779s step_avg:2289.10ms
step:1076/2750 train_time:2463.066s step_avg:2289.09ms
step:1077/2750 train_time:2465.347s step_avg:2289.09ms
step:1078/2750 train_time:2467.633s step_avg:2289.08ms
step:1079/2750 train_time:2469.918s step_avg:2289.08ms
step:1080/2750 train_time:2472.197s step_avg:2289.07ms
step:1081/2750 train_time:2474.483s step_avg:2289.07ms
step:1082/2750 train_time:2476.772s step_avg:2289.07ms
step:1083/2750 train_time:2479.055s step_avg:2289.06ms
step:1084/2750 train_time:2481.340s step_avg:2289.06ms
step:1085/2750 train_time:2483.629s step_avg:2289.06ms
step:1086/2750 train_time:2485.909s step_avg:2289.05ms
step:1087/2750 train_time:2488.197s step_avg:2289.05ms
step:1088/2750 train_time:2490.486s step_avg:2289.05ms
step:1089/2750 train_time:2492.770s step_avg:2289.05ms
step:1090/2750 train_time:2495.054s step_avg:2289.04ms
step:1091/2750 train_time:2497.337s step_avg:2289.03ms
step:1092/2750 train_time:2499.623s step_avg:2289.03ms
step:1093/2750 train_time:2501.910s step_avg:2289.03ms
step:1094/2750 train_time:2504.197s step_avg:2289.03ms
step:1095/2750 train_time:2506.483s step_avg:2289.03ms
step:1096/2750 train_time:2508.768s step_avg:2289.02ms
step:1097/2750 train_time:2511.050s step_avg:2289.02ms
step:1098/2750 train_time:2513.336s step_avg:2289.01ms
step:1099/2750 train_time:2515.621s step_avg:2289.01ms
step:1100/2750 train_time:2517.905s step_avg:2289.00ms
step:1101/2750 train_time:2520.188s step_avg:2289.00ms
step:1102/2750 train_time:2522.475s step_avg:2289.00ms
step:1103/2750 train_time:2524.762s step_avg:2289.00ms
step:1104/2750 train_time:2527.046s step_avg:2288.99ms
step:1105/2750 train_time:2529.329s step_avg:2288.99ms
step:1106/2750 train_time:2531.612s step_avg:2288.98ms
step:1107/2750 train_time:2533.897s step_avg:2288.98ms
step:1108/2750 train_time:2536.177s step_avg:2288.97ms
step:1109/2750 train_time:2538.460s step_avg:2288.96ms
step:1110/2750 train_time:2540.750s step_avg:2288.96ms
step:1111/2750 train_time:2543.032s step_avg:2288.96ms
step:1112/2750 train_time:2545.317s step_avg:2288.95ms
step:1113/2750 train_time:2547.605s step_avg:2288.95ms
step:1114/2750 train_time:2549.890s step_avg:2288.95ms
step:1115/2750 train_time:2552.179s step_avg:2288.95ms
step:1116/2750 train_time:2554.466s step_avg:2288.95ms
step:1117/2750 train_time:2556.750s step_avg:2288.94ms
step:1118/2750 train_time:2559.040s step_avg:2288.94ms
step:1119/2750 train_time:2561.328s step_avg:2288.94ms
step:1120/2750 train_time:2563.612s step_avg:2288.94ms
step:1121/2750 train_time:2565.898s step_avg:2288.94ms
step:1122/2750 train_time:2568.188s step_avg:2288.94ms
step:1123/2750 train_time:2570.468s step_avg:2288.93ms
step:1124/2750 train_time:2572.759s step_avg:2288.93ms
step:1125/2750 train_time:2575.050s step_avg:2288.93ms
step:1125/2750 val_loss:3.58095 train_time:2575.050s step_avg:2285.35ms
step:1126/2750 train_time:2577.335s step_avg:2288.93ms
step:1127/2750 train_time:2579.627s step_avg:2288.93ms
step:1128/2750 train_time:2581.918s step_avg:2288.93ms
step:1129/2750 train_time:2584.204s step_avg:2288.93ms
step:1130/2750 train_time:2586.493s step_avg:2288.93ms
step:1131/2750 train_time:2588.775s step_avg:2288.93ms
step:1132/2750 train_time:2591.057s step_avg:2288.92ms
step:1133/2750 train_time:2593.344s step_avg:2288.92ms
step:1134/2750 train_time:2595.632s step_avg:2288.92ms
step:1135/2750 train_time:2597.916s step_avg:2288.91ms
step:1136/2750 train_time:2600.200s step_avg:2288.91ms
step:1137/2750 train_time:2602.488s step_avg:2288.91ms
step:1138/2750 train_time:2604.773s step_avg:2288.90ms
step:1139/2750 train_time:2607.058s step_avg:2288.90ms
step:1140/2750 train_time:2609.346s step_avg:2288.90ms
step:1141/2750 train_time:2611.653s step_avg:2288.92ms
step:1142/2750 train_time:2613.942s step_avg:2288.92ms
step:1143/2750 train_time:2616.231s step_avg:2288.92ms
step:1144/2750 train_time:2618.514s step_avg:2288.91ms
step:1145/2750 train_time:2620.801s step_avg:2288.91ms
step:1146/2750 train_time:2623.086s step_avg:2288.91ms
step:1147/2750 train_time:2625.366s step_avg:2288.90ms
step:1148/2750 train_time:2627.652s step_avg:2288.90ms
step:1149/2750 train_time:2629.932s step_avg:2288.89ms
step:1150/2750 train_time:2632.216s step_avg:2288.88ms
step:1151/2750 train_time:2634.501s step_avg:2288.88ms
step:1152/2750 train_time:2636.787s step_avg:2288.88ms
step:1153/2750 train_time:2639.072s step_avg:2288.87ms
step:1154/2750 train_time:2641.355s step_avg:2288.87ms
step:1155/2750 train_time:2643.641s step_avg:2288.87ms
step:1156/2750 train_time:2645.924s step_avg:2288.86ms
step:1157/2750 train_time:2648.207s step_avg:2288.86ms
step:1158/2750 train_time:2650.496s step_avg:2288.86ms
step:1159/2750 train_time:2652.782s step_avg:2288.85ms
step:1160/2750 train_time:2655.063s step_avg:2288.85ms
step:1161/2750 train_time:2657.348s step_avg:2288.84ms
step:1162/2750 train_time:2659.638s step_avg:2288.85ms
step:1163/2750 train_time:2661.919s step_avg:2288.84ms
step:1164/2750 train_time:2664.206s step_avg:2288.84ms
step:1165/2750 train_time:2666.495s step_avg:2288.84ms
step:1166/2750 train_time:2668.778s step_avg:2288.83ms
step:1167/2750 train_time:2671.062s step_avg:2288.83ms
step:1168/2750 train_time:2673.346s step_avg:2288.82ms
step:1169/2750 train_time:2675.633s step_avg:2288.82ms
step:1170/2750 train_time:2677.926s step_avg:2288.83ms
step:1171/2750 train_time:2680.214s step_avg:2288.83ms
step:1172/2750 train_time:2682.501s step_avg:2288.82ms
step:1173/2750 train_time:2684.786s step_avg:2288.82ms
step:1174/2750 train_time:2687.073s step_avg:2288.82ms
step:1175/2750 train_time:2689.354s step_avg:2288.81ms
step:1176/2750 train_time:2691.642s step_avg:2288.81ms
step:1177/2750 train_time:2693.930s step_avg:2288.81ms
step:1178/2750 train_time:2696.215s step_avg:2288.81ms
step:1179/2750 train_time:2698.499s step_avg:2288.80ms
step:1180/2750 train_time:2700.783s step_avg:2288.80ms
step:1181/2750 train_time:2703.067s step_avg:2288.80ms
step:1182/2750 train_time:2705.356s step_avg:2288.80ms
step:1183/2750 train_time:2707.635s step_avg:2288.79ms
step:1184/2750 train_time:2709.914s step_avg:2288.78ms
step:1185/2750 train_time:2712.203s step_avg:2288.78ms
step:1186/2750 train_time:2714.484s step_avg:2288.77ms
step:1187/2750 train_time:2716.770s step_avg:2288.77ms
step:1188/2750 train_time:2719.052s step_avg:2288.76ms
step:1189/2750 train_time:2721.337s step_avg:2288.76ms
step:1190/2750 train_time:2723.624s step_avg:2288.76ms
step:1191/2750 train_time:2725.909s step_avg:2288.76ms
step:1192/2750 train_time:2728.195s step_avg:2288.75ms
step:1193/2750 train_time:2730.482s step_avg:2288.75ms
step:1194/2750 train_time:2732.764s step_avg:2288.75ms
step:1195/2750 train_time:2735.050s step_avg:2288.74ms
step:1196/2750 train_time:2737.337s step_avg:2288.74ms
step:1197/2750 train_time:2739.618s step_avg:2288.74ms
step:1198/2750 train_time:2741.902s step_avg:2288.73ms
step:1199/2750 train_time:2744.185s step_avg:2288.73ms
step:1200/2750 train_time:2746.469s step_avg:2288.72ms
step:1201/2750 train_time:2748.757s step_avg:2288.72ms
step:1202/2750 train_time:2751.040s step_avg:2288.72ms
step:1203/2750 train_time:2753.327s step_avg:2288.72ms
step:1204/2750 train_time:2755.615s step_avg:2288.72ms
step:1205/2750 train_time:2757.896s step_avg:2288.71ms
step:1206/2750 train_time:2760.177s step_avg:2288.70ms
step:1207/2750 train_time:2762.464s step_avg:2288.70ms
step:1208/2750 train_time:2764.752s step_avg:2288.70ms
step:1209/2750 train_time:2767.036s step_avg:2288.70ms
step:1210/2750 train_time:2769.323s step_avg:2288.70ms
step:1211/2750 train_time:2771.611s step_avg:2288.70ms
step:1212/2750 train_time:2773.895s step_avg:2288.69ms
step:1213/2750 train_time:2776.178s step_avg:2288.69ms
step:1214/2750 train_time:2778.465s step_avg:2288.69ms
step:1215/2750 train_time:2780.747s step_avg:2288.68ms
step:1216/2750 train_time:2783.033s step_avg:2288.68ms
step:1217/2750 train_time:2785.318s step_avg:2288.68ms
step:1218/2750 train_time:2787.602s step_avg:2288.67ms
step:1219/2750 train_time:2789.880s step_avg:2288.66ms
step:1220/2750 train_time:2792.164s step_avg:2288.66ms
step:1221/2750 train_time:2794.451s step_avg:2288.66ms
step:1222/2750 train_time:2796.735s step_avg:2288.65ms
step:1223/2750 train_time:2799.025s step_avg:2288.65ms
step:1224/2750 train_time:2801.314s step_avg:2288.66ms
step:1225/2750 train_time:2803.600s step_avg:2288.65ms
step:1226/2750 train_time:2805.888s step_avg:2288.65ms
step:1227/2750 train_time:2808.178s step_avg:2288.65ms
step:1228/2750 train_time:2810.460s step_avg:2288.65ms
step:1229/2750 train_time:2812.744s step_avg:2288.64ms
step:1230/2750 train_time:2815.034s step_avg:2288.65ms
step:1231/2750 train_time:2817.315s step_avg:2288.64ms
step:1232/2750 train_time:2819.602s step_avg:2288.64ms
step:1233/2750 train_time:2821.886s step_avg:2288.63ms
step:1234/2750 train_time:2824.170s step_avg:2288.63ms
step:1235/2750 train_time:2826.456s step_avg:2288.63ms
step:1236/2750 train_time:2828.739s step_avg:2288.62ms
step:1237/2750 train_time:2831.021s step_avg:2288.62ms
step:1238/2750 train_time:2833.308s step_avg:2288.62ms
step:1239/2750 train_time:2835.593s step_avg:2288.61ms
step:1240/2750 train_time:2837.878s step_avg:2288.61ms
step:1241/2750 train_time:2840.166s step_avg:2288.61ms
step:1242/2750 train_time:2842.449s step_avg:2288.61ms
step:1243/2750 train_time:2844.736s step_avg:2288.60ms
step:1244/2750 train_time:2847.022s step_avg:2288.60ms
step:1245/2750 train_time:2849.306s step_avg:2288.60ms
step:1246/2750 train_time:2851.592s step_avg:2288.60ms
step:1247/2750 train_time:2853.873s step_avg:2288.59ms
step:1248/2750 train_time:2856.159s step_avg:2288.59ms
step:1249/2750 train_time:2858.454s step_avg:2288.59ms
step:1250/2750 train_time:2860.735s step_avg:2288.59ms
step:1250/2750 val_loss:3.55062 train_time:2860.735s step_avg:2285.48ms
step:1251/2750 train_time:2863.032s step_avg:2288.59ms
step:1252/2750 train_time:2865.321s step_avg:2288.59ms
step:1253/2750 train_time:2867.610s step_avg:2288.60ms
step:1254/2750 train_time:2869.894s step_avg:2288.59ms
step:1255/2750 train_time:2872.185s step_avg:2288.59ms
step:1256/2750 train_time:2874.472s step_avg:2288.59ms
step:1257/2750 train_time:2876.760s step_avg:2288.59ms
step:1258/2750 train_time:2879.044s step_avg:2288.59ms
step:1259/2750 train_time:2881.325s step_avg:2288.58ms
step:1260/2750 train_time:2883.611s step_avg:2288.58ms
step:1261/2750 train_time:2885.901s step_avg:2288.58ms
step:1262/2750 train_time:2888.186s step_avg:2288.58ms
step:1263/2750 train_time:2890.474s step_avg:2288.58ms
step:1264/2750 train_time:2892.760s step_avg:2288.58ms
step:1265/2750 train_time:2895.042s step_avg:2288.57ms
step:1266/2750 train_time:2897.328s step_avg:2288.57ms
step:1267/2750 train_time:2899.622s step_avg:2288.57ms
step:1268/2750 train_time:2901.906s step_avg:2288.57ms
step:1269/2750 train_time:2904.191s step_avg:2288.57ms
step:1270/2750 train_time:2906.480s step_avg:2288.57ms
step:1271/2750 train_time:2908.767s step_avg:2288.57ms
step:1272/2750 train_time:2911.053s step_avg:2288.56ms
step:1273/2750 train_time:2913.342s step_avg:2288.56ms
step:1274/2750 train_time:2915.623s step_avg:2288.56ms
step:1275/2750 train_time:2917.910s step_avg:2288.56ms
step:1276/2750 train_time:2920.201s step_avg:2288.56ms
step:1277/2750 train_time:2922.482s step_avg:2288.55ms
step:1278/2750 train_time:2924.766s step_avg:2288.55ms
step:1279/2750 train_time:2927.053s step_avg:2288.55ms
step:1280/2750 train_time:2929.336s step_avg:2288.54ms
step:1281/2750 train_time:2931.624s step_avg:2288.54ms
step:1282/2750 train_time:2933.913s step_avg:2288.54ms
step:1283/2750 train_time:2936.192s step_avg:2288.54ms
step:1284/2750 train_time:2938.480s step_avg:2288.54ms
step:1285/2750 train_time:2940.765s step_avg:2288.53ms
step:1286/2750 train_time:2943.053s step_avg:2288.53ms
step:1287/2750 train_time:2945.341s step_avg:2288.53ms
step:1288/2750 train_time:2947.631s step_avg:2288.53ms
step:1289/2750 train_time:2949.910s step_avg:2288.53ms
step:1290/2750 train_time:2952.199s step_avg:2288.53ms
step:1291/2750 train_time:2954.484s step_avg:2288.52ms
step:1292/2750 train_time:2956.769s step_avg:2288.52ms
step:1293/2750 train_time:2959.055s step_avg:2288.52ms
step:1294/2750 train_time:2961.339s step_avg:2288.52ms
step:1295/2750 train_time:2963.620s step_avg:2288.51ms
step:1296/2750 train_time:2965.910s step_avg:2288.51ms
step:1297/2750 train_time:2968.193s step_avg:2288.51ms
step:1298/2750 train_time:2970.478s step_avg:2288.50ms
step:1299/2750 train_time:2972.770s step_avg:2288.51ms
step:1300/2750 train_time:2975.055s step_avg:2288.50ms
step:1301/2750 train_time:2977.339s step_avg:2288.50ms
step:1302/2750 train_time:2979.626s step_avg:2288.50ms
step:1303/2750 train_time:2981.912s step_avg:2288.50ms
step:1304/2750 train_time:2984.198s step_avg:2288.50ms
step:1305/2750 train_time:2986.484s step_avg:2288.49ms
step:1306/2750 train_time:2988.766s step_avg:2288.49ms
step:1307/2750 train_time:2991.052s step_avg:2288.49ms
step:1308/2750 train_time:2993.336s step_avg:2288.48ms
step:1309/2750 train_time:2995.621s step_avg:2288.48ms
step:1310/2750 train_time:2997.905s step_avg:2288.48ms
step:1311/2750 train_time:3000.190s step_avg:2288.47ms
step:1312/2750 train_time:3002.475s step_avg:2288.47ms
step:1313/2750 train_time:3004.763s step_avg:2288.47ms
step:1314/2750 train_time:3007.043s step_avg:2288.47ms
step:1315/2750 train_time:3009.329s step_avg:2288.46ms
step:1316/2750 train_time:3011.617s step_avg:2288.46ms
step:1317/2750 train_time:3013.897s step_avg:2288.46ms
step:1318/2750 train_time:3016.183s step_avg:2288.45ms
step:1319/2750 train_time:3018.472s step_avg:2288.45ms
step:1320/2750 train_time:3020.758s step_avg:2288.45ms
step:1321/2750 train_time:3023.044s step_avg:2288.45ms
step:1322/2750 train_time:3025.332s step_avg:2288.45ms
step:1323/2750 train_time:3027.613s step_avg:2288.45ms
step:1324/2750 train_time:3029.903s step_avg:2288.45ms
step:1325/2750 train_time:3032.193s step_avg:2288.45ms
step:1326/2750 train_time:3034.474s step_avg:2288.44ms
step:1327/2750 train_time:3036.761s step_avg:2288.44ms
step:1328/2750 train_time:3039.045s step_avg:2288.44ms
step:1329/2750 train_time:3041.331s step_avg:2288.44ms
step:1330/2750 train_time:3043.617s step_avg:2288.43ms
step:1331/2750 train_time:3045.921s step_avg:2288.45ms
step:1332/2750 train_time:3048.204s step_avg:2288.44ms
step:1333/2750 train_time:3050.489s step_avg:2288.44ms
step:1334/2750 train_time:3052.771s step_avg:2288.43ms
step:1335/2750 train_time:3055.054s step_avg:2288.43ms
step:1336/2750 train_time:3057.340s step_avg:2288.43ms
step:1337/2750 train_time:3059.622s step_avg:2288.42ms
step:1338/2750 train_time:3061.909s step_avg:2288.42ms
step:1339/2750 train_time:3064.197s step_avg:2288.42ms
step:1340/2750 train_time:3066.480s step_avg:2288.42ms
step:1341/2750 train_time:3068.762s step_avg:2288.41ms
step:1342/2750 train_time:3071.047s step_avg:2288.41ms
step:1343/2750 train_time:3073.332s step_avg:2288.41ms
step:1344/2750 train_time:3075.614s step_avg:2288.40ms
step:1345/2750 train_time:3077.898s step_avg:2288.40ms
step:1346/2750 train_time:3080.184s step_avg:2288.40ms
step:1347/2750 train_time:3082.471s step_avg:2288.40ms
step:1348/2750 train_time:3084.760s step_avg:2288.40ms
step:1349/2750 train_time:3087.047s step_avg:2288.40ms
step:1350/2750 train_time:3089.333s step_avg:2288.39ms
step:1351/2750 train_time:3091.617s step_avg:2288.39ms
step:1352/2750 train_time:3093.902s step_avg:2288.39ms
step:1353/2750 train_time:3096.183s step_avg:2288.38ms
step:1354/2750 train_time:3098.463s step_avg:2288.38ms
step:1355/2750 train_time:3100.745s step_avg:2288.37ms
step:1356/2750 train_time:3103.034s step_avg:2288.37ms
step:1357/2750 train_time:3105.311s step_avg:2288.37ms
step:1358/2750 train_time:3107.606s step_avg:2288.37ms
step:1359/2750 train_time:3109.893s step_avg:2288.37ms
step:1360/2750 train_time:3112.176s step_avg:2288.36ms
step:1361/2750 train_time:3114.462s step_avg:2288.36ms
step:1362/2750 train_time:3116.749s step_avg:2288.36ms
step:1363/2750 train_time:3119.027s step_avg:2288.35ms
step:1364/2750 train_time:3121.314s step_avg:2288.35ms
step:1365/2750 train_time:3123.598s step_avg:2288.35ms
step:1366/2750 train_time:3125.883s step_avg:2288.35ms
step:1367/2750 train_time:3128.171s step_avg:2288.35ms
step:1368/2750 train_time:3130.454s step_avg:2288.34ms
step:1369/2750 train_time:3132.739s step_avg:2288.34ms
step:1370/2750 train_time:3135.025s step_avg:2288.34ms
step:1371/2750 train_time:3137.315s step_avg:2288.34ms
step:1372/2750 train_time:3139.599s step_avg:2288.34ms
step:1373/2750 train_time:3141.885s step_avg:2288.34ms
step:1374/2750 train_time:3144.175s step_avg:2288.34ms
step:1375/2750 train_time:3146.455s step_avg:2288.33ms
step:1375/2750 val_loss:3.52504 train_time:3146.455s step_avg:2285.76ms
step:1376/2750 train_time:3148.746s step_avg:2288.33ms
step:1377/2750 train_time:3151.038s step_avg:2288.34ms
step:1378/2750 train_time:3153.323s step_avg:2288.33ms
step:1379/2750 train_time:3155.604s step_avg:2288.33ms
step:1380/2750 train_time:3157.889s step_avg:2288.33ms
step:1381/2750 train_time:3160.176s step_avg:2288.32ms
step:1382/2750 train_time:3162.459s step_avg:2288.32ms
step:1383/2750 train_time:3164.744s step_avg:2288.32ms
step:1384/2750 train_time:3167.033s step_avg:2288.32ms
step:1385/2750 train_time:3169.317s step_avg:2288.32ms
step:1386/2750 train_time:3171.605s step_avg:2288.32ms
step:1387/2750 train_time:3173.896s step_avg:2288.32ms
step:1388/2750 train_time:3176.178s step_avg:2288.31ms
step:1389/2750 train_time:3178.469s step_avg:2288.31ms
step:1390/2750 train_time:3180.755s step_avg:2288.31ms
step:1391/2750 train_time:3183.038s step_avg:2288.31ms
step:1392/2750 train_time:3185.325s step_avg:2288.31ms
step:1393/2750 train_time:3187.616s step_avg:2288.31ms
step:1394/2750 train_time:3189.897s step_avg:2288.31ms
step:1395/2750 train_time:3192.184s step_avg:2288.30ms
step:1396/2750 train_time:3194.472s step_avg:2288.30ms
step:1397/2750 train_time:3196.756s step_avg:2288.30ms
step:1398/2750 train_time:3199.044s step_avg:2288.30ms
step:1399/2750 train_time:3201.334s step_avg:2288.30ms
step:1400/2750 train_time:3203.614s step_avg:2288.30ms
step:1401/2750 train_time:3205.904s step_avg:2288.30ms
step:1402/2750 train_time:3208.191s step_avg:2288.30ms
step:1403/2750 train_time:3210.472s step_avg:2288.29ms
step:1404/2750 train_time:3212.757s step_avg:2288.29ms
step:1405/2750 train_time:3215.040s step_avg:2288.28ms
step:1406/2750 train_time:3217.326s step_avg:2288.28ms
step:1407/2750 train_time:3219.614s step_avg:2288.28ms
step:1408/2750 train_time:3221.895s step_avg:2288.28ms
step:1409/2750 train_time:3224.176s step_avg:2288.27ms
step:1410/2750 train_time:3226.462s step_avg:2288.27ms
step:1411/2750 train_time:3228.748s step_avg:2288.27ms
step:1412/2750 train_time:3231.034s step_avg:2288.27ms
step:1413/2750 train_time:3233.318s step_avg:2288.26ms
step:1414/2750 train_time:3235.601s step_avg:2288.26ms
step:1415/2750 train_time:3237.887s step_avg:2288.26ms
step:1416/2750 train_time:3240.174s step_avg:2288.26ms
step:1417/2750 train_time:3242.462s step_avg:2288.26ms
step:1418/2750 train_time:3244.746s step_avg:2288.26ms
step:1419/2750 train_time:3247.028s step_avg:2288.25ms
step:1420/2750 train_time:3249.313s step_avg:2288.25ms
step:1421/2750 train_time:3251.599s step_avg:2288.25ms
step:1422/2750 train_time:3253.879s step_avg:2288.24ms
step:1423/2750 train_time:3256.166s step_avg:2288.24ms
step:1424/2750 train_time:3258.455s step_avg:2288.24ms
step:1425/2750 train_time:3260.735s step_avg:2288.24ms
step:1426/2750 train_time:3263.025s step_avg:2288.24ms
step:1427/2750 train_time:3265.318s step_avg:2288.24ms
step:1428/2750 train_time:3267.600s step_avg:2288.24ms
step:1429/2750 train_time:3269.886s step_avg:2288.23ms
step:1430/2750 train_time:3272.174s step_avg:2288.23ms
step:1431/2750 train_time:3274.454s step_avg:2288.23ms
step:1432/2750 train_time:3276.750s step_avg:2288.23ms
step:1433/2750 train_time:3279.038s step_avg:2288.23ms
step:1434/2750 train_time:3281.322s step_avg:2288.23ms
step:1435/2750 train_time:3283.607s step_avg:2288.23ms
step:1436/2750 train_time:3285.895s step_avg:2288.23ms
step:1437/2750 train_time:3288.176s step_avg:2288.22ms
step:1438/2750 train_time:3290.463s step_avg:2288.22ms
step:1439/2750 train_time:3292.752s step_avg:2288.22ms
step:1440/2750 train_time:3295.038s step_avg:2288.22ms
step:1441/2750 train_time:3297.325s step_avg:2288.22ms
step:1442/2750 train_time:3299.609s step_avg:2288.22ms
step:1443/2750 train_time:3301.889s step_avg:2288.21ms
step:1444/2750 train_time:3304.174s step_avg:2288.21ms
step:1445/2750 train_time:3306.458s step_avg:2288.21ms
step:1446/2750 train_time:3308.739s step_avg:2288.20ms
step:1447/2750 train_time:3311.029s step_avg:2288.20ms
step:1448/2750 train_time:3313.318s step_avg:2288.20ms
step:1449/2750 train_time:3315.603s step_avg:2288.20ms
step:1450/2750 train_time:3317.890s step_avg:2288.20ms
step:1451/2750 train_time:3320.174s step_avg:2288.20ms
step:1452/2750 train_time:3322.458s step_avg:2288.19ms
step:1453/2750 train_time:3324.746s step_avg:2288.19ms
step:1454/2750 train_time:3327.035s step_avg:2288.19ms
step:1455/2750 train_time:3329.318s step_avg:2288.19ms
step:1456/2750 train_time:3331.606s step_avg:2288.19ms
step:1457/2750 train_time:3333.895s step_avg:2288.19ms
step:1458/2750 train_time:3336.181s step_avg:2288.19ms
step:1459/2750 train_time:3338.470s step_avg:2288.19ms
step:1460/2750 train_time:3340.754s step_avg:2288.19ms
step:1461/2750 train_time:3343.038s step_avg:2288.18ms
step:1462/2750 train_time:3345.321s step_avg:2288.18ms
step:1463/2750 train_time:3347.604s step_avg:2288.18ms
step:1464/2750 train_time:3349.887s step_avg:2288.17ms
step:1465/2750 train_time:3352.169s step_avg:2288.17ms
step:1466/2750 train_time:3354.453s step_avg:2288.17ms
step:1467/2750 train_time:3356.751s step_avg:2288.17ms
step:1468/2750 train_time:3359.035s step_avg:2288.17ms
step:1469/2750 train_time:3361.321s step_avg:2288.17ms
step:1470/2750 train_time:3363.606s step_avg:2288.17ms
step:1471/2750 train_time:3365.888s step_avg:2288.16ms
step:1472/2750 train_time:3368.174s step_avg:2288.16ms
step:1473/2750 train_time:3370.459s step_avg:2288.16ms
step:1474/2750 train_time:3372.744s step_avg:2288.16ms
step:1475/2750 train_time:3375.032s step_avg:2288.16ms
step:1476/2750 train_time:3377.321s step_avg:2288.16ms
step:1477/2750 train_time:3379.604s step_avg:2288.15ms
step:1478/2750 train_time:3381.891s step_avg:2288.15ms
step:1479/2750 train_time:3384.180s step_avg:2288.15ms
step:1480/2750 train_time:3386.459s step_avg:2288.15ms
step:1481/2750 train_time:3388.744s step_avg:2288.15ms
step:1482/2750 train_time:3391.033s step_avg:2288.15ms
step:1483/2750 train_time:3393.320s step_avg:2288.15ms
step:1484/2750 train_time:3395.606s step_avg:2288.14ms
step:1485/2750 train_time:3397.896s step_avg:2288.15ms
step:1486/2750 train_time:3400.178s step_avg:2288.14ms
step:1487/2750 train_time:3402.468s step_avg:2288.14ms
step:1488/2750 train_time:3404.755s step_avg:2288.14ms
step:1489/2750 train_time:3407.033s step_avg:2288.14ms
step:1490/2750 train_time:3409.320s step_avg:2288.13ms
step:1491/2750 train_time:3411.601s step_avg:2288.13ms
step:1492/2750 train_time:3413.884s step_avg:2288.13ms
step:1493/2750 train_time:3416.171s step_avg:2288.13ms
step:1494/2750 train_time:3418.460s step_avg:2288.13ms
step:1495/2750 train_time:3420.746s step_avg:2288.12ms
step:1496/2750 train_time:3423.032s step_avg:2288.12ms
step:1497/2750 train_time:3425.315s step_avg:2288.12ms
step:1498/2750 train_time:3427.600s step_avg:2288.12ms
step:1499/2750 train_time:3429.889s step_avg:2288.12ms
step:1500/2750 train_time:3432.176s step_avg:2288.12ms
step:1500/2750 val_loss:3.49575 train_time:3432.176s step_avg:2285.76ms
step:1501/2750 train_time:3434.470s step_avg:2288.12ms
step:1502/2750 train_time:3436.755s step_avg:2288.12ms
step:1503/2750 train_time:3439.042s step_avg:2288.12ms
step:1504/2750 train_time:3441.331s step_avg:2288.12ms
step:1505/2750 train_time:3443.616s step_avg:2288.12ms
step:1506/2750 train_time:3445.905s step_avg:2288.12ms
step:1507/2750 train_time:3448.192s step_avg:2288.12ms
step:1508/2750 train_time:3450.475s step_avg:2288.11ms
step:1509/2750 train_time:3452.761s step_avg:2288.11ms
step:1510/2750 train_time:3455.045s step_avg:2288.11ms
step:1511/2750 train_time:3457.326s step_avg:2288.10ms
step:1512/2750 train_time:3459.612s step_avg:2288.10ms
step:1513/2750 train_time:3461.901s step_avg:2288.10ms
step:1514/2750 train_time:3464.183s step_avg:2288.10ms
step:1515/2750 train_time:3466.468s step_avg:2288.10ms
step:1516/2750 train_time:3468.756s step_avg:2288.10ms
step:1517/2750 train_time:3471.036s step_avg:2288.09ms
step:1518/2750 train_time:3473.325s step_avg:2288.09ms
step:1519/2750 train_time:3475.614s step_avg:2288.09ms
step:1520/2750 train_time:3477.898s step_avg:2288.09ms
step:1521/2750 train_time:3480.205s step_avg:2288.10ms
step:1522/2750 train_time:3482.491s step_avg:2288.10ms
step:1523/2750 train_time:3484.778s step_avg:2288.10ms
step:1524/2750 train_time:3487.065s step_avg:2288.10ms
step:1525/2750 train_time:3489.355s step_avg:2288.10ms
step:1526/2750 train_time:3491.646s step_avg:2288.10ms
step:1527/2750 train_time:3493.937s step_avg:2288.11ms
step:1528/2750 train_time:3496.221s step_avg:2288.10ms
step:1529/2750 train_time:3498.508s step_avg:2288.10ms
step:1530/2750 train_time:3500.797s step_avg:2288.10ms
step:1531/2750 train_time:3503.080s step_avg:2288.10ms
step:1532/2750 train_time:3505.367s step_avg:2288.10ms
step:1533/2750 train_time:3507.647s step_avg:2288.09ms
step:1534/2750 train_time:3509.933s step_avg:2288.09ms
step:1535/2750 train_time:3512.219s step_avg:2288.09ms
step:1536/2750 train_time:3514.506s step_avg:2288.09ms
step:1537/2750 train_time:3516.794s step_avg:2288.09ms
step:1538/2750 train_time:3519.076s step_avg:2288.09ms
step:1539/2750 train_time:3521.361s step_avg:2288.08ms
step:1540/2750 train_time:3523.651s step_avg:2288.08ms
step:1541/2750 train_time:3525.938s step_avg:2288.08ms
step:1542/2750 train_time:3528.225s step_avg:2288.08ms
step:1543/2750 train_time:3530.508s step_avg:2288.08ms
step:1544/2750 train_time:3532.795s step_avg:2288.08ms
step:1545/2750 train_time:3535.077s step_avg:2288.08ms
step:1546/2750 train_time:3537.363s step_avg:2288.07ms
step:1547/2750 train_time:3539.640s step_avg:2288.07ms
step:1548/2750 train_time:3541.929s step_avg:2288.07ms
step:1549/2750 train_time:3544.217s step_avg:2288.07ms
step:1550/2750 train_time:3546.499s step_avg:2288.06ms
step:1551/2750 train_time:3548.784s step_avg:2288.06ms
step:1552/2750 train_time:3551.068s step_avg:2288.06ms
step:1553/2750 train_time:3553.355s step_avg:2288.06ms
step:1554/2750 train_time:3555.645s step_avg:2288.06ms
step:1555/2750 train_time:3557.945s step_avg:2288.07ms
step:1556/2750 train_time:3560.226s step_avg:2288.06ms
step:1557/2750 train_time:3562.511s step_avg:2288.06ms
step:1558/2750 train_time:3564.799s step_avg:2288.06ms
step:1559/2750 train_time:3567.080s step_avg:2288.06ms
step:1560/2750 train_time:3569.368s step_avg:2288.06ms
step:1561/2750 train_time:3571.655s step_avg:2288.06ms
step:1562/2750 train_time:3573.936s step_avg:2288.05ms
step:1563/2750 train_time:3576.230s step_avg:2288.05ms
step:1564/2750 train_time:3578.519s step_avg:2288.06ms
step:1565/2750 train_time:3580.799s step_avg:2288.05ms
step:1566/2750 train_time:3583.084s step_avg:2288.05ms
step:1567/2750 train_time:3585.369s step_avg:2288.05ms
step:1568/2750 train_time:3587.657s step_avg:2288.05ms
step:1569/2750 train_time:3589.945s step_avg:2288.05ms
step:1570/2750 train_time:3592.237s step_avg:2288.05ms
step:1571/2750 train_time:3594.516s step_avg:2288.04ms
step:1572/2750 train_time:3596.801s step_avg:2288.04ms
step:1573/2750 train_time:3599.084s step_avg:2288.04ms
step:1574/2750 train_time:3601.370s step_avg:2288.04ms
step:1575/2750 train_time:3603.658s step_avg:2288.04ms
step:1576/2750 train_time:3605.943s step_avg:2288.04ms
step:1577/2750 train_time:3608.226s step_avg:2288.03ms
step:1578/2750 train_time:3610.517s step_avg:2288.03ms
step:1579/2750 train_time:3612.802s step_avg:2288.03ms
step:1580/2750 train_time:3615.087s step_avg:2288.03ms
step:1581/2750 train_time:3617.377s step_avg:2288.03ms
step:1582/2750 train_time:3619.658s step_avg:2288.03ms
step:1583/2750 train_time:3621.942s step_avg:2288.02ms
step:1584/2750 train_time:3624.227s step_avg:2288.02ms
step:1585/2750 train_time:3626.516s step_avg:2288.02ms
step:1586/2750 train_time:3628.800s step_avg:2288.02ms
step:1587/2750 train_time:3631.086s step_avg:2288.02ms
step:1588/2750 train_time:3633.370s step_avg:2288.02ms
step:1589/2750 train_time:3635.655s step_avg:2288.01ms
step:1590/2750 train_time:3637.939s step_avg:2288.01ms
step:1591/2750 train_time:3640.227s step_avg:2288.01ms
step:1592/2750 train_time:3642.509s step_avg:2288.01ms
step:1593/2750 train_time:3644.795s step_avg:2288.01ms
step:1594/2750 train_time:3647.082s step_avg:2288.01ms
step:1595/2750 train_time:3649.366s step_avg:2288.00ms
step:1596/2750 train_time:3651.649s step_avg:2288.00ms
step:1597/2750 train_time:3653.932s step_avg:2288.00ms
step:1598/2750 train_time:3656.218s step_avg:2288.00ms
step:1599/2750 train_time:3658.500s step_avg:2287.99ms
step:1600/2750 train_time:3660.785s step_avg:2287.99ms
step:1601/2750 train_time:3663.068s step_avg:2287.99ms
step:1602/2750 train_time:3665.355s step_avg:2287.99ms
step:1603/2750 train_time:3667.643s step_avg:2287.99ms
step:1604/2750 train_time:3669.927s step_avg:2287.98ms
step:1605/2750 train_time:3672.213s step_avg:2287.98ms
step:1606/2750 train_time:3674.499s step_avg:2287.98ms
step:1607/2750 train_time:3676.779s step_avg:2287.98ms
step:1608/2750 train_time:3679.063s step_avg:2287.97ms
step:1609/2750 train_time:3681.348s step_avg:2287.97ms
step:1610/2750 train_time:3683.634s step_avg:2287.97ms
step:1611/2750 train_time:3685.920s step_avg:2287.97ms
step:1612/2750 train_time:3688.208s step_avg:2287.97ms
step:1613/2750 train_time:3690.498s step_avg:2287.97ms
step:1614/2750 train_time:3692.783s step_avg:2287.97ms
step:1615/2750 train_time:3695.068s step_avg:2287.97ms
step:1616/2750 train_time:3697.354s step_avg:2287.97ms
step:1617/2750 train_time:3699.641s step_avg:2287.97ms
step:1618/2750 train_time:3701.927s step_avg:2287.97ms
step:1619/2750 train_time:3704.211s step_avg:2287.96ms
step:1620/2750 train_time:3706.498s step_avg:2287.96ms
step:1621/2750 train_time:3708.787s step_avg:2287.96ms
step:1622/2750 train_time:3711.073s step_avg:2287.96ms
step:1623/2750 train_time:3713.358s step_avg:2287.96ms
step:1624/2750 train_time:3715.641s step_avg:2287.96ms
step:1625/2750 train_time:3717.927s step_avg:2287.96ms
step:1625/2750 val_loss:3.47078 train_time:3717.927s step_avg:2286.01ms
step:1626/2750 train_time:3720.225s step_avg:2287.96ms
step:1627/2750 train_time:3722.508s step_avg:2287.96ms
step:1628/2750 train_time:3724.799s step_avg:2287.96ms
step:1629/2750 train_time:3727.086s step_avg:2287.96ms
step:1630/2750 train_time:3729.367s step_avg:2287.95ms
step:1631/2750 train_time:3731.656s step_avg:2287.96ms
step:1632/2750 train_time:3733.944s step_avg:2287.96ms
step:1633/2750 train_time:3736.226s step_avg:2287.95ms
step:1634/2750 train_time:3738.513s step_avg:2287.95ms
step:1635/2750 train_time:3740.801s step_avg:2287.95ms
step:1636/2750 train_time:3743.082s step_avg:2287.95ms
step:1637/2750 train_time:3745.370s step_avg:2287.95ms
step:1638/2750 train_time:3747.660s step_avg:2287.95ms
step:1639/2750 train_time:3749.944s step_avg:2287.95ms
step:1640/2750 train_time:3752.232s step_avg:2287.95ms
step:1641/2750 train_time:3754.521s step_avg:2287.95ms
step:1642/2750 train_time:3756.802s step_avg:2287.94ms
step:1643/2750 train_time:3759.091s step_avg:2287.94ms
step:1644/2750 train_time:3761.379s step_avg:2287.94ms
step:1645/2750 train_time:3763.662s step_avg:2287.94ms
step:1646/2750 train_time:3765.952s step_avg:2287.94ms
step:1647/2750 train_time:3768.240s step_avg:2287.94ms
step:1648/2750 train_time:3770.518s step_avg:2287.94ms
step:1649/2750 train_time:3772.807s step_avg:2287.94ms
step:1650/2750 train_time:3775.097s step_avg:2287.94ms
step:1651/2750 train_time:3777.380s step_avg:2287.93ms
step:1652/2750 train_time:3779.669s step_avg:2287.94ms
step:1653/2750 train_time:3781.957s step_avg:2287.94ms
step:1654/2750 train_time:3784.241s step_avg:2287.93ms
step:1655/2750 train_time:3786.532s step_avg:2287.93ms
step:1656/2750 train_time:3788.823s step_avg:2287.94ms
step:1657/2750 train_time:3791.106s step_avg:2287.93ms
step:1658/2750 train_time:3793.395s step_avg:2287.93ms
step:1659/2750 train_time:3795.685s step_avg:2287.94ms
step:1660/2750 train_time:3797.965s step_avg:2287.93ms
step:1661/2750 train_time:3800.251s step_avg:2287.93ms
step:1662/2750 train_time:3802.540s step_avg:2287.93ms
step:1663/2750 train_time:3804.821s step_avg:2287.93ms
step:1664/2750 train_time:3807.109s step_avg:2287.93ms
step:1665/2750 train_time:3809.400s step_avg:2287.93ms
step:1666/2750 train_time:3811.681s step_avg:2287.92ms
step:1667/2750 train_time:3813.971s step_avg:2287.92ms
step:1668/2750 train_time:3816.261s step_avg:2287.93ms
step:1669/2750 train_time:3818.543s step_avg:2287.92ms
step:1670/2750 train_time:3820.833s step_avg:2287.92ms
step:1671/2750 train_time:3823.120s step_avg:2287.92ms
step:1672/2750 train_time:3825.403s step_avg:2287.92ms
step:1673/2750 train_time:3827.689s step_avg:2287.92ms
step:1674/2750 train_time:3829.976s step_avg:2287.92ms
step:1675/2750 train_time:3832.261s step_avg:2287.92ms
step:1676/2750 train_time:3834.548s step_avg:2287.92ms
step:1677/2750 train_time:3836.835s step_avg:2287.92ms
step:1678/2750 train_time:3839.119s step_avg:2287.91ms
step:1679/2750 train_time:3841.410s step_avg:2287.92ms
step:1680/2750 train_time:3843.698s step_avg:2287.92ms
step:1681/2750 train_time:3845.981s step_avg:2287.91ms
step:1682/2750 train_time:3848.268s step_avg:2287.91ms
step:1683/2750 train_time:3850.551s step_avg:2287.91ms
step:1684/2750 train_time:3852.834s step_avg:2287.91ms
step:1685/2750 train_time:3855.122s step_avg:2287.91ms
step:1686/2750 train_time:3857.409s step_avg:2287.91ms
step:1687/2750 train_time:3859.696s step_avg:2287.90ms
step:1688/2750 train_time:3861.982s step_avg:2287.90ms
step:1689/2750 train_time:3864.265s step_avg:2287.90ms
step:1690/2750 train_time:3866.547s step_avg:2287.90ms
step:1691/2750 train_time:3868.833s step_avg:2287.90ms
step:1692/2750 train_time:3871.118s step_avg:2287.89ms
step:1693/2750 train_time:3873.403s step_avg:2287.89ms
step:1694/2750 train_time:3875.686s step_avg:2287.89ms
step:1695/2750 train_time:3877.979s step_avg:2287.89ms
step:1696/2750 train_time:3880.261s step_avg:2287.89ms
step:1697/2750 train_time:3882.545s step_avg:2287.89ms
step:1698/2750 train_time:3884.832s step_avg:2287.89ms
step:1699/2750 train_time:3887.118s step_avg:2287.89ms
step:1700/2750 train_time:3889.407s step_avg:2287.89ms
step:1701/2750 train_time:3891.692s step_avg:2287.88ms
step:1702/2750 train_time:3893.977s step_avg:2287.88ms
step:1703/2750 train_time:3896.260s step_avg:2287.88ms
step:1704/2750 train_time:3898.545s step_avg:2287.88ms
step:1705/2750 train_time:3900.833s step_avg:2287.88ms
step:1706/2750 train_time:3903.116s step_avg:2287.88ms
step:1707/2750 train_time:3905.402s step_avg:2287.87ms
step:1708/2750 train_time:3907.691s step_avg:2287.88ms
step:1709/2750 train_time:3909.975s step_avg:2287.87ms
step:1710/2750 train_time:3912.264s step_avg:2287.87ms
step:1711/2750 train_time:3914.565s step_avg:2287.88ms
step:1712/2750 train_time:3916.850s step_avg:2287.88ms
step:1713/2750 train_time:3919.136s step_avg:2287.88ms
step:1714/2750 train_time:3921.423s step_avg:2287.88ms
step:1715/2750 train_time:3923.706s step_avg:2287.88ms
step:1716/2750 train_time:3925.992s step_avg:2287.87ms
step:1717/2750 train_time:3928.275s step_avg:2287.87ms
step:1718/2750 train_time:3930.562s step_avg:2287.87ms
step:1719/2750 train_time:3932.847s step_avg:2287.87ms
step:1720/2750 train_time:3935.135s step_avg:2287.87ms
step:1721/2750 train_time:3937.430s step_avg:2287.87ms
step:1722/2750 train_time:3939.718s step_avg:2287.87ms
step:1723/2750 train_time:3942.006s step_avg:2287.87ms
step:1724/2750 train_time:3944.291s step_avg:2287.87ms
step:1725/2750 train_time:3946.579s step_avg:2287.87ms
step:1726/2750 train_time:3948.866s step_avg:2287.87ms
step:1727/2750 train_time:3951.149s step_avg:2287.87ms
step:1728/2750 train_time:3953.436s step_avg:2287.87ms
step:1729/2750 train_time:3955.722s step_avg:2287.87ms
step:1730/2750 train_time:3958.005s step_avg:2287.86ms
step:1731/2750 train_time:3960.292s step_avg:2287.86ms
step:1732/2750 train_time:3962.579s step_avg:2287.86ms
step:1733/2750 train_time:3964.867s step_avg:2287.86ms
step:1734/2750 train_time:3967.157s step_avg:2287.86ms
step:1735/2750 train_time:3969.440s step_avg:2287.86ms
step:1736/2750 train_time:3971.725s step_avg:2287.86ms
step:1737/2750 train_time:3974.009s step_avg:2287.86ms
step:1738/2750 train_time:3976.295s step_avg:2287.86ms
step:1739/2750 train_time:3978.579s step_avg:2287.85ms
step:1740/2750 train_time:3980.865s step_avg:2287.85ms
step:1741/2750 train_time:3983.152s step_avg:2287.85ms
step:1742/2750 train_time:3985.433s step_avg:2287.85ms
step:1743/2750 train_time:3987.721s step_avg:2287.85ms
step:1744/2750 train_time:3990.011s step_avg:2287.85ms
step:1745/2750 train_time:3992.290s step_avg:2287.85ms
step:1746/2750 train_time:3994.574s step_avg:2287.84ms
step:1747/2750 train_time:3996.865s step_avg:2287.84ms
step:1748/2750 train_time:3999.145s step_avg:2287.84ms
step:1749/2750 train_time:4001.433s step_avg:2287.84ms
step:1750/2750 train_time:4003.728s step_avg:2287.84ms
step:1750/2750 val_loss:3.44055 train_time:4003.728s step_avg:2286.41ms
step:1751/2750 train_time:4006.012s step_avg:2287.84ms
step:1752/2750 train_time:4008.300s step_avg:2287.84ms
step:1753/2750 train_time:4010.592s step_avg:2287.84ms
step:1754/2750 train_time:4012.879s step_avg:2287.84ms
step:1755/2750 train_time:4015.169s step_avg:2287.85ms
step:1756/2750 train_time:4017.452s step_avg:2287.84ms
step:1757/2750 train_time:4019.736s step_avg:2287.84ms
step:1758/2750 train_time:4022.024s step_avg:2287.84ms
step:1759/2750 train_time:4024.310s step_avg:2287.84ms
step:1760/2750 train_time:4026.596s step_avg:2287.84ms
step:1761/2750 train_time:4028.885s step_avg:2287.84ms
step:1762/2750 train_time:4031.171s step_avg:2287.84ms
step:1763/2750 train_time:4033.454s step_avg:2287.84ms
step:1764/2750 train_time:4035.742s step_avg:2287.84ms
step:1765/2750 train_time:4038.026s step_avg:2287.83ms
step:1766/2750 train_time:4040.310s step_avg:2287.83ms
step:1767/2750 train_time:4042.595s step_avg:2287.83ms
step:1768/2750 train_time:4044.884s step_avg:2287.83ms
step:1769/2750 train_time:4047.169s step_avg:2287.83ms
step:1770/2750 train_time:4049.457s step_avg:2287.83ms
step:1771/2750 train_time:4051.743s step_avg:2287.83ms
step:1772/2750 train_time:4054.027s step_avg:2287.83ms
step:1773/2750 train_time:4056.314s step_avg:2287.83ms
step:1774/2750 train_time:4058.601s step_avg:2287.82ms
step:1775/2750 train_time:4060.885s step_avg:2287.82ms
step:1776/2750 train_time:4063.174s step_avg:2287.82ms
step:1777/2750 train_time:4065.463s step_avg:2287.82ms
step:1778/2750 train_time:4067.750s step_avg:2287.82ms
step:1779/2750 train_time:4070.040s step_avg:2287.82ms
step:1780/2750 train_time:4072.328s step_avg:2287.82ms
step:1781/2750 train_time:4074.613s step_avg:2287.82ms
step:1782/2750 train_time:4076.904s step_avg:2287.83ms
step:1783/2750 train_time:4079.189s step_avg:2287.82ms
step:1784/2750 train_time:4081.468s step_avg:2287.82ms
step:1785/2750 train_time:4083.753s step_avg:2287.82ms
step:1786/2750 train_time:4086.038s step_avg:2287.82ms
step:1787/2750 train_time:4088.324s step_avg:2287.81ms
step:1788/2750 train_time:4090.607s step_avg:2287.81ms
step:1789/2750 train_time:4092.895s step_avg:2287.81ms
step:1790/2750 train_time:4095.182s step_avg:2287.81ms
step:1791/2750 train_time:4097.468s step_avg:2287.81ms
step:1792/2750 train_time:4099.754s step_avg:2287.81ms
step:1793/2750 train_time:4102.037s step_avg:2287.81ms
step:1794/2750 train_time:4104.319s step_avg:2287.80ms
step:1795/2750 train_time:4106.606s step_avg:2287.80ms
step:1796/2750 train_time:4108.895s step_avg:2287.80ms
step:1797/2750 train_time:4111.178s step_avg:2287.80ms
step:1798/2750 train_time:4113.465s step_avg:2287.80ms
step:1799/2750 train_time:4115.752s step_avg:2287.80ms
step:1800/2750 train_time:4118.033s step_avg:2287.80ms
step:1801/2750 train_time:4120.315s step_avg:2287.79ms
step:1802/2750 train_time:4122.604s step_avg:2287.79ms
step:1803/2750 train_time:4124.884s step_avg:2287.79ms
step:1804/2750 train_time:4127.173s step_avg:2287.79ms
step:1805/2750 train_time:4129.458s step_avg:2287.79ms
step:1806/2750 train_time:4131.745s step_avg:2287.79ms
step:1807/2750 train_time:4134.035s step_avg:2287.79ms
step:1808/2750 train_time:4136.319s step_avg:2287.79ms
step:1809/2750 train_time:4138.600s step_avg:2287.78ms
step:1810/2750 train_time:4140.888s step_avg:2287.78ms
step:1811/2750 train_time:4143.171s step_avg:2287.78ms
step:1812/2750 train_time:4145.456s step_avg:2287.78ms
step:1813/2750 train_time:4147.743s step_avg:2287.78ms
step:1814/2750 train_time:4150.030s step_avg:2287.78ms
step:1815/2750 train_time:4152.315s step_avg:2287.78ms
step:1816/2750 train_time:4154.605s step_avg:2287.78ms
step:1817/2750 train_time:4156.886s step_avg:2287.77ms
step:1818/2750 train_time:4159.171s step_avg:2287.77ms
step:1819/2750 train_time:4161.460s step_avg:2287.77ms
step:1820/2750 train_time:4163.747s step_avg:2287.77ms
step:1821/2750 train_time:4166.031s step_avg:2287.77ms
step:1822/2750 train_time:4168.317s step_avg:2287.77ms
step:1823/2750 train_time:4170.605s step_avg:2287.77ms
step:1824/2750 train_time:4172.888s step_avg:2287.77ms
step:1825/2750 train_time:4175.171s step_avg:2287.77ms
step:1826/2750 train_time:4177.461s step_avg:2287.77ms
step:1827/2750 train_time:4179.748s step_avg:2287.77ms
step:1828/2750 train_time:4182.029s step_avg:2287.76ms
step:1829/2750 train_time:4184.316s step_avg:2287.76ms
step:1830/2750 train_time:4186.601s step_avg:2287.76ms
step:1831/2750 train_time:4188.887s step_avg:2287.76ms
step:1832/2750 train_time:4191.175s step_avg:2287.76ms
step:1833/2750 train_time:4193.462s step_avg:2287.76ms
step:1834/2750 train_time:4195.750s step_avg:2287.76ms
step:1835/2750 train_time:4198.039s step_avg:2287.76ms
step:1836/2750 train_time:4200.328s step_avg:2287.76ms
step:1837/2750 train_time:4202.613s step_avg:2287.76ms
step:1838/2750 train_time:4204.905s step_avg:2287.76ms
step:1839/2750 train_time:4207.191s step_avg:2287.76ms
step:1840/2750 train_time:4209.476s step_avg:2287.76ms
step:1841/2750 train_time:4211.761s step_avg:2287.76ms
step:1842/2750 train_time:4214.043s step_avg:2287.75ms
step:1843/2750 train_time:4216.327s step_avg:2287.75ms
step:1844/2750 train_time:4218.612s step_avg:2287.75ms
step:1845/2750 train_time:4220.897s step_avg:2287.75ms
step:1846/2750 train_time:4223.177s step_avg:2287.74ms
step:1847/2750 train_time:4225.462s step_avg:2287.74ms
step:1848/2750 train_time:4227.753s step_avg:2287.75ms
step:1849/2750 train_time:4230.035s step_avg:2287.74ms
step:1850/2750 train_time:4232.320s step_avg:2287.74ms
step:1851/2750 train_time:4234.608s step_avg:2287.74ms
step:1852/2750 train_time:4236.888s step_avg:2287.74ms
step:1853/2750 train_time:4239.175s step_avg:2287.74ms
step:1854/2750 train_time:4241.460s step_avg:2287.73ms
step:1855/2750 train_time:4243.744s step_avg:2287.73ms
step:1856/2750 train_time:4246.031s step_avg:2287.73ms
step:1857/2750 train_time:4248.310s step_avg:2287.73ms
step:1858/2750 train_time:4250.594s step_avg:2287.73ms
step:1859/2750 train_time:4252.877s step_avg:2287.72ms
step:1860/2750 train_time:4255.164s step_avg:2287.72ms
step:1861/2750 train_time:4257.448s step_avg:2287.72ms
step:1862/2750 train_time:4259.732s step_avg:2287.72ms
step:1863/2750 train_time:4262.015s step_avg:2287.72ms
step:1864/2750 train_time:4264.297s step_avg:2287.71ms
step:1865/2750 train_time:4266.576s step_avg:2287.71ms
step:1866/2750 train_time:4268.859s step_avg:2287.71ms
step:1867/2750 train_time:4271.146s step_avg:2287.71ms
step:1868/2750 train_time:4273.428s step_avg:2287.70ms
step:1869/2750 train_time:4275.714s step_avg:2287.70ms
step:1870/2750 train_time:4278.001s step_avg:2287.70ms
step:1871/2750 train_time:4280.282s step_avg:2287.70ms
step:1872/2750 train_time:4282.570s step_avg:2287.70ms
step:1873/2750 train_time:4284.850s step_avg:2287.69ms
step:1874/2750 train_time:4287.133s step_avg:2287.69ms
step:1875/2750 train_time:4289.421s step_avg:2287.69ms
step:1875/2750 val_loss:3.41279 train_time:4289.422s step_avg:2285.55ms
step:1876/2750 train_time:4291.713s step_avg:2287.69ms
step:1877/2750 train_time:4293.998s step_avg:2287.69ms
step:1878/2750 train_time:4296.281s step_avg:2287.69ms
step:1879/2750 train_time:4298.569s step_avg:2287.69ms
step:1880/2750 train_time:4300.857s step_avg:2287.69ms
step:1881/2750 train_time:4303.140s step_avg:2287.69ms
step:1882/2750 train_time:4305.425s step_avg:2287.69ms
step:1883/2750 train_time:4307.716s step_avg:2287.69ms
step:1884/2750 train_time:4309.998s step_avg:2287.68ms
step:1885/2750 train_time:4312.282s step_avg:2287.68ms
step:1886/2750 train_time:4314.574s step_avg:2287.68ms
step:1887/2750 train_time:4316.851s step_avg:2287.68ms
step:1888/2750 train_time:4319.139s step_avg:2287.68ms
step:1889/2750 train_time:4321.432s step_avg:2287.68ms
step:1890/2750 train_time:4323.711s step_avg:2287.68ms
step:1891/2750 train_time:4326.000s step_avg:2287.68ms
step:1892/2750 train_time:4328.292s step_avg:2287.68ms
step:1893/2750 train_time:4330.574s step_avg:2287.68ms
step:1894/2750 train_time:4332.861s step_avg:2287.68ms
step:1895/2750 train_time:4335.151s step_avg:2287.68ms
step:1896/2750 train_time:4337.429s step_avg:2287.67ms
step:1897/2750 train_time:4339.718s step_avg:2287.67ms
step:1898/2750 train_time:4342.007s step_avg:2287.67ms
step:1899/2750 train_time:4344.289s step_avg:2287.67ms
step:1900/2750 train_time:4346.581s step_avg:2287.67ms
step:1901/2750 train_time:4348.881s step_avg:2287.68ms
step:1902/2750 train_time:4351.165s step_avg:2287.68ms
step:1903/2750 train_time:4353.451s step_avg:2287.68ms
step:1904/2750 train_time:4355.742s step_avg:2287.68ms
step:1905/2750 train_time:4358.029s step_avg:2287.68ms
step:1906/2750 train_time:4360.315s step_avg:2287.68ms
step:1907/2750 train_time:4362.599s step_avg:2287.68ms
step:1908/2750 train_time:4364.884s step_avg:2287.68ms
step:1909/2750 train_time:4367.171s step_avg:2287.67ms
step:1910/2750 train_time:4369.457s step_avg:2287.67ms
step:1911/2750 train_time:4371.741s step_avg:2287.67ms
step:1912/2750 train_time:4374.028s step_avg:2287.67ms
step:1913/2750 train_time:4376.317s step_avg:2287.67ms
step:1914/2750 train_time:4378.598s step_avg:2287.67ms
step:1915/2750 train_time:4380.884s step_avg:2287.67ms
step:1916/2750 train_time:4383.173s step_avg:2287.67ms
step:1917/2750 train_time:4385.454s step_avg:2287.66ms
step:1918/2750 train_time:4387.739s step_avg:2287.66ms
step:1919/2750 train_time:4390.029s step_avg:2287.66ms
step:1920/2750 train_time:4392.313s step_avg:2287.66ms
step:1921/2750 train_time:4394.598s step_avg:2287.66ms
step:1922/2750 train_time:4396.882s step_avg:2287.66ms
step:1923/2750 train_time:4399.165s step_avg:2287.66ms
step:1924/2750 train_time:4401.454s step_avg:2287.66ms
step:1925/2750 train_time:4403.734s step_avg:2287.65ms
step:1926/2750 train_time:4406.016s step_avg:2287.65ms
step:1927/2750 train_time:4408.303s step_avg:2287.65ms
step:1928/2750 train_time:4410.589s step_avg:2287.65ms
step:1929/2750 train_time:4412.874s step_avg:2287.65ms
step:1930/2750 train_time:4415.163s step_avg:2287.65ms
step:1931/2750 train_time:4417.446s step_avg:2287.65ms
step:1932/2750 train_time:4419.730s step_avg:2287.64ms
step:1933/2750 train_time:4422.016s step_avg:2287.64ms
step:1934/2750 train_time:4424.303s step_avg:2287.64ms
step:1935/2750 train_time:4426.588s step_avg:2287.64ms
step:1936/2750 train_time:4428.874s step_avg:2287.64ms
step:1937/2750 train_time:4431.161s step_avg:2287.64ms
step:1938/2750 train_time:4433.449s step_avg:2287.64ms
step:1939/2750 train_time:4435.732s step_avg:2287.64ms
step:1940/2750 train_time:4438.016s step_avg:2287.64ms
step:1941/2750 train_time:4440.302s step_avg:2287.64ms
step:1942/2750 train_time:4442.586s step_avg:2287.63ms
step:1943/2750 train_time:4444.868s step_avg:2287.63ms
step:1944/2750 train_time:4447.160s step_avg:2287.63ms
step:1945/2750 train_time:4449.441s step_avg:2287.63ms
step:1946/2750 train_time:4451.728s step_avg:2287.63ms
step:1947/2750 train_time:4454.019s step_avg:2287.63ms
step:1948/2750 train_time:4456.302s step_avg:2287.63ms
step:1949/2750 train_time:4458.587s step_avg:2287.63ms
step:1950/2750 train_time:4460.875s step_avg:2287.63ms
step:1951/2750 train_time:4463.153s step_avg:2287.62ms
step:1952/2750 train_time:4465.440s step_avg:2287.62ms
step:1953/2750 train_time:4467.728s step_avg:2287.62ms
step:1954/2750 train_time:4470.007s step_avg:2287.62ms
step:1955/2750 train_time:4472.293s step_avg:2287.62ms
step:1956/2750 train_time:4474.570s step_avg:2287.61ms
step:1957/2750 train_time:4476.849s step_avg:2287.61ms
step:1958/2750 train_time:4479.130s step_avg:2287.60ms
step:1959/2750 train_time:4481.411s step_avg:2287.60ms
step:1960/2750 train_time:4483.697s step_avg:2287.60ms
step:1961/2750 train_time:4485.978s step_avg:2287.60ms
step:1962/2750 train_time:4488.261s step_avg:2287.59ms
step:1963/2750 train_time:4490.548s step_avg:2287.59ms
step:1964/2750 train_time:4492.827s step_avg:2287.59ms
step:1965/2750 train_time:4495.115s step_avg:2287.59ms
step:1966/2750 train_time:4497.396s step_avg:2287.59ms
step:1967/2750 train_time:4499.678s step_avg:2287.58ms
step:1968/2750 train_time:4501.965s step_avg:2287.58ms
step:1969/2750 train_time:4504.248s step_avg:2287.58ms
step:1970/2750 train_time:4506.532s step_avg:2287.58ms
step:1971/2750 train_time:4508.822s step_avg:2287.58ms
step:1972/2750 train_time:4511.107s step_avg:2287.58ms
step:1973/2750 train_time:4513.392s step_avg:2287.58ms
step:1974/2750 train_time:4515.674s step_avg:2287.58ms
step:1975/2750 train_time:4517.959s step_avg:2287.57ms
step:1976/2750 train_time:4520.240s step_avg:2287.57ms
step:1977/2750 train_time:4522.522s step_avg:2287.57ms
step:1978/2750 train_time:4524.809s step_avg:2287.57ms
step:1979/2750 train_time:4527.096s step_avg:2287.57ms
step:1980/2750 train_time:4529.375s step_avg:2287.56ms
step:1981/2750 train_time:4531.661s step_avg:2287.56ms
step:1982/2750 train_time:4533.946s step_avg:2287.56ms
step:1983/2750 train_time:4536.236s step_avg:2287.56ms
step:1984/2750 train_time:4538.519s step_avg:2287.56ms
step:1985/2750 train_time:4540.802s step_avg:2287.56ms
step:1986/2750 train_time:4543.091s step_avg:2287.56ms
step:1987/2750 train_time:4545.377s step_avg:2287.56ms
step:1988/2750 train_time:4547.659s step_avg:2287.55ms
step:1989/2750 train_time:4549.942s step_avg:2287.55ms
step:1990/2750 train_time:4552.230s step_avg:2287.55ms
step:1991/2750 train_time:4554.512s step_avg:2287.55ms
step:1992/2750 train_time:4556.796s step_avg:2287.55ms
step:1993/2750 train_time:4559.082s step_avg:2287.55ms
step:1994/2750 train_time:4561.369s step_avg:2287.55ms
step:1995/2750 train_time:4563.652s step_avg:2287.54ms
step:1996/2750 train_time:4565.941s step_avg:2287.55ms
step:1997/2750 train_time:4568.228s step_avg:2287.55ms
step:1998/2750 train_time:4570.512s step_avg:2287.54ms
step:1999/2750 train_time:4572.802s step_avg:2287.55ms
step:2000/2750 train_time:4575.091s step_avg:2287.55ms
step:2000/2750 val_loss:3.38216 train_time:4575.091s step_avg:2285.36ms
step:2001/2750 train_time:4577.386s step_avg:2287.55ms
step:2002/2750 train_time:4579.673s step_avg:2287.55ms
step:2003/2750 train_time:4581.965s step_avg:2287.55ms
step:2004/2750 train_time:4584.253s step_avg:2287.55ms
step:2005/2750 train_time:4586.546s step_avg:2287.55ms
step:2006/2750 train_time:4588.834s step_avg:2287.55ms
step:2007/2750 train_time:4591.124s step_avg:2287.56ms
step:2008/2750 train_time:4593.415s step_avg:2287.56ms
step:2009/2750 train_time:4595.707s step_avg:2287.56ms
step:2010/2750 train_time:4597.992s step_avg:2287.56ms
step:2011/2750 train_time:4600.286s step_avg:2287.56ms
step:2012/2750 train_time:4602.579s step_avg:2287.56ms
step:2013/2750 train_time:4604.864s step_avg:2287.56ms
step:2014/2750 train_time:4607.153s step_avg:2287.56ms
step:2015/2750 train_time:4609.441s step_avg:2287.56ms
step:2016/2750 train_time:4611.726s step_avg:2287.56ms
step:2017/2750 train_time:4614.013s step_avg:2287.56ms
step:2018/2750 train_time:4616.301s step_avg:2287.56ms
step:2019/2750 train_time:4618.588s step_avg:2287.56ms
step:2020/2750 train_time:4620.878s step_avg:2287.56ms
step:2021/2750 train_time:4623.165s step_avg:2287.56ms
step:2022/2750 train_time:4625.451s step_avg:2287.56ms
step:2023/2750 train_time:4627.740s step_avg:2287.56ms
step:2024/2750 train_time:4630.032s step_avg:2287.57ms
step:2025/2750 train_time:4632.321s step_avg:2287.57ms
step:2026/2750 train_time:4634.612s step_avg:2287.57ms
step:2027/2750 train_time:4636.898s step_avg:2287.57ms
step:2028/2750 train_time:4639.186s step_avg:2287.57ms
step:2029/2750 train_time:4641.473s step_avg:2287.57ms
step:2030/2750 train_time:4643.759s step_avg:2287.57ms
step:2031/2750 train_time:4646.050s step_avg:2287.57ms
step:2032/2750 train_time:4648.332s step_avg:2287.57ms
step:2033/2750 train_time:4650.618s step_avg:2287.56ms
step:2034/2750 train_time:4652.906s step_avg:2287.56ms
step:2035/2750 train_time:4655.197s step_avg:2287.57ms
step:2036/2750 train_time:4657.486s step_avg:2287.57ms
step:2037/2750 train_time:4659.778s step_avg:2287.57ms
step:2038/2750 train_time:4662.068s step_avg:2287.57ms
step:2039/2750 train_time:4664.351s step_avg:2287.57ms
step:2040/2750 train_time:4666.638s step_avg:2287.57ms
step:2041/2750 train_time:4668.923s step_avg:2287.57ms
step:2042/2750 train_time:4671.206s step_avg:2287.56ms
step:2043/2750 train_time:4673.496s step_avg:2287.57ms
step:2044/2750 train_time:4675.786s step_avg:2287.57ms
step:2045/2750 train_time:4678.072s step_avg:2287.57ms
step:2046/2750 train_time:4680.362s step_avg:2287.57ms
step:2047/2750 train_time:4682.654s step_avg:2287.57ms
step:2048/2750 train_time:4684.937s step_avg:2287.57ms
step:2049/2750 train_time:4687.223s step_avg:2287.57ms
step:2050/2750 train_time:4689.513s step_avg:2287.57ms
step:2051/2750 train_time:4691.797s step_avg:2287.57ms
step:2052/2750 train_time:4694.082s step_avg:2287.56ms
step:2053/2750 train_time:4696.372s step_avg:2287.57ms
step:2054/2750 train_time:4698.657s step_avg:2287.56ms
step:2055/2750 train_time:4700.947s step_avg:2287.57ms
step:2056/2750 train_time:4703.236s step_avg:2287.57ms
step:2057/2750 train_time:4705.523s step_avg:2287.57ms
step:2058/2750 train_time:4707.810s step_avg:2287.57ms
step:2059/2750 train_time:4710.099s step_avg:2287.57ms
step:2060/2750 train_time:4712.383s step_avg:2287.56ms
step:2061/2750 train_time:4714.671s step_avg:2287.56ms
step:2062/2750 train_time:4716.959s step_avg:2287.56ms
step:2063/2750 train_time:4719.243s step_avg:2287.56ms
step:2064/2750 train_time:4721.531s step_avg:2287.56ms
step:2065/2750 train_time:4723.821s step_avg:2287.56ms
step:2066/2750 train_time:4726.106s step_avg:2287.56ms
step:2067/2750 train_time:4728.394s step_avg:2287.56ms
step:2068/2750 train_time:4730.687s step_avg:2287.57ms
step:2069/2750 train_time:4732.972s step_avg:2287.56ms
step:2070/2750 train_time:4735.259s step_avg:2287.56ms
step:2071/2750 train_time:4737.548s step_avg:2287.57ms
step:2072/2750 train_time:4739.831s step_avg:2287.56ms
step:2073/2750 train_time:4742.114s step_avg:2287.56ms
step:2074/2750 train_time:4744.403s step_avg:2287.56ms
step:2075/2750 train_time:4746.690s step_avg:2287.56ms
step:2076/2750 train_time:4748.981s step_avg:2287.56ms
step:2077/2750 train_time:4751.269s step_avg:2287.56ms
step:2078/2750 train_time:4753.554s step_avg:2287.56ms
step:2079/2750 train_time:4755.842s step_avg:2287.56ms
step:2080/2750 train_time:4758.130s step_avg:2287.56ms
step:2081/2750 train_time:4760.422s step_avg:2287.56ms
step:2082/2750 train_time:4762.711s step_avg:2287.57ms
step:2083/2750 train_time:4764.998s step_avg:2287.57ms
step:2084/2750 train_time:4767.289s step_avg:2287.57ms
step:2085/2750 train_time:4769.575s step_avg:2287.57ms
step:2086/2750 train_time:4771.865s step_avg:2287.57ms
step:2087/2750 train_time:4774.154s step_avg:2287.57ms
step:2088/2750 train_time:4776.435s step_avg:2287.56ms
step:2089/2750 train_time:4778.723s step_avg:2287.56ms
step:2090/2750 train_time:4781.013s step_avg:2287.57ms
step:2091/2750 train_time:4783.324s step_avg:2287.58ms
step:2092/2750 train_time:4785.608s step_avg:2287.58ms
step:2093/2750 train_time:4787.903s step_avg:2287.58ms
step:2094/2750 train_time:4790.191s step_avg:2287.58ms
step:2095/2750 train_time:4792.480s step_avg:2287.58ms
step:2096/2750 train_time:4794.769s step_avg:2287.58ms
step:2097/2750 train_time:4797.057s step_avg:2287.58ms
step:2098/2750 train_time:4799.345s step_avg:2287.58ms
step:2099/2750 train_time:4801.635s step_avg:2287.58ms
step:2100/2750 train_time:4803.926s step_avg:2287.58ms
step:2101/2750 train_time:4806.217s step_avg:2287.59ms
step:2102/2750 train_time:4808.502s step_avg:2287.58ms
step:2103/2750 train_time:4810.790s step_avg:2287.58ms
step:2104/2750 train_time:4813.081s step_avg:2287.59ms
step:2105/2750 train_time:4815.374s step_avg:2287.59ms
step:2106/2750 train_time:4817.658s step_avg:2287.59ms
step:2107/2750 train_time:4819.944s step_avg:2287.59ms
step:2108/2750 train_time:4822.231s step_avg:2287.59ms
step:2109/2750 train_time:4824.518s step_avg:2287.59ms
step:2110/2750 train_time:4826.803s step_avg:2287.58ms
step:2111/2750 train_time:4829.097s step_avg:2287.59ms
step:2112/2750 train_time:4831.380s step_avg:2287.59ms
step:2113/2750 train_time:4833.668s step_avg:2287.59ms
step:2114/2750 train_time:4835.961s step_avg:2287.59ms
step:2115/2750 train_time:4838.250s step_avg:2287.59ms
step:2116/2750 train_time:4840.537s step_avg:2287.59ms
step:2117/2750 train_time:4842.820s step_avg:2287.59ms
step:2118/2750 train_time:4845.104s step_avg:2287.58ms
step:2119/2750 train_time:4847.390s step_avg:2287.58ms
step:2120/2750 train_time:4849.682s step_avg:2287.59ms
step:2121/2750 train_time:4851.971s step_avg:2287.59ms
step:2122/2750 train_time:4854.256s step_avg:2287.59ms
step:2123/2750 train_time:4856.544s step_avg:2287.59ms
step:2124/2750 train_time:4858.832s step_avg:2287.59ms
step:2125/2750 train_time:4861.120s step_avg:2287.59ms
step:2125/2750 val_loss:3.33211 train_time:4861.121s step_avg:2288.24ms
step:2126/2750 train_time:4863.418s step_avg:2287.59ms
step:2127/2750 train_time:4865.706s step_avg:2287.59ms
step:2128/2750 train_time:4867.997s step_avg:2287.59ms
step:2129/2750 train_time:4870.286s step_avg:2287.59ms
step:2130/2750 train_time:4872.574s step_avg:2287.59ms
step:2131/2750 train_time:4874.862s step_avg:2287.59ms
step:2132/2750 train_time:4877.150s step_avg:2287.59ms
step:2133/2750 train_time:4879.444s step_avg:2287.60ms
step:2134/2750 train_time:4881.729s step_avg:2287.60ms
step:2135/2750 train_time:4884.018s step_avg:2287.60ms
step:2136/2750 train_time:4886.308s step_avg:2287.60ms
step:2137/2750 train_time:4888.593s step_avg:2287.60ms
step:2138/2750 train_time:4890.885s step_avg:2287.60ms
step:2139/2750 train_time:4893.174s step_avg:2287.60ms
step:2140/2750 train_time:4895.461s step_avg:2287.60ms
step:2141/2750 train_time:4897.744s step_avg:2287.60ms
step:2142/2750 train_time:4900.036s step_avg:2287.60ms
step:2143/2750 train_time:4902.327s step_avg:2287.60ms
step:2144/2750 train_time:4904.613s step_avg:2287.60ms
step:2145/2750 train_time:4906.901s step_avg:2287.60ms
step:2146/2750 train_time:4909.192s step_avg:2287.60ms
step:2147/2750 train_time:4911.483s step_avg:2287.60ms
step:2148/2750 train_time:4913.768s step_avg:2287.60ms
step:2149/2750 train_time:4916.054s step_avg:2287.60ms
step:2150/2750 train_time:4918.339s step_avg:2287.60ms
step:2151/2750 train_time:4920.628s step_avg:2287.60ms
step:2152/2750 train_time:4922.914s step_avg:2287.60ms
step:2153/2750 train_time:4925.201s step_avg:2287.60ms
step:2154/2750 train_time:4927.485s step_avg:2287.60ms
step:2155/2750 train_time:4929.777s step_avg:2287.60ms
step:2156/2750 train_time:4932.065s step_avg:2287.60ms
step:2157/2750 train_time:4934.356s step_avg:2287.60ms
step:2158/2750 train_time:4936.645s step_avg:2287.60ms
step:2159/2750 train_time:4938.933s step_avg:2287.60ms
step:2160/2750 train_time:4941.227s step_avg:2287.61ms
step:2161/2750 train_time:4943.516s step_avg:2287.61ms
step:2162/2750 train_time:4945.808s step_avg:2287.61ms
step:2163/2750 train_time:4948.092s step_avg:2287.61ms
step:2164/2750 train_time:4950.382s step_avg:2287.61ms
step:2165/2750 train_time:4952.670s step_avg:2287.61ms
step:2166/2750 train_time:4954.958s step_avg:2287.61ms
step:2167/2750 train_time:4957.248s step_avg:2287.61ms
step:2168/2750 train_time:4959.535s step_avg:2287.61ms
step:2169/2750 train_time:4961.828s step_avg:2287.61ms
step:2170/2750 train_time:4964.113s step_avg:2287.61ms
step:2171/2750 train_time:4966.400s step_avg:2287.61ms
step:2172/2750 train_time:4968.694s step_avg:2287.61ms
step:2173/2750 train_time:4970.979s step_avg:2287.61ms
step:2174/2750 train_time:4973.266s step_avg:2287.61ms
step:2175/2750 train_time:4975.555s step_avg:2287.61ms
step:2176/2750 train_time:4977.843s step_avg:2287.61ms
step:2177/2750 train_time:4980.129s step_avg:2287.61ms
step:2178/2750 train_time:4982.415s step_avg:2287.61ms
step:2179/2750 train_time:4984.705s step_avg:2287.61ms
step:2180/2750 train_time:4986.991s step_avg:2287.61ms
step:2181/2750 train_time:4989.277s step_avg:2287.61ms
step:2182/2750 train_time:4991.558s step_avg:2287.61ms
step:2183/2750 train_time:4993.846s step_avg:2287.61ms
step:2184/2750 train_time:4996.134s step_avg:2287.61ms
step:2185/2750 train_time:4998.419s step_avg:2287.61ms
step:2186/2750 train_time:5000.705s step_avg:2287.61ms
step:2187/2750 train_time:5002.995s step_avg:2287.61ms
step:2188/2750 train_time:5005.279s step_avg:2287.60ms
step:2189/2750 train_time:5007.566s step_avg:2287.60ms
step:2190/2750 train_time:5009.854s step_avg:2287.60ms
step:2191/2750 train_time:5012.139s step_avg:2287.60ms
step:2192/2750 train_time:5014.427s step_avg:2287.60ms
step:2193/2750 train_time:5016.714s step_avg:2287.60ms
step:2194/2750 train_time:5018.997s step_avg:2287.60ms
step:2195/2750 train_time:5021.290s step_avg:2287.60ms
step:2196/2750 train_time:5023.575s step_avg:2287.60ms
step:2197/2750 train_time:5025.858s step_avg:2287.60ms
step:2198/2750 train_time:5028.149s step_avg:2287.60ms
step:2199/2750 train_time:5030.438s step_avg:2287.60ms
step:2200/2750 train_time:5032.728s step_avg:2287.60ms
step:2201/2750 train_time:5035.017s step_avg:2287.60ms
step:2202/2750 train_time:5037.305s step_avg:2287.60ms
step:2203/2750 train_time:5039.592s step_avg:2287.60ms
step:2204/2750 train_time:5041.880s step_avg:2287.60ms
step:2205/2750 train_time:5044.168s step_avg:2287.60ms
step:2206/2750 train_time:5046.458s step_avg:2287.61ms
step:2207/2750 train_time:5048.747s step_avg:2287.61ms
step:2208/2750 train_time:5051.032s step_avg:2287.60ms
step:2209/2750 train_time:5053.326s step_avg:2287.61ms
step:2210/2750 train_time:5055.614s step_avg:2287.61ms
step:2211/2750 train_time:5057.906s step_avg:2287.61ms
step:2212/2750 train_time:5060.195s step_avg:2287.61ms
step:2213/2750 train_time:5062.485s step_avg:2287.61ms
step:2214/2750 train_time:5064.766s step_avg:2287.61ms
step:2215/2750 train_time:5067.055s step_avg:2287.61ms
step:2216/2750 train_time:5069.347s step_avg:2287.61ms
step:2217/2750 train_time:5071.630s step_avg:2287.61ms
step:2218/2750 train_time:5073.917s step_avg:2287.61ms
step:2219/2750 train_time:5076.209s step_avg:2287.61ms
step:2220/2750 train_time:5078.490s step_avg:2287.61ms
step:2221/2750 train_time:5080.777s step_avg:2287.61ms
step:2222/2750 train_time:5083.069s step_avg:2287.61ms
step:2223/2750 train_time:5085.350s step_avg:2287.61ms
step:2224/2750 train_time:5087.636s step_avg:2287.61ms
step:2225/2750 train_time:5089.927s step_avg:2287.61ms
step:2226/2750 train_time:5092.209s step_avg:2287.61ms
step:2227/2750 train_time:5094.497s step_avg:2287.61ms
step:2228/2750 train_time:5096.787s step_avg:2287.61ms
step:2229/2750 train_time:5099.071s step_avg:2287.60ms
step:2230/2750 train_time:5101.356s step_avg:2287.60ms
step:2231/2750 train_time:5103.647s step_avg:2287.61ms
step:2232/2750 train_time:5105.929s step_avg:2287.60ms
step:2233/2750 train_time:5108.217s step_avg:2287.60ms
step:2234/2750 train_time:5110.508s step_avg:2287.60ms
step:2235/2750 train_time:5112.794s step_avg:2287.60ms
step:2236/2750 train_time:5115.081s step_avg:2287.60ms
step:2237/2750 train_time:5117.370s step_avg:2287.60ms
step:2238/2750 train_time:5119.652s step_avg:2287.60ms
step:2239/2750 train_time:5121.940s step_avg:2287.60ms
step:2240/2750 train_time:5124.232s step_avg:2287.60ms
step:2241/2750 train_time:5126.516s step_avg:2287.60ms
step:2242/2750 train_time:5128.806s step_avg:2287.60ms
step:2243/2750 train_time:5131.099s step_avg:2287.61ms
step:2244/2750 train_time:5133.380s step_avg:2287.60ms
step:2245/2750 train_time:5135.667s step_avg:2287.60ms
step:2246/2750 train_time:5137.957s step_avg:2287.60ms
step:2247/2750 train_time:5140.243s step_avg:2287.60ms
step:2248/2750 train_time:5142.529s step_avg:2287.60ms
step:2249/2750 train_time:5144.820s step_avg:2287.60ms
step:2250/2750 train_time:5147.110s step_avg:2287.60ms
step:2250/2750 val_loss:3.31186 train_time:5147.110s step_avg:2287.91ms
step:2251/2750 train_time:5149.402s step_avg:2287.61ms
step:2252/2750 train_time:5151.693s step_avg:2287.61ms
step:2253/2750 train_time:5153.982s step_avg:2287.61ms
step:2254/2750 train_time:5156.272s step_avg:2287.61ms
step:2255/2750 train_time:5158.563s step_avg:2287.61ms
step:2256/2750 train_time:5160.855s step_avg:2287.61ms
step:2257/2750 train_time:5163.142s step_avg:2287.61ms
step:2258/2750 train_time:5165.431s step_avg:2287.61ms
step:2259/2750 train_time:5167.722s step_avg:2287.61ms
step:2260/2750 train_time:5170.010s step_avg:2287.61ms
step:2261/2750 train_time:5172.298s step_avg:2287.62ms
step:2262/2750 train_time:5174.589s step_avg:2287.62ms
step:2263/2750 train_time:5176.880s step_avg:2287.62ms
step:2264/2750 train_time:5179.164s step_avg:2287.62ms
step:2265/2750 train_time:5181.453s step_avg:2287.62ms
step:2266/2750 train_time:5183.745s step_avg:2287.62ms
step:2267/2750 train_time:5186.028s step_avg:2287.62ms
step:2268/2750 train_time:5188.314s step_avg:2287.62ms
step:2269/2750 train_time:5190.606s step_avg:2287.62ms
step:2270/2750 train_time:5192.892s step_avg:2287.62ms
step:2271/2750 train_time:5195.181s step_avg:2287.62ms
step:2272/2750 train_time:5197.472s step_avg:2287.62ms
step:2273/2750 train_time:5199.761s step_avg:2287.62ms
step:2274/2750 train_time:5202.049s step_avg:2287.62ms
step:2275/2750 train_time:5204.337s step_avg:2287.62ms
step:2276/2750 train_time:5206.619s step_avg:2287.62ms
step:2277/2750 train_time:5208.908s step_avg:2287.62ms
step:2278/2750 train_time:5211.196s step_avg:2287.62ms
step:2279/2750 train_time:5213.483s step_avg:2287.62ms
step:2280/2750 train_time:5215.774s step_avg:2287.62ms
step:2281/2750 train_time:5218.074s step_avg:2287.63ms
step:2282/2750 train_time:5220.363s step_avg:2287.63ms
step:2283/2750 train_time:5222.649s step_avg:2287.63ms
step:2284/2750 train_time:5224.938s step_avg:2287.63ms
step:2285/2750 train_time:5227.229s step_avg:2287.63ms
step:2286/2750 train_time:5229.519s step_avg:2287.63ms
step:2287/2750 train_time:5231.805s step_avg:2287.63ms
step:2288/2750 train_time:5234.095s step_avg:2287.63ms
step:2289/2750 train_time:5236.383s step_avg:2287.63ms
step:2290/2750 train_time:5238.665s step_avg:2287.63ms
step:2291/2750 train_time:5240.951s step_avg:2287.63ms
step:2292/2750 train_time:5243.243s step_avg:2287.63ms
step:2293/2750 train_time:5245.525s step_avg:2287.63ms
step:2294/2750 train_time:5247.812s step_avg:2287.63ms
step:2295/2750 train_time:5250.103s step_avg:2287.63ms
step:2296/2750 train_time:5252.389s step_avg:2287.63ms
step:2297/2750 train_time:5254.679s step_avg:2287.63ms
step:2298/2750 train_time:5256.973s step_avg:2287.63ms
step:2299/2750 train_time:5259.263s step_avg:2287.63ms
step:2300/2750 train_time:5261.551s step_avg:2287.63ms
step:2301/2750 train_time:5263.836s step_avg:2287.63ms
step:2302/2750 train_time:5266.123s step_avg:2287.63ms
step:2303/2750 train_time:5268.412s step_avg:2287.63ms
step:2304/2750 train_time:5270.698s step_avg:2287.63ms
step:2305/2750 train_time:5272.984s step_avg:2287.63ms
step:2306/2750 train_time:5275.272s step_avg:2287.63ms
step:2307/2750 train_time:5277.558s step_avg:2287.63ms
step:2308/2750 train_time:5279.841s step_avg:2287.63ms
step:2309/2750 train_time:5282.126s step_avg:2287.63ms
step:2310/2750 train_time:5284.414s step_avg:2287.63ms
step:2311/2750 train_time:5286.703s step_avg:2287.63ms
step:2312/2750 train_time:5288.996s step_avg:2287.63ms
step:2313/2750 train_time:5291.284s step_avg:2287.63ms
step:2314/2750 train_time:5293.574s step_avg:2287.63ms
step:2315/2750 train_time:5295.861s step_avg:2287.63ms
step:2316/2750 train_time:5298.144s step_avg:2287.63ms
step:2317/2750 train_time:5300.434s step_avg:2287.63ms
step:2318/2750 train_time:5302.720s step_avg:2287.63ms
step:2319/2750 train_time:5305.008s step_avg:2287.63ms
step:2320/2750 train_time:5307.298s step_avg:2287.63ms
step:2321/2750 train_time:5309.584s step_avg:2287.63ms
step:2322/2750 train_time:5311.873s step_avg:2287.63ms
step:2323/2750 train_time:5314.163s step_avg:2287.63ms
step:2324/2750 train_time:5316.448s step_avg:2287.63ms
step:2325/2750 train_time:5318.739s step_avg:2287.63ms
step:2326/2750 train_time:5321.028s step_avg:2287.63ms
step:2327/2750 train_time:5323.313s step_avg:2287.63ms
step:2328/2750 train_time:5325.601s step_avg:2287.63ms
step:2329/2750 train_time:5327.892s step_avg:2287.63ms
step:2330/2750 train_time:5330.182s step_avg:2287.63ms
step:2331/2750 train_time:5332.465s step_avg:2287.63ms
step:2332/2750 train_time:5334.754s step_avg:2287.63ms
step:2333/2750 train_time:5337.046s step_avg:2287.63ms
step:2334/2750 train_time:5339.332s step_avg:2287.63ms
step:2335/2750 train_time:5341.618s step_avg:2287.63ms
step:2336/2750 train_time:5343.907s step_avg:2287.63ms
step:2337/2750 train_time:5346.194s step_avg:2287.63ms
step:2338/2750 train_time:5348.484s step_avg:2287.63ms
step:2339/2750 train_time:5350.774s step_avg:2287.63ms
step:2340/2750 train_time:5353.059s step_avg:2287.63ms
step:2341/2750 train_time:5355.349s step_avg:2287.63ms
step:2342/2750 train_time:5357.634s step_avg:2287.63ms
step:2343/2750 train_time:5359.922s step_avg:2287.63ms
step:2344/2750 train_time:5362.212s step_avg:2287.63ms
step:2345/2750 train_time:5364.500s step_avg:2287.63ms
step:2346/2750 train_time:5366.786s step_avg:2287.63ms
step:2347/2750 train_time:5369.076s step_avg:2287.63ms
step:2348/2750 train_time:5371.364s step_avg:2287.63ms
step:2349/2750 train_time:5373.657s step_avg:2287.64ms
step:2350/2750 train_time:5375.946s step_avg:2287.64ms
step:2351/2750 train_time:5378.236s step_avg:2287.64ms
step:2352/2750 train_time:5380.525s step_avg:2287.64ms
step:2353/2750 train_time:5382.813s step_avg:2287.64ms
step:2354/2750 train_time:5385.095s step_avg:2287.64ms
step:2355/2750 train_time:5387.385s step_avg:2287.64ms
step:2356/2750 train_time:5389.671s step_avg:2287.64ms
step:2357/2750 train_time:5391.961s step_avg:2287.64ms
step:2358/2750 train_time:5394.250s step_avg:2287.64ms
step:2359/2750 train_time:5396.540s step_avg:2287.64ms
step:2360/2750 train_time:5398.825s step_avg:2287.64ms
step:2361/2750 train_time:5401.112s step_avg:2287.64ms
step:2362/2750 train_time:5403.404s step_avg:2287.64ms
step:2363/2750 train_time:5405.687s step_avg:2287.64ms
step:2364/2750 train_time:5407.975s step_avg:2287.64ms
step:2365/2750 train_time:5410.266s step_avg:2287.64ms
step:2366/2750 train_time:5412.549s step_avg:2287.64ms
step:2367/2750 train_time:5414.840s step_avg:2287.64ms
step:2368/2750 train_time:5417.130s step_avg:2287.64ms
step:2369/2750 train_time:5419.415s step_avg:2287.64ms
step:2370/2750 train_time:5421.704s step_avg:2287.64ms
step:2371/2750 train_time:5423.994s step_avg:2287.64ms
step:2372/2750 train_time:5426.284s step_avg:2287.64ms
step:2373/2750 train_time:5428.575s step_avg:2287.64ms
step:2374/2750 train_time:5430.861s step_avg:2287.64ms
step:2375/2750 train_time:5433.153s step_avg:2287.64ms
step:2375/2750 val_loss:3.29857 train_time:5433.153s step_avg:2288.35ms
step:2376/2750 train_time:5435.452s step_avg:2287.65ms
step:2377/2750 train_time:5437.740s step_avg:2287.65ms
step:2378/2750 train_time:5440.028s step_avg:2287.65ms
step:2379/2750 train_time:5442.320s step_avg:2287.65ms
step:2380/2750 train_time:5444.607s step_avg:2287.65ms
step:2381/2750 train_time:5446.900s step_avg:2287.65ms
step:2382/2750 train_time:5449.184s step_avg:2287.65ms
step:2383/2750 train_time:5451.472s step_avg:2287.65ms
step:2384/2750 train_time:5453.763s step_avg:2287.65ms
step:2385/2750 train_time:5456.048s step_avg:2287.65ms
step:2386/2750 train_time:5458.338s step_avg:2287.65ms
step:2387/2750 train_time:5460.628s step_avg:2287.65ms
step:2388/2750 train_time:5462.921s step_avg:2287.66ms
step:2389/2750 train_time:5465.205s step_avg:2287.65ms
step:2390/2750 train_time:5467.493s step_avg:2287.65ms
step:2391/2750 train_time:5469.785s step_avg:2287.66ms
step:2392/2750 train_time:5472.073s step_avg:2287.66ms
step:2393/2750 train_time:5474.362s step_avg:2287.66ms
step:2394/2750 train_time:5476.647s step_avg:2287.66ms
step:2395/2750 train_time:5478.932s step_avg:2287.65ms
step:2396/2750 train_time:5481.222s step_avg:2287.66ms
step:2397/2750 train_time:5483.511s step_avg:2287.66ms
step:2398/2750 train_time:5485.794s step_avg:2287.65ms
step:2399/2750 train_time:5488.080s step_avg:2287.65ms
step:2400/2750 train_time:5490.367s step_avg:2287.65ms
step:2401/2750 train_time:5492.651s step_avg:2287.65ms
step:2402/2750 train_time:5494.939s step_avg:2287.65ms
step:2403/2750 train_time:5497.230s step_avg:2287.65ms
step:2404/2750 train_time:5499.521s step_avg:2287.65ms
step:2405/2750 train_time:5501.808s step_avg:2287.65ms
step:2406/2750 train_time:5504.097s step_avg:2287.65ms
step:2407/2750 train_time:5506.388s step_avg:2287.66ms
step:2408/2750 train_time:5508.673s step_avg:2287.66ms
step:2409/2750 train_time:5510.957s step_avg:2287.65ms
step:2410/2750 train_time:5513.244s step_avg:2287.65ms
step:2411/2750 train_time:5515.535s step_avg:2287.65ms
step:2412/2750 train_time:5517.823s step_avg:2287.65ms
step:2413/2750 train_time:5520.112s step_avg:2287.66ms
step:2414/2750 train_time:5522.399s step_avg:2287.65ms
step:2415/2750 train_time:5524.684s step_avg:2287.65ms
step:2416/2750 train_time:5526.977s step_avg:2287.66ms
step:2417/2750 train_time:5529.265s step_avg:2287.66ms
step:2418/2750 train_time:5531.558s step_avg:2287.66ms
step:2419/2750 train_time:5533.848s step_avg:2287.66ms
step:2420/2750 train_time:5536.142s step_avg:2287.66ms
step:2421/2750 train_time:5538.424s step_avg:2287.66ms
step:2422/2750 train_time:5540.712s step_avg:2287.66ms
step:2423/2750 train_time:5543.003s step_avg:2287.66ms
step:2424/2750 train_time:5545.286s step_avg:2287.66ms
step:2425/2750 train_time:5547.577s step_avg:2287.66ms
step:2426/2750 train_time:5549.869s step_avg:2287.66ms
step:2427/2750 train_time:5552.167s step_avg:2287.67ms
step:2428/2750 train_time:5554.459s step_avg:2287.67ms
step:2429/2750 train_time:5556.743s step_avg:2287.67ms
step:2430/2750 train_time:5559.037s step_avg:2287.67ms
step:2431/2750 train_time:5561.323s step_avg:2287.67ms
step:2432/2750 train_time:5563.610s step_avg:2287.67ms
step:2433/2750 train_time:5565.899s step_avg:2287.67ms
step:2434/2750 train_time:5568.182s step_avg:2287.67ms
step:2435/2750 train_time:5570.468s step_avg:2287.67ms
step:2436/2750 train_time:5572.757s step_avg:2287.67ms
step:2437/2750 train_time:5575.048s step_avg:2287.67ms
step:2438/2750 train_time:5577.340s step_avg:2287.67ms
step:2439/2750 train_time:5579.628s step_avg:2287.67ms
step:2440/2750 train_time:5581.918s step_avg:2287.67ms
step:2441/2750 train_time:5584.205s step_avg:2287.67ms
step:2442/2750 train_time:5586.492s step_avg:2287.67ms
step:2443/2750 train_time:5588.785s step_avg:2287.67ms
step:2444/2750 train_time:5591.069s step_avg:2287.67ms
step:2445/2750 train_time:5593.356s step_avg:2287.67ms
step:2446/2750 train_time:5595.651s step_avg:2287.67ms
step:2447/2750 train_time:5597.940s step_avg:2287.67ms
step:2448/2750 train_time:5600.226s step_avg:2287.67ms
step:2449/2750 train_time:5602.514s step_avg:2287.67ms
step:2450/2750 train_time:5604.798s step_avg:2287.67ms
step:2451/2750 train_time:5607.085s step_avg:2287.67ms
step:2452/2750 train_time:5609.373s step_avg:2287.67ms
step:2453/2750 train_time:5611.661s step_avg:2287.67ms
step:2454/2750 train_time:5613.950s step_avg:2287.67ms
step:2455/2750 train_time:5616.239s step_avg:2287.67ms
step:2456/2750 train_time:5618.527s step_avg:2287.67ms
step:2457/2750 train_time:5620.819s step_avg:2287.68ms
step:2458/2750 train_time:5623.107s step_avg:2287.68ms
step:2459/2750 train_time:5625.396s step_avg:2287.68ms
step:2460/2750 train_time:5627.679s step_avg:2287.67ms
step:2461/2750 train_time:5629.964s step_avg:2287.67ms
step:2462/2750 train_time:5632.256s step_avg:2287.68ms
step:2463/2750 train_time:5634.544s step_avg:2287.68ms
step:2464/2750 train_time:5636.828s step_avg:2287.67ms
step:2465/2750 train_time:5639.120s step_avg:2287.68ms
step:2466/2750 train_time:5641.406s step_avg:2287.67ms
step:2467/2750 train_time:5643.696s step_avg:2287.68ms
step:2468/2750 train_time:5645.988s step_avg:2287.68ms
step:2469/2750 train_time:5648.280s step_avg:2287.68ms
step:2470/2750 train_time:5650.565s step_avg:2287.68ms
step:2471/2750 train_time:5652.871s step_avg:2287.69ms
step:2472/2750 train_time:5655.161s step_avg:2287.69ms
step:2473/2750 train_time:5657.450s step_avg:2287.69ms
step:2474/2750 train_time:5659.741s step_avg:2287.69ms
step:2475/2750 train_time:5662.030s step_avg:2287.69ms
step:2476/2750 train_time:5664.321s step_avg:2287.69ms
step:2477/2750 train_time:5666.604s step_avg:2287.69ms
step:2478/2750 train_time:5668.892s step_avg:2287.69ms
step:2479/2750 train_time:5671.182s step_avg:2287.69ms
step:2480/2750 train_time:5673.469s step_avg:2287.69ms
step:2481/2750 train_time:5675.760s step_avg:2287.69ms
step:2482/2750 train_time:5678.053s step_avg:2287.69ms
step:2483/2750 train_time:5680.343s step_avg:2287.69ms
step:2484/2750 train_time:5682.624s step_avg:2287.69ms
step:2485/2750 train_time:5684.910s step_avg:2287.69ms
step:2486/2750 train_time:5687.198s step_avg:2287.69ms
step:2487/2750 train_time:5689.480s step_avg:2287.69ms
step:2488/2750 train_time:5691.769s step_avg:2287.69ms
step:2489/2750 train_time:5694.059s step_avg:2287.69ms
step:2490/2750 train_time:5696.340s step_avg:2287.69ms
step:2491/2750 train_time:5698.632s step_avg:2287.69ms
step:2492/2750 train_time:5700.925s step_avg:2287.69ms
step:2493/2750 train_time:5703.211s step_avg:2287.69ms
step:2494/2750 train_time:5705.501s step_avg:2287.69ms
step:2495/2750 train_time:5707.790s step_avg:2287.69ms
step:2496/2750 train_time:5710.071s step_avg:2287.69ms
step:2497/2750 train_time:5712.357s step_avg:2287.69ms
step:2498/2750 train_time:5714.645s step_avg:2287.69ms
step:2499/2750 train_time:5716.929s step_avg:2287.69ms
step:2500/2750 train_time:5719.215s step_avg:2287.69ms
step:2500/2750 val_loss:3.28800 train_time:5719.215s step_avg:2288.49ms
step:2501/2750 train_time:5721.511s step_avg:2287.69ms
step:2502/2750 train_time:5723.800s step_avg:2287.69ms
step:2503/2750 train_time:5726.089s step_avg:2287.69ms
step:2504/2750 train_time:5728.383s step_avg:2287.69ms
step:2505/2750 train_time:5730.675s step_avg:2287.69ms
step:2506/2750 train_time:5732.966s step_avg:2287.70ms
step:2507/2750 train_time:5735.253s step_avg:2287.70ms
step:2508/2750 train_time:5737.544s step_avg:2287.70ms
step:2509/2750 train_time:5739.834s step_avg:2287.70ms
step:2510/2750 train_time:5742.121s step_avg:2287.70ms
step:2511/2750 train_time:5744.411s step_avg:2287.70ms
step:2512/2750 train_time:5746.698s step_avg:2287.70ms
step:2513/2750 train_time:5748.988s step_avg:2287.70ms
step:2514/2750 train_time:5751.281s step_avg:2287.70ms
step:2515/2750 train_time:5753.574s step_avg:2287.70ms
step:2516/2750 train_time:5755.859s step_avg:2287.70ms
step:2517/2750 train_time:5758.146s step_avg:2287.70ms
step:2518/2750 train_time:5760.436s step_avg:2287.70ms
step:2519/2750 train_time:5762.718s step_avg:2287.70ms
step:2520/2750 train_time:5765.008s step_avg:2287.70ms
step:2521/2750 train_time:5767.300s step_avg:2287.70ms
step:2522/2750 train_time:5769.583s step_avg:2287.70ms
step:2523/2750 train_time:5771.871s step_avg:2287.70ms
step:2524/2750 train_time:5774.159s step_avg:2287.70ms
step:2525/2750 train_time:5776.442s step_avg:2287.70ms
step:2526/2750 train_time:5778.732s step_avg:2287.70ms
step:2527/2750 train_time:5781.023s step_avg:2287.70ms
step:2528/2750 train_time:5783.308s step_avg:2287.70ms
step:2529/2750 train_time:5785.593s step_avg:2287.70ms
step:2530/2750 train_time:5787.880s step_avg:2287.70ms
step:2531/2750 train_time:5790.163s step_avg:2287.70ms
step:2532/2750 train_time:5792.449s step_avg:2287.70ms
step:2533/2750 train_time:5794.739s step_avg:2287.70ms
step:2534/2750 train_time:5797.023s step_avg:2287.70ms
step:2535/2750 train_time:5799.309s step_avg:2287.70ms
step:2536/2750 train_time:5801.602s step_avg:2287.70ms
step:2537/2750 train_time:5803.888s step_avg:2287.70ms
step:2538/2750 train_time:5806.175s step_avg:2287.70ms
step:2539/2750 train_time:5808.461s step_avg:2287.70ms
step:2540/2750 train_time:5810.742s step_avg:2287.69ms
step:2541/2750 train_time:5813.032s step_avg:2287.69ms
step:2542/2750 train_time:5815.324s step_avg:2287.70ms
step:2543/2750 train_time:5817.611s step_avg:2287.70ms
step:2544/2750 train_time:5819.898s step_avg:2287.70ms
step:2545/2750 train_time:5822.186s step_avg:2287.70ms
step:2546/2750 train_time:5824.472s step_avg:2287.70ms
step:2547/2750 train_time:5826.762s step_avg:2287.70ms
step:2548/2750 train_time:5829.048s step_avg:2287.70ms
step:2549/2750 train_time:5831.336s step_avg:2287.70ms
step:2550/2750 train_time:5833.623s step_avg:2287.70ms
step:2551/2750 train_time:5835.910s step_avg:2287.70ms
step:2552/2750 train_time:5838.200s step_avg:2287.70ms
step:2553/2750 train_time:5840.490s step_avg:2287.70ms
step:2554/2750 train_time:5842.776s step_avg:2287.70ms
step:2555/2750 train_time:5845.063s step_avg:2287.70ms
step:2556/2750 train_time:5847.351s step_avg:2287.70ms
step:2557/2750 train_time:5849.635s step_avg:2287.69ms
step:2558/2750 train_time:5851.922s step_avg:2287.69ms
step:2559/2750 train_time:5854.211s step_avg:2287.69ms
step:2560/2750 train_time:5856.499s step_avg:2287.69ms
step:2561/2750 train_time:5858.788s step_avg:2287.70ms
step:2562/2750 train_time:5861.073s step_avg:2287.69ms
step:2563/2750 train_time:5863.359s step_avg:2287.69ms
step:2564/2750 train_time:5865.647s step_avg:2287.69ms
step:2565/2750 train_time:5867.934s step_avg:2287.69ms
step:2566/2750 train_time:5870.220s step_avg:2287.69ms
step:2567/2750 train_time:5872.512s step_avg:2287.69ms
step:2568/2750 train_time:5874.799s step_avg:2287.69ms
step:2569/2750 train_time:5877.089s step_avg:2287.70ms
step:2570/2750 train_time:5879.381s step_avg:2287.70ms
step:2571/2750 train_time:5881.671s step_avg:2287.70ms
step:2572/2750 train_time:5883.952s step_avg:2287.70ms
step:2573/2750 train_time:5886.241s step_avg:2287.70ms
step:2574/2750 train_time:5888.534s step_avg:2287.70ms
step:2575/2750 train_time:5890.818s step_avg:2287.70ms
step:2576/2750 train_time:5893.105s step_avg:2287.70ms
step:2577/2750 train_time:5895.395s step_avg:2287.70ms
step:2578/2750 train_time:5897.679s step_avg:2287.70ms
step:2579/2750 train_time:5899.969s step_avg:2287.70ms
step:2580/2750 train_time:5902.261s step_avg:2287.70ms
step:2581/2750 train_time:5904.547s step_avg:2287.70ms
step:2582/2750 train_time:5906.833s step_avg:2287.70ms
step:2583/2750 train_time:5909.122s step_avg:2287.70ms
step:2584/2750 train_time:5911.408s step_avg:2287.70ms
step:2585/2750 train_time:5913.696s step_avg:2287.70ms
step:2586/2750 train_time:5915.989s step_avg:2287.70ms
step:2587/2750 train_time:5918.276s step_avg:2287.70ms
step:2588/2750 train_time:5920.566s step_avg:2287.70ms
step:2589/2750 train_time:5922.852s step_avg:2287.70ms
step:2590/2750 train_time:5925.142s step_avg:2287.70ms
step:2591/2750 train_time:5927.431s step_avg:2287.70ms
step:2592/2750 train_time:5929.717s step_avg:2287.70ms
step:2593/2750 train_time:5932.007s step_avg:2287.70ms
step:2594/2750 train_time:5934.298s step_avg:2287.70ms
step:2595/2750 train_time:5936.585s step_avg:2287.70ms
step:2596/2750 train_time:5938.877s step_avg:2287.70ms
step:2597/2750 train_time:5941.164s step_avg:2287.70ms
step:2598/2750 train_time:5943.452s step_avg:2287.70ms
step:2599/2750 train_time:5945.742s step_avg:2287.70ms
step:2600/2750 train_time:5948.032s step_avg:2287.70ms
step:2600/2750 val_loss:3.28108 train_time:5948.032s step_avg:2288.17ms
step:2601/2750 train_time:5950.327s step_avg:2287.71ms
step:2602/2750 train_time:5952.616s step_avg:2287.71ms
step:2603/2750 train_time:5954.908s step_avg:2287.71ms
step:2604/2750 train_time:5957.191s step_avg:2287.71ms
step:2605/2750 train_time:5959.479s step_avg:2287.71ms
step:2605/2750 val_loss:3.28079 train_time:5959.479s step_avg:2289.31ms
step:2606/2750 train_time:5961.777s step_avg:2287.71ms
step:2607/2750 train_time:5964.064s step_avg:2287.71ms
step:2608/2750 train_time:5966.354s step_avg:2287.71ms
step:2609/2750 train_time:5968.644s step_avg:2287.71ms
step:2610/2750 train_time:5970.927s step_avg:2287.71ms
step:2610/2750 val_loss:3.28048 train_time:5970.927s step_avg:2289.68ms
step:2611/2750 train_time:5973.220s step_avg:2287.71ms
step:2612/2750 train_time:5975.513s step_avg:2287.72ms
step:2613/2750 train_time:5977.801s step_avg:2287.72ms
step:2614/2750 train_time:5980.091s step_avg:2287.72ms
step:2615/2750 train_time:5982.378s step_avg:2287.72ms
step:2615/2750 val_loss:3.28017 train_time:5982.379s step_avg:2290.27ms
step:2616/2750 train_time:5984.670s step_avg:2287.72ms
step:2617/2750 train_time:5986.961s step_avg:2287.72ms
step:2618/2750 train_time:5989.253s step_avg:2287.72ms
step:2619/2750 train_time:5991.540s step_avg:2287.72ms
step:2620/2750 train_time:5993.830s step_avg:2287.72ms
step:2620/2750 val_loss:3.27986 train_time:5993.830s step_avg:2290.31ms
step:2621/2750 train_time:5996.116s step_avg:2287.72ms
step:2622/2750 train_time:5998.406s step_avg:2287.72ms
step:2623/2750 train_time:6000.696s step_avg:2287.72ms
step:2624/2750 train_time:6002.984s step_avg:2287.72ms
step:2625/2750 train_time:6005.275s step_avg:2287.72ms
step:2625/2750 val_loss:3.27953 train_time:6005.275s step_avg:2289.00ms
step:2626/2750 train_time:6007.575s step_avg:2287.73ms
step:2627/2750 train_time:6009.867s step_avg:2287.73ms
step:2628/2750 train_time:6012.157s step_avg:2287.73ms
step:2629/2750 train_time:6014.451s step_avg:2287.73ms
step:2630/2750 train_time:6016.737s step_avg:2287.73ms
step:2630/2750 val_loss:3.27923 train_time:6016.737s step_avg:2292.31ms
step:2631/2750 train_time:6019.033s step_avg:2287.74ms
step:2632/2750 train_time:6021.326s step_avg:2287.74ms
step:2633/2750 train_time:6023.617s step_avg:2287.74ms
step:2634/2750 train_time:6025.906s step_avg:2287.74ms
step:2635/2750 train_time:6028.194s step_avg:2287.74ms
step:2635/2750 val_loss:3.27892 train_time:6028.194s step_avg:2291.40ms
step:2636/2750 train_time:6030.493s step_avg:2287.74ms
step:2637/2750 train_time:6032.787s step_avg:2287.75ms
step:2638/2750 train_time:6035.074s step_avg:2287.75ms
step:2639/2750 train_time:6037.364s step_avg:2287.75ms
step:2640/2750 train_time:6039.658s step_avg:2287.75ms
step:2640/2750 val_loss:3.27862 train_time:6039.658s step_avg:2292.80ms
step:2641/2750 train_time:6041.950s step_avg:2287.75ms
step:2642/2750 train_time:6044.242s step_avg:2287.75ms
step:2643/2750 train_time:6046.530s step_avg:2287.75ms
step:2644/2750 train_time:6048.820s step_avg:2287.75ms
step:2645/2750 train_time:6051.111s step_avg:2287.75ms
step:2645/2750 val_loss:3.27831 train_time:6051.112s step_avg:2290.78ms
step:2646/2750 train_time:6053.399s step_avg:2287.75ms
step:2647/2750 train_time:6055.687s step_avg:2287.75ms
step:2648/2750 train_time:6057.976s step_avg:2287.76ms
step:2649/2750 train_time:6060.264s step_avg:2287.76ms
step:2650/2750 train_time:6062.555s step_avg:2287.76ms
step:2650/2750 val_loss:3.27805 train_time:6062.555s step_avg:2288.75ms
step:2651/2750 train_time:6064.849s step_avg:2287.76ms
step:2652/2750 train_time:6067.136s step_avg:2287.76ms
step:2653/2750 train_time:6069.431s step_avg:2287.76ms
step:2654/2750 train_time:6071.719s step_avg:2287.76ms
step:2655/2750 train_time:6074.012s step_avg:2287.76ms
step:2655/2750 val_loss:3.27772 train_time:6074.012s step_avg:2291.39ms
target_reached step:2655 val_loss:3.27772
step:2656/2750 train_time:6076.306s step_avg:2287.77ms
step:2657/2750 train_time:6078.601s step_avg:2287.77ms
step:2658/2750 train_time:6080.889s step_avg:2287.77ms
step:2659/2750 train_time:6083.186s step_avg:2287.77ms
step:2660/2750 train_time:6085.475s step_avg:2287.77ms
step:2660/2750 val_loss:3.27744 train_time:6085.475s step_avg:2292.57ms
target_reached step:2660 val_loss:3.27744
step:2661/2750 train_time:6087.785s step_avg:2287.78ms
step:2662/2750 train_time:6090.080s step_avg:2287.78ms
step:2663/2750 train_time:6092.370s step_avg:2287.78ms
step:2664/2750 train_time:6094.660s step_avg:2287.79ms
step:2665/2750 train_time:6096.952s step_avg:2287.79ms
step:2665/2750 val_loss:3.27714 train_time:6096.952s step_avg:2295.42ms
target_reached step:2665 val_loss:3.27714
step:2666/2750 train_time:6099.249s step_avg:2287.79ms
step:2667/2750 train_time:6101.539s step_avg:2287.79ms
step:2668/2750 train_time:6103.829s step_avg:2287.79ms
step:2669/2750 train_time:6106.122s step_avg:2287.79ms
step:2670/2750 train_time:6108.403s step_avg:2287.79ms
step:2670/2750 val_loss:3.27687 train_time:6108.403s step_avg:2290.22ms
target_reached step:2670 val_loss:3.27687
step:2671/2750 train_time:6110.702s step_avg:2287.80ms
step:2672/2750 train_time:6112.995s step_avg:2287.80ms
step:2673/2750 train_time:6115.291s step_avg:2287.80ms
step:2674/2750 train_time:6117.574s step_avg:2287.80ms
step:2675/2750 train_time:6119.862s step_avg:2287.80ms
step:2675/2750 val_loss:3.27657 train_time:6119.862s step_avg:2291.71ms
target_reached step:2675 val_loss:3.27657
step:2676/2750 train_time:6122.162s step_avg:2287.80ms
step:2677/2750 train_time:6124.455s step_avg:2287.81ms
step:2678/2750 train_time:6126.750s step_avg:2287.81ms
step:2679/2750 train_time:6129.041s step_avg:2287.81ms
step:2680/2750 train_time:6131.332s step_avg:2287.81ms
step:2680/2750 val_loss:3.27632 train_time:6131.332s step_avg:2294.08ms
target_reached step:2680 val_loss:3.27632
step:2681/2750 train_time:6133.629s step_avg:2287.81ms
step:2682/2750 train_time:6135.915s step_avg:2287.81ms
step:2683/2750 train_time:6138.206s step_avg:2287.81ms
step:2684/2750 train_time:6140.497s step_avg:2287.82ms
step:2685/2750 train_time:6142.787s step_avg:2287.82ms
step:2685/2750 val_loss:3.27605 train_time:6142.787s step_avg:2290.87ms
target_reached step:2685 val_loss:3.27605
step:2686/2750 train_time:6145.076s step_avg:2287.82ms
step:2687/2750 train_time:6147.370s step_avg:2287.82ms
step:2688/2750 train_time:6149.659s step_avg:2287.82ms
step:2689/2750 train_time:6151.949s step_avg:2287.82ms
step:2690/2750 train_time:6154.237s step_avg:2287.82ms
step:2690/2750 val_loss:3.27577 train_time:6154.238s step_avg:2290.17ms
target_reached step:2690 val_loss:3.27577
step:2691/2750 train_time:6156.537s step_avg:2287.83ms
step:2692/2750 train_time:6158.827s step_avg:2287.83ms
step:2693/2750 train_time:6161.122s step_avg:2287.83ms
step:2694/2750 train_time:6163.414s step_avg:2287.83ms
step:2695/2750 train_time:6165.706s step_avg:2287.83ms
step:2695/2750 val_loss:3.27555 train_time:6165.706s step_avg:2293.68ms
target_reached step:2695 val_loss:3.27555
step:2696/2750 train_time:6167.999s step_avg:2287.83ms
step:2697/2750 train_time:6170.291s step_avg:2287.83ms
step:2698/2750 train_time:6172.585s step_avg:2287.84ms
step:2699/2750 train_time:6174.873s step_avg:2287.84ms
step:2700/2750 train_time:6177.160s step_avg:2287.84ms
step:2700/2750 val_loss:3.27530 train_time:6177.161s step_avg:2290.94ms
target_reached step:2700 val_loss:3.27530
step:2701/2750 train_time:6179.458s step_avg:2287.84ms
step:2702/2750 train_time:6181.748s step_avg:2287.84ms
step:2703/2750 train_time:6184.038s step_avg:2287.84ms
step:2704/2750 train_time:6186.329s step_avg:2287.84ms
step:2705/2750 train_time:6188.618s step_avg:2287.84ms
step:2705/2750 val_loss:3.27505 train_time:6188.618s step_avg:2291.52ms
target_reached step:2705 val_loss:3.27505
step:2706/2750 train_time:6190.910s step_avg:2287.85ms
step:2707/2750 train_time:6193.194s step_avg:2287.84ms
step:2708/2750 train_time:6195.484s step_avg:2287.85ms
step:2709/2750 train_time:6197.776s step_avg:2287.85ms
step:2710/2750 train_time:6200.063s step_avg:2287.85ms
step:2710/2750 val_loss:3.27480 train_time:6200.063s step_avg:2288.93ms
target_reached step:2710 val_loss:3.27480
step:2711/2750 train_time:6202.357s step_avg:2287.85ms
step:2712/2750 train_time:6204.654s step_avg:2287.85ms
step:2713/2750 train_time:6206.940s step_avg:2287.85ms
step:2714/2750 train_time:6209.231s step_avg:2287.85ms
step:2715/2750 train_time:6211.519s step_avg:2287.85ms
step:2715/2750 val_loss:3.27458 train_time:6211.519s step_avg:2291.27ms
target_reached step:2715 val_loss:3.27458
step:2716/2750 train_time:6213.815s step_avg:2287.86ms
step:2717/2750 train_time:6216.105s step_avg:2287.86ms
step:2718/2750 train_time:6218.397s step_avg:2287.86ms
step:2719/2750 train_time:6220.691s step_avg:2287.86ms
step:2720/2750 train_time:6222.985s step_avg:2287.86ms
step:2720/2750 val_loss:3.27433 train_time:6222.985s step_avg:2293.21ms
target_reached step:2720 val_loss:3.27433
step:2721/2750 train_time:6225.286s step_avg:2287.87ms
step:2722/2750 train_time:6227.579s step_avg:2287.87ms
step:2723/2750 train_time:6229.864s step_avg:2287.87ms
step:2724/2750 train_time:6232.154s step_avg:2287.87ms
step:2725/2750 train_time:6234.446s step_avg:2287.87ms
step:2725/2750 val_loss:3.27415 train_time:6234.446s step_avg:2292.22ms
target_reached step:2725 val_loss:3.27415
step:2726/2750 train_time:6236.745s step_avg:2287.87ms
step:2727/2750 train_time:6239.040s step_avg:2287.88ms
step:2728/2750 train_time:6241.335s step_avg:2287.88ms
step:2729/2750 train_time:6243.617s step_avg:2287.88ms
step:2730/2750 train_time:6245.908s step_avg:2287.88ms
step:2730/2750 val_loss:3.27393 train_time:6245.909s step_avg:2292.44ms
target_reached step:2730 val_loss:3.27393
step:2731/2750 train_time:6248.211s step_avg:2287.88ms
step:2732/2750 train_time:6250.502s step_avg:2287.89ms
step:2733/2750 train_time:6252.796s step_avg:2287.89ms
step:2734/2750 train_time:6255.081s step_avg:2287.89ms
step:2735/2750 train_time:6257.372s step_avg:2287.89ms
step:2735/2750 val_loss:3.27371 train_time:6257.373s step_avg:2292.79ms
target_reached step:2735 val_loss:3.27371
step:2736/2750 train_time:6259.674s step_avg:2287.89ms
step:2737/2750 train_time:6261.962s step_avg:2287.89ms
step:2738/2750 train_time:6264.255s step_avg:2287.89ms
step:2739/2750 train_time:6266.550s step_avg:2287.90ms
step:2740/2750 train_time:6268.843s step_avg:2287.90ms
step:2740/2750 val_loss:3.27352 train_time:6268.843s step_avg:2294.19ms
target_reached step:2740 val_loss:3.27352
step:2741/2750 train_time:6271.134s step_avg:2287.90ms
step:2742/2750 train_time:6273.424s step_avg:2287.90ms
step:2743/2750 train_time:6275.719s step_avg:2287.90ms
step:2744/2750 train_time:6278.009s step_avg:2287.90ms
step:2745/2750 train_time:6280.296s step_avg:2287.90ms
step:2745/2750 val_loss:3.27331 train_time:6280.296s step_avg:2290.51ms
target_reached step:2745 val_loss:3.27331
step:2746/2750 train_time:6282.589s step_avg:2287.91ms
step:2747/2750 train_time:6284.882s step_avg:2287.91ms
step:2748/2750 train_time:6287.172s step_avg:2287.91ms
step:2749/2750 train_time:6289.462s step_avg:2287.91ms
step:2750/2750 train_time:6291.753s step_avg:2287.91ms
step:2750/2750 val_loss:3.27311 train_time:6291.753s step_avg:2291.34ms
target_reached step:2750 val_loss:3.27311
fixed_step_complete max_step:2750 val_loss:3.27311
