logs/66d1b786-5f6a-4d46-b6ef-4982853bad5c.txt
step:0/2750 val_loss:10.82583 train_time:0.000s step_avg:nanms
step:1/2750 train_time:4.708s step_avg:4707.60ms
step:2/2750 train_time:6.872s step_avg:3435.99ms
step:3/2750 train_time:9.146s step_avg:3048.77ms
step:4/2750 train_time:11.432s step_avg:2858.11ms
step:5/2750 train_time:13.721s step_avg:2744.22ms
step:6/2750 train_time:16.011s step_avg:2668.47ms
step:7/2750 train_time:18.299s step_avg:2614.17ms
step:8/2750 train_time:20.591s step_avg:2573.89ms
step:9/2750 train_time:22.881s step_avg:2542.36ms
step:10/2750 train_time:25.175s step_avg:2517.50ms
step:11/2750 train_time:27.472s step_avg:2497.46ms
step:12/2750 train_time:29.765s step_avg:2480.39ms
step:13/2750 train_time:32.061s step_avg:2466.26ms
step:14/2750 train_time:34.359s step_avg:2454.20ms
step:15/2750 train_time:36.646s step_avg:2443.06ms
step:16/2750 train_time:38.939s step_avg:2433.66ms
step:17/2750 train_time:41.236s step_avg:2425.62ms
step:18/2750 train_time:43.527s step_avg:2418.19ms
step:19/2750 train_time:45.822s step_avg:2411.66ms
step:20/2750 train_time:48.117s step_avg:2405.83ms
step:21/2750 train_time:50.416s step_avg:2400.78ms
step:22/2750 train_time:52.717s step_avg:2396.22ms
step:23/2750 train_time:55.009s step_avg:2391.68ms
step:24/2750 train_time:57.300s step_avg:2387.51ms
step:25/2750 train_time:59.596s step_avg:2383.85ms
step:26/2750 train_time:61.896s step_avg:2380.60ms
step:27/2750 train_time:64.196s step_avg:2377.65ms
step:28/2750 train_time:66.495s step_avg:2374.82ms
step:29/2750 train_time:68.792s step_avg:2372.12ms
step:30/2750 train_time:71.081s step_avg:2369.37ms
step:31/2750 train_time:73.376s step_avg:2366.96ms
step:32/2750 train_time:75.674s step_avg:2364.80ms
step:33/2750 train_time:77.962s step_avg:2362.50ms
step:34/2750 train_time:80.261s step_avg:2360.63ms
step:35/2750 train_time:82.556s step_avg:2358.75ms
step:36/2750 train_time:84.854s step_avg:2357.07ms
step:37/2750 train_time:87.155s step_avg:2355.54ms
step:38/2750 train_time:89.452s step_avg:2353.99ms
step:39/2750 train_time:91.745s step_avg:2352.43ms
step:40/2750 train_time:94.039s step_avg:2350.97ms
step:41/2750 train_time:96.337s step_avg:2349.68ms
step:42/2750 train_time:98.636s step_avg:2348.49ms
step:43/2750 train_time:100.935s step_avg:2347.32ms
step:44/2750 train_time:103.224s step_avg:2346.00ms
step:45/2750 train_time:105.519s step_avg:2344.87ms
step:46/2750 train_time:107.817s step_avg:2343.84ms
step:47/2750 train_time:110.116s step_avg:2342.89ms
step:48/2750 train_time:112.404s step_avg:2341.76ms
step:49/2750 train_time:114.701s step_avg:2340.83ms
step:50/2750 train_time:116.995s step_avg:2339.90ms
step:51/2750 train_time:119.289s step_avg:2339.00ms
step:52/2750 train_time:121.583s step_avg:2338.13ms
step:53/2750 train_time:123.871s step_avg:2337.18ms
step:54/2750 train_time:126.161s step_avg:2336.31ms
step:55/2750 train_time:128.455s step_avg:2335.54ms
step:56/2750 train_time:130.745s step_avg:2334.73ms
step:57/2750 train_time:133.038s step_avg:2334.00ms
step:58/2750 train_time:135.324s step_avg:2333.18ms
step:59/2750 train_time:137.621s step_avg:2332.56ms
step:60/2750 train_time:139.910s step_avg:2331.84ms
step:61/2750 train_time:142.204s step_avg:2331.21ms
step:62/2750 train_time:144.495s step_avg:2330.57ms
step:63/2750 train_time:146.794s step_avg:2330.07ms
step:64/2750 train_time:149.083s step_avg:2329.43ms
step:65/2750 train_time:151.379s step_avg:2328.90ms
step:66/2750 train_time:153.668s step_avg:2328.31ms
step:67/2750 train_time:155.961s step_avg:2327.77ms
step:68/2750 train_time:158.255s step_avg:2327.28ms
step:69/2750 train_time:160.542s step_avg:2326.70ms
step:70/2750 train_time:162.837s step_avg:2326.25ms
step:71/2750 train_time:165.137s step_avg:2325.87ms
step:72/2750 train_time:167.426s step_avg:2325.36ms
step:73/2750 train_time:169.720s step_avg:2324.94ms
step:74/2750 train_time:172.016s step_avg:2324.54ms
step:75/2750 train_time:174.314s step_avg:2324.19ms
step:76/2750 train_time:176.605s step_avg:2323.75ms
step:77/2750 train_time:178.895s step_avg:2323.32ms
step:78/2750 train_time:181.181s step_avg:2322.83ms
step:79/2750 train_time:183.476s step_avg:2322.48ms
step:80/2750 train_time:185.763s step_avg:2322.04ms
step:81/2750 train_time:188.059s step_avg:2321.71ms
step:82/2750 train_time:190.346s step_avg:2321.29ms
step:83/2750 train_time:192.639s step_avg:2320.95ms
step:84/2750 train_time:194.927s step_avg:2320.56ms
step:85/2750 train_time:197.218s step_avg:2320.22ms
step:86/2750 train_time:199.518s step_avg:2319.98ms
step:87/2750 train_time:201.813s step_avg:2319.69ms
step:88/2750 train_time:204.104s step_avg:2319.36ms
step:89/2750 train_time:206.395s step_avg:2319.05ms
step:90/2750 train_time:208.684s step_avg:2318.71ms
step:91/2750 train_time:210.980s step_avg:2318.46ms
step:92/2750 train_time:213.267s step_avg:2318.11ms
step:93/2750 train_time:215.561s step_avg:2317.86ms
step:94/2750 train_time:217.855s step_avg:2317.61ms
step:95/2750 train_time:220.154s step_avg:2317.42ms
step:96/2750 train_time:222.443s step_avg:2317.12ms
step:97/2750 train_time:224.738s step_avg:2316.89ms
step:98/2750 train_time:227.024s step_avg:2316.57ms
step:99/2750 train_time:229.320s step_avg:2316.36ms
step:100/2750 train_time:231.616s step_avg:2316.16ms
step:101/2750 train_time:233.902s step_avg:2315.87ms
step:102/2750 train_time:236.197s step_avg:2315.65ms
step:103/2750 train_time:238.489s step_avg:2315.43ms
step:104/2750 train_time:240.779s step_avg:2315.18ms
step:105/2750 train_time:243.066s step_avg:2314.91ms
step:106/2750 train_time:245.357s step_avg:2314.69ms
step:107/2750 train_time:247.649s step_avg:2314.48ms
step:108/2750 train_time:249.942s step_avg:2314.28ms
step:109/2750 train_time:252.232s step_avg:2314.05ms
step:110/2750 train_time:254.522s step_avg:2313.84ms
step:111/2750 train_time:256.808s step_avg:2313.59ms
step:112/2750 train_time:259.101s step_avg:2313.40ms
step:113/2750 train_time:261.394s step_avg:2313.22ms
step:114/2750 train_time:263.684s step_avg:2313.02ms
step:115/2750 train_time:265.971s step_avg:2312.79ms
step:116/2750 train_time:268.261s step_avg:2312.59ms
step:117/2750 train_time:270.555s step_avg:2312.43ms
step:118/2750 train_time:272.843s step_avg:2312.23ms
step:119/2750 train_time:275.136s step_avg:2312.07ms
step:120/2750 train_time:277.424s step_avg:2311.87ms
step:121/2750 train_time:279.719s step_avg:2311.72ms
step:122/2750 train_time:282.001s step_avg:2311.48ms
step:123/2750 train_time:284.289s step_avg:2311.29ms
step:124/2750 train_time:286.580s step_avg:2311.13ms
step:125/2750 train_time:288.865s step_avg:2310.92ms
step:125/2750 val_loss:4.44512 train_time:288.865s step_avg:2310.92ms
step:126/2750 train_time:291.162s step_avg:2310.81ms
step:127/2750 train_time:293.457s step_avg:2310.68ms
step:128/2750 train_time:295.748s step_avg:2310.53ms
step:129/2750 train_time:298.032s step_avg:2310.33ms
step:130/2750 train_time:300.323s step_avg:2310.18ms
step:131/2750 train_time:302.614s step_avg:2310.03ms
step:132/2750 train_time:304.900s step_avg:2309.85ms
step:133/2750 train_time:307.186s step_avg:2309.67ms
step:134/2750 train_time:309.478s step_avg:2309.54ms
step:135/2750 train_time:311.768s step_avg:2309.40ms
step:136/2750 train_time:314.063s step_avg:2309.28ms
step:137/2750 train_time:316.349s step_avg:2309.11ms
step:138/2750 train_time:318.644s step_avg:2309.02ms
step:139/2750 train_time:320.937s step_avg:2308.90ms
step:140/2750 train_time:323.227s step_avg:2308.76ms
step:141/2750 train_time:325.519s step_avg:2308.65ms
step:142/2750 train_time:327.807s step_avg:2308.50ms
step:143/2750 train_time:330.091s step_avg:2308.33ms
step:144/2750 train_time:332.382s step_avg:2308.21ms
step:145/2750 train_time:334.674s step_avg:2308.10ms
step:146/2750 train_time:336.956s step_avg:2307.92ms
step:147/2750 train_time:339.244s step_avg:2307.78ms
step:148/2750 train_time:341.537s step_avg:2307.68ms
step:149/2750 train_time:343.823s step_avg:2307.53ms
step:150/2750 train_time:346.109s step_avg:2307.39ms
step:151/2750 train_time:348.401s step_avg:2307.29ms
step:152/2750 train_time:350.690s step_avg:2307.17ms
step:153/2750 train_time:352.980s step_avg:2307.06ms
step:154/2750 train_time:355.267s step_avg:2306.93ms
step:155/2750 train_time:357.560s step_avg:2306.84ms
step:156/2750 train_time:359.847s step_avg:2306.71ms
step:157/2750 train_time:362.130s step_avg:2306.56ms
step:158/2750 train_time:364.421s step_avg:2306.46ms
step:159/2750 train_time:366.707s step_avg:2306.34ms
step:160/2750 train_time:368.986s step_avg:2306.16ms
step:161/2750 train_time:371.271s step_avg:2306.03ms
step:162/2750 train_time:373.560s step_avg:2305.92ms
step:163/2750 train_time:375.847s step_avg:2305.81ms
step:164/2750 train_time:378.134s step_avg:2305.70ms
step:165/2750 train_time:380.425s step_avg:2305.61ms
step:166/2750 train_time:382.706s step_avg:2305.46ms
step:167/2750 train_time:384.991s step_avg:2305.34ms
step:168/2750 train_time:387.281s step_avg:2305.24ms
step:169/2750 train_time:389.567s step_avg:2305.13ms
step:170/2750 train_time:391.854s step_avg:2305.03ms
step:171/2750 train_time:394.142s step_avg:2304.92ms
step:172/2750 train_time:396.425s step_avg:2304.80ms
step:173/2750 train_time:398.714s step_avg:2304.71ms
step:174/2750 train_time:401.005s step_avg:2304.62ms
step:175/2750 train_time:403.284s step_avg:2304.48ms
step:176/2750 train_time:405.572s step_avg:2304.39ms
step:177/2750 train_time:407.860s step_avg:2304.29ms
step:178/2750 train_time:410.145s step_avg:2304.19ms
step:179/2750 train_time:412.429s step_avg:2304.07ms
step:180/2750 train_time:414.718s step_avg:2303.99ms
step:181/2750 train_time:417.005s step_avg:2303.89ms
step:182/2750 train_time:419.289s step_avg:2303.79ms
step:183/2750 train_time:421.574s step_avg:2303.68ms
step:184/2750 train_time:423.864s step_avg:2303.61ms
step:185/2750 train_time:426.149s step_avg:2303.51ms
step:186/2750 train_time:428.441s step_avg:2303.45ms
step:187/2750 train_time:430.725s step_avg:2303.34ms
step:188/2750 train_time:433.005s step_avg:2303.22ms
step:189/2750 train_time:435.289s step_avg:2303.12ms
step:190/2750 train_time:437.580s step_avg:2303.05ms
step:191/2750 train_time:439.898s step_avg:2303.13ms
step:192/2750 train_time:442.187s step_avg:2303.06ms
step:193/2750 train_time:444.469s step_avg:2302.95ms
step:194/2750 train_time:446.755s step_avg:2302.86ms
step:195/2750 train_time:449.041s step_avg:2302.78ms
step:196/2750 train_time:451.325s step_avg:2302.68ms
step:197/2750 train_time:453.614s step_avg:2302.61ms
step:198/2750 train_time:455.898s step_avg:2302.52ms
step:199/2750 train_time:458.182s step_avg:2302.42ms
step:200/2750 train_time:460.467s step_avg:2302.34ms
step:201/2750 train_time:462.749s step_avg:2302.23ms
step:202/2750 train_time:465.029s step_avg:2302.12ms
step:203/2750 train_time:467.313s step_avg:2302.04ms
step:204/2750 train_time:469.594s step_avg:2301.93ms
step:205/2750 train_time:471.879s step_avg:2301.85ms
step:206/2750 train_time:474.164s step_avg:2301.77ms
step:207/2750 train_time:476.445s step_avg:2301.67ms
step:208/2750 train_time:478.733s step_avg:2301.60ms
step:209/2750 train_time:481.014s step_avg:2301.50ms
step:210/2750 train_time:483.298s step_avg:2301.42ms
step:211/2750 train_time:485.586s step_avg:2301.35ms
step:212/2750 train_time:487.867s step_avg:2301.26ms
step:213/2750 train_time:490.155s step_avg:2301.20ms
step:214/2750 train_time:492.444s step_avg:2301.14ms
step:215/2750 train_time:494.730s step_avg:2301.07ms
step:216/2750 train_time:497.014s step_avg:2300.99ms
step:217/2750 train_time:499.298s step_avg:2300.91ms
step:218/2750 train_time:501.578s step_avg:2300.82ms
step:219/2750 train_time:503.863s step_avg:2300.74ms
step:220/2750 train_time:506.147s step_avg:2300.67ms
step:221/2750 train_time:508.429s step_avg:2300.58ms
step:222/2750 train_time:510.715s step_avg:2300.52ms
step:223/2750 train_time:513.000s step_avg:2300.45ms
step:224/2750 train_time:515.286s step_avg:2300.38ms
step:225/2750 train_time:517.567s step_avg:2300.30ms
step:226/2750 train_time:519.850s step_avg:2300.22ms
step:227/2750 train_time:522.135s step_avg:2300.15ms
step:228/2750 train_time:524.414s step_avg:2300.06ms
step:229/2750 train_time:526.698s step_avg:2299.99ms
step:230/2750 train_time:528.984s step_avg:2299.93ms
step:231/2750 train_time:531.266s step_avg:2299.85ms
step:232/2750 train_time:533.559s step_avg:2299.82ms
step:233/2750 train_time:535.843s step_avg:2299.75ms
step:234/2750 train_time:538.119s step_avg:2299.66ms
step:235/2750 train_time:540.407s step_avg:2299.60ms
step:236/2750 train_time:542.689s step_avg:2299.53ms
step:237/2750 train_time:544.973s step_avg:2299.46ms
step:238/2750 train_time:547.258s step_avg:2299.40ms
step:239/2750 train_time:549.541s step_avg:2299.33ms
step:240/2750 train_time:551.822s step_avg:2299.26ms
step:241/2750 train_time:554.100s step_avg:2299.17ms
step:242/2750 train_time:556.395s step_avg:2299.15ms
step:243/2750 train_time:558.677s step_avg:2299.08ms
step:244/2750 train_time:560.964s step_avg:2299.03ms
step:245/2750 train_time:563.246s step_avg:2298.96ms
step:246/2750 train_time:565.532s step_avg:2298.91ms
step:247/2750 train_time:567.811s step_avg:2298.83ms
step:248/2750 train_time:570.093s step_avg:2298.76ms
step:249/2750 train_time:572.371s step_avg:2298.68ms
step:250/2750 train_time:574.651s step_avg:2298.60ms
step:250/2750 val_loss:4.08114 train_time:574.651s step_avg:2286.29ms
step:251/2750 train_time:576.939s step_avg:2298.56ms
step:252/2750 train_time:579.226s step_avg:2298.52ms
step:253/2750 train_time:581.508s step_avg:2298.45ms
step:254/2750 train_time:583.794s step_avg:2298.40ms
step:255/2750 train_time:586.079s step_avg:2298.35ms
step:256/2750 train_time:588.359s step_avg:2298.28ms
step:257/2750 train_time:590.640s step_avg:2298.21ms
step:258/2750 train_time:592.927s step_avg:2298.17ms
step:259/2750 train_time:595.210s step_avg:2298.11ms
step:260/2750 train_time:597.493s step_avg:2298.05ms
step:261/2750 train_time:599.776s step_avg:2297.99ms
step:262/2750 train_time:602.057s step_avg:2297.93ms
step:263/2750 train_time:604.341s step_avg:2297.87ms
step:264/2750 train_time:606.622s step_avg:2297.81ms
step:265/2750 train_time:608.906s step_avg:2297.76ms
step:266/2750 train_time:611.186s step_avg:2297.69ms
step:267/2750 train_time:613.469s step_avg:2297.64ms
step:268/2750 train_time:615.752s step_avg:2297.58ms
step:269/2750 train_time:618.037s step_avg:2297.54ms
step:270/2750 train_time:620.319s step_avg:2297.48ms
step:271/2750 train_time:622.611s step_avg:2297.46ms
step:272/2750 train_time:624.899s step_avg:2297.42ms
step:273/2750 train_time:627.179s step_avg:2297.36ms
step:274/2750 train_time:629.463s step_avg:2297.31ms
step:275/2750 train_time:631.746s step_avg:2297.26ms
step:276/2750 train_time:634.025s step_avg:2297.19ms
step:277/2750 train_time:636.301s step_avg:2297.12ms
step:278/2750 train_time:638.585s step_avg:2297.07ms
step:279/2750 train_time:640.865s step_avg:2297.01ms
step:280/2750 train_time:643.143s step_avg:2296.94ms
step:281/2750 train_time:645.425s step_avg:2296.89ms
step:282/2750 train_time:647.704s step_avg:2296.82ms
step:283/2750 train_time:649.987s step_avg:2296.78ms
step:284/2750 train_time:652.267s step_avg:2296.71ms
step:285/2750 train_time:654.551s step_avg:2296.67ms
step:286/2750 train_time:656.833s step_avg:2296.62ms
step:287/2750 train_time:659.118s step_avg:2296.58ms
step:288/2750 train_time:661.401s step_avg:2296.53ms
step:289/2750 train_time:663.680s step_avg:2296.47ms
step:290/2750 train_time:665.960s step_avg:2296.41ms
step:291/2750 train_time:668.239s step_avg:2296.35ms
step:292/2750 train_time:670.519s step_avg:2296.30ms
step:293/2750 train_time:672.805s step_avg:2296.26ms
step:294/2750 train_time:675.080s step_avg:2296.19ms
step:295/2750 train_time:677.362s step_avg:2296.14ms
step:296/2750 train_time:679.642s step_avg:2296.09ms
step:297/2750 train_time:681.924s step_avg:2296.04ms
step:298/2750 train_time:684.205s step_avg:2295.99ms
step:299/2750 train_time:686.485s step_avg:2295.94ms
step:300/2750 train_time:688.767s step_avg:2295.89ms
step:301/2750 train_time:691.043s step_avg:2295.82ms
step:302/2750 train_time:693.327s step_avg:2295.78ms
step:303/2750 train_time:695.613s step_avg:2295.75ms
step:304/2750 train_time:697.895s step_avg:2295.71ms
step:305/2750 train_time:700.178s step_avg:2295.67ms
step:306/2750 train_time:702.457s step_avg:2295.61ms
step:307/2750 train_time:704.741s step_avg:2295.57ms
step:308/2750 train_time:707.026s step_avg:2295.54ms
step:309/2750 train_time:709.310s step_avg:2295.50ms
step:310/2750 train_time:711.589s step_avg:2295.45ms
step:311/2750 train_time:713.867s step_avg:2295.39ms
step:312/2750 train_time:716.149s step_avg:2295.35ms
step:313/2750 train_time:718.436s step_avg:2295.32ms
step:314/2750 train_time:720.715s step_avg:2295.27ms
step:315/2750 train_time:722.999s step_avg:2295.24ms
step:316/2750 train_time:725.277s step_avg:2295.18ms
step:317/2750 train_time:727.559s step_avg:2295.14ms
step:318/2750 train_time:729.838s step_avg:2295.09ms
step:319/2750 train_time:732.122s step_avg:2295.05ms
step:320/2750 train_time:734.405s step_avg:2295.01ms
step:321/2750 train_time:736.683s step_avg:2294.96ms
step:322/2750 train_time:738.966s step_avg:2294.93ms
step:323/2750 train_time:741.247s step_avg:2294.88ms
step:324/2750 train_time:743.528s step_avg:2294.84ms
step:325/2750 train_time:745.811s step_avg:2294.80ms
step:326/2750 train_time:748.094s step_avg:2294.77ms
step:327/2750 train_time:750.377s step_avg:2294.73ms
step:328/2750 train_time:752.658s step_avg:2294.69ms
step:329/2750 train_time:754.940s step_avg:2294.65ms
step:330/2750 train_time:757.227s step_avg:2294.63ms
step:331/2750 train_time:759.506s step_avg:2294.58ms
step:332/2750 train_time:761.788s step_avg:2294.54ms
step:333/2750 train_time:764.074s step_avg:2294.52ms
step:334/2750 train_time:766.350s step_avg:2294.46ms
step:335/2750 train_time:768.635s step_avg:2294.43ms
step:336/2750 train_time:770.918s step_avg:2294.40ms
step:337/2750 train_time:773.197s step_avg:2294.35ms
step:338/2750 train_time:775.484s step_avg:2294.33ms
step:339/2750 train_time:777.765s step_avg:2294.29ms
step:340/2750 train_time:780.047s step_avg:2294.26ms
step:341/2750 train_time:782.324s step_avg:2294.21ms
step:342/2750 train_time:784.608s step_avg:2294.18ms
step:343/2750 train_time:786.894s step_avg:2294.15ms
step:344/2750 train_time:789.174s step_avg:2294.11ms
step:345/2750 train_time:791.465s step_avg:2294.10ms
step:346/2750 train_time:793.750s step_avg:2294.07ms
step:347/2750 train_time:796.028s step_avg:2294.03ms
step:348/2750 train_time:798.309s step_avg:2293.99ms
step:349/2750 train_time:800.594s step_avg:2293.97ms
step:350/2750 train_time:802.875s step_avg:2293.93ms
step:351/2750 train_time:805.159s step_avg:2293.90ms
step:352/2750 train_time:807.443s step_avg:2293.87ms
step:353/2750 train_time:809.726s step_avg:2293.84ms
step:354/2750 train_time:812.004s step_avg:2293.80ms
step:355/2750 train_time:814.286s step_avg:2293.76ms
step:356/2750 train_time:816.567s step_avg:2293.73ms
step:357/2750 train_time:818.848s step_avg:2293.69ms
step:358/2750 train_time:821.132s step_avg:2293.66ms
step:359/2750 train_time:823.415s step_avg:2293.64ms
step:360/2750 train_time:825.696s step_avg:2293.60ms
step:361/2750 train_time:827.977s step_avg:2293.56ms
step:362/2750 train_time:830.258s step_avg:2293.53ms
step:363/2750 train_time:832.542s step_avg:2293.51ms
step:364/2750 train_time:834.818s step_avg:2293.46ms
step:365/2750 train_time:837.103s step_avg:2293.43ms
step:366/2750 train_time:839.382s step_avg:2293.39ms
step:367/2750 train_time:841.660s step_avg:2293.35ms
step:368/2750 train_time:843.942s step_avg:2293.32ms
step:369/2750 train_time:846.227s step_avg:2293.30ms
step:370/2750 train_time:848.510s step_avg:2293.27ms
step:371/2750 train_time:850.786s step_avg:2293.22ms
step:372/2750 train_time:853.069s step_avg:2293.19ms
step:373/2750 train_time:855.353s step_avg:2293.17ms
step:374/2750 train_time:857.636s step_avg:2293.14ms
step:375/2750 train_time:859.922s step_avg:2293.13ms
step:375/2750 val_loss:3.93491 train_time:859.922s step_avg:2282.17ms
step:376/2750 train_time:862.217s step_avg:2293.13ms
step:377/2750 train_time:864.505s step_avg:2293.12ms
step:378/2750 train_time:866.786s step_avg:2293.08ms
step:379/2750 train_time:869.070s step_avg:2293.06ms
step:380/2750 train_time:871.354s step_avg:2293.04ms
step:381/2750 train_time:873.658s step_avg:2293.07ms
step:382/2750 train_time:875.938s step_avg:2293.03ms
step:383/2750 train_time:878.221s step_avg:2293.01ms
step:384/2750 train_time:880.497s step_avg:2292.96ms
step:385/2750 train_time:882.781s step_avg:2292.94ms
step:386/2750 train_time:885.058s step_avg:2292.90ms
step:387/2750 train_time:887.340s step_avg:2292.87ms
step:388/2750 train_time:889.623s step_avg:2292.84ms
step:389/2750 train_time:891.907s step_avg:2292.82ms
step:390/2750 train_time:894.185s step_avg:2292.78ms
step:391/2750 train_time:896.464s step_avg:2292.75ms
step:392/2750 train_time:898.744s step_avg:2292.72ms
step:393/2750 train_time:901.024s step_avg:2292.68ms
step:394/2750 train_time:903.301s step_avg:2292.64ms
step:395/2750 train_time:905.585s step_avg:2292.62ms
step:396/2750 train_time:907.863s step_avg:2292.58ms
step:397/2750 train_time:910.147s step_avg:2292.56ms
step:398/2750 train_time:912.427s step_avg:2292.53ms
step:399/2750 train_time:914.708s step_avg:2292.50ms
step:400/2750 train_time:916.994s step_avg:2292.49ms
step:401/2750 train_time:919.273s step_avg:2292.45ms
step:402/2750 train_time:921.554s step_avg:2292.42ms
step:403/2750 train_time:923.836s step_avg:2292.40ms
step:404/2750 train_time:926.119s step_avg:2292.37ms
step:405/2750 train_time:928.401s step_avg:2292.35ms
step:406/2750 train_time:930.684s step_avg:2292.33ms
step:407/2750 train_time:932.966s step_avg:2292.30ms
step:408/2750 train_time:935.245s step_avg:2292.27ms
step:409/2750 train_time:937.528s step_avg:2292.24ms
step:410/2750 train_time:939.810s step_avg:2292.22ms
step:411/2750 train_time:942.092s step_avg:2292.20ms
step:412/2750 train_time:944.376s step_avg:2292.17ms
step:413/2750 train_time:946.656s step_avg:2292.15ms
step:414/2750 train_time:948.937s step_avg:2292.12ms
step:415/2750 train_time:951.220s step_avg:2292.10ms
step:416/2750 train_time:953.500s step_avg:2292.07ms
step:417/2750 train_time:955.783s step_avg:2292.05ms
step:418/2750 train_time:958.060s step_avg:2292.01ms
step:419/2750 train_time:960.343s step_avg:2291.99ms
step:420/2750 train_time:962.625s step_avg:2291.96ms
step:421/2750 train_time:964.908s step_avg:2291.94ms
step:422/2750 train_time:967.196s step_avg:2291.93ms
step:423/2750 train_time:969.478s step_avg:2291.91ms
step:424/2750 train_time:971.761s step_avg:2291.89ms
step:425/2750 train_time:974.047s step_avg:2291.88ms
step:426/2750 train_time:976.329s step_avg:2291.85ms
step:427/2750 train_time:978.608s step_avg:2291.82ms
step:428/2750 train_time:980.885s step_avg:2291.79ms
step:429/2750 train_time:983.166s step_avg:2291.76ms
step:430/2750 train_time:985.445s step_avg:2291.73ms
step:431/2750 train_time:987.724s step_avg:2291.70ms
step:432/2750 train_time:990.005s step_avg:2291.68ms
step:433/2750 train_time:992.284s step_avg:2291.65ms
step:434/2750 train_time:994.568s step_avg:2291.63ms
step:435/2750 train_time:996.844s step_avg:2291.60ms
step:436/2750 train_time:999.127s step_avg:2291.58ms
step:437/2750 train_time:1001.407s step_avg:2291.55ms
step:438/2750 train_time:1003.693s step_avg:2291.54ms
step:439/2750 train_time:1005.976s step_avg:2291.52ms
step:440/2750 train_time:1008.256s step_avg:2291.49ms
step:441/2750 train_time:1010.540s step_avg:2291.47ms
step:442/2750 train_time:1012.824s step_avg:2291.46ms
step:443/2750 train_time:1015.105s step_avg:2291.43ms
step:444/2750 train_time:1017.386s step_avg:2291.41ms
step:445/2750 train_time:1019.661s step_avg:2291.37ms
step:446/2750 train_time:1021.944s step_avg:2291.35ms
step:447/2750 train_time:1024.224s step_avg:2291.33ms
step:448/2750 train_time:1026.500s step_avg:2291.30ms
step:449/2750 train_time:1028.781s step_avg:2291.27ms
step:450/2750 train_time:1031.063s step_avg:2291.25ms
step:451/2750 train_time:1033.346s step_avg:2291.23ms
step:452/2750 train_time:1035.623s step_avg:2291.20ms
step:453/2750 train_time:1037.908s step_avg:2291.19ms
step:454/2750 train_time:1040.186s step_avg:2291.16ms
step:455/2750 train_time:1042.466s step_avg:2291.13ms
step:456/2750 train_time:1044.748s step_avg:2291.11ms
step:457/2750 train_time:1047.027s step_avg:2291.09ms
step:458/2750 train_time:1049.307s step_avg:2291.06ms
step:459/2750 train_time:1051.584s step_avg:2291.03ms
step:460/2750 train_time:1053.867s step_avg:2291.02ms
step:461/2750 train_time:1056.146s step_avg:2290.99ms
step:462/2750 train_time:1058.427s step_avg:2290.97ms
step:463/2750 train_time:1060.711s step_avg:2290.95ms
step:464/2750 train_time:1062.993s step_avg:2290.93ms
step:465/2750 train_time:1065.274s step_avg:2290.91ms
step:466/2750 train_time:1067.554s step_avg:2290.89ms
step:467/2750 train_time:1069.839s step_avg:2290.88ms
step:468/2750 train_time:1072.120s step_avg:2290.86ms
step:469/2750 train_time:1074.395s step_avg:2290.82ms
step:470/2750 train_time:1076.679s step_avg:2290.81ms
step:471/2750 train_time:1078.960s step_avg:2290.79ms
step:472/2750 train_time:1081.241s step_avg:2290.77ms
step:473/2750 train_time:1083.520s step_avg:2290.74ms
step:474/2750 train_time:1085.799s step_avg:2290.71ms
step:475/2750 train_time:1088.085s step_avg:2290.71ms
step:476/2750 train_time:1090.363s step_avg:2290.68ms
step:477/2750 train_time:1092.647s step_avg:2290.66ms
step:478/2750 train_time:1094.927s step_avg:2290.64ms
step:479/2750 train_time:1097.209s step_avg:2290.62ms
step:480/2750 train_time:1099.492s step_avg:2290.61ms
step:481/2750 train_time:1101.779s step_avg:2290.60ms
step:482/2750 train_time:1104.060s step_avg:2290.58ms
step:483/2750 train_time:1106.341s step_avg:2290.56ms
step:484/2750 train_time:1108.621s step_avg:2290.54ms
step:485/2750 train_time:1110.907s step_avg:2290.53ms
step:486/2750 train_time:1113.184s step_avg:2290.50ms
step:487/2750 train_time:1115.465s step_avg:2290.48ms
step:488/2750 train_time:1117.744s step_avg:2290.46ms
step:489/2750 train_time:1120.022s step_avg:2290.43ms
step:490/2750 train_time:1122.309s step_avg:2290.43ms
step:491/2750 train_time:1124.591s step_avg:2290.41ms
step:492/2750 train_time:1126.874s step_avg:2290.39ms
step:493/2750 train_time:1129.149s step_avg:2290.36ms
step:494/2750 train_time:1131.426s step_avg:2290.34ms
step:495/2750 train_time:1133.703s step_avg:2290.31ms
step:496/2750 train_time:1135.981s step_avg:2290.28ms
step:497/2750 train_time:1138.268s step_avg:2290.28ms
step:498/2750 train_time:1140.551s step_avg:2290.26ms
step:499/2750 train_time:1142.831s step_avg:2290.24ms
step:500/2750 train_time:1145.110s step_avg:2290.22ms
step:500/2750 val_loss:3.80926 train_time:1145.110s step_avg:2281.50ms
step:501/2750 train_time:1147.398s step_avg:2290.22ms
step:502/2750 train_time:1149.680s step_avg:2290.20ms
step:503/2750 train_time:1151.960s step_avg:2290.18ms
step:504/2750 train_time:1154.235s step_avg:2290.15ms
step:505/2750 train_time:1156.520s step_avg:2290.14ms
step:506/2750 train_time:1158.801s step_avg:2290.12ms
step:507/2750 train_time:1161.083s step_avg:2290.11ms
step:508/2750 train_time:1163.367s step_avg:2290.09ms
step:509/2750 train_time:1165.647s step_avg:2290.07ms
step:510/2750 train_time:1167.927s step_avg:2290.05ms
step:511/2750 train_time:1170.210s step_avg:2290.04ms
step:512/2750 train_time:1172.492s step_avg:2290.02ms
step:513/2750 train_time:1174.777s step_avg:2290.01ms
step:514/2750 train_time:1177.057s step_avg:2289.99ms
step:515/2750 train_time:1179.339s step_avg:2289.98ms
step:516/2750 train_time:1181.624s step_avg:2289.97ms
step:517/2750 train_time:1183.903s step_avg:2289.95ms
step:518/2750 train_time:1186.186s step_avg:2289.93ms
step:519/2750 train_time:1188.468s step_avg:2289.92ms
step:520/2750 train_time:1190.752s step_avg:2289.91ms
step:521/2750 train_time:1193.027s step_avg:2289.88ms
step:522/2750 train_time:1195.310s step_avg:2289.87ms
step:523/2750 train_time:1197.594s step_avg:2289.85ms
step:524/2750 train_time:1199.869s step_avg:2289.83ms
step:525/2750 train_time:1202.155s step_avg:2289.82ms
step:526/2750 train_time:1204.437s step_avg:2289.80ms
step:527/2750 train_time:1206.717s step_avg:2289.79ms
step:528/2750 train_time:1209.006s step_avg:2289.78ms
step:529/2750 train_time:1211.288s step_avg:2289.77ms
step:530/2750 train_time:1213.570s step_avg:2289.75ms
step:531/2750 train_time:1215.855s step_avg:2289.75ms
step:532/2750 train_time:1218.140s step_avg:2289.74ms
step:533/2750 train_time:1220.419s step_avg:2289.72ms
step:534/2750 train_time:1222.700s step_avg:2289.70ms
step:535/2750 train_time:1224.980s step_avg:2289.68ms
step:536/2750 train_time:1227.259s step_avg:2289.66ms
step:537/2750 train_time:1229.541s step_avg:2289.65ms
step:538/2750 train_time:1231.825s step_avg:2289.64ms
step:539/2750 train_time:1234.104s step_avg:2289.62ms
step:540/2750 train_time:1236.385s step_avg:2289.60ms
step:541/2750 train_time:1238.665s step_avg:2289.58ms
step:542/2750 train_time:1240.947s step_avg:2289.57ms
step:543/2750 train_time:1243.229s step_avg:2289.56ms
step:544/2750 train_time:1245.504s step_avg:2289.53ms
step:545/2750 train_time:1247.789s step_avg:2289.52ms
step:546/2750 train_time:1250.071s step_avg:2289.51ms
step:547/2750 train_time:1252.351s step_avg:2289.49ms
step:548/2750 train_time:1254.633s step_avg:2289.48ms
step:549/2750 train_time:1256.913s step_avg:2289.46ms
step:550/2750 train_time:1259.193s step_avg:2289.44ms
step:551/2750 train_time:1261.470s step_avg:2289.42ms
step:552/2750 train_time:1263.755s step_avg:2289.41ms
step:553/2750 train_time:1266.033s step_avg:2289.39ms
step:554/2750 train_time:1268.313s step_avg:2289.37ms
step:555/2750 train_time:1270.593s step_avg:2289.36ms
step:556/2750 train_time:1272.874s step_avg:2289.34ms
step:557/2750 train_time:1275.159s step_avg:2289.33ms
step:558/2750 train_time:1277.435s step_avg:2289.31ms
step:559/2750 train_time:1279.718s step_avg:2289.30ms
step:560/2750 train_time:1281.995s step_avg:2289.28ms
step:561/2750 train_time:1284.274s step_avg:2289.26ms
step:562/2750 train_time:1286.560s step_avg:2289.25ms
step:563/2750 train_time:1288.844s step_avg:2289.24ms
step:564/2750 train_time:1291.127s step_avg:2289.23ms
step:565/2750 train_time:1293.409s step_avg:2289.22ms
step:566/2750 train_time:1295.691s step_avg:2289.21ms
step:567/2750 train_time:1297.977s step_avg:2289.20ms
step:568/2750 train_time:1300.258s step_avg:2289.19ms
step:569/2750 train_time:1302.540s step_avg:2289.17ms
step:570/2750 train_time:1304.820s step_avg:2289.16ms
step:571/2750 train_time:1307.117s step_avg:2289.17ms
step:572/2750 train_time:1309.401s step_avg:2289.16ms
step:573/2750 train_time:1311.687s step_avg:2289.16ms
step:574/2750 train_time:1313.965s step_avg:2289.14ms
step:575/2750 train_time:1316.253s step_avg:2289.14ms
step:576/2750 train_time:1318.535s step_avg:2289.12ms
step:577/2750 train_time:1320.813s step_avg:2289.10ms
step:578/2750 train_time:1323.095s step_avg:2289.09ms
step:579/2750 train_time:1325.378s step_avg:2289.08ms
step:580/2750 train_time:1327.659s step_avg:2289.07ms
step:581/2750 train_time:1329.938s step_avg:2289.05ms
step:582/2750 train_time:1332.218s step_avg:2289.03ms
step:583/2750 train_time:1334.496s step_avg:2289.02ms
step:584/2750 train_time:1336.775s step_avg:2289.00ms
step:585/2750 train_time:1339.056s step_avg:2288.98ms
step:586/2750 train_time:1341.333s step_avg:2288.96ms
step:587/2750 train_time:1343.619s step_avg:2288.96ms
step:588/2750 train_time:1345.895s step_avg:2288.94ms
step:589/2750 train_time:1348.178s step_avg:2288.93ms
step:590/2750 train_time:1350.457s step_avg:2288.91ms
step:591/2750 train_time:1352.738s step_avg:2288.90ms
step:592/2750 train_time:1355.020s step_avg:2288.88ms
step:593/2750 train_time:1357.300s step_avg:2288.87ms
step:594/2750 train_time:1359.579s step_avg:2288.85ms
step:595/2750 train_time:1361.857s step_avg:2288.84ms
step:596/2750 train_time:1364.140s step_avg:2288.83ms
step:597/2750 train_time:1366.421s step_avg:2288.81ms
step:598/2750 train_time:1368.701s step_avg:2288.80ms
step:599/2750 train_time:1370.987s step_avg:2288.79ms
step:600/2750 train_time:1373.270s step_avg:2288.78ms
step:601/2750 train_time:1375.550s step_avg:2288.77ms
step:602/2750 train_time:1377.828s step_avg:2288.75ms
step:603/2750 train_time:1380.109s step_avg:2288.74ms
step:604/2750 train_time:1382.393s step_avg:2288.73ms
step:605/2750 train_time:1384.666s step_avg:2288.70ms
step:606/2750 train_time:1386.951s step_avg:2288.70ms
step:607/2750 train_time:1389.233s step_avg:2288.69ms
step:608/2750 train_time:1391.514s step_avg:2288.67ms
step:609/2750 train_time:1393.800s step_avg:2288.67ms
step:610/2750 train_time:1396.080s step_avg:2288.66ms
step:611/2750 train_time:1398.361s step_avg:2288.64ms
step:612/2750 train_time:1400.638s step_avg:2288.62ms
step:613/2750 train_time:1402.920s step_avg:2288.61ms
step:614/2750 train_time:1405.198s step_avg:2288.60ms
step:615/2750 train_time:1407.480s step_avg:2288.59ms
step:616/2750 train_time:1409.763s step_avg:2288.58ms
step:617/2750 train_time:1412.044s step_avg:2288.56ms
step:618/2750 train_time:1414.325s step_avg:2288.55ms
step:619/2750 train_time:1416.605s step_avg:2288.54ms
step:620/2750 train_time:1418.888s step_avg:2288.53ms
step:621/2750 train_time:1421.171s step_avg:2288.52ms
step:622/2750 train_time:1423.451s step_avg:2288.51ms
step:623/2750 train_time:1425.736s step_avg:2288.50ms
step:624/2750 train_time:1428.015s step_avg:2288.49ms
step:625/2750 train_time:1430.298s step_avg:2288.48ms
step:625/2750 val_loss:3.73101 train_time:1430.299s step_avg:2281.51ms
step:626/2750 train_time:1432.587s step_avg:2288.48ms
step:627/2750 train_time:1434.870s step_avg:2288.47ms
step:628/2750 train_time:1437.150s step_avg:2288.46ms
step:629/2750 train_time:1439.432s step_avg:2288.45ms
step:630/2750 train_time:1441.716s step_avg:2288.44ms
step:631/2750 train_time:1444.010s step_avg:2288.45ms
step:632/2750 train_time:1446.293s step_avg:2288.44ms
step:633/2750 train_time:1448.577s step_avg:2288.43ms
step:634/2750 train_time:1450.857s step_avg:2288.42ms
step:635/2750 train_time:1453.138s step_avg:2288.41ms
step:636/2750 train_time:1455.420s step_avg:2288.40ms
step:637/2750 train_time:1457.701s step_avg:2288.38ms
step:638/2750 train_time:1459.985s step_avg:2288.38ms
step:639/2750 train_time:1462.265s step_avg:2288.36ms
step:640/2750 train_time:1464.549s step_avg:2288.36ms
step:641/2750 train_time:1466.831s step_avg:2288.35ms
step:642/2750 train_time:1469.115s step_avg:2288.34ms
step:643/2750 train_time:1471.398s step_avg:2288.33ms
step:644/2750 train_time:1473.680s step_avg:2288.32ms
step:645/2750 train_time:1475.961s step_avg:2288.31ms
step:646/2750 train_time:1478.240s step_avg:2288.30ms
step:647/2750 train_time:1480.522s step_avg:2288.29ms
step:648/2750 train_time:1482.807s step_avg:2288.28ms
step:649/2750 train_time:1485.085s step_avg:2288.27ms
step:650/2750 train_time:1487.369s step_avg:2288.26ms
step:651/2750 train_time:1489.649s step_avg:2288.25ms
step:652/2750 train_time:1491.930s step_avg:2288.24ms
step:653/2750 train_time:1494.217s step_avg:2288.23ms
step:654/2750 train_time:1496.495s step_avg:2288.22ms
step:655/2750 train_time:1498.776s step_avg:2288.21ms
step:656/2750 train_time:1501.059s step_avg:2288.20ms
step:657/2750 train_time:1503.342s step_avg:2288.19ms
step:658/2750 train_time:1505.628s step_avg:2288.19ms
step:659/2750 train_time:1507.909s step_avg:2288.18ms
step:660/2750 train_time:1510.191s step_avg:2288.17ms
step:661/2750 train_time:1512.472s step_avg:2288.16ms
step:662/2750 train_time:1514.755s step_avg:2288.15ms
step:663/2750 train_time:1517.040s step_avg:2288.15ms
step:664/2750 train_time:1519.323s step_avg:2288.14ms
step:665/2750 train_time:1521.601s step_avg:2288.12ms
step:666/2750 train_time:1523.880s step_avg:2288.11ms
step:667/2750 train_time:1526.163s step_avg:2288.10ms
step:668/2750 train_time:1528.449s step_avg:2288.10ms
step:669/2750 train_time:1530.724s step_avg:2288.08ms
step:670/2750 train_time:1533.008s step_avg:2288.07ms
step:671/2750 train_time:1535.287s step_avg:2288.06ms
step:672/2750 train_time:1537.577s step_avg:2288.06ms
step:673/2750 train_time:1539.862s step_avg:2288.06ms
step:674/2750 train_time:1542.143s step_avg:2288.05ms
step:675/2750 train_time:1544.422s step_avg:2288.03ms
step:676/2750 train_time:1546.706s step_avg:2288.03ms
step:677/2750 train_time:1548.984s step_avg:2288.01ms
step:678/2750 train_time:1551.269s step_avg:2288.01ms
step:679/2750 train_time:1553.548s step_avg:2287.99ms
step:680/2750 train_time:1555.829s step_avg:2287.98ms
step:681/2750 train_time:1558.109s step_avg:2287.97ms
step:682/2750 train_time:1560.391s step_avg:2287.96ms
step:683/2750 train_time:1562.676s step_avg:2287.96ms
step:684/2750 train_time:1564.957s step_avg:2287.95ms
step:685/2750 train_time:1567.238s step_avg:2287.94ms
step:686/2750 train_time:1569.515s step_avg:2287.92ms
step:687/2750 train_time:1571.797s step_avg:2287.91ms
step:688/2750 train_time:1574.079s step_avg:2287.91ms
step:689/2750 train_time:1576.358s step_avg:2287.89ms
step:690/2750 train_time:1578.643s step_avg:2287.89ms
step:691/2750 train_time:1580.923s step_avg:2287.88ms
step:692/2750 train_time:1583.205s step_avg:2287.87ms
step:693/2750 train_time:1585.485s step_avg:2287.86ms
step:694/2750 train_time:1587.767s step_avg:2287.85ms
step:695/2750 train_time:1590.050s step_avg:2287.84ms
step:696/2750 train_time:1592.327s step_avg:2287.83ms
step:697/2750 train_time:1594.607s step_avg:2287.82ms
step:698/2750 train_time:1596.885s step_avg:2287.80ms
step:699/2750 train_time:1599.162s step_avg:2287.79ms
step:700/2750 train_time:1601.442s step_avg:2287.77ms
step:701/2750 train_time:1603.724s step_avg:2287.77ms
step:702/2750 train_time:1606.008s step_avg:2287.76ms
step:703/2750 train_time:1608.286s step_avg:2287.75ms
step:704/2750 train_time:1610.571s step_avg:2287.74ms
step:705/2750 train_time:1612.849s step_avg:2287.73ms
step:706/2750 train_time:1615.131s step_avg:2287.72ms
step:707/2750 train_time:1617.416s step_avg:2287.72ms
step:708/2750 train_time:1619.700s step_avg:2287.71ms
step:709/2750 train_time:1621.984s step_avg:2287.71ms
step:710/2750 train_time:1624.267s step_avg:2287.70ms
step:711/2750 train_time:1626.551s step_avg:2287.69ms
step:712/2750 train_time:1628.831s step_avg:2287.68ms
step:713/2750 train_time:1631.109s step_avg:2287.67ms
step:714/2750 train_time:1633.392s step_avg:2287.66ms
step:715/2750 train_time:1635.669s step_avg:2287.65ms
step:716/2750 train_time:1637.953s step_avg:2287.64ms
step:717/2750 train_time:1640.233s step_avg:2287.63ms
step:718/2750 train_time:1642.512s step_avg:2287.62ms
step:719/2750 train_time:1644.794s step_avg:2287.61ms
step:720/2750 train_time:1647.071s step_avg:2287.60ms
step:721/2750 train_time:1649.355s step_avg:2287.59ms
step:722/2750 train_time:1651.638s step_avg:2287.59ms
step:723/2750 train_time:1653.917s step_avg:2287.57ms
step:724/2750 train_time:1656.214s step_avg:2287.59ms
step:725/2750 train_time:1658.494s step_avg:2287.58ms
step:726/2750 train_time:1660.777s step_avg:2287.57ms
step:727/2750 train_time:1663.060s step_avg:2287.57ms
step:728/2750 train_time:1665.344s step_avg:2287.56ms
step:729/2750 train_time:1667.625s step_avg:2287.55ms
step:730/2750 train_time:1669.906s step_avg:2287.54ms
step:731/2750 train_time:1672.184s step_avg:2287.53ms
step:732/2750 train_time:1674.467s step_avg:2287.52ms
step:733/2750 train_time:1676.745s step_avg:2287.51ms
step:734/2750 train_time:1679.029s step_avg:2287.51ms
step:735/2750 train_time:1681.308s step_avg:2287.49ms
step:736/2750 train_time:1683.585s step_avg:2287.48ms
step:737/2750 train_time:1685.865s step_avg:2287.47ms
step:738/2750 train_time:1688.145s step_avg:2287.46ms
step:739/2750 train_time:1690.430s step_avg:2287.46ms
step:740/2750 train_time:1692.705s step_avg:2287.44ms
step:741/2750 train_time:1694.988s step_avg:2287.43ms
step:742/2750 train_time:1697.276s step_avg:2287.43ms
step:743/2750 train_time:1699.558s step_avg:2287.43ms
step:744/2750 train_time:1701.844s step_avg:2287.42ms
step:745/2750 train_time:1704.124s step_avg:2287.42ms
step:746/2750 train_time:1706.405s step_avg:2287.41ms
step:747/2750 train_time:1708.683s step_avg:2287.39ms
step:748/2750 train_time:1710.965s step_avg:2287.39ms
step:749/2750 train_time:1713.246s step_avg:2287.38ms
step:750/2750 train_time:1715.526s step_avg:2287.37ms
step:750/2750 val_loss:3.68477 train_time:1715.526s step_avg:2281.82ms
step:751/2750 train_time:1717.814s step_avg:2287.37ms
step:752/2750 train_time:1720.096s step_avg:2287.36ms
step:753/2750 train_time:1722.381s step_avg:2287.36ms
step:754/2750 train_time:1724.659s step_avg:2287.35ms
step:755/2750 train_time:1726.942s step_avg:2287.34ms
step:756/2750 train_time:1729.224s step_avg:2287.33ms
step:757/2750 train_time:1731.510s step_avg:2287.33ms
step:758/2750 train_time:1733.798s step_avg:2287.33ms
step:759/2750 train_time:1736.079s step_avg:2287.32ms
step:760/2750 train_time:1738.365s step_avg:2287.32ms
step:761/2750 train_time:1740.667s step_avg:2287.34ms
step:762/2750 train_time:1742.953s step_avg:2287.34ms
step:763/2750 train_time:1745.233s step_avg:2287.33ms
step:764/2750 train_time:1747.521s step_avg:2287.33ms
step:765/2750 train_time:1749.802s step_avg:2287.32ms
step:766/2750 train_time:1752.086s step_avg:2287.32ms
step:767/2750 train_time:1754.372s step_avg:2287.32ms
step:768/2750 train_time:1756.651s step_avg:2287.31ms
step:769/2750 train_time:1758.930s step_avg:2287.30ms
step:770/2750 train_time:1761.210s step_avg:2287.29ms
step:771/2750 train_time:1763.493s step_avg:2287.28ms
step:772/2750 train_time:1765.778s step_avg:2287.28ms
step:773/2750 train_time:1768.054s step_avg:2287.26ms
step:774/2750 train_time:1770.338s step_avg:2287.26ms
step:775/2750 train_time:1772.618s step_avg:2287.25ms
step:776/2750 train_time:1774.898s step_avg:2287.24ms
step:777/2750 train_time:1777.182s step_avg:2287.24ms
step:778/2750 train_time:1779.462s step_avg:2287.23ms
step:779/2750 train_time:1781.742s step_avg:2287.22ms
step:780/2750 train_time:1784.019s step_avg:2287.20ms
step:781/2750 train_time:1786.303s step_avg:2287.20ms
step:782/2750 train_time:1788.584s step_avg:2287.19ms
step:783/2750 train_time:1790.866s step_avg:2287.19ms
step:784/2750 train_time:1793.152s step_avg:2287.18ms
step:785/2750 train_time:1795.432s step_avg:2287.17ms
step:786/2750 train_time:1797.711s step_avg:2287.16ms
step:787/2750 train_time:1799.993s step_avg:2287.16ms
step:788/2750 train_time:1802.277s step_avg:2287.15ms
step:789/2750 train_time:1804.561s step_avg:2287.15ms
step:790/2750 train_time:1806.836s step_avg:2287.13ms
step:791/2750 train_time:1809.121s step_avg:2287.13ms
step:792/2750 train_time:1811.405s step_avg:2287.13ms
step:793/2750 train_time:1813.685s step_avg:2287.12ms
step:794/2750 train_time:1815.970s step_avg:2287.12ms
step:795/2750 train_time:1818.247s step_avg:2287.10ms
step:796/2750 train_time:1820.530s step_avg:2287.10ms
step:797/2750 train_time:1822.814s step_avg:2287.09ms
step:798/2750 train_time:1825.093s step_avg:2287.08ms
step:799/2750 train_time:1827.377s step_avg:2287.08ms
step:800/2750 train_time:1829.654s step_avg:2287.07ms
step:801/2750 train_time:1831.938s step_avg:2287.06ms
step:802/2750 train_time:1834.217s step_avg:2287.05ms
step:803/2750 train_time:1836.507s step_avg:2287.06ms
step:804/2750 train_time:1838.792s step_avg:2287.06ms
step:805/2750 train_time:1841.075s step_avg:2287.05ms
step:806/2750 train_time:1843.356s step_avg:2287.04ms
step:807/2750 train_time:1845.642s step_avg:2287.04ms
step:808/2750 train_time:1847.925s step_avg:2287.04ms
step:809/2750 train_time:1850.202s step_avg:2287.02ms
step:810/2750 train_time:1852.479s step_avg:2287.01ms
step:811/2750 train_time:1854.758s step_avg:2287.00ms
step:812/2750 train_time:1857.035s step_avg:2286.99ms
step:813/2750 train_time:1859.315s step_avg:2286.98ms
step:814/2750 train_time:1861.596s step_avg:2286.97ms
step:815/2750 train_time:1863.881s step_avg:2286.97ms
step:816/2750 train_time:1866.159s step_avg:2286.96ms
step:817/2750 train_time:1868.437s step_avg:2286.95ms
step:818/2750 train_time:1870.720s step_avg:2286.94ms
step:819/2750 train_time:1873.001s step_avg:2286.94ms
step:820/2750 train_time:1875.281s step_avg:2286.93ms
step:821/2750 train_time:1877.567s step_avg:2286.93ms
step:822/2750 train_time:1879.849s step_avg:2286.92ms
step:823/2750 train_time:1882.126s step_avg:2286.91ms
step:824/2750 train_time:1884.407s step_avg:2286.90ms
step:825/2750 train_time:1886.692s step_avg:2286.90ms
step:826/2750 train_time:1888.979s step_avg:2286.90ms
step:827/2750 train_time:1891.256s step_avg:2286.89ms
step:828/2750 train_time:1893.540s step_avg:2286.88ms
step:829/2750 train_time:1895.821s step_avg:2286.88ms
step:830/2750 train_time:1898.105s step_avg:2286.87ms
step:831/2750 train_time:1900.390s step_avg:2286.87ms
step:832/2750 train_time:1902.672s step_avg:2286.87ms
step:833/2750 train_time:1904.954s step_avg:2286.86ms
step:834/2750 train_time:1907.236s step_avg:2286.85ms
step:835/2750 train_time:1909.518s step_avg:2286.85ms
step:836/2750 train_time:1911.800s step_avg:2286.84ms
step:837/2750 train_time:1914.080s step_avg:2286.83ms
step:838/2750 train_time:1916.361s step_avg:2286.83ms
step:839/2750 train_time:1918.637s step_avg:2286.81ms
step:840/2750 train_time:1920.918s step_avg:2286.81ms
step:841/2750 train_time:1923.201s step_avg:2286.80ms
step:842/2750 train_time:1925.481s step_avg:2286.79ms
step:843/2750 train_time:1927.761s step_avg:2286.79ms
step:844/2750 train_time:1930.040s step_avg:2286.78ms
step:845/2750 train_time:1932.324s step_avg:2286.77ms
step:846/2750 train_time:1934.612s step_avg:2286.78ms
step:847/2750 train_time:1936.891s step_avg:2286.77ms
step:848/2750 train_time:1939.174s step_avg:2286.76ms
step:849/2750 train_time:1941.454s step_avg:2286.75ms
step:850/2750 train_time:1943.732s step_avg:2286.74ms
step:851/2750 train_time:1946.015s step_avg:2286.74ms
step:852/2750 train_time:1948.297s step_avg:2286.73ms
step:853/2750 train_time:1950.579s step_avg:2286.73ms
step:854/2750 train_time:1952.857s step_avg:2286.72ms
step:855/2750 train_time:1955.142s step_avg:2286.72ms
step:856/2750 train_time:1957.421s step_avg:2286.71ms
step:857/2750 train_time:1959.703s step_avg:2286.70ms
step:858/2750 train_time:1961.992s step_avg:2286.70ms
step:859/2750 train_time:1964.274s step_avg:2286.70ms
step:860/2750 train_time:1966.555s step_avg:2286.69ms
step:861/2750 train_time:1968.842s step_avg:2286.69ms
step:862/2750 train_time:1971.124s step_avg:2286.69ms
step:863/2750 train_time:1973.405s step_avg:2286.68ms
step:864/2750 train_time:1975.679s step_avg:2286.67ms
step:865/2750 train_time:1977.961s step_avg:2286.66ms
step:866/2750 train_time:1980.240s step_avg:2286.65ms
step:867/2750 train_time:1982.522s step_avg:2286.65ms
step:868/2750 train_time:1984.805s step_avg:2286.64ms
step:869/2750 train_time:1987.092s step_avg:2286.64ms
step:870/2750 train_time:1989.373s step_avg:2286.64ms
step:871/2750 train_time:1991.659s step_avg:2286.63ms
step:872/2750 train_time:1993.942s step_avg:2286.63ms
step:873/2750 train_time:1996.224s step_avg:2286.63ms
step:874/2750 train_time:1998.501s step_avg:2286.61ms
step:875/2750 train_time:2000.782s step_avg:2286.61ms
step:875/2750 val_loss:3.64371 train_time:2000.782s step_avg:2282.05ms
step:876/2750 train_time:2003.070s step_avg:2286.61ms
step:877/2750 train_time:2005.355s step_avg:2286.61ms
step:878/2750 train_time:2007.634s step_avg:2286.60ms
step:879/2750 train_time:2009.913s step_avg:2286.59ms
step:880/2750 train_time:2012.196s step_avg:2286.59ms
step:881/2750 train_time:2014.479s step_avg:2286.58ms
step:882/2750 train_time:2016.765s step_avg:2286.58ms
step:883/2750 train_time:2019.047s step_avg:2286.58ms
step:884/2750 train_time:2021.327s step_avg:2286.57ms
step:885/2750 train_time:2023.610s step_avg:2286.56ms
step:886/2750 train_time:2025.891s step_avg:2286.56ms
step:887/2750 train_time:2028.175s step_avg:2286.56ms
step:888/2750 train_time:2030.455s step_avg:2286.55ms
step:889/2750 train_time:2032.736s step_avg:2286.54ms
step:890/2750 train_time:2035.019s step_avg:2286.54ms
step:891/2750 train_time:2037.302s step_avg:2286.53ms
step:892/2750 train_time:2039.588s step_avg:2286.53ms
step:893/2750 train_time:2041.867s step_avg:2286.52ms
step:894/2750 train_time:2044.145s step_avg:2286.52ms
step:895/2750 train_time:2046.430s step_avg:2286.51ms
step:896/2750 train_time:2048.713s step_avg:2286.51ms
step:897/2750 train_time:2050.996s step_avg:2286.51ms
step:898/2750 train_time:2053.274s step_avg:2286.50ms
step:899/2750 train_time:2055.557s step_avg:2286.49ms
step:900/2750 train_time:2057.844s step_avg:2286.49ms
step:901/2750 train_time:2060.121s step_avg:2286.48ms
step:902/2750 train_time:2062.405s step_avg:2286.48ms
step:903/2750 train_time:2064.687s step_avg:2286.48ms
step:904/2750 train_time:2066.970s step_avg:2286.47ms
step:905/2750 train_time:2069.248s step_avg:2286.46ms
step:906/2750 train_time:2071.527s step_avg:2286.45ms
step:907/2750 train_time:2073.815s step_avg:2286.45ms
step:908/2750 train_time:2076.092s step_avg:2286.44ms
step:909/2750 train_time:2078.376s step_avg:2286.44ms
step:910/2750 train_time:2080.658s step_avg:2286.44ms
step:911/2750 train_time:2082.939s step_avg:2286.43ms
step:912/2750 train_time:2085.222s step_avg:2286.43ms
step:913/2750 train_time:2087.503s step_avg:2286.42ms
step:914/2750 train_time:2089.782s step_avg:2286.41ms
step:915/2750 train_time:2092.065s step_avg:2286.41ms
step:916/2750 train_time:2094.347s step_avg:2286.41ms
step:917/2750 train_time:2096.632s step_avg:2286.40ms
step:918/2750 train_time:2098.911s step_avg:2286.40ms
step:919/2750 train_time:2101.195s step_avg:2286.39ms
step:920/2750 train_time:2103.476s step_avg:2286.39ms
step:921/2750 train_time:2105.759s step_avg:2286.38ms
step:922/2750 train_time:2108.044s step_avg:2286.38ms
step:923/2750 train_time:2110.325s step_avg:2286.38ms
step:924/2750 train_time:2112.608s step_avg:2286.37ms
step:925/2750 train_time:2114.891s step_avg:2286.37ms
step:926/2750 train_time:2117.168s step_avg:2286.36ms
step:927/2750 train_time:2119.454s step_avg:2286.36ms
step:928/2750 train_time:2121.733s step_avg:2286.35ms
step:929/2750 train_time:2124.014s step_avg:2286.34ms
step:930/2750 train_time:2126.298s step_avg:2286.34ms
step:931/2750 train_time:2128.582s step_avg:2286.34ms
step:932/2750 train_time:2130.863s step_avg:2286.33ms
step:933/2750 train_time:2133.145s step_avg:2286.33ms
step:934/2750 train_time:2135.424s step_avg:2286.32ms
step:935/2750 train_time:2137.701s step_avg:2286.31ms
step:936/2750 train_time:2139.982s step_avg:2286.31ms
step:937/2750 train_time:2142.267s step_avg:2286.30ms
step:938/2750 train_time:2144.548s step_avg:2286.30ms
step:939/2750 train_time:2146.835s step_avg:2286.30ms
step:940/2750 train_time:2149.121s step_avg:2286.30ms
step:941/2750 train_time:2151.397s step_avg:2286.29ms
step:942/2750 train_time:2153.682s step_avg:2286.29ms
step:943/2750 train_time:2155.966s step_avg:2286.28ms
step:944/2750 train_time:2158.247s step_avg:2286.28ms
step:945/2750 train_time:2160.530s step_avg:2286.27ms
step:946/2750 train_time:2162.811s step_avg:2286.27ms
step:947/2750 train_time:2165.097s step_avg:2286.27ms
step:948/2750 train_time:2167.373s step_avg:2286.26ms
step:949/2750 train_time:2169.657s step_avg:2286.26ms
step:950/2750 train_time:2171.936s step_avg:2286.25ms
step:951/2750 train_time:2174.235s step_avg:2286.26ms
step:952/2750 train_time:2176.518s step_avg:2286.26ms
step:953/2750 train_time:2178.803s step_avg:2286.26ms
step:954/2750 train_time:2181.081s step_avg:2286.25ms
step:955/2750 train_time:2183.366s step_avg:2286.25ms
step:956/2750 train_time:2185.648s step_avg:2286.24ms
step:957/2750 train_time:2187.931s step_avg:2286.24ms
step:958/2750 train_time:2190.209s step_avg:2286.23ms
step:959/2750 train_time:2192.492s step_avg:2286.23ms
step:960/2750 train_time:2194.774s step_avg:2286.22ms
step:961/2750 train_time:2197.051s step_avg:2286.21ms
step:962/2750 train_time:2199.333s step_avg:2286.21ms
step:963/2750 train_time:2201.612s step_avg:2286.20ms
step:964/2750 train_time:2203.901s step_avg:2286.20ms
step:965/2750 train_time:2206.185s step_avg:2286.20ms
step:966/2750 train_time:2208.467s step_avg:2286.20ms
step:967/2750 train_time:2210.747s step_avg:2286.19ms
step:968/2750 train_time:2213.025s step_avg:2286.18ms
step:969/2750 train_time:2215.308s step_avg:2286.18ms
step:970/2750 train_time:2217.590s step_avg:2286.18ms
step:971/2750 train_time:2219.868s step_avg:2286.17ms
step:972/2750 train_time:2222.155s step_avg:2286.17ms
step:973/2750 train_time:2224.439s step_avg:2286.17ms
step:974/2750 train_time:2226.718s step_avg:2286.16ms
step:975/2750 train_time:2229.004s step_avg:2286.16ms
step:976/2750 train_time:2231.286s step_avg:2286.15ms
step:977/2750 train_time:2233.566s step_avg:2286.15ms
step:978/2750 train_time:2235.846s step_avg:2286.14ms
step:979/2750 train_time:2238.126s step_avg:2286.13ms
step:980/2750 train_time:2240.410s step_avg:2286.13ms
step:981/2750 train_time:2242.688s step_avg:2286.12ms
step:982/2750 train_time:2244.973s step_avg:2286.12ms
step:983/2750 train_time:2247.253s step_avg:2286.12ms
step:984/2750 train_time:2249.532s step_avg:2286.11ms
step:985/2750 train_time:2251.814s step_avg:2286.11ms
step:986/2750 train_time:2254.097s step_avg:2286.10ms
step:987/2750 train_time:2256.378s step_avg:2286.10ms
step:988/2750 train_time:2258.658s step_avg:2286.09ms
step:989/2750 train_time:2260.941s step_avg:2286.09ms
step:990/2750 train_time:2263.228s step_avg:2286.09ms
step:991/2750 train_time:2265.506s step_avg:2286.08ms
step:992/2750 train_time:2267.791s step_avg:2286.08ms
step:993/2750 train_time:2270.073s step_avg:2286.08ms
step:994/2750 train_time:2272.351s step_avg:2286.07ms
step:995/2750 train_time:2274.631s step_avg:2286.06ms
step:996/2750 train_time:2276.912s step_avg:2286.06ms
step:997/2750 train_time:2279.194s step_avg:2286.05ms
step:998/2750 train_time:2281.469s step_avg:2286.04ms
step:999/2750 train_time:2283.753s step_avg:2286.04ms
step:1000/2750 train_time:2286.032s step_avg:2286.03ms
step:1000/2750 val_loss:3.60521 train_time:2286.032s step_avg:2282.00ms
step:1001/2750 train_time:2288.322s step_avg:2286.04ms
step:1002/2750 train_time:2290.599s step_avg:2286.03ms
step:1003/2750 train_time:2292.879s step_avg:2286.02ms
step:1004/2750 train_time:2295.159s step_avg:2286.01ms
step:1005/2750 train_time:2297.442s step_avg:2286.01ms
step:1006/2750 train_time:2299.727s step_avg:2286.01ms
step:1007/2750 train_time:2302.006s step_avg:2286.00ms
step:1008/2750 train_time:2304.286s step_avg:2286.00ms
step:1009/2750 train_time:2306.567s step_avg:2285.99ms
step:1010/2750 train_time:2308.850s step_avg:2285.99ms
step:1011/2750 train_time:2311.136s step_avg:2285.99ms
step:1012/2750 train_time:2313.414s step_avg:2285.98ms
step:1013/2750 train_time:2315.697s step_avg:2285.98ms
step:1014/2750 train_time:2317.976s step_avg:2285.97ms
step:1015/2750 train_time:2320.257s step_avg:2285.97ms
step:1016/2750 train_time:2322.539s step_avg:2285.96ms
step:1017/2750 train_time:2324.823s step_avg:2285.96ms
step:1018/2750 train_time:2327.102s step_avg:2285.95ms
step:1019/2750 train_time:2329.378s step_avg:2285.95ms
step:1020/2750 train_time:2331.656s step_avg:2285.94ms
step:1021/2750 train_time:2333.935s step_avg:2285.93ms
step:1022/2750 train_time:2336.213s step_avg:2285.92ms
step:1023/2750 train_time:2338.496s step_avg:2285.92ms
step:1024/2750 train_time:2340.779s step_avg:2285.92ms
step:1025/2750 train_time:2343.062s step_avg:2285.91ms
step:1026/2750 train_time:2345.338s step_avg:2285.90ms
step:1027/2750 train_time:2347.619s step_avg:2285.90ms
step:1028/2750 train_time:2349.906s step_avg:2285.90ms
step:1029/2750 train_time:2352.182s step_avg:2285.89ms
step:1030/2750 train_time:2354.465s step_avg:2285.89ms
step:1031/2750 train_time:2356.747s step_avg:2285.88ms
step:1032/2750 train_time:2359.036s step_avg:2285.89ms
step:1033/2750 train_time:2361.318s step_avg:2285.88ms
step:1034/2750 train_time:2363.598s step_avg:2285.88ms
step:1035/2750 train_time:2365.878s step_avg:2285.87ms
step:1036/2750 train_time:2368.158s step_avg:2285.87ms
step:1037/2750 train_time:2370.438s step_avg:2285.86ms
step:1038/2750 train_time:2372.716s step_avg:2285.85ms
step:1039/2750 train_time:2374.997s step_avg:2285.85ms
step:1040/2750 train_time:2377.281s step_avg:2285.85ms
step:1041/2750 train_time:2379.563s step_avg:2285.84ms
step:1042/2750 train_time:2381.845s step_avg:2285.84ms
step:1043/2750 train_time:2384.129s step_avg:2285.84ms
step:1044/2750 train_time:2386.410s step_avg:2285.83ms
step:1045/2750 train_time:2388.692s step_avg:2285.83ms
step:1046/2750 train_time:2390.968s step_avg:2285.82ms
step:1047/2750 train_time:2393.252s step_avg:2285.82ms
step:1048/2750 train_time:2395.536s step_avg:2285.82ms
step:1049/2750 train_time:2397.816s step_avg:2285.81ms
step:1050/2750 train_time:2400.099s step_avg:2285.81ms
step:1051/2750 train_time:2402.380s step_avg:2285.80ms
step:1052/2750 train_time:2404.662s step_avg:2285.80ms
step:1053/2750 train_time:2406.936s step_avg:2285.79ms
step:1054/2750 train_time:2409.222s step_avg:2285.79ms
step:1055/2750 train_time:2411.501s step_avg:2285.78ms
step:1056/2750 train_time:2413.778s step_avg:2285.77ms
step:1057/2750 train_time:2416.064s step_avg:2285.78ms
step:1058/2750 train_time:2418.347s step_avg:2285.77ms
step:1059/2750 train_time:2420.631s step_avg:2285.77ms
step:1060/2750 train_time:2422.909s step_avg:2285.76ms
step:1061/2750 train_time:2425.191s step_avg:2285.76ms
step:1062/2750 train_time:2427.477s step_avg:2285.76ms
step:1063/2750 train_time:2429.755s step_avg:2285.75ms
step:1064/2750 train_time:2432.037s step_avg:2285.75ms
step:1065/2750 train_time:2434.316s step_avg:2285.74ms
step:1066/2750 train_time:2436.596s step_avg:2285.74ms
step:1067/2750 train_time:2438.876s step_avg:2285.73ms
step:1068/2750 train_time:2441.159s step_avg:2285.73ms
step:1069/2750 train_time:2443.438s step_avg:2285.72ms
step:1070/2750 train_time:2445.717s step_avg:2285.72ms
step:1071/2750 train_time:2448.001s step_avg:2285.72ms
step:1072/2750 train_time:2450.287s step_avg:2285.72ms
step:1073/2750 train_time:2452.566s step_avg:2285.71ms
step:1074/2750 train_time:2454.855s step_avg:2285.71ms
step:1075/2750 train_time:2457.135s step_avg:2285.71ms
step:1076/2750 train_time:2459.415s step_avg:2285.70ms
step:1077/2750 train_time:2461.698s step_avg:2285.70ms
step:1078/2750 train_time:2463.981s step_avg:2285.70ms
step:1079/2750 train_time:2466.262s step_avg:2285.69ms
step:1080/2750 train_time:2468.541s step_avg:2285.69ms
step:1081/2750 train_time:2470.821s step_avg:2285.68ms
step:1082/2750 train_time:2473.103s step_avg:2285.68ms
step:1083/2750 train_time:2475.386s step_avg:2285.68ms
step:1084/2750 train_time:2477.672s step_avg:2285.68ms
step:1085/2750 train_time:2479.954s step_avg:2285.67ms
step:1086/2750 train_time:2482.235s step_avg:2285.67ms
step:1087/2750 train_time:2484.518s step_avg:2285.66ms
step:1088/2750 train_time:2486.794s step_avg:2285.66ms
step:1089/2750 train_time:2489.080s step_avg:2285.66ms
step:1090/2750 train_time:2491.358s step_avg:2285.65ms
step:1091/2750 train_time:2493.641s step_avg:2285.65ms
step:1092/2750 train_time:2495.922s step_avg:2285.64ms
step:1093/2750 train_time:2498.201s step_avg:2285.64ms
step:1094/2750 train_time:2500.483s step_avg:2285.63ms
step:1095/2750 train_time:2502.767s step_avg:2285.63ms
step:1096/2750 train_time:2505.047s step_avg:2285.63ms
step:1097/2750 train_time:2507.327s step_avg:2285.62ms
step:1098/2750 train_time:2509.606s step_avg:2285.62ms
step:1099/2750 train_time:2511.892s step_avg:2285.62ms
step:1100/2750 train_time:2514.167s step_avg:2285.61ms
step:1101/2750 train_time:2516.451s step_avg:2285.60ms
step:1102/2750 train_time:2518.733s step_avg:2285.60ms
step:1103/2750 train_time:2521.013s step_avg:2285.60ms
step:1104/2750 train_time:2523.298s step_avg:2285.60ms
step:1105/2750 train_time:2525.579s step_avg:2285.59ms
step:1106/2750 train_time:2527.861s step_avg:2285.59ms
step:1107/2750 train_time:2530.140s step_avg:2285.58ms
step:1108/2750 train_time:2532.419s step_avg:2285.58ms
step:1109/2750 train_time:2534.698s step_avg:2285.57ms
step:1110/2750 train_time:2536.976s step_avg:2285.56ms
step:1111/2750 train_time:2539.262s step_avg:2285.56ms
step:1112/2750 train_time:2541.545s step_avg:2285.56ms
step:1113/2750 train_time:2543.829s step_avg:2285.56ms
step:1114/2750 train_time:2546.114s step_avg:2285.56ms
step:1115/2750 train_time:2548.396s step_avg:2285.56ms
step:1116/2750 train_time:2550.681s step_avg:2285.56ms
step:1117/2750 train_time:2552.961s step_avg:2285.55ms
step:1118/2750 train_time:2555.241s step_avg:2285.55ms
step:1119/2750 train_time:2557.519s step_avg:2285.54ms
step:1120/2750 train_time:2559.802s step_avg:2285.54ms
step:1121/2750 train_time:2562.087s step_avg:2285.54ms
step:1122/2750 train_time:2564.369s step_avg:2285.53ms
step:1123/2750 train_time:2566.650s step_avg:2285.53ms
step:1124/2750 train_time:2568.930s step_avg:2285.52ms
step:1125/2750 train_time:2571.213s step_avg:2285.52ms
step:1125/2750 val_loss:3.58051 train_time:2571.213s step_avg:2281.45ms
step:1126/2750 train_time:2573.500s step_avg:2285.52ms
step:1127/2750 train_time:2575.782s step_avg:2285.52ms
step:1128/2750 train_time:2578.067s step_avg:2285.52ms
step:1129/2750 train_time:2580.351s step_avg:2285.52ms
step:1130/2750 train_time:2582.633s step_avg:2285.52ms
step:1131/2750 train_time:2584.917s step_avg:2285.51ms
step:1132/2750 train_time:2587.198s step_avg:2285.51ms
step:1133/2750 train_time:2589.484s step_avg:2285.51ms
step:1134/2750 train_time:2591.761s step_avg:2285.50ms
step:1135/2750 train_time:2594.045s step_avg:2285.50ms
step:1136/2750 train_time:2596.327s step_avg:2285.50ms
step:1137/2750 train_time:2598.612s step_avg:2285.50ms
step:1138/2750 train_time:2600.897s step_avg:2285.50ms
step:1139/2750 train_time:2603.180s step_avg:2285.50ms
step:1140/2750 train_time:2605.460s step_avg:2285.49ms
step:1141/2750 train_time:2607.765s step_avg:2285.51ms
step:1142/2750 train_time:2610.046s step_avg:2285.50ms
step:1143/2750 train_time:2612.334s step_avg:2285.51ms
step:1144/2750 train_time:2614.618s step_avg:2285.51ms
step:1145/2750 train_time:2616.901s step_avg:2285.50ms
step:1146/2750 train_time:2619.182s step_avg:2285.50ms
step:1147/2750 train_time:2621.462s step_avg:2285.49ms
step:1148/2750 train_time:2623.743s step_avg:2285.49ms
step:1149/2750 train_time:2626.027s step_avg:2285.49ms
step:1150/2750 train_time:2628.304s step_avg:2285.48ms
step:1151/2750 train_time:2630.586s step_avg:2285.48ms
step:1152/2750 train_time:2632.865s step_avg:2285.47ms
step:1153/2750 train_time:2635.144s step_avg:2285.47ms
step:1154/2750 train_time:2637.427s step_avg:2285.47ms
step:1155/2750 train_time:2639.707s step_avg:2285.46ms
step:1156/2750 train_time:2641.989s step_avg:2285.46ms
step:1157/2750 train_time:2644.268s step_avg:2285.45ms
step:1158/2750 train_time:2646.549s step_avg:2285.45ms
step:1159/2750 train_time:2648.836s step_avg:2285.45ms
step:1160/2750 train_time:2651.116s step_avg:2285.45ms
step:1161/2750 train_time:2653.401s step_avg:2285.44ms
step:1162/2750 train_time:2655.680s step_avg:2285.44ms
step:1163/2750 train_time:2657.961s step_avg:2285.43ms
step:1164/2750 train_time:2660.246s step_avg:2285.44ms
step:1165/2750 train_time:2662.528s step_avg:2285.43ms
step:1166/2750 train_time:2664.807s step_avg:2285.43ms
step:1167/2750 train_time:2667.082s step_avg:2285.42ms
step:1168/2750 train_time:2669.365s step_avg:2285.42ms
step:1169/2750 train_time:2671.647s step_avg:2285.41ms
step:1170/2750 train_time:2673.929s step_avg:2285.41ms
step:1171/2750 train_time:2676.211s step_avg:2285.41ms
step:1172/2750 train_time:2678.496s step_avg:2285.41ms
step:1173/2750 train_time:2680.778s step_avg:2285.40ms
step:1174/2750 train_time:2683.054s step_avg:2285.40ms
step:1175/2750 train_time:2685.336s step_avg:2285.39ms
step:1176/2750 train_time:2687.623s step_avg:2285.39ms
step:1177/2750 train_time:2689.900s step_avg:2285.39ms
step:1178/2750 train_time:2692.183s step_avg:2285.38ms
step:1179/2750 train_time:2694.461s step_avg:2285.38ms
step:1180/2750 train_time:2696.739s step_avg:2285.37ms
step:1181/2750 train_time:2699.023s step_avg:2285.37ms
step:1182/2750 train_time:2701.306s step_avg:2285.37ms
step:1183/2750 train_time:2703.588s step_avg:2285.37ms
step:1184/2750 train_time:2705.866s step_avg:2285.36ms
step:1185/2750 train_time:2708.146s step_avg:2285.36ms
step:1186/2750 train_time:2710.423s step_avg:2285.35ms
step:1187/2750 train_time:2712.704s step_avg:2285.34ms
step:1188/2750 train_time:2714.989s step_avg:2285.34ms
step:1189/2750 train_time:2717.272s step_avg:2285.34ms
step:1190/2750 train_time:2719.557s step_avg:2285.34ms
step:1191/2750 train_time:2721.839s step_avg:2285.34ms
step:1192/2750 train_time:2724.121s step_avg:2285.34ms
step:1193/2750 train_time:2726.405s step_avg:2285.34ms
step:1194/2750 train_time:2728.680s step_avg:2285.33ms
step:1195/2750 train_time:2730.962s step_avg:2285.32ms
step:1196/2750 train_time:2733.243s step_avg:2285.32ms
step:1197/2750 train_time:2735.523s step_avg:2285.32ms
step:1198/2750 train_time:2737.804s step_avg:2285.31ms
step:1199/2750 train_time:2740.088s step_avg:2285.31ms
step:1200/2750 train_time:2742.369s step_avg:2285.31ms
step:1201/2750 train_time:2744.644s step_avg:2285.30ms
step:1202/2750 train_time:2746.927s step_avg:2285.30ms
step:1203/2750 train_time:2749.210s step_avg:2285.30ms
step:1204/2750 train_time:2751.495s step_avg:2285.29ms
step:1205/2750 train_time:2753.778s step_avg:2285.29ms
step:1206/2750 train_time:2756.055s step_avg:2285.29ms
step:1207/2750 train_time:2758.340s step_avg:2285.29ms
step:1208/2750 train_time:2760.621s step_avg:2285.28ms
step:1209/2750 train_time:2762.903s step_avg:2285.28ms
step:1210/2750 train_time:2765.184s step_avg:2285.28ms
step:1211/2750 train_time:2767.462s step_avg:2285.27ms
step:1212/2750 train_time:2769.746s step_avg:2285.27ms
step:1213/2750 train_time:2772.025s step_avg:2285.26ms
step:1214/2750 train_time:2774.306s step_avg:2285.26ms
step:1215/2750 train_time:2776.591s step_avg:2285.26ms
step:1216/2750 train_time:2778.874s step_avg:2285.26ms
step:1217/2750 train_time:2781.155s step_avg:2285.25ms
step:1218/2750 train_time:2783.432s step_avg:2285.25ms
step:1219/2750 train_time:2785.714s step_avg:2285.24ms
step:1220/2750 train_time:2787.996s step_avg:2285.24ms
step:1221/2750 train_time:2790.272s step_avg:2285.24ms
step:1222/2750 train_time:2792.558s step_avg:2285.24ms
step:1223/2750 train_time:2794.841s step_avg:2285.23ms
step:1224/2750 train_time:2797.121s step_avg:2285.23ms
step:1225/2750 train_time:2799.403s step_avg:2285.23ms
step:1226/2750 train_time:2801.683s step_avg:2285.22ms
step:1227/2750 train_time:2803.967s step_avg:2285.22ms
step:1228/2750 train_time:2806.243s step_avg:2285.21ms
step:1229/2750 train_time:2808.528s step_avg:2285.21ms
step:1230/2750 train_time:2810.806s step_avg:2285.21ms
step:1231/2750 train_time:2813.089s step_avg:2285.21ms
step:1232/2750 train_time:2815.376s step_avg:2285.21ms
step:1233/2750 train_time:2817.658s step_avg:2285.21ms
step:1234/2750 train_time:2819.940s step_avg:2285.20ms
step:1235/2750 train_time:2822.219s step_avg:2285.20ms
step:1236/2750 train_time:2824.499s step_avg:2285.19ms
step:1237/2750 train_time:2826.787s step_avg:2285.20ms
step:1238/2750 train_time:2829.063s step_avg:2285.19ms
step:1239/2750 train_time:2831.347s step_avg:2285.19ms
step:1240/2750 train_time:2833.627s step_avg:2285.18ms
step:1241/2750 train_time:2835.907s step_avg:2285.18ms
step:1242/2750 train_time:2838.194s step_avg:2285.18ms
step:1243/2750 train_time:2840.476s step_avg:2285.18ms
step:1244/2750 train_time:2842.757s step_avg:2285.17ms
step:1245/2750 train_time:2845.041s step_avg:2285.17ms
step:1246/2750 train_time:2847.321s step_avg:2285.17ms
step:1247/2750 train_time:2849.607s step_avg:2285.17ms
step:1248/2750 train_time:2851.885s step_avg:2285.16ms
step:1249/2750 train_time:2854.169s step_avg:2285.16ms
step:1250/2750 train_time:2856.448s step_avg:2285.16ms
step:1250/2750 val_loss:3.54995 train_time:2856.448s step_avg:2281.87ms
step:1251/2750 train_time:2858.739s step_avg:2285.16ms
step:1252/2750 train_time:2861.021s step_avg:2285.16ms
step:1253/2750 train_time:2863.305s step_avg:2285.16ms
step:1254/2750 train_time:2865.591s step_avg:2285.16ms
step:1255/2750 train_time:2867.867s step_avg:2285.15ms
step:1256/2750 train_time:2870.150s step_avg:2285.15ms
step:1257/2750 train_time:2872.432s step_avg:2285.15ms
step:1258/2750 train_time:2874.712s step_avg:2285.14ms
step:1259/2750 train_time:2876.998s step_avg:2285.15ms
step:1260/2750 train_time:2879.280s step_avg:2285.14ms
step:1261/2750 train_time:2881.565s step_avg:2285.14ms
step:1262/2750 train_time:2883.844s step_avg:2285.14ms
step:1263/2750 train_time:2886.136s step_avg:2285.14ms
step:1264/2750 train_time:2888.419s step_avg:2285.14ms
step:1265/2750 train_time:2890.697s step_avg:2285.14ms
step:1266/2750 train_time:2892.978s step_avg:2285.13ms
step:1267/2750 train_time:2895.262s step_avg:2285.13ms
step:1268/2750 train_time:2897.543s step_avg:2285.13ms
step:1269/2750 train_time:2899.826s step_avg:2285.13ms
step:1270/2750 train_time:2902.107s step_avg:2285.12ms
step:1271/2750 train_time:2904.391s step_avg:2285.12ms
step:1272/2750 train_time:2906.673s step_avg:2285.12ms
step:1273/2750 train_time:2908.953s step_avg:2285.12ms
step:1274/2750 train_time:2911.234s step_avg:2285.11ms
step:1275/2750 train_time:2913.511s step_avg:2285.11ms
step:1276/2750 train_time:2915.795s step_avg:2285.11ms
step:1277/2750 train_time:2918.081s step_avg:2285.11ms
step:1278/2750 train_time:2920.361s step_avg:2285.10ms
step:1279/2750 train_time:2922.645s step_avg:2285.10ms
step:1280/2750 train_time:2924.923s step_avg:2285.10ms
step:1281/2750 train_time:2927.204s step_avg:2285.09ms
step:1282/2750 train_time:2929.481s step_avg:2285.09ms
step:1283/2750 train_time:2931.764s step_avg:2285.09ms
step:1284/2750 train_time:2934.050s step_avg:2285.09ms
step:1285/2750 train_time:2936.325s step_avg:2285.08ms
step:1286/2750 train_time:2938.610s step_avg:2285.08ms
step:1287/2750 train_time:2940.890s step_avg:2285.07ms
step:1288/2750 train_time:2943.185s step_avg:2285.08ms
step:1289/2750 train_time:2945.470s step_avg:2285.08ms
step:1290/2750 train_time:2947.748s step_avg:2285.08ms
step:1291/2750 train_time:2950.026s step_avg:2285.07ms
step:1292/2750 train_time:2952.310s step_avg:2285.07ms
step:1293/2750 train_time:2954.591s step_avg:2285.07ms
step:1294/2750 train_time:2956.873s step_avg:2285.06ms
step:1295/2750 train_time:2959.152s step_avg:2285.06ms
step:1296/2750 train_time:2961.434s step_avg:2285.06ms
step:1297/2750 train_time:2963.715s step_avg:2285.05ms
step:1298/2750 train_time:2965.998s step_avg:2285.05ms
step:1299/2750 train_time:2968.283s step_avg:2285.05ms
step:1300/2750 train_time:2970.564s step_avg:2285.05ms
step:1301/2750 train_time:2972.844s step_avg:2285.05ms
step:1302/2750 train_time:2975.123s step_avg:2285.04ms
step:1303/2750 train_time:2977.404s step_avg:2285.04ms
step:1304/2750 train_time:2979.690s step_avg:2285.04ms
step:1305/2750 train_time:2981.967s step_avg:2285.03ms
step:1306/2750 train_time:2984.246s step_avg:2285.03ms
step:1307/2750 train_time:2986.523s step_avg:2285.02ms
step:1308/2750 train_time:2988.803s step_avg:2285.02ms
step:1309/2750 train_time:2991.084s step_avg:2285.01ms
step:1310/2750 train_time:2993.365s step_avg:2285.01ms
step:1311/2750 train_time:2995.650s step_avg:2285.01ms
step:1312/2750 train_time:2997.927s step_avg:2285.01ms
step:1313/2750 train_time:3000.210s step_avg:2285.00ms
step:1314/2750 train_time:3002.489s step_avg:2285.00ms
step:1315/2750 train_time:3004.764s step_avg:2284.99ms
step:1316/2750 train_time:3007.044s step_avg:2284.99ms
step:1317/2750 train_time:3009.327s step_avg:2284.99ms
step:1318/2750 train_time:3011.612s step_avg:2284.99ms
step:1319/2750 train_time:3013.891s step_avg:2284.98ms
step:1320/2750 train_time:3016.174s step_avg:2284.98ms
step:1321/2750 train_time:3018.460s step_avg:2284.98ms
step:1322/2750 train_time:3020.741s step_avg:2284.98ms
step:1323/2750 train_time:3023.024s step_avg:2284.98ms
step:1324/2750 train_time:3025.305s step_avg:2284.97ms
step:1325/2750 train_time:3027.584s step_avg:2284.97ms
step:1326/2750 train_time:3029.866s step_avg:2284.97ms
step:1327/2750 train_time:3032.149s step_avg:2284.97ms
step:1328/2750 train_time:3034.432s step_avg:2284.96ms
step:1329/2750 train_time:3036.712s step_avg:2284.96ms
step:1330/2750 train_time:3038.993s step_avg:2284.96ms
step:1331/2750 train_time:3041.292s step_avg:2284.97ms
step:1332/2750 train_time:3043.570s step_avg:2284.96ms
step:1333/2750 train_time:3045.852s step_avg:2284.96ms
step:1334/2750 train_time:3048.132s step_avg:2284.96ms
step:1335/2750 train_time:3050.412s step_avg:2284.95ms
step:1336/2750 train_time:3052.693s step_avg:2284.95ms
step:1337/2750 train_time:3054.977s step_avg:2284.95ms
step:1338/2750 train_time:3057.258s step_avg:2284.95ms
step:1339/2750 train_time:3059.536s step_avg:2284.94ms
step:1340/2750 train_time:3061.815s step_avg:2284.94ms
step:1341/2750 train_time:3064.097s step_avg:2284.93ms
step:1342/2750 train_time:3066.379s step_avg:2284.93ms
step:1343/2750 train_time:3068.663s step_avg:2284.93ms
step:1344/2750 train_time:3070.947s step_avg:2284.93ms
step:1345/2750 train_time:3073.229s step_avg:2284.93ms
step:1346/2750 train_time:3075.513s step_avg:2284.93ms
step:1347/2750 train_time:3077.795s step_avg:2284.93ms
step:1348/2750 train_time:3080.076s step_avg:2284.92ms
step:1349/2750 train_time:3082.352s step_avg:2284.92ms
step:1350/2750 train_time:3084.633s step_avg:2284.91ms
step:1351/2750 train_time:3086.918s step_avg:2284.91ms
step:1352/2750 train_time:3089.202s step_avg:2284.91ms
step:1353/2750 train_time:3091.484s step_avg:2284.91ms
step:1354/2750 train_time:3093.765s step_avg:2284.91ms
step:1355/2750 train_time:3096.046s step_avg:2284.91ms
step:1356/2750 train_time:3098.326s step_avg:2284.90ms
step:1357/2750 train_time:3100.609s step_avg:2284.90ms
step:1358/2750 train_time:3102.891s step_avg:2284.90ms
step:1359/2750 train_time:3105.167s step_avg:2284.89ms
step:1360/2750 train_time:3107.450s step_avg:2284.89ms
step:1361/2750 train_time:3109.730s step_avg:2284.89ms
step:1362/2750 train_time:3112.008s step_avg:2284.88ms
step:1363/2750 train_time:3114.292s step_avg:2284.88ms
step:1364/2750 train_time:3116.571s step_avg:2284.88ms
step:1365/2750 train_time:3118.851s step_avg:2284.87ms
step:1366/2750 train_time:3121.127s step_avg:2284.87ms
step:1367/2750 train_time:3123.410s step_avg:2284.86ms
step:1368/2750 train_time:3125.690s step_avg:2284.86ms
step:1369/2750 train_time:3127.970s step_avg:2284.86ms
step:1370/2750 train_time:3130.248s step_avg:2284.85ms
step:1371/2750 train_time:3132.528s step_avg:2284.85ms
step:1372/2750 train_time:3134.816s step_avg:2284.85ms
step:1373/2750 train_time:3137.091s step_avg:2284.84ms
step:1374/2750 train_time:3139.373s step_avg:2284.84ms
step:1375/2750 train_time:3141.655s step_avg:2284.84ms
step:1375/2750 val_loss:3.52422 train_time:3141.655s step_avg:2281.66ms
step:1376/2750 train_time:3143.943s step_avg:2284.84ms
step:1377/2750 train_time:3146.222s step_avg:2284.84ms
step:1378/2750 train_time:3148.508s step_avg:2284.84ms
step:1379/2750 train_time:3150.794s step_avg:2284.84ms
step:1380/2750 train_time:3153.074s step_avg:2284.84ms
step:1381/2750 train_time:3155.360s step_avg:2284.84ms
step:1382/2750 train_time:3157.640s step_avg:2284.83ms
step:1383/2750 train_time:3159.925s step_avg:2284.83ms
step:1384/2750 train_time:3162.210s step_avg:2284.83ms
step:1385/2750 train_time:3164.493s step_avg:2284.83ms
step:1386/2750 train_time:3166.775s step_avg:2284.83ms
step:1387/2750 train_time:3169.059s step_avg:2284.83ms
step:1388/2750 train_time:3171.343s step_avg:2284.83ms
step:1389/2750 train_time:3173.627s step_avg:2284.83ms
step:1390/2750 train_time:3175.908s step_avg:2284.83ms
step:1391/2750 train_time:3178.190s step_avg:2284.82ms
step:1392/2750 train_time:3180.474s step_avg:2284.82ms
step:1393/2750 train_time:3182.749s step_avg:2284.82ms
step:1394/2750 train_time:3185.032s step_avg:2284.81ms
step:1395/2750 train_time:3187.311s step_avg:2284.81ms
step:1396/2750 train_time:3189.592s step_avg:2284.81ms
step:1397/2750 train_time:3191.874s step_avg:2284.81ms
step:1398/2750 train_time:3194.156s step_avg:2284.80ms
step:1399/2750 train_time:3196.441s step_avg:2284.80ms
step:1400/2750 train_time:3198.716s step_avg:2284.80ms
step:1401/2750 train_time:3200.999s step_avg:2284.80ms
step:1402/2750 train_time:3203.278s step_avg:2284.79ms
step:1403/2750 train_time:3205.558s step_avg:2284.79ms
step:1404/2750 train_time:3207.838s step_avg:2284.78ms
step:1405/2750 train_time:3210.118s step_avg:2284.78ms
step:1406/2750 train_time:3212.403s step_avg:2284.78ms
step:1407/2750 train_time:3214.681s step_avg:2284.78ms
step:1408/2750 train_time:3216.963s step_avg:2284.77ms
step:1409/2750 train_time:3219.246s step_avg:2284.77ms
step:1410/2750 train_time:3221.529s step_avg:2284.77ms
step:1411/2750 train_time:3223.814s step_avg:2284.77ms
step:1412/2750 train_time:3226.095s step_avg:2284.77ms
step:1413/2750 train_time:3228.377s step_avg:2284.77ms
step:1414/2750 train_time:3230.658s step_avg:2284.77ms
step:1415/2750 train_time:3232.941s step_avg:2284.76ms
step:1416/2750 train_time:3235.222s step_avg:2284.76ms
step:1417/2750 train_time:3237.498s step_avg:2284.76ms
step:1418/2750 train_time:3239.779s step_avg:2284.75ms
step:1419/2750 train_time:3242.058s step_avg:2284.75ms
step:1420/2750 train_time:3244.339s step_avg:2284.75ms
step:1421/2750 train_time:3246.622s step_avg:2284.74ms
step:1422/2750 train_time:3248.902s step_avg:2284.74ms
step:1423/2750 train_time:3251.184s step_avg:2284.74ms
step:1424/2750 train_time:3253.463s step_avg:2284.74ms
step:1425/2750 train_time:3255.748s step_avg:2284.74ms
step:1426/2750 train_time:3258.035s step_avg:2284.74ms
step:1427/2750 train_time:3260.314s step_avg:2284.73ms
step:1428/2750 train_time:3262.599s step_avg:2284.73ms
step:1429/2750 train_time:3264.876s step_avg:2284.73ms
step:1430/2750 train_time:3267.155s step_avg:2284.72ms
step:1431/2750 train_time:3269.439s step_avg:2284.72ms
step:1432/2750 train_time:3271.722s step_avg:2284.72ms
step:1433/2750 train_time:3274.005s step_avg:2284.72ms
step:1434/2750 train_time:3276.281s step_avg:2284.71ms
step:1435/2750 train_time:3278.563s step_avg:2284.71ms
step:1436/2750 train_time:3280.845s step_avg:2284.71ms
step:1437/2750 train_time:3283.129s step_avg:2284.71ms
step:1438/2750 train_time:3285.411s step_avg:2284.71ms
step:1439/2750 train_time:3287.690s step_avg:2284.70ms
step:1440/2750 train_time:3289.970s step_avg:2284.70ms
step:1441/2750 train_time:3292.251s step_avg:2284.70ms
step:1442/2750 train_time:3294.532s step_avg:2284.70ms
step:1443/2750 train_time:3296.818s step_avg:2284.70ms
step:1444/2750 train_time:3299.097s step_avg:2284.69ms
step:1445/2750 train_time:3301.380s step_avg:2284.69ms
step:1446/2750 train_time:3303.659s step_avg:2284.69ms
step:1447/2750 train_time:3305.938s step_avg:2284.68ms
step:1448/2750 train_time:3308.223s step_avg:2284.68ms
step:1449/2750 train_time:3310.507s step_avg:2284.68ms
step:1450/2750 train_time:3312.790s step_avg:2284.68ms
step:1451/2750 train_time:3315.075s step_avg:2284.68ms
step:1452/2750 train_time:3317.361s step_avg:2284.68ms
step:1453/2750 train_time:3319.644s step_avg:2284.68ms
step:1454/2750 train_time:3321.923s step_avg:2284.68ms
step:1455/2750 train_time:3324.207s step_avg:2284.68ms
step:1456/2750 train_time:3326.495s step_avg:2284.68ms
step:1457/2750 train_time:3328.772s step_avg:2284.68ms
step:1458/2750 train_time:3331.057s step_avg:2284.68ms
step:1459/2750 train_time:3333.339s step_avg:2284.67ms
step:1460/2750 train_time:3335.623s step_avg:2284.67ms
step:1461/2750 train_time:3337.907s step_avg:2284.67ms
step:1462/2750 train_time:3340.191s step_avg:2284.67ms
step:1463/2750 train_time:3342.474s step_avg:2284.67ms
step:1464/2750 train_time:3344.755s step_avg:2284.67ms
step:1465/2750 train_time:3347.034s step_avg:2284.66ms
step:1466/2750 train_time:3349.318s step_avg:2284.66ms
step:1467/2750 train_time:3351.594s step_avg:2284.66ms
step:1468/2750 train_time:3353.881s step_avg:2284.66ms
step:1469/2750 train_time:3356.161s step_avg:2284.66ms
step:1470/2750 train_time:3358.441s step_avg:2284.65ms
step:1471/2750 train_time:3360.723s step_avg:2284.65ms
step:1472/2750 train_time:3363.009s step_avg:2284.65ms
step:1473/2750 train_time:3365.290s step_avg:2284.65ms
step:1474/2750 train_time:3367.568s step_avg:2284.65ms
step:1475/2750 train_time:3369.850s step_avg:2284.64ms
step:1476/2750 train_time:3372.136s step_avg:2284.64ms
step:1477/2750 train_time:3374.408s step_avg:2284.64ms
step:1478/2750 train_time:3376.693s step_avg:2284.64ms
step:1479/2750 train_time:3378.975s step_avg:2284.63ms
step:1480/2750 train_time:3381.255s step_avg:2284.63ms
step:1481/2750 train_time:3383.539s step_avg:2284.63ms
step:1482/2750 train_time:3385.819s step_avg:2284.63ms
step:1483/2750 train_time:3388.105s step_avg:2284.63ms
step:1484/2750 train_time:3390.382s step_avg:2284.62ms
step:1485/2750 train_time:3392.665s step_avg:2284.62ms
step:1486/2750 train_time:3394.951s step_avg:2284.62ms
step:1487/2750 train_time:3397.229s step_avg:2284.62ms
step:1488/2750 train_time:3399.513s step_avg:2284.62ms
step:1489/2750 train_time:3401.791s step_avg:2284.61ms
step:1490/2750 train_time:3404.070s step_avg:2284.61ms
step:1491/2750 train_time:3406.356s step_avg:2284.61ms
step:1492/2750 train_time:3408.637s step_avg:2284.61ms
step:1493/2750 train_time:3410.927s step_avg:2284.61ms
step:1494/2750 train_time:3413.204s step_avg:2284.61ms
step:1495/2750 train_time:3415.484s step_avg:2284.60ms
step:1496/2750 train_time:3417.762s step_avg:2284.60ms
step:1497/2750 train_time:3420.043s step_avg:2284.60ms
step:1498/2750 train_time:3422.329s step_avg:2284.60ms
step:1499/2750 train_time:3424.611s step_avg:2284.60ms
step:1500/2750 train_time:3426.895s step_avg:2284.60ms
step:1500/2750 val_loss:3.49571 train_time:3426.895s step_avg:2281.92ms
step:1501/2750 train_time:3429.183s step_avg:2284.60ms
step:1502/2750 train_time:3431.469s step_avg:2284.60ms
step:1503/2750 train_time:3433.747s step_avg:2284.60ms
step:1504/2750 train_time:3436.031s step_avg:2284.59ms
step:1505/2750 train_time:3438.319s step_avg:2284.60ms
step:1506/2750 train_time:3440.600s step_avg:2284.59ms
step:1507/2750 train_time:3442.881s step_avg:2284.59ms
step:1508/2750 train_time:3445.161s step_avg:2284.59ms
step:1509/2750 train_time:3447.442s step_avg:2284.59ms
step:1510/2750 train_time:3449.727s step_avg:2284.59ms
step:1511/2750 train_time:3452.007s step_avg:2284.58ms
step:1512/2750 train_time:3454.288s step_avg:2284.58ms
step:1513/2750 train_time:3456.567s step_avg:2284.58ms
step:1514/2750 train_time:3458.848s step_avg:2284.58ms
step:1515/2750 train_time:3461.131s step_avg:2284.58ms
step:1516/2750 train_time:3463.415s step_avg:2284.57ms
step:1517/2750 train_time:3465.696s step_avg:2284.57ms
step:1518/2750 train_time:3467.977s step_avg:2284.57ms
step:1519/2750 train_time:3470.258s step_avg:2284.57ms
step:1520/2750 train_time:3472.544s step_avg:2284.57ms
step:1521/2750 train_time:3474.848s step_avg:2284.58ms
step:1522/2750 train_time:3477.131s step_avg:2284.58ms
step:1523/2750 train_time:3479.413s step_avg:2284.58ms
step:1524/2750 train_time:3481.694s step_avg:2284.58ms
step:1525/2750 train_time:3483.975s step_avg:2284.57ms
step:1526/2750 train_time:3486.259s step_avg:2284.57ms
step:1527/2750 train_time:3488.545s step_avg:2284.57ms
step:1528/2750 train_time:3490.830s step_avg:2284.57ms
step:1529/2750 train_time:3493.109s step_avg:2284.57ms
step:1530/2750 train_time:3495.394s step_avg:2284.57ms
step:1531/2750 train_time:3497.678s step_avg:2284.57ms
step:1532/2750 train_time:3499.959s step_avg:2284.57ms
step:1533/2750 train_time:3502.239s step_avg:2284.57ms
step:1534/2750 train_time:3504.519s step_avg:2284.56ms
step:1535/2750 train_time:3506.799s step_avg:2284.56ms
step:1536/2750 train_time:3509.084s step_avg:2284.56ms
step:1537/2750 train_time:3511.360s step_avg:2284.55ms
step:1538/2750 train_time:3513.646s step_avg:2284.56ms
step:1539/2750 train_time:3515.927s step_avg:2284.55ms
step:1540/2750 train_time:3518.210s step_avg:2284.55ms
step:1541/2750 train_time:3520.493s step_avg:2284.55ms
step:1542/2750 train_time:3522.773s step_avg:2284.55ms
step:1543/2750 train_time:3525.055s step_avg:2284.55ms
step:1544/2750 train_time:3527.337s step_avg:2284.54ms
step:1545/2750 train_time:3529.621s step_avg:2284.54ms
step:1546/2750 train_time:3531.905s step_avg:2284.54ms
step:1547/2750 train_time:3534.187s step_avg:2284.54ms
step:1548/2750 train_time:3536.469s step_avg:2284.54ms
step:1549/2750 train_time:3538.747s step_avg:2284.54ms
step:1550/2750 train_time:3541.027s step_avg:2284.53ms
step:1551/2750 train_time:3543.308s step_avg:2284.53ms
step:1552/2750 train_time:3545.589s step_avg:2284.53ms
step:1553/2750 train_time:3547.870s step_avg:2284.53ms
step:1554/2750 train_time:3550.145s step_avg:2284.52ms
step:1555/2750 train_time:3552.429s step_avg:2284.52ms
step:1556/2750 train_time:3554.710s step_avg:2284.52ms
step:1557/2750 train_time:3556.993s step_avg:2284.52ms
step:1558/2750 train_time:3559.276s step_avg:2284.52ms
step:1559/2750 train_time:3561.562s step_avg:2284.52ms
step:1560/2750 train_time:3563.845s step_avg:2284.52ms
step:1561/2750 train_time:3566.128s step_avg:2284.52ms
step:1562/2750 train_time:3568.408s step_avg:2284.51ms
step:1563/2750 train_time:3570.689s step_avg:2284.51ms
step:1564/2750 train_time:3572.968s step_avg:2284.51ms
step:1565/2750 train_time:3575.249s step_avg:2284.50ms
step:1566/2750 train_time:3577.526s step_avg:2284.50ms
step:1567/2750 train_time:3579.803s step_avg:2284.49ms
step:1568/2750 train_time:3582.084s step_avg:2284.49ms
step:1569/2750 train_time:3584.364s step_avg:2284.49ms
step:1570/2750 train_time:3586.648s step_avg:2284.49ms
step:1571/2750 train_time:3588.931s step_avg:2284.49ms
step:1572/2750 train_time:3591.212s step_avg:2284.49ms
step:1573/2750 train_time:3593.499s step_avg:2284.49ms
step:1574/2750 train_time:3595.784s step_avg:2284.49ms
step:1575/2750 train_time:3598.069s step_avg:2284.49ms
step:1576/2750 train_time:3600.349s step_avg:2284.49ms
step:1577/2750 train_time:3602.626s step_avg:2284.48ms
step:1578/2750 train_time:3604.910s step_avg:2284.48ms
step:1579/2750 train_time:3607.190s step_avg:2284.48ms
step:1580/2750 train_time:3609.473s step_avg:2284.48ms
step:1581/2750 train_time:3611.753s step_avg:2284.47ms
step:1582/2750 train_time:3614.033s step_avg:2284.47ms
step:1583/2750 train_time:3616.313s step_avg:2284.47ms
step:1584/2750 train_time:3618.597s step_avg:2284.47ms
step:1585/2750 train_time:3620.882s step_avg:2284.47ms
step:1586/2750 train_time:3623.169s step_avg:2284.47ms
step:1587/2750 train_time:3625.445s step_avg:2284.46ms
step:1588/2750 train_time:3627.726s step_avg:2284.46ms
step:1589/2750 train_time:3630.006s step_avg:2284.46ms
step:1590/2750 train_time:3632.290s step_avg:2284.46ms
step:1591/2750 train_time:3634.567s step_avg:2284.45ms
step:1592/2750 train_time:3636.849s step_avg:2284.45ms
step:1593/2750 train_time:3639.127s step_avg:2284.45ms
step:1594/2750 train_time:3641.405s step_avg:2284.44ms
step:1595/2750 train_time:3643.683s step_avg:2284.44ms
step:1596/2750 train_time:3645.962s step_avg:2284.44ms
step:1597/2750 train_time:3648.248s step_avg:2284.44ms
step:1598/2750 train_time:3650.525s step_avg:2284.43ms
step:1599/2750 train_time:3652.809s step_avg:2284.43ms
step:1600/2750 train_time:3655.087s step_avg:2284.43ms
step:1601/2750 train_time:3657.366s step_avg:2284.43ms
step:1602/2750 train_time:3659.647s step_avg:2284.42ms
step:1603/2750 train_time:3661.929s step_avg:2284.42ms
step:1604/2750 train_time:3664.211s step_avg:2284.42ms
step:1605/2750 train_time:3666.491s step_avg:2284.42ms
step:1606/2750 train_time:3668.776s step_avg:2284.42ms
step:1607/2750 train_time:3671.064s step_avg:2284.42ms
step:1608/2750 train_time:3673.343s step_avg:2284.42ms
step:1609/2750 train_time:3675.631s step_avg:2284.42ms
step:1610/2750 train_time:3677.913s step_avg:2284.42ms
step:1611/2750 train_time:3680.195s step_avg:2284.42ms
step:1612/2750 train_time:3682.478s step_avg:2284.42ms
step:1613/2750 train_time:3684.761s step_avg:2284.41ms
step:1614/2750 train_time:3687.045s step_avg:2284.41ms
step:1615/2750 train_time:3689.330s step_avg:2284.41ms
step:1616/2750 train_time:3691.612s step_avg:2284.41ms
step:1617/2750 train_time:3693.891s step_avg:2284.41ms
step:1618/2750 train_time:3696.166s step_avg:2284.40ms
step:1619/2750 train_time:3698.450s step_avg:2284.40ms
step:1620/2750 train_time:3700.729s step_avg:2284.40ms
step:1621/2750 train_time:3703.011s step_avg:2284.40ms
step:1622/2750 train_time:3705.293s step_avg:2284.40ms
step:1623/2750 train_time:3707.573s step_avg:2284.40ms
step:1624/2750 train_time:3709.851s step_avg:2284.39ms
step:1625/2750 train_time:3712.127s step_avg:2284.39ms
step:1625/2750 val_loss:3.47016 train_time:3712.127s step_avg:2281.85ms
step:1626/2750 train_time:3714.415s step_avg:2284.39ms
step:1627/2750 train_time:3716.700s step_avg:2284.39ms
step:1628/2750 train_time:3718.983s step_avg:2284.39ms
step:1629/2750 train_time:3721.266s step_avg:2284.39ms
step:1630/2750 train_time:3723.546s step_avg:2284.38ms
step:1631/2750 train_time:3725.830s step_avg:2284.38ms
step:1632/2750 train_time:3728.108s step_avg:2284.38ms
step:1633/2750 train_time:3730.394s step_avg:2284.38ms
step:1634/2750 train_time:3732.675s step_avg:2284.38ms
step:1635/2750 train_time:3734.960s step_avg:2284.38ms
step:1636/2750 train_time:3737.246s step_avg:2284.38ms
step:1637/2750 train_time:3739.527s step_avg:2284.38ms
step:1638/2750 train_time:3741.809s step_avg:2284.38ms
step:1639/2750 train_time:3744.092s step_avg:2284.38ms
step:1640/2750 train_time:3746.374s step_avg:2284.37ms
step:1641/2750 train_time:3748.656s step_avg:2284.37ms
step:1642/2750 train_time:3750.934s step_avg:2284.37ms
step:1643/2750 train_time:3753.215s step_avg:2284.37ms
step:1644/2750 train_time:3755.498s step_avg:2284.37ms
step:1645/2750 train_time:3757.781s step_avg:2284.37ms
step:1646/2750 train_time:3760.066s step_avg:2284.37ms
step:1647/2750 train_time:3762.344s step_avg:2284.36ms
step:1648/2750 train_time:3764.627s step_avg:2284.36ms
step:1649/2750 train_time:3766.908s step_avg:2284.36ms
step:1650/2750 train_time:3769.190s step_avg:2284.36ms
step:1651/2750 train_time:3771.474s step_avg:2284.36ms
step:1652/2750 train_time:3773.750s step_avg:2284.35ms
step:1653/2750 train_time:3776.034s step_avg:2284.35ms
step:1654/2750 train_time:3778.313s step_avg:2284.35ms
step:1655/2750 train_time:3780.594s step_avg:2284.35ms
step:1656/2750 train_time:3782.876s step_avg:2284.35ms
step:1657/2750 train_time:3785.160s step_avg:2284.35ms
step:1658/2750 train_time:3787.442s step_avg:2284.34ms
step:1659/2750 train_time:3789.724s step_avg:2284.34ms
step:1660/2750 train_time:3792.005s step_avg:2284.34ms
step:1661/2750 train_time:3794.288s step_avg:2284.34ms
step:1662/2750 train_time:3796.565s step_avg:2284.33ms
step:1663/2750 train_time:3798.849s step_avg:2284.34ms
step:1664/2750 train_time:3801.128s step_avg:2284.33ms
step:1665/2750 train_time:3803.409s step_avg:2284.33ms
step:1666/2750 train_time:3805.690s step_avg:2284.33ms
step:1667/2750 train_time:3807.973s step_avg:2284.33ms
step:1668/2750 train_time:3810.251s step_avg:2284.32ms
step:1669/2750 train_time:3812.528s step_avg:2284.32ms
step:1670/2750 train_time:3814.812s step_avg:2284.32ms
step:1671/2750 train_time:3817.093s step_avg:2284.32ms
step:1672/2750 train_time:3819.374s step_avg:2284.31ms
step:1673/2750 train_time:3821.658s step_avg:2284.31ms
step:1674/2750 train_time:3823.942s step_avg:2284.31ms
step:1675/2750 train_time:3826.223s step_avg:2284.31ms
step:1676/2750 train_time:3828.506s step_avg:2284.31ms
step:1677/2750 train_time:3830.788s step_avg:2284.31ms
step:1678/2750 train_time:3833.076s step_avg:2284.31ms
step:1679/2750 train_time:3835.354s step_avg:2284.31ms
step:1680/2750 train_time:3837.633s step_avg:2284.31ms
step:1681/2750 train_time:3839.917s step_avg:2284.31ms
step:1682/2750 train_time:3842.196s step_avg:2284.30ms
step:1683/2750 train_time:3844.482s step_avg:2284.30ms
step:1684/2750 train_time:3846.764s step_avg:2284.30ms
step:1685/2750 train_time:3849.045s step_avg:2284.30ms
step:1686/2750 train_time:3851.327s step_avg:2284.30ms
step:1687/2750 train_time:3853.607s step_avg:2284.30ms
step:1688/2750 train_time:3855.892s step_avg:2284.30ms
step:1689/2750 train_time:3858.171s step_avg:2284.29ms
step:1690/2750 train_time:3860.453s step_avg:2284.29ms
step:1691/2750 train_time:3862.730s step_avg:2284.29ms
step:1692/2750 train_time:3865.008s step_avg:2284.28ms
step:1693/2750 train_time:3867.287s step_avg:2284.28ms
step:1694/2750 train_time:3869.566s step_avg:2284.28ms
step:1695/2750 train_time:3871.852s step_avg:2284.28ms
step:1696/2750 train_time:3874.131s step_avg:2284.28ms
step:1697/2750 train_time:3876.415s step_avg:2284.28ms
step:1698/2750 train_time:3878.695s step_avg:2284.27ms
step:1699/2750 train_time:3880.981s step_avg:2284.27ms
step:1700/2750 train_time:3883.264s step_avg:2284.27ms
step:1701/2750 train_time:3885.548s step_avg:2284.27ms
step:1702/2750 train_time:3887.828s step_avg:2284.27ms
step:1703/2750 train_time:3890.104s step_avg:2284.27ms
step:1704/2750 train_time:3892.387s step_avg:2284.26ms
step:1705/2750 train_time:3894.669s step_avg:2284.26ms
step:1706/2750 train_time:3896.947s step_avg:2284.26ms
step:1707/2750 train_time:3899.231s step_avg:2284.26ms
step:1708/2750 train_time:3901.512s step_avg:2284.26ms
step:1709/2750 train_time:3903.791s step_avg:2284.25ms
step:1710/2750 train_time:3906.070s step_avg:2284.25ms
step:1711/2750 train_time:3908.371s step_avg:2284.26ms
step:1712/2750 train_time:3910.651s step_avg:2284.26ms
step:1713/2750 train_time:3912.936s step_avg:2284.26ms
step:1714/2750 train_time:3915.216s step_avg:2284.26ms
step:1715/2750 train_time:3917.498s step_avg:2284.26ms
step:1716/2750 train_time:3919.775s step_avg:2284.25ms
step:1717/2750 train_time:3922.057s step_avg:2284.25ms
step:1718/2750 train_time:3924.340s step_avg:2284.25ms
step:1719/2750 train_time:3926.621s step_avg:2284.25ms
step:1720/2750 train_time:3928.904s step_avg:2284.25ms
step:1721/2750 train_time:3931.186s step_avg:2284.25ms
step:1722/2750 train_time:3933.467s step_avg:2284.24ms
step:1723/2750 train_time:3935.746s step_avg:2284.24ms
step:1724/2750 train_time:3938.028s step_avg:2284.24ms
step:1725/2750 train_time:3940.314s step_avg:2284.24ms
step:1726/2750 train_time:3942.591s step_avg:2284.24ms
step:1727/2750 train_time:3944.877s step_avg:2284.24ms
step:1728/2750 train_time:3947.159s step_avg:2284.24ms
step:1729/2750 train_time:3949.442s step_avg:2284.23ms
step:1730/2750 train_time:3951.726s step_avg:2284.23ms
step:1731/2750 train_time:3954.017s step_avg:2284.24ms
step:1732/2750 train_time:3956.297s step_avg:2284.24ms
step:1733/2750 train_time:3958.582s step_avg:2284.24ms
step:1734/2750 train_time:3960.868s step_avg:2284.24ms
step:1735/2750 train_time:3963.151s step_avg:2284.24ms
step:1736/2750 train_time:3965.432s step_avg:2284.24ms
step:1737/2750 train_time:3967.716s step_avg:2284.24ms
step:1738/2750 train_time:3969.998s step_avg:2284.23ms
step:1739/2750 train_time:3972.277s step_avg:2284.23ms
step:1740/2750 train_time:3974.561s step_avg:2284.23ms
step:1741/2750 train_time:3976.847s step_avg:2284.23ms
step:1742/2750 train_time:3979.122s step_avg:2284.23ms
step:1743/2750 train_time:3981.404s step_avg:2284.23ms
step:1744/2750 train_time:3983.685s step_avg:2284.22ms
step:1745/2750 train_time:3985.968s step_avg:2284.22ms
step:1746/2750 train_time:3988.248s step_avg:2284.22ms
step:1747/2750 train_time:3990.527s step_avg:2284.22ms
step:1748/2750 train_time:3992.816s step_avg:2284.22ms
step:1749/2750 train_time:3995.095s step_avg:2284.22ms
step:1750/2750 train_time:3997.379s step_avg:2284.22ms
step:1750/2750 val_loss:3.44008 train_time:3997.380s step_avg:2282.02ms
step:1751/2750 train_time:3999.672s step_avg:2284.22ms
step:1752/2750 train_time:4001.956s step_avg:2284.22ms
step:1753/2750 train_time:4004.243s step_avg:2284.22ms
step:1754/2750 train_time:4006.526s step_avg:2284.22ms
step:1755/2750 train_time:4008.809s step_avg:2284.22ms
step:1756/2750 train_time:4011.093s step_avg:2284.22ms
step:1757/2750 train_time:4013.376s step_avg:2284.22ms
step:1758/2750 train_time:4015.659s step_avg:2284.22ms
step:1759/2750 train_time:4017.936s step_avg:2284.22ms
step:1760/2750 train_time:4020.220s step_avg:2284.22ms
step:1761/2750 train_time:4022.497s step_avg:2284.21ms
step:1762/2750 train_time:4024.779s step_avg:2284.21ms
step:1763/2750 train_time:4027.062s step_avg:2284.21ms
step:1764/2750 train_time:4029.346s step_avg:2284.21ms
step:1765/2750 train_time:4031.627s step_avg:2284.21ms
step:1766/2750 train_time:4033.904s step_avg:2284.20ms
step:1767/2750 train_time:4036.184s step_avg:2284.20ms
step:1768/2750 train_time:4038.470s step_avg:2284.20ms
step:1769/2750 train_time:4040.750s step_avg:2284.20ms
step:1770/2750 train_time:4043.034s step_avg:2284.20ms
step:1771/2750 train_time:4045.312s step_avg:2284.20ms
step:1772/2750 train_time:4047.596s step_avg:2284.20ms
step:1773/2750 train_time:4049.880s step_avg:2284.20ms
step:1774/2750 train_time:4052.165s step_avg:2284.20ms
step:1775/2750 train_time:4054.448s step_avg:2284.20ms
step:1776/2750 train_time:4056.732s step_avg:2284.20ms
step:1777/2750 train_time:4059.014s step_avg:2284.19ms
step:1778/2750 train_time:4061.300s step_avg:2284.20ms
step:1779/2750 train_time:4063.580s step_avg:2284.19ms
step:1780/2750 train_time:4065.863s step_avg:2284.19ms
step:1781/2750 train_time:4068.147s step_avg:2284.19ms
step:1782/2750 train_time:4070.424s step_avg:2284.19ms
step:1783/2750 train_time:4072.709s step_avg:2284.19ms
step:1784/2750 train_time:4074.988s step_avg:2284.19ms
step:1785/2750 train_time:4077.267s step_avg:2284.18ms
step:1786/2750 train_time:4079.546s step_avg:2284.18ms
step:1787/2750 train_time:4081.826s step_avg:2284.18ms
step:1788/2750 train_time:4084.112s step_avg:2284.18ms
step:1789/2750 train_time:4086.389s step_avg:2284.18ms
step:1790/2750 train_time:4088.674s step_avg:2284.18ms
step:1791/2750 train_time:4090.953s step_avg:2284.17ms
step:1792/2750 train_time:4093.232s step_avg:2284.17ms
step:1793/2750 train_time:4095.510s step_avg:2284.17ms
step:1794/2750 train_time:4097.794s step_avg:2284.17ms
step:1795/2750 train_time:4100.078s step_avg:2284.17ms
step:1796/2750 train_time:4102.356s step_avg:2284.16ms
step:1797/2750 train_time:4104.639s step_avg:2284.16ms
step:1798/2750 train_time:4106.921s step_avg:2284.16ms
step:1799/2750 train_time:4109.204s step_avg:2284.16ms
step:1800/2750 train_time:4111.488s step_avg:2284.16ms
step:1801/2750 train_time:4113.770s step_avg:2284.16ms
step:1802/2750 train_time:4116.053s step_avg:2284.16ms
step:1803/2750 train_time:4118.335s step_avg:2284.16ms
step:1804/2750 train_time:4120.615s step_avg:2284.15ms
step:1805/2750 train_time:4122.903s step_avg:2284.16ms
step:1806/2750 train_time:4125.186s step_avg:2284.16ms
step:1807/2750 train_time:4127.471s step_avg:2284.16ms
step:1808/2750 train_time:4129.757s step_avg:2284.16ms
step:1809/2750 train_time:4132.040s step_avg:2284.16ms
step:1810/2750 train_time:4134.322s step_avg:2284.16ms
step:1811/2750 train_time:4136.608s step_avg:2284.16ms
step:1812/2750 train_time:4138.889s step_avg:2284.15ms
step:1813/2750 train_time:4141.171s step_avg:2284.15ms
step:1814/2750 train_time:4143.453s step_avg:2284.15ms
step:1815/2750 train_time:4145.733s step_avg:2284.15ms
step:1816/2750 train_time:4148.016s step_avg:2284.15ms
step:1817/2750 train_time:4150.297s step_avg:2284.15ms
step:1818/2750 train_time:4152.584s step_avg:2284.15ms
step:1819/2750 train_time:4154.861s step_avg:2284.15ms
step:1820/2750 train_time:4157.141s step_avg:2284.14ms
step:1821/2750 train_time:4159.420s step_avg:2284.14ms
step:1822/2750 train_time:4161.700s step_avg:2284.14ms
step:1823/2750 train_time:4163.983s step_avg:2284.14ms
step:1824/2750 train_time:4166.262s step_avg:2284.13ms
step:1825/2750 train_time:4168.543s step_avg:2284.13ms
step:1826/2750 train_time:4170.823s step_avg:2284.13ms
step:1827/2750 train_time:4173.106s step_avg:2284.13ms
step:1828/2750 train_time:4175.392s step_avg:2284.13ms
step:1829/2750 train_time:4177.669s step_avg:2284.13ms
step:1830/2750 train_time:4179.951s step_avg:2284.13ms
step:1831/2750 train_time:4182.232s step_avg:2284.12ms
step:1832/2750 train_time:4184.514s step_avg:2284.12ms
step:1833/2750 train_time:4186.795s step_avg:2284.12ms
step:1834/2750 train_time:4189.075s step_avg:2284.12ms
step:1835/2750 train_time:4191.358s step_avg:2284.12ms
step:1836/2750 train_time:4193.635s step_avg:2284.12ms
step:1837/2750 train_time:4195.919s step_avg:2284.11ms
step:1838/2750 train_time:4198.199s step_avg:2284.11ms
step:1839/2750 train_time:4200.479s step_avg:2284.11ms
step:1840/2750 train_time:4202.761s step_avg:2284.11ms
step:1841/2750 train_time:4205.044s step_avg:2284.11ms
step:1842/2750 train_time:4207.326s step_avg:2284.11ms
step:1843/2750 train_time:4209.605s step_avg:2284.10ms
step:1844/2750 train_time:4211.885s step_avg:2284.10ms
step:1845/2750 train_time:4214.168s step_avg:2284.10ms
step:1846/2750 train_time:4216.446s step_avg:2284.10ms
step:1847/2750 train_time:4218.731s step_avg:2284.10ms
step:1848/2750 train_time:4221.014s step_avg:2284.10ms
step:1849/2750 train_time:4223.295s step_avg:2284.10ms
step:1850/2750 train_time:4225.576s step_avg:2284.10ms
step:1851/2750 train_time:4227.858s step_avg:2284.09ms
step:1852/2750 train_time:4230.140s step_avg:2284.09ms
step:1853/2750 train_time:4232.421s step_avg:2284.09ms
step:1854/2750 train_time:4234.705s step_avg:2284.09ms
step:1855/2750 train_time:4236.991s step_avg:2284.09ms
step:1856/2750 train_time:4239.270s step_avg:2284.09ms
step:1857/2750 train_time:4241.554s step_avg:2284.09ms
step:1858/2750 train_time:4243.836s step_avg:2284.09ms
step:1859/2750 train_time:4246.120s step_avg:2284.09ms
step:1860/2750 train_time:4248.407s step_avg:2284.09ms
step:1861/2750 train_time:4250.690s step_avg:2284.09ms
step:1862/2750 train_time:4252.973s step_avg:2284.09ms
step:1863/2750 train_time:4255.259s step_avg:2284.09ms
step:1864/2750 train_time:4257.540s step_avg:2284.09ms
step:1865/2750 train_time:4259.820s step_avg:2284.09ms
step:1866/2750 train_time:4262.098s step_avg:2284.08ms
step:1867/2750 train_time:4264.383s step_avg:2284.08ms
step:1868/2750 train_time:4266.663s step_avg:2284.08ms
step:1869/2750 train_time:4268.947s step_avg:2284.08ms
step:1870/2750 train_time:4271.231s step_avg:2284.08ms
step:1871/2750 train_time:4273.516s step_avg:2284.08ms
step:1872/2750 train_time:4275.798s step_avg:2284.08ms
step:1873/2750 train_time:4278.083s step_avg:2284.08ms
step:1874/2750 train_time:4280.362s step_avg:2284.08ms
step:1875/2750 train_time:4282.643s step_avg:2284.08ms
step:1875/2750 val_loss:3.41248 train_time:4282.643s step_avg:2282.11ms
step:1876/2750 train_time:4284.931s step_avg:2284.08ms
step:1877/2750 train_time:4287.217s step_avg:2284.08ms
step:1878/2750 train_time:4289.500s step_avg:2284.08ms
step:1879/2750 train_time:4291.784s step_avg:2284.08ms
step:1880/2750 train_time:4294.067s step_avg:2284.08ms
step:1881/2750 train_time:4296.351s step_avg:2284.08ms
step:1882/2750 train_time:4298.634s step_avg:2284.08ms
step:1883/2750 train_time:4300.915s step_avg:2284.08ms
step:1884/2750 train_time:4303.198s step_avg:2284.08ms
step:1885/2750 train_time:4305.484s step_avg:2284.08ms
step:1886/2750 train_time:4307.762s step_avg:2284.07ms
step:1887/2750 train_time:4310.048s step_avg:2284.07ms
step:1888/2750 train_time:4312.329s step_avg:2284.07ms
step:1889/2750 train_time:4314.609s step_avg:2284.07ms
step:1890/2750 train_time:4316.893s step_avg:2284.07ms
step:1891/2750 train_time:4319.175s step_avg:2284.07ms
step:1892/2750 train_time:4321.457s step_avg:2284.07ms
step:1893/2750 train_time:4323.739s step_avg:2284.07ms
step:1894/2750 train_time:4326.020s step_avg:2284.07ms
step:1895/2750 train_time:4328.306s step_avg:2284.07ms
step:1896/2750 train_time:4330.583s step_avg:2284.06ms
step:1897/2750 train_time:4332.869s step_avg:2284.06ms
step:1898/2750 train_time:4335.148s step_avg:2284.06ms
step:1899/2750 train_time:4337.430s step_avg:2284.06ms
step:1900/2750 train_time:4339.713s step_avg:2284.06ms
step:1901/2750 train_time:4342.016s step_avg:2284.07ms
step:1902/2750 train_time:4344.295s step_avg:2284.07ms
step:1903/2750 train_time:4346.580s step_avg:2284.07ms
step:1904/2750 train_time:4348.859s step_avg:2284.06ms
step:1905/2750 train_time:4351.140s step_avg:2284.06ms
step:1906/2750 train_time:4353.420s step_avg:2284.06ms
step:1907/2750 train_time:4355.702s step_avg:2284.06ms
step:1908/2750 train_time:4357.988s step_avg:2284.06ms
step:1909/2750 train_time:4360.264s step_avg:2284.06ms
step:1910/2750 train_time:4362.547s step_avg:2284.06ms
step:1911/2750 train_time:4364.830s step_avg:2284.06ms
step:1912/2750 train_time:4367.111s step_avg:2284.05ms
step:1913/2750 train_time:4369.394s step_avg:2284.05ms
step:1914/2750 train_time:4371.675s step_avg:2284.05ms
step:1915/2750 train_time:4373.957s step_avg:2284.05ms
step:1916/2750 train_time:4376.239s step_avg:2284.05ms
step:1917/2750 train_time:4378.522s step_avg:2284.05ms
step:1918/2750 train_time:4380.810s step_avg:2284.05ms
step:1919/2750 train_time:4383.087s step_avg:2284.05ms
step:1920/2750 train_time:4385.373s step_avg:2284.05ms
step:1921/2750 train_time:4387.653s step_avg:2284.05ms
step:1922/2750 train_time:4389.933s step_avg:2284.04ms
step:1923/2750 train_time:4392.215s step_avg:2284.04ms
step:1924/2750 train_time:4394.501s step_avg:2284.04ms
step:1925/2750 train_time:4396.786s step_avg:2284.04ms
step:1926/2750 train_time:4399.069s step_avg:2284.04ms
step:1927/2750 train_time:4401.352s step_avg:2284.04ms
step:1928/2750 train_time:4403.635s step_avg:2284.04ms
step:1929/2750 train_time:4405.912s step_avg:2284.04ms
step:1930/2750 train_time:4408.194s step_avg:2284.04ms
step:1931/2750 train_time:4410.476s step_avg:2284.04ms
step:1932/2750 train_time:4412.752s step_avg:2284.03ms
step:1933/2750 train_time:4415.035s step_avg:2284.03ms
step:1934/2750 train_time:4417.317s step_avg:2284.03ms
step:1935/2750 train_time:4419.596s step_avg:2284.03ms
step:1936/2750 train_time:4421.873s step_avg:2284.03ms
step:1937/2750 train_time:4424.153s step_avg:2284.02ms
step:1938/2750 train_time:4426.430s step_avg:2284.02ms
step:1939/2750 train_time:4428.712s step_avg:2284.02ms
step:1940/2750 train_time:4430.994s step_avg:2284.02ms
step:1941/2750 train_time:4433.274s step_avg:2284.02ms
step:1942/2750 train_time:4435.554s step_avg:2284.01ms
step:1943/2750 train_time:4437.830s step_avg:2284.01ms
step:1944/2750 train_time:4440.116s step_avg:2284.01ms
step:1945/2750 train_time:4442.398s step_avg:2284.01ms
step:1946/2750 train_time:4444.681s step_avg:2284.01ms
step:1947/2750 train_time:4446.965s step_avg:2284.01ms
step:1948/2750 train_time:4449.246s step_avg:2284.01ms
step:1949/2750 train_time:4451.526s step_avg:2284.01ms
step:1950/2750 train_time:4453.809s step_avg:2284.00ms
step:1951/2750 train_time:4456.089s step_avg:2284.00ms
step:1952/2750 train_time:4458.373s step_avg:2284.00ms
step:1953/2750 train_time:4460.651s step_avg:2284.00ms
step:1954/2750 train_time:4462.938s step_avg:2284.00ms
step:1955/2750 train_time:4465.223s step_avg:2284.00ms
step:1956/2750 train_time:4467.502s step_avg:2284.00ms
step:1957/2750 train_time:4469.783s step_avg:2284.00ms
step:1958/2750 train_time:4472.061s step_avg:2283.99ms
step:1959/2750 train_time:4474.339s step_avg:2283.99ms
step:1960/2750 train_time:4476.619s step_avg:2283.99ms
step:1961/2750 train_time:4478.898s step_avg:2283.99ms
step:1962/2750 train_time:4481.176s step_avg:2283.98ms
step:1963/2750 train_time:4483.454s step_avg:2283.98ms
step:1964/2750 train_time:4485.731s step_avg:2283.98ms
step:1965/2750 train_time:4488.013s step_avg:2283.98ms
step:1966/2750 train_time:4490.297s step_avg:2283.98ms
step:1967/2750 train_time:4492.573s step_avg:2283.97ms
step:1968/2750 train_time:4494.854s step_avg:2283.97ms
step:1969/2750 train_time:4497.133s step_avg:2283.97ms
step:1970/2750 train_time:4499.412s step_avg:2283.97ms
step:1971/2750 train_time:4501.698s step_avg:2283.97ms
step:1972/2750 train_time:4503.981s step_avg:2283.97ms
step:1973/2750 train_time:4506.263s step_avg:2283.96ms
step:1974/2750 train_time:4508.540s step_avg:2283.96ms
step:1975/2750 train_time:4510.821s step_avg:2283.96ms
step:1976/2750 train_time:4513.104s step_avg:2283.96ms
step:1977/2750 train_time:4515.387s step_avg:2283.96ms
step:1978/2750 train_time:4517.671s step_avg:2283.96ms
step:1979/2750 train_time:4519.950s step_avg:2283.96ms
step:1980/2750 train_time:4522.228s step_avg:2283.95ms
step:1981/2750 train_time:4524.509s step_avg:2283.95ms
step:1982/2750 train_time:4526.790s step_avg:2283.95ms
step:1983/2750 train_time:4529.075s step_avg:2283.95ms
step:1984/2750 train_time:4531.350s step_avg:2283.95ms
step:1985/2750 train_time:4533.634s step_avg:2283.95ms
step:1986/2750 train_time:4535.911s step_avg:2283.94ms
step:1987/2750 train_time:4538.190s step_avg:2283.94ms
step:1988/2750 train_time:4540.471s step_avg:2283.94ms
step:1989/2750 train_time:4542.752s step_avg:2283.94ms
step:1990/2750 train_time:4545.033s step_avg:2283.94ms
step:1991/2750 train_time:4547.313s step_avg:2283.93ms
step:1992/2750 train_time:4549.596s step_avg:2283.93ms
step:1993/2750 train_time:4551.873s step_avg:2283.93ms
step:1994/2750 train_time:4554.152s step_avg:2283.93ms
step:1995/2750 train_time:4556.434s step_avg:2283.93ms
step:1996/2750 train_time:4558.713s step_avg:2283.92ms
step:1997/2750 train_time:4560.996s step_avg:2283.92ms
step:1998/2750 train_time:4563.286s step_avg:2283.93ms
step:1999/2750 train_time:4565.570s step_avg:2283.93ms
step:2000/2750 train_time:4567.860s step_avg:2283.93ms
step:2000/2750 val_loss:3.38214 train_time:4567.860s step_avg:2281.74ms
step:2001/2750 train_time:4570.154s step_avg:2283.94ms
step:2002/2750 train_time:4572.440s step_avg:2283.94ms
step:2003/2750 train_time:4574.730s step_avg:2283.94ms
step:2004/2750 train_time:4577.013s step_avg:2283.94ms
step:2005/2750 train_time:4579.300s step_avg:2283.94ms
step:2006/2750 train_time:4581.588s step_avg:2283.94ms
step:2007/2750 train_time:4583.868s step_avg:2283.94ms
step:2008/2750 train_time:4586.155s step_avg:2283.94ms
step:2009/2750 train_time:4588.443s step_avg:2283.94ms
step:2010/2750 train_time:4590.724s step_avg:2283.94ms
step:2011/2750 train_time:4593.010s step_avg:2283.94ms
step:2012/2750 train_time:4595.300s step_avg:2283.95ms
step:2013/2750 train_time:4597.581s step_avg:2283.94ms
step:2014/2750 train_time:4599.866s step_avg:2283.95ms
step:2015/2750 train_time:4602.149s step_avg:2283.94ms
step:2016/2750 train_time:4604.437s step_avg:2283.95ms
step:2017/2750 train_time:4606.727s step_avg:2283.95ms
step:2018/2750 train_time:4609.014s step_avg:2283.95ms
step:2019/2750 train_time:4611.292s step_avg:2283.95ms
step:2020/2750 train_time:4613.578s step_avg:2283.95ms
step:2021/2750 train_time:4615.861s step_avg:2283.95ms
step:2022/2750 train_time:4618.147s step_avg:2283.95ms
step:2023/2750 train_time:4620.429s step_avg:2283.95ms
step:2024/2750 train_time:4622.713s step_avg:2283.95ms
step:2025/2750 train_time:4624.996s step_avg:2283.95ms
step:2026/2750 train_time:4627.280s step_avg:2283.95ms
step:2027/2750 train_time:4629.565s step_avg:2283.95ms
step:2028/2750 train_time:4631.848s step_avg:2283.95ms
step:2029/2750 train_time:4634.127s step_avg:2283.95ms
step:2030/2750 train_time:4636.413s step_avg:2283.95ms
step:2031/2750 train_time:4638.701s step_avg:2283.95ms
step:2032/2750 train_time:4640.981s step_avg:2283.95ms
step:2033/2750 train_time:4643.265s step_avg:2283.95ms
step:2034/2750 train_time:4645.548s step_avg:2283.95ms
step:2035/2750 train_time:4647.837s step_avg:2283.95ms
step:2036/2750 train_time:4650.124s step_avg:2283.95ms
step:2037/2750 train_time:4652.408s step_avg:2283.95ms
step:2038/2750 train_time:4654.695s step_avg:2283.95ms
step:2039/2750 train_time:4656.984s step_avg:2283.96ms
step:2040/2750 train_time:4659.267s step_avg:2283.95ms
step:2041/2750 train_time:4661.552s step_avg:2283.96ms
step:2042/2750 train_time:4663.842s step_avg:2283.96ms
step:2043/2750 train_time:4666.122s step_avg:2283.96ms
step:2044/2750 train_time:4668.402s step_avg:2283.95ms
step:2045/2750 train_time:4670.684s step_avg:2283.95ms
step:2046/2750 train_time:4672.965s step_avg:2283.95ms
step:2047/2750 train_time:4675.251s step_avg:2283.95ms
step:2048/2750 train_time:4677.529s step_avg:2283.95ms
step:2049/2750 train_time:4679.809s step_avg:2283.95ms
step:2050/2750 train_time:4682.097s step_avg:2283.95ms
step:2051/2750 train_time:4684.380s step_avg:2283.95ms
step:2052/2750 train_time:4686.666s step_avg:2283.95ms
step:2053/2750 train_time:4688.952s step_avg:2283.95ms
step:2054/2750 train_time:4691.234s step_avg:2283.95ms
step:2055/2750 train_time:4693.520s step_avg:2283.95ms
step:2056/2750 train_time:4695.803s step_avg:2283.95ms
step:2057/2750 train_time:4698.087s step_avg:2283.95ms
step:2058/2750 train_time:4700.372s step_avg:2283.95ms
step:2059/2750 train_time:4702.659s step_avg:2283.95ms
step:2060/2750 train_time:4704.941s step_avg:2283.95ms
step:2061/2750 train_time:4707.226s step_avg:2283.95ms
step:2062/2750 train_time:4709.510s step_avg:2283.95ms
step:2063/2750 train_time:4711.794s step_avg:2283.95ms
step:2064/2750 train_time:4714.079s step_avg:2283.95ms
step:2065/2750 train_time:4716.367s step_avg:2283.95ms
step:2066/2750 train_time:4718.651s step_avg:2283.96ms
step:2067/2750 train_time:4720.932s step_avg:2283.95ms
step:2068/2750 train_time:4723.216s step_avg:2283.95ms
step:2069/2750 train_time:4725.503s step_avg:2283.96ms
step:2070/2750 train_time:4727.782s step_avg:2283.95ms
step:2071/2750 train_time:4730.068s step_avg:2283.95ms
step:2072/2750 train_time:4732.353s step_avg:2283.95ms
step:2073/2750 train_time:4734.639s step_avg:2283.96ms
step:2074/2750 train_time:4736.926s step_avg:2283.96ms
step:2075/2750 train_time:4739.208s step_avg:2283.96ms
step:2076/2750 train_time:4741.494s step_avg:2283.96ms
step:2077/2750 train_time:4743.779s step_avg:2283.96ms
step:2078/2750 train_time:4746.062s step_avg:2283.96ms
step:2079/2750 train_time:4748.343s step_avg:2283.96ms
step:2080/2750 train_time:4750.627s step_avg:2283.96ms
step:2081/2750 train_time:4752.914s step_avg:2283.96ms
step:2082/2750 train_time:4755.198s step_avg:2283.96ms
step:2083/2750 train_time:4757.483s step_avg:2283.96ms
step:2084/2750 train_time:4759.765s step_avg:2283.96ms
step:2085/2750 train_time:4762.050s step_avg:2283.96ms
step:2086/2750 train_time:4764.328s step_avg:2283.95ms
step:2087/2750 train_time:4766.611s step_avg:2283.95ms
step:2088/2750 train_time:4768.900s step_avg:2283.96ms
step:2089/2750 train_time:4771.182s step_avg:2283.95ms
step:2090/2750 train_time:4773.471s step_avg:2283.96ms
step:2091/2750 train_time:4775.773s step_avg:2283.97ms
step:2092/2750 train_time:4778.058s step_avg:2283.97ms
step:2093/2750 train_time:4780.340s step_avg:2283.97ms
step:2094/2750 train_time:4782.629s step_avg:2283.97ms
step:2095/2750 train_time:4784.906s step_avg:2283.96ms
step:2096/2750 train_time:4787.193s step_avg:2283.97ms
step:2097/2750 train_time:4789.481s step_avg:2283.97ms
step:2098/2750 train_time:4791.761s step_avg:2283.97ms
step:2099/2750 train_time:4794.048s step_avg:2283.97ms
step:2100/2750 train_time:4796.340s step_avg:2283.97ms
step:2101/2750 train_time:4798.621s step_avg:2283.97ms
step:2102/2750 train_time:4800.908s step_avg:2283.97ms
step:2103/2750 train_time:4803.195s step_avg:2283.97ms
step:2104/2750 train_time:4805.477s step_avg:2283.97ms
step:2105/2750 train_time:4807.765s step_avg:2283.97ms
step:2106/2750 train_time:4810.051s step_avg:2283.97ms
step:2107/2750 train_time:4812.337s step_avg:2283.98ms
step:2108/2750 train_time:4814.621s step_avg:2283.98ms
step:2109/2750 train_time:4816.904s step_avg:2283.98ms
step:2110/2750 train_time:4819.185s step_avg:2283.97ms
step:2111/2750 train_time:4821.470s step_avg:2283.97ms
step:2112/2750 train_time:4823.755s step_avg:2283.97ms
step:2113/2750 train_time:4826.039s step_avg:2283.97ms
step:2114/2750 train_time:4828.324s step_avg:2283.98ms
step:2115/2750 train_time:4830.610s step_avg:2283.98ms
step:2116/2750 train_time:4832.898s step_avg:2283.98ms
step:2117/2750 train_time:4835.178s step_avg:2283.98ms
step:2118/2750 train_time:4837.461s step_avg:2283.98ms
step:2119/2750 train_time:4839.752s step_avg:2283.98ms
step:2120/2750 train_time:4842.037s step_avg:2283.98ms
step:2121/2750 train_time:4844.321s step_avg:2283.98ms
step:2122/2750 train_time:4846.609s step_avg:2283.98ms
step:2123/2750 train_time:4848.894s step_avg:2283.98ms
step:2124/2750 train_time:4851.179s step_avg:2283.98ms
step:2125/2750 train_time:4853.465s step_avg:2283.98ms
step:2125/2750 val_loss:3.33198 train_time:4853.465s step_avg:2284.84ms
step:2126/2750 train_time:4855.758s step_avg:2283.99ms
step:2127/2750 train_time:4858.045s step_avg:2283.99ms
step:2128/2750 train_time:4860.334s step_avg:2283.99ms
step:2129/2750 train_time:4862.619s step_avg:2283.99ms
step:2130/2750 train_time:4864.904s step_avg:2283.99ms
step:2131/2750 train_time:4867.192s step_avg:2283.99ms
step:2132/2750 train_time:4869.473s step_avg:2283.99ms
step:2133/2750 train_time:4871.760s step_avg:2283.99ms
step:2134/2750 train_time:4874.048s step_avg:2284.00ms
step:2135/2750 train_time:4876.332s step_avg:2284.00ms
step:2136/2750 train_time:4878.617s step_avg:2284.00ms
step:2137/2750 train_time:4880.898s step_avg:2284.00ms
step:2138/2750 train_time:4883.181s step_avg:2283.99ms
step:2139/2750 train_time:4885.466s step_avg:2284.00ms
step:2140/2750 train_time:4887.753s step_avg:2284.00ms
step:2141/2750 train_time:4890.038s step_avg:2284.00ms
step:2142/2750 train_time:4892.326s step_avg:2284.00ms
step:2143/2750 train_time:4894.613s step_avg:2284.00ms
step:2144/2750 train_time:4896.896s step_avg:2284.00ms
step:2145/2750 train_time:4899.179s step_avg:2284.00ms
step:2146/2750 train_time:4901.464s step_avg:2284.00ms
step:2147/2750 train_time:4903.748s step_avg:2284.00ms
step:2148/2750 train_time:4906.033s step_avg:2284.00ms
step:2149/2750 train_time:4908.315s step_avg:2284.00ms
step:2150/2750 train_time:4910.606s step_avg:2284.00ms
step:2151/2750 train_time:4912.892s step_avg:2284.00ms
step:2152/2750 train_time:4915.175s step_avg:2284.00ms
step:2153/2750 train_time:4917.462s step_avg:2284.00ms
step:2154/2750 train_time:4919.746s step_avg:2284.00ms
step:2155/2750 train_time:4922.029s step_avg:2284.00ms
step:2156/2750 train_time:4924.317s step_avg:2284.01ms
step:2157/2750 train_time:4926.598s step_avg:2284.00ms
step:2158/2750 train_time:4928.884s step_avg:2284.01ms
step:2159/2750 train_time:4931.173s step_avg:2284.01ms
step:2160/2750 train_time:4933.454s step_avg:2284.01ms
step:2161/2750 train_time:4935.742s step_avg:2284.01ms
step:2162/2750 train_time:4938.033s step_avg:2284.01ms
step:2163/2750 train_time:4940.315s step_avg:2284.01ms
step:2164/2750 train_time:4942.601s step_avg:2284.01ms
step:2165/2750 train_time:4944.885s step_avg:2284.01ms
step:2166/2750 train_time:4947.173s step_avg:2284.01ms
step:2167/2750 train_time:4949.466s step_avg:2284.02ms
step:2168/2750 train_time:4951.754s step_avg:2284.02ms
step:2169/2750 train_time:4954.033s step_avg:2284.02ms
step:2170/2750 train_time:4956.323s step_avg:2284.02ms
step:2171/2750 train_time:4958.606s step_avg:2284.02ms
step:2172/2750 train_time:4960.890s step_avg:2284.02ms
step:2173/2750 train_time:4963.176s step_avg:2284.02ms
step:2174/2750 train_time:4965.461s step_avg:2284.02ms
step:2175/2750 train_time:4967.743s step_avg:2284.02ms
step:2176/2750 train_time:4970.031s step_avg:2284.02ms
step:2177/2750 train_time:4972.316s step_avg:2284.02ms
step:2178/2750 train_time:4974.598s step_avg:2284.02ms
step:2179/2750 train_time:4976.883s step_avg:2284.02ms
step:2180/2750 train_time:4979.169s step_avg:2284.02ms
step:2181/2750 train_time:4981.454s step_avg:2284.02ms
step:2182/2750 train_time:4983.737s step_avg:2284.02ms
step:2183/2750 train_time:4986.020s step_avg:2284.02ms
step:2184/2750 train_time:4988.302s step_avg:2284.02ms
step:2185/2750 train_time:4990.581s step_avg:2284.02ms
step:2186/2750 train_time:4992.862s step_avg:2284.02ms
step:2187/2750 train_time:4995.143s step_avg:2284.02ms
step:2188/2750 train_time:4997.429s step_avg:2284.02ms
step:2189/2750 train_time:4999.716s step_avg:2284.02ms
step:2190/2750 train_time:5001.997s step_avg:2284.02ms
step:2191/2750 train_time:5004.278s step_avg:2284.02ms
step:2192/2750 train_time:5006.564s step_avg:2284.02ms
step:2193/2750 train_time:5008.851s step_avg:2284.02ms
step:2194/2750 train_time:5011.135s step_avg:2284.02ms
step:2195/2750 train_time:5013.418s step_avg:2284.02ms
step:2196/2750 train_time:5015.703s step_avg:2284.02ms
step:2197/2750 train_time:5017.987s step_avg:2284.02ms
step:2198/2750 train_time:5020.273s step_avg:2284.02ms
step:2199/2750 train_time:5022.556s step_avg:2284.02ms
step:2200/2750 train_time:5024.848s step_avg:2284.02ms
step:2201/2750 train_time:5027.131s step_avg:2284.02ms
step:2202/2750 train_time:5029.416s step_avg:2284.02ms
step:2203/2750 train_time:5031.707s step_avg:2284.02ms
step:2204/2750 train_time:5033.992s step_avg:2284.03ms
step:2205/2750 train_time:5036.276s step_avg:2284.03ms
step:2206/2750 train_time:5038.565s step_avg:2284.03ms
step:2207/2750 train_time:5040.847s step_avg:2284.03ms
step:2208/2750 train_time:5043.128s step_avg:2284.03ms
step:2209/2750 train_time:5045.416s step_avg:2284.03ms
step:2210/2750 train_time:5047.693s step_avg:2284.02ms
step:2211/2750 train_time:5049.980s step_avg:2284.03ms
step:2212/2750 train_time:5052.265s step_avg:2284.03ms
step:2213/2750 train_time:5054.549s step_avg:2284.03ms
step:2214/2750 train_time:5056.838s step_avg:2284.03ms
step:2215/2750 train_time:5059.124s step_avg:2284.03ms
step:2216/2750 train_time:5061.411s step_avg:2284.03ms
step:2217/2750 train_time:5063.701s step_avg:2284.03ms
step:2218/2750 train_time:5065.981s step_avg:2284.03ms
step:2219/2750 train_time:5068.265s step_avg:2284.03ms
step:2220/2750 train_time:5070.550s step_avg:2284.03ms
step:2221/2750 train_time:5072.837s step_avg:2284.03ms
step:2222/2750 train_time:5075.122s step_avg:2284.03ms
step:2223/2750 train_time:5077.411s step_avg:2284.04ms
step:2224/2750 train_time:5079.694s step_avg:2284.04ms
step:2225/2750 train_time:5081.978s step_avg:2284.04ms
step:2226/2750 train_time:5084.264s step_avg:2284.04ms
step:2227/2750 train_time:5086.551s step_avg:2284.04ms
step:2228/2750 train_time:5088.835s step_avg:2284.04ms
step:2229/2750 train_time:5091.122s step_avg:2284.04ms
step:2230/2750 train_time:5093.411s step_avg:2284.04ms
step:2231/2750 train_time:5095.698s step_avg:2284.04ms
step:2232/2750 train_time:5097.983s step_avg:2284.04ms
step:2233/2750 train_time:5100.271s step_avg:2284.04ms
step:2234/2750 train_time:5102.566s step_avg:2284.05ms
step:2235/2750 train_time:5104.852s step_avg:2284.05ms
step:2236/2750 train_time:5107.134s step_avg:2284.05ms
step:2237/2750 train_time:5109.418s step_avg:2284.05ms
step:2238/2750 train_time:5111.701s step_avg:2284.05ms
step:2239/2750 train_time:5113.984s step_avg:2284.05ms
step:2240/2750 train_time:5116.268s step_avg:2284.05ms
step:2241/2750 train_time:5118.548s step_avg:2284.05ms
step:2242/2750 train_time:5120.833s step_avg:2284.05ms
step:2243/2750 train_time:5123.123s step_avg:2284.05ms
step:2244/2750 train_time:5125.400s step_avg:2284.05ms
step:2245/2750 train_time:5127.686s step_avg:2284.05ms
step:2246/2750 train_time:5129.977s step_avg:2284.05ms
step:2247/2750 train_time:5132.258s step_avg:2284.05ms
step:2248/2750 train_time:5134.545s step_avg:2284.05ms
step:2249/2750 train_time:5136.833s step_avg:2284.05ms
step:2250/2750 train_time:5139.114s step_avg:2284.05ms
step:2250/2750 val_loss:3.31152 train_time:5139.114s step_avg:2285.19ms
step:2251/2750 train_time:5141.407s step_avg:2284.05ms
step:2252/2750 train_time:5143.694s step_avg:2284.06ms
step:2253/2750 train_time:5145.977s step_avg:2284.06ms
step:2254/2750 train_time:5148.265s step_avg:2284.06ms
step:2255/2750 train_time:5150.550s step_avg:2284.06ms
step:2256/2750 train_time:5152.834s step_avg:2284.06ms
step:2257/2750 train_time:5155.120s step_avg:2284.06ms
step:2258/2750 train_time:5157.407s step_avg:2284.06ms
step:2259/2750 train_time:5159.691s step_avg:2284.06ms
step:2260/2750 train_time:5161.975s step_avg:2284.06ms
step:2261/2750 train_time:5164.258s step_avg:2284.06ms
step:2262/2750 train_time:5166.543s step_avg:2284.06ms
step:2263/2750 train_time:5168.829s step_avg:2284.06ms
step:2264/2750 train_time:5171.115s step_avg:2284.06ms
step:2265/2750 train_time:5173.401s step_avg:2284.06ms
step:2266/2750 train_time:5175.683s step_avg:2284.06ms
step:2267/2750 train_time:5177.969s step_avg:2284.06ms
step:2268/2750 train_time:5180.254s step_avg:2284.06ms
step:2269/2750 train_time:5182.536s step_avg:2284.06ms
step:2270/2750 train_time:5184.820s step_avg:2284.06ms
step:2271/2750 train_time:5187.111s step_avg:2284.06ms
step:2272/2750 train_time:5189.391s step_avg:2284.06ms
step:2273/2750 train_time:5191.684s step_avg:2284.07ms
step:2274/2750 train_time:5193.972s step_avg:2284.07ms
step:2275/2750 train_time:5196.253s step_avg:2284.07ms
step:2276/2750 train_time:5198.540s step_avg:2284.07ms
step:2277/2750 train_time:5200.827s step_avg:2284.07ms
step:2278/2750 train_time:5203.105s step_avg:2284.07ms
step:2279/2750 train_time:5205.391s step_avg:2284.07ms
step:2280/2750 train_time:5207.672s step_avg:2284.07ms
step:2281/2750 train_time:5209.969s step_avg:2284.07ms
step:2282/2750 train_time:5212.256s step_avg:2284.07ms
step:2283/2750 train_time:5214.535s step_avg:2284.07ms
step:2284/2750 train_time:5216.820s step_avg:2284.07ms
step:2285/2750 train_time:5219.107s step_avg:2284.07ms
step:2286/2750 train_time:5221.396s step_avg:2284.08ms
step:2287/2750 train_time:5223.681s step_avg:2284.08ms
step:2288/2750 train_time:5225.967s step_avg:2284.08ms
step:2289/2750 train_time:5228.250s step_avg:2284.08ms
step:2290/2750 train_time:5230.534s step_avg:2284.08ms
step:2291/2750 train_time:5232.820s step_avg:2284.08ms
step:2292/2750 train_time:5235.108s step_avg:2284.08ms
step:2293/2750 train_time:5237.392s step_avg:2284.08ms
step:2294/2750 train_time:5239.679s step_avg:2284.08ms
step:2295/2750 train_time:5241.963s step_avg:2284.08ms
step:2296/2750 train_time:5244.246s step_avg:2284.08ms
step:2297/2750 train_time:5246.531s step_avg:2284.08ms
step:2298/2750 train_time:5248.817s step_avg:2284.08ms
step:2299/2750 train_time:5251.101s step_avg:2284.08ms
step:2300/2750 train_time:5253.380s step_avg:2284.08ms
step:2301/2750 train_time:5255.665s step_avg:2284.08ms
step:2302/2750 train_time:5257.953s step_avg:2284.08ms
step:2303/2750 train_time:5260.232s step_avg:2284.08ms
step:2304/2750 train_time:5262.520s step_avg:2284.08ms
step:2305/2750 train_time:5264.810s step_avg:2284.08ms
step:2306/2750 train_time:5267.092s step_avg:2284.08ms
step:2307/2750 train_time:5269.389s step_avg:2284.09ms
step:2308/2750 train_time:5271.677s step_avg:2284.09ms
step:2309/2750 train_time:5273.957s step_avg:2284.09ms
step:2310/2750 train_time:5276.243s step_avg:2284.09ms
step:2311/2750 train_time:5278.530s step_avg:2284.09ms
step:2312/2750 train_time:5280.808s step_avg:2284.09ms
step:2313/2750 train_time:5283.093s step_avg:2284.09ms
step:2314/2750 train_time:5285.373s step_avg:2284.09ms
step:2315/2750 train_time:5287.656s step_avg:2284.08ms
step:2316/2750 train_time:5289.944s step_avg:2284.09ms
step:2317/2750 train_time:5292.229s step_avg:2284.09ms
step:2318/2750 train_time:5294.510s step_avg:2284.09ms
step:2319/2750 train_time:5296.799s step_avg:2284.09ms
step:2320/2750 train_time:5299.082s step_avg:2284.09ms
step:2321/2750 train_time:5301.367s step_avg:2284.09ms
step:2322/2750 train_time:5303.653s step_avg:2284.09ms
step:2323/2750 train_time:5305.940s step_avg:2284.09ms
step:2324/2750 train_time:5308.223s step_avg:2284.09ms
step:2325/2750 train_time:5310.509s step_avg:2284.09ms
step:2326/2750 train_time:5312.791s step_avg:2284.09ms
step:2327/2750 train_time:5315.075s step_avg:2284.09ms
step:2328/2750 train_time:5317.357s step_avg:2284.09ms
step:2329/2750 train_time:5319.644s step_avg:2284.09ms
step:2330/2750 train_time:5321.936s step_avg:2284.09ms
step:2331/2750 train_time:5324.219s step_avg:2284.09ms
step:2332/2750 train_time:5326.504s step_avg:2284.09ms
step:2333/2750 train_time:5328.795s step_avg:2284.10ms
step:2334/2750 train_time:5331.079s step_avg:2284.10ms
step:2335/2750 train_time:5333.363s step_avg:2284.10ms
step:2336/2750 train_time:5335.651s step_avg:2284.10ms
step:2337/2750 train_time:5337.940s step_avg:2284.10ms
step:2338/2750 train_time:5340.223s step_avg:2284.10ms
step:2339/2750 train_time:5342.512s step_avg:2284.10ms
step:2340/2750 train_time:5344.792s step_avg:2284.10ms
step:2341/2750 train_time:5347.081s step_avg:2284.10ms
step:2342/2750 train_time:5349.368s step_avg:2284.10ms
step:2343/2750 train_time:5351.650s step_avg:2284.10ms
step:2344/2750 train_time:5353.936s step_avg:2284.10ms
step:2345/2750 train_time:5356.222s step_avg:2284.10ms
step:2346/2750 train_time:5358.508s step_avg:2284.10ms
step:2347/2750 train_time:5360.793s step_avg:2284.10ms
step:2348/2750 train_time:5363.076s step_avg:2284.10ms
step:2349/2750 train_time:5365.361s step_avg:2284.10ms
step:2350/2750 train_time:5367.648s step_avg:2284.11ms
step:2351/2750 train_time:5369.931s step_avg:2284.11ms
step:2352/2750 train_time:5372.215s step_avg:2284.11ms
step:2353/2750 train_time:5374.503s step_avg:2284.11ms
step:2354/2750 train_time:5376.785s step_avg:2284.11ms
step:2355/2750 train_time:5379.069s step_avg:2284.11ms
step:2356/2750 train_time:5381.352s step_avg:2284.11ms
step:2357/2750 train_time:5383.634s step_avg:2284.10ms
step:2358/2750 train_time:5385.924s step_avg:2284.11ms
step:2359/2750 train_time:5388.209s step_avg:2284.11ms
step:2360/2750 train_time:5390.494s step_avg:2284.11ms
step:2361/2750 train_time:5392.784s step_avg:2284.11ms
step:2362/2750 train_time:5395.065s step_avg:2284.11ms
step:2363/2750 train_time:5397.352s step_avg:2284.11ms
step:2364/2750 train_time:5399.638s step_avg:2284.11ms
step:2365/2750 train_time:5401.918s step_avg:2284.11ms
step:2366/2750 train_time:5404.204s step_avg:2284.11ms
step:2367/2750 train_time:5406.494s step_avg:2284.11ms
step:2368/2750 train_time:5408.776s step_avg:2284.11ms
step:2369/2750 train_time:5411.063s step_avg:2284.11ms
step:2370/2750 train_time:5413.345s step_avg:2284.11ms
step:2371/2750 train_time:5415.630s step_avg:2284.11ms
step:2372/2750 train_time:5417.916s step_avg:2284.11ms
step:2373/2750 train_time:5420.201s step_avg:2284.11ms
step:2374/2750 train_time:5422.484s step_avg:2284.11ms
step:2375/2750 train_time:5424.770s step_avg:2284.11ms
step:2375/2750 val_loss:3.29826 train_time:5424.771s step_avg:2285.25ms
step:2376/2750 train_time:5427.062s step_avg:2284.12ms
step:2377/2750 train_time:5429.346s step_avg:2284.12ms
step:2378/2750 train_time:5431.630s step_avg:2284.12ms
step:2379/2750 train_time:5433.915s step_avg:2284.12ms
step:2380/2750 train_time:5436.198s step_avg:2284.12ms
step:2381/2750 train_time:5438.479s step_avg:2284.12ms
step:2382/2750 train_time:5440.765s step_avg:2284.12ms
step:2383/2750 train_time:5443.053s step_avg:2284.12ms
step:2384/2750 train_time:5445.335s step_avg:2284.12ms
step:2385/2750 train_time:5447.623s step_avg:2284.12ms
step:2386/2750 train_time:5449.914s step_avg:2284.12ms
step:2387/2750 train_time:5452.193s step_avg:2284.12ms
step:2388/2750 train_time:5454.482s step_avg:2284.12ms
step:2389/2750 train_time:5456.771s step_avg:2284.12ms
step:2390/2750 train_time:5459.053s step_avg:2284.12ms
step:2391/2750 train_time:5461.340s step_avg:2284.12ms
step:2392/2750 train_time:5463.623s step_avg:2284.12ms
step:2393/2750 train_time:5465.914s step_avg:2284.13ms
step:2394/2750 train_time:5468.201s step_avg:2284.13ms
step:2395/2750 train_time:5470.483s step_avg:2284.13ms
step:2396/2750 train_time:5472.770s step_avg:2284.13ms
step:2397/2750 train_time:5475.057s step_avg:2284.13ms
step:2398/2750 train_time:5477.344s step_avg:2284.13ms
step:2399/2750 train_time:5479.630s step_avg:2284.13ms
step:2400/2750 train_time:5481.917s step_avg:2284.13ms
step:2401/2750 train_time:5484.199s step_avg:2284.13ms
step:2402/2750 train_time:5486.476s step_avg:2284.13ms
step:2403/2750 train_time:5488.763s step_avg:2284.13ms
step:2404/2750 train_time:5491.051s step_avg:2284.13ms
step:2405/2750 train_time:5493.335s step_avg:2284.13ms
step:2406/2750 train_time:5495.618s step_avg:2284.13ms
step:2407/2750 train_time:5497.903s step_avg:2284.13ms
step:2408/2750 train_time:5500.188s step_avg:2284.13ms
step:2409/2750 train_time:5502.473s step_avg:2284.13ms
step:2410/2750 train_time:5504.759s step_avg:2284.13ms
step:2411/2750 train_time:5507.046s step_avg:2284.13ms
step:2412/2750 train_time:5509.331s step_avg:2284.13ms
step:2413/2750 train_time:5511.615s step_avg:2284.13ms
step:2414/2750 train_time:5513.905s step_avg:2284.14ms
step:2415/2750 train_time:5516.183s step_avg:2284.13ms
step:2416/2750 train_time:5518.465s step_avg:2284.13ms
step:2417/2750 train_time:5520.753s step_avg:2284.13ms
step:2418/2750 train_time:5523.033s step_avg:2284.13ms
step:2419/2750 train_time:5525.320s step_avg:2284.13ms
step:2420/2750 train_time:5527.608s step_avg:2284.14ms
step:2421/2750 train_time:5529.890s step_avg:2284.13ms
step:2422/2750 train_time:5532.177s step_avg:2284.14ms
step:2423/2750 train_time:5534.461s step_avg:2284.14ms
step:2424/2750 train_time:5536.746s step_avg:2284.14ms
step:2425/2750 train_time:5539.035s step_avg:2284.14ms
step:2426/2750 train_time:5541.319s step_avg:2284.14ms
step:2427/2750 train_time:5543.603s step_avg:2284.14ms
step:2428/2750 train_time:5545.893s step_avg:2284.14ms
step:2429/2750 train_time:5548.179s step_avg:2284.14ms
step:2430/2750 train_time:5550.460s step_avg:2284.14ms
step:2431/2750 train_time:5552.746s step_avg:2284.14ms
step:2432/2750 train_time:5555.033s step_avg:2284.14ms
step:2433/2750 train_time:5557.317s step_avg:2284.14ms
step:2434/2750 train_time:5559.600s step_avg:2284.14ms
step:2435/2750 train_time:5561.886s step_avg:2284.14ms
step:2436/2750 train_time:5564.173s step_avg:2284.14ms
step:2437/2750 train_time:5566.458s step_avg:2284.14ms
step:2438/2750 train_time:5568.745s step_avg:2284.14ms
step:2439/2750 train_time:5571.028s step_avg:2284.14ms
step:2440/2750 train_time:5573.309s step_avg:2284.14ms
step:2441/2750 train_time:5575.593s step_avg:2284.14ms
step:2442/2750 train_time:5577.880s step_avg:2284.14ms
step:2443/2750 train_time:5580.163s step_avg:2284.14ms
step:2444/2750 train_time:5582.444s step_avg:2284.14ms
step:2445/2750 train_time:5584.731s step_avg:2284.14ms
step:2446/2750 train_time:5587.012s step_avg:2284.14ms
step:2447/2750 train_time:5589.299s step_avg:2284.14ms
step:2448/2750 train_time:5591.581s step_avg:2284.14ms
step:2449/2750 train_time:5593.868s step_avg:2284.14ms
step:2450/2750 train_time:5596.153s step_avg:2284.14ms
step:2451/2750 train_time:5598.440s step_avg:2284.15ms
step:2452/2750 train_time:5600.725s step_avg:2284.15ms
step:2453/2750 train_time:5603.011s step_avg:2284.15ms
step:2454/2750 train_time:5605.294s step_avg:2284.15ms
step:2455/2750 train_time:5607.578s step_avg:2284.15ms
step:2456/2750 train_time:5609.867s step_avg:2284.15ms
step:2457/2750 train_time:5612.155s step_avg:2284.15ms
step:2458/2750 train_time:5614.439s step_avg:2284.15ms
step:2459/2750 train_time:5616.725s step_avg:2284.15ms
step:2460/2750 train_time:5619.008s step_avg:2284.15ms
step:2461/2750 train_time:5621.291s step_avg:2284.15ms
step:2462/2750 train_time:5623.576s step_avg:2284.15ms
step:2463/2750 train_time:5625.856s step_avg:2284.15ms
step:2464/2750 train_time:5628.145s step_avg:2284.15ms
step:2465/2750 train_time:5630.423s step_avg:2284.15ms
step:2466/2750 train_time:5632.709s step_avg:2284.15ms
step:2467/2750 train_time:5634.996s step_avg:2284.15ms
step:2468/2750 train_time:5637.274s step_avg:2284.15ms
step:2469/2750 train_time:5639.566s step_avg:2284.15ms
step:2470/2750 train_time:5641.853s step_avg:2284.15ms
step:2471/2750 train_time:5644.155s step_avg:2284.16ms
step:2472/2750 train_time:5646.439s step_avg:2284.16ms
step:2473/2750 train_time:5648.724s step_avg:2284.16ms
step:2474/2750 train_time:5651.006s step_avg:2284.16ms
step:2475/2750 train_time:5653.288s step_avg:2284.16ms
step:2476/2750 train_time:5655.576s step_avg:2284.16ms
step:2477/2750 train_time:5657.858s step_avg:2284.16ms
step:2478/2750 train_time:5660.142s step_avg:2284.16ms
step:2479/2750 train_time:5662.424s step_avg:2284.16ms
step:2480/2750 train_time:5664.707s step_avg:2284.16ms
step:2481/2750 train_time:5666.992s step_avg:2284.16ms
step:2482/2750 train_time:5669.277s step_avg:2284.16ms
step:2483/2750 train_time:5671.557s step_avg:2284.16ms
step:2484/2750 train_time:5673.846s step_avg:2284.16ms
step:2485/2750 train_time:5676.135s step_avg:2284.16ms
step:2486/2750 train_time:5678.416s step_avg:2284.16ms
step:2487/2750 train_time:5680.700s step_avg:2284.16ms
step:2488/2750 train_time:5682.984s step_avg:2284.16ms
step:2489/2750 train_time:5685.267s step_avg:2284.16ms
step:2490/2750 train_time:5687.551s step_avg:2284.16ms
step:2491/2750 train_time:5689.836s step_avg:2284.16ms
step:2492/2750 train_time:5692.125s step_avg:2284.16ms
step:2493/2750 train_time:5694.407s step_avg:2284.16ms
step:2494/2750 train_time:5696.691s step_avg:2284.16ms
step:2495/2750 train_time:5698.977s step_avg:2284.16ms
step:2496/2750 train_time:5701.261s step_avg:2284.16ms
step:2497/2750 train_time:5703.547s step_avg:2284.16ms
step:2498/2750 train_time:5705.835s step_avg:2284.16ms
step:2499/2750 train_time:5708.116s step_avg:2284.16ms
step:2500/2750 train_time:5710.403s step_avg:2284.16ms
step:2500/2750 val_loss:3.28763 train_time:5710.403s step_avg:2285.06ms
step:2501/2750 train_time:5712.694s step_avg:2284.16ms
step:2502/2750 train_time:5714.975s step_avg:2284.16ms
step:2503/2750 train_time:5717.263s step_avg:2284.16ms
step:2504/2750 train_time:5719.548s step_avg:2284.16ms
step:2505/2750 train_time:5721.833s step_avg:2284.16ms
step:2506/2750 train_time:5724.119s step_avg:2284.17ms
step:2507/2750 train_time:5726.406s step_avg:2284.17ms
step:2508/2750 train_time:5728.693s step_avg:2284.17ms
step:2509/2750 train_time:5730.983s step_avg:2284.17ms
step:2510/2750 train_time:5733.269s step_avg:2284.17ms
step:2511/2750 train_time:5735.556s step_avg:2284.17ms
step:2512/2750 train_time:5737.846s step_avg:2284.17ms
step:2513/2750 train_time:5740.132s step_avg:2284.18ms
step:2514/2750 train_time:5742.416s step_avg:2284.18ms
step:2515/2750 train_time:5744.702s step_avg:2284.18ms
step:2516/2750 train_time:5746.988s step_avg:2284.18ms
step:2517/2750 train_time:5749.272s step_avg:2284.18ms
step:2518/2750 train_time:5751.557s step_avg:2284.18ms
step:2519/2750 train_time:5753.843s step_avg:2284.18ms
step:2520/2750 train_time:5756.127s step_avg:2284.18ms
step:2521/2750 train_time:5758.412s step_avg:2284.18ms
step:2522/2750 train_time:5760.699s step_avg:2284.18ms
step:2523/2750 train_time:5762.982s step_avg:2284.18ms
step:2524/2750 train_time:5765.263s step_avg:2284.18ms
step:2525/2750 train_time:5767.551s step_avg:2284.18ms
step:2526/2750 train_time:5769.840s step_avg:2284.18ms
step:2527/2750 train_time:5772.124s step_avg:2284.18ms
step:2528/2750 train_time:5774.410s step_avg:2284.18ms
step:2529/2750 train_time:5776.695s step_avg:2284.18ms
step:2530/2750 train_time:5778.976s step_avg:2284.18ms
step:2531/2750 train_time:5781.257s step_avg:2284.18ms
step:2532/2750 train_time:5783.545s step_avg:2284.18ms
step:2533/2750 train_time:5785.830s step_avg:2284.18ms
step:2534/2750 train_time:5788.118s step_avg:2284.18ms
step:2535/2750 train_time:5790.404s step_avg:2284.18ms
step:2536/2750 train_time:5792.687s step_avg:2284.18ms
step:2537/2750 train_time:5794.975s step_avg:2284.18ms
step:2538/2750 train_time:5797.258s step_avg:2284.18ms
step:2539/2750 train_time:5799.540s step_avg:2284.18ms
step:2540/2750 train_time:5801.828s step_avg:2284.18ms
step:2541/2750 train_time:5804.109s step_avg:2284.18ms
step:2542/2750 train_time:5806.390s step_avg:2284.18ms
step:2543/2750 train_time:5808.677s step_avg:2284.18ms
step:2544/2750 train_time:5810.960s step_avg:2284.18ms
step:2545/2750 train_time:5813.241s step_avg:2284.18ms
step:2546/2750 train_time:5815.525s step_avg:2284.18ms
step:2547/2750 train_time:5817.810s step_avg:2284.18ms
step:2548/2750 train_time:5820.096s step_avg:2284.18ms
step:2549/2750 train_time:5822.377s step_avg:2284.18ms
step:2550/2750 train_time:5824.661s step_avg:2284.18ms
step:2551/2750 train_time:5826.948s step_avg:2284.18ms
step:2552/2750 train_time:5829.231s step_avg:2284.18ms
step:2553/2750 train_time:5831.517s step_avg:2284.18ms
step:2554/2750 train_time:5833.800s step_avg:2284.18ms
step:2555/2750 train_time:5836.089s step_avg:2284.18ms
step:2556/2750 train_time:5838.379s step_avg:2284.19ms
step:2557/2750 train_time:5840.663s step_avg:2284.19ms
step:2558/2750 train_time:5842.947s step_avg:2284.19ms
step:2559/2750 train_time:5845.236s step_avg:2284.19ms
step:2560/2750 train_time:5847.521s step_avg:2284.19ms
step:2561/2750 train_time:5849.809s step_avg:2284.19ms
step:2562/2750 train_time:5852.094s step_avg:2284.19ms
step:2563/2750 train_time:5854.376s step_avg:2284.19ms
step:2564/2750 train_time:5856.663s step_avg:2284.19ms
step:2565/2750 train_time:5858.951s step_avg:2284.19ms
step:2566/2750 train_time:5861.236s step_avg:2284.19ms
step:2567/2750 train_time:5863.522s step_avg:2284.19ms
step:2568/2750 train_time:5865.808s step_avg:2284.19ms
step:2569/2750 train_time:5868.091s step_avg:2284.19ms
step:2570/2750 train_time:5870.376s step_avg:2284.19ms
step:2571/2750 train_time:5872.660s step_avg:2284.19ms
step:2572/2750 train_time:5874.942s step_avg:2284.19ms
step:2573/2750 train_time:5877.225s step_avg:2284.19ms
step:2574/2750 train_time:5879.510s step_avg:2284.19ms
step:2575/2750 train_time:5881.797s step_avg:2284.19ms
step:2576/2750 train_time:5884.080s step_avg:2284.19ms
step:2577/2750 train_time:5886.359s step_avg:2284.19ms
step:2578/2750 train_time:5888.644s step_avg:2284.19ms
step:2579/2750 train_time:5890.931s step_avg:2284.19ms
step:2580/2750 train_time:5893.214s step_avg:2284.19ms
step:2581/2750 train_time:5895.502s step_avg:2284.19ms
step:2582/2750 train_time:5897.793s step_avg:2284.20ms
step:2583/2750 train_time:5900.075s step_avg:2284.19ms
step:2584/2750 train_time:5902.362s step_avg:2284.20ms
step:2585/2750 train_time:5904.651s step_avg:2284.20ms
step:2586/2750 train_time:5906.933s step_avg:2284.20ms
step:2587/2750 train_time:5909.218s step_avg:2284.20ms
step:2588/2750 train_time:5911.499s step_avg:2284.20ms
step:2589/2750 train_time:5913.786s step_avg:2284.20ms
step:2590/2750 train_time:5916.073s step_avg:2284.20ms
step:2591/2750 train_time:5918.354s step_avg:2284.20ms
step:2592/2750 train_time:5920.638s step_avg:2284.20ms
step:2593/2750 train_time:5922.924s step_avg:2284.20ms
step:2594/2750 train_time:5925.212s step_avg:2284.20ms
step:2595/2750 train_time:5927.497s step_avg:2284.20ms
step:2596/2750 train_time:5929.788s step_avg:2284.20ms
step:2597/2750 train_time:5932.073s step_avg:2284.20ms
step:2598/2750 train_time:5934.351s step_avg:2284.20ms
step:2599/2750 train_time:5936.632s step_avg:2284.20ms
step:2600/2750 train_time:5938.916s step_avg:2284.20ms
step:2600/2750 val_loss:3.28066 train_time:5938.917s step_avg:2285.13ms
step:2601/2750 train_time:5941.210s step_avg:2284.20ms
step:2602/2750 train_time:5943.492s step_avg:2284.20ms
step:2603/2750 train_time:5945.776s step_avg:2284.20ms
step:2604/2750 train_time:5948.064s step_avg:2284.20ms
step:2605/2750 train_time:5950.344s step_avg:2284.20ms
step:2605/2750 val_loss:3.28036 train_time:5950.344s step_avg:2285.55ms
step:2606/2750 train_time:5952.636s step_avg:2284.20ms
step:2607/2750 train_time:5954.920s step_avg:2284.20ms
step:2608/2750 train_time:5957.205s step_avg:2284.20ms
step:2609/2750 train_time:5959.494s step_avg:2284.21ms
step:2610/2750 train_time:5961.779s step_avg:2284.21ms
step:2610/2750 val_loss:3.28007 train_time:5961.780s step_avg:2287.04ms
step:2611/2750 train_time:5964.072s step_avg:2284.21ms
step:2612/2750 train_time:5966.364s step_avg:2284.21ms
step:2613/2750 train_time:5968.652s step_avg:2284.21ms
step:2614/2750 train_time:5970.940s step_avg:2284.22ms
step:2615/2750 train_time:5973.228s step_avg:2284.22ms
step:2615/2750 val_loss:3.27976 train_time:5973.228s step_avg:2289.70ms
step:2616/2750 train_time:5975.523s step_avg:2284.22ms
step:2617/2750 train_time:5977.808s step_avg:2284.22ms
step:2618/2750 train_time:5980.096s step_avg:2284.22ms
step:2619/2750 train_time:5982.384s step_avg:2284.22ms
step:2620/2750 train_time:5984.668s step_avg:2284.22ms
step:2620/2750 val_loss:3.27944 train_time:5984.668s step_avg:2288.02ms
step:2621/2750 train_time:5986.960s step_avg:2284.23ms
step:2622/2750 train_time:5989.253s step_avg:2284.23ms
step:2623/2750 train_time:5991.532s step_avg:2284.23ms
step:2624/2750 train_time:5993.820s step_avg:2284.23ms
step:2625/2750 train_time:5996.110s step_avg:2284.23ms
step:2625/2750 val_loss:3.27913 train_time:5996.111s step_avg:2288.49ms
step:2626/2750 train_time:5998.394s step_avg:2284.23ms
step:2627/2750 train_time:6000.685s step_avg:2284.23ms
step:2628/2750 train_time:6002.975s step_avg:2284.24ms
step:2629/2750 train_time:6005.260s step_avg:2284.24ms
step:2630/2750 train_time:6007.550s step_avg:2284.24ms
step:2630/2750 val_loss:3.27880 train_time:6007.550s step_avg:2287.92ms
step:2631/2750 train_time:6009.845s step_avg:2284.24ms
step:2632/2750 train_time:6012.128s step_avg:2284.24ms
step:2633/2750 train_time:6014.416s step_avg:2284.24ms
step:2634/2750 train_time:6016.707s step_avg:2284.25ms
step:2635/2750 train_time:6018.990s step_avg:2284.25ms
step:2635/2750 val_loss:3.27850 train_time:6018.990s step_avg:2287.99ms
step:2636/2750 train_time:6021.281s step_avg:2284.25ms
step:2637/2750 train_time:6023.573s step_avg:2284.25ms
step:2638/2750 train_time:6025.856s step_avg:2284.25ms
step:2639/2750 train_time:6028.143s step_avg:2284.25ms
step:2640/2750 train_time:6030.432s step_avg:2284.25ms
step:2640/2750 val_loss:3.27819 train_time:6030.432s step_avg:2288.39ms
step:2641/2750 train_time:6032.724s step_avg:2284.26ms
step:2642/2750 train_time:6035.010s step_avg:2284.26ms
step:2643/2750 train_time:6037.300s step_avg:2284.26ms
step:2644/2750 train_time:6039.583s step_avg:2284.26ms
step:2645/2750 train_time:6041.869s step_avg:2284.26ms
step:2645/2750 val_loss:3.27787 train_time:6041.869s step_avg:2287.41ms
target_reached step:2645 val_loss:3.27787
step:2646/2750 train_time:6044.168s step_avg:2284.27ms
step:2647/2750 train_time:6046.457s step_avg:2284.27ms
step:2648/2750 train_time:6048.743s step_avg:2284.27ms
step:2649/2750 train_time:6051.030s step_avg:2284.27ms
step:2650/2750 train_time:6053.319s step_avg:2284.27ms
step:2650/2750 val_loss:3.27761 train_time:6053.319s step_avg:2290.01ms
target_reached step:2650 val_loss:3.27761
step:2651/2750 train_time:6055.616s step_avg:2284.28ms
step:2652/2750 train_time:6057.901s step_avg:2284.28ms
step:2653/2750 train_time:6060.186s step_avg:2284.28ms
step:2654/2750 train_time:6062.476s step_avg:2284.28ms
step:2655/2750 train_time:6064.760s step_avg:2284.28ms
step:2655/2750 val_loss:3.27730 train_time:6064.761s step_avg:2288.27ms
target_reached step:2655 val_loss:3.27730
step:2656/2750 train_time:6067.057s step_avg:2284.28ms
step:2657/2750 train_time:6069.349s step_avg:2284.29ms
step:2658/2750 train_time:6071.633s step_avg:2284.29ms
step:2659/2750 train_time:6073.924s step_avg:2284.29ms
step:2660/2750 train_time:6076.206s step_avg:2284.29ms
step:2660/2750 val_loss:3.27704 train_time:6076.206s step_avg:2289.12ms
target_reached step:2660 val_loss:3.27704
step:2661/2750 train_time:6078.510s step_avg:2284.30ms
step:2662/2750 train_time:6080.799s step_avg:2284.30ms
step:2663/2750 train_time:6083.087s step_avg:2284.30ms
step:2664/2750 train_time:6085.372s step_avg:2284.30ms
step:2665/2750 train_time:6087.663s step_avg:2284.30ms
step:2665/2750 val_loss:3.27672 train_time:6087.663s step_avg:2291.33ms
target_reached step:2665 val_loss:3.27672
step:2666/2750 train_time:6089.955s step_avg:2284.30ms
step:2667/2750 train_time:6092.237s step_avg:2284.30ms
step:2668/2750 train_time:6094.526s step_avg:2284.31ms
step:2669/2750 train_time:6096.815s step_avg:2284.31ms
step:2670/2750 train_time:6099.098s step_avg:2284.31ms
step:2670/2750 val_loss:3.27644 train_time:6099.098s step_avg:2287.06ms
target_reached step:2670 val_loss:3.27644
step:2671/2750 train_time:6101.393s step_avg:2284.31ms
step:2672/2750 train_time:6103.680s step_avg:2284.31ms
step:2673/2750 train_time:6105.967s step_avg:2284.31ms
step:2674/2750 train_time:6108.254s step_avg:2284.31ms
step:2675/2750 train_time:6110.540s step_avg:2284.31ms
step:2675/2750 val_loss:3.27616 train_time:6110.540s step_avg:2288.44ms
target_reached step:2675 val_loss:3.27616
step:2676/2750 train_time:6112.829s step_avg:2284.32ms
step:2677/2750 train_time:6115.116s step_avg:2284.32ms
step:2678/2750 train_time:6117.405s step_avg:2284.32ms
step:2679/2750 train_time:6119.689s step_avg:2284.32ms
step:2680/2750 train_time:6121.978s step_avg:2284.32ms
step:2680/2750 val_loss:3.27590 train_time:6121.978s step_avg:2287.62ms
target_reached step:2680 val_loss:3.27590
step:2681/2750 train_time:6124.273s step_avg:2284.32ms
step:2682/2750 train_time:6126.559s step_avg:2284.32ms
step:2683/2750 train_time:6128.846s step_avg:2284.33ms
step:2684/2750 train_time:6131.129s step_avg:2284.33ms
step:2685/2750 train_time:6133.414s step_avg:2284.33ms
step:2685/2750 val_loss:3.27562 train_time:6133.414s step_avg:2287.20ms
target_reached step:2685 val_loss:3.27562
step:2686/2750 train_time:6135.713s step_avg:2284.33ms
step:2687/2750 train_time:6138.000s step_avg:2284.33ms
step:2688/2750 train_time:6140.283s step_avg:2284.33ms
step:2689/2750 train_time:6142.571s step_avg:2284.33ms
step:2690/2750 train_time:6144.854s step_avg:2284.33ms
step:2690/2750 val_loss:3.27536 train_time:6144.854s step_avg:2287.95ms
target_reached step:2690 val_loss:3.27536
step:2691/2750 train_time:6147.145s step_avg:2284.33ms
step:2692/2750 train_time:6149.436s step_avg:2284.34ms
step:2693/2750 train_time:6151.722s step_avg:2284.34ms
step:2694/2750 train_time:6154.008s step_avg:2284.34ms
step:2695/2750 train_time:6156.298s step_avg:2284.34ms
step:2695/2750 val_loss:3.27512 train_time:6156.298s step_avg:2288.75ms
target_reached step:2695 val_loss:3.27512
step:2696/2750 train_time:6158.592s step_avg:2284.34ms
step:2697/2750 train_time:6160.878s step_avg:2284.34ms
step:2698/2750 train_time:6163.164s step_avg:2284.35ms
step:2699/2750 train_time:6165.451s step_avg:2284.35ms
step:2700/2750 train_time:6167.736s step_avg:2284.35ms
step:2700/2750 val_loss:3.27489 train_time:6167.736s step_avg:2287.67ms
target_reached step:2700 val_loss:3.27489
step:2701/2750 train_time:6170.023s step_avg:2284.35ms
step:2702/2750 train_time:6172.311s step_avg:2284.35ms
step:2703/2750 train_time:6174.597s step_avg:2284.35ms
step:2704/2750 train_time:6176.888s step_avg:2284.35ms
step:2705/2750 train_time:6179.180s step_avg:2284.35ms
step:2705/2750 val_loss:3.27461 train_time:6179.180s step_avg:2288.78ms
target_reached step:2705 val_loss:3.27461
step:2706/2750 train_time:6181.474s step_avg:2284.36ms
step:2707/2750 train_time:6183.760s step_avg:2284.36ms
step:2708/2750 train_time:6186.053s step_avg:2284.36ms
step:2709/2750 train_time:6188.341s step_avg:2284.36ms
step:2710/2750 train_time:6190.628s step_avg:2284.36ms
step:2710/2750 val_loss:3.27437 train_time:6190.628s step_avg:2289.58ms
target_reached step:2710 val_loss:3.27437
step:2711/2750 train_time:6192.917s step_avg:2284.37ms
step:2712/2750 train_time:6195.207s step_avg:2284.37ms
step:2713/2750 train_time:6197.498s step_avg:2284.37ms
step:2714/2750 train_time:6199.783s step_avg:2284.37ms
step:2715/2750 train_time:6202.071s step_avg:2284.37ms
step:2715/2750 val_loss:3.27414 train_time:6202.071s step_avg:2288.59ms
target_reached step:2715 val_loss:3.27414
step:2716/2750 train_time:6204.365s step_avg:2284.38ms
step:2717/2750 train_time:6206.651s step_avg:2284.38ms
step:2718/2750 train_time:6208.942s step_avg:2284.38ms
step:2719/2750 train_time:6211.224s step_avg:2284.38ms
step:2720/2750 train_time:6213.510s step_avg:2284.38ms
step:2720/2750 val_loss:3.27388 train_time:6213.510s step_avg:2287.90ms
target_reached step:2720 val_loss:3.27388
step:2721/2750 train_time:6215.805s step_avg:2284.38ms
step:2722/2750 train_time:6218.091s step_avg:2284.38ms
step:2723/2750 train_time:6220.376s step_avg:2284.38ms
step:2724/2750 train_time:6222.665s step_avg:2284.39ms
step:2725/2750 train_time:6224.950s step_avg:2284.39ms
step:2725/2750 val_loss:3.27368 train_time:6224.950s step_avg:2287.95ms
target_reached step:2725 val_loss:3.27368
step:2726/2750 train_time:6227.240s step_avg:2284.39ms
step:2727/2750 train_time:6229.527s step_avg:2284.39ms
step:2728/2750 train_time:6231.814s step_avg:2284.39ms
step:2729/2750 train_time:6234.101s step_avg:2284.39ms
step:2730/2750 train_time:6236.390s step_avg:2284.39ms
step:2730/2750 val_loss:3.27347 train_time:6236.390s step_avg:2287.98ms
target_reached step:2730 val_loss:3.27347
step:2731/2750 train_time:6238.689s step_avg:2284.40ms
step:2732/2750 train_time:6240.974s step_avg:2284.40ms
step:2733/2750 train_time:6243.260s step_avg:2284.40ms
step:2734/2750 train_time:6245.553s step_avg:2284.40ms
step:2735/2750 train_time:6247.837s step_avg:2284.40ms
step:2735/2750 val_loss:3.27324 train_time:6247.837s step_avg:2289.36ms
target_reached step:2735 val_loss:3.27324
step:2736/2750 train_time:6250.134s step_avg:2284.41ms
step:2737/2750 train_time:6252.424s step_avg:2284.41ms
step:2738/2750 train_time:6254.711s step_avg:2284.41ms
step:2739/2750 train_time:6256.997s step_avg:2284.41ms
step:2740/2750 train_time:6259.286s step_avg:2284.41ms
step:2740/2750 val_loss:3.27306 train_time:6259.286s step_avg:2289.90ms
target_reached step:2740 val_loss:3.27306
step:2741/2750 train_time:6261.578s step_avg:2284.41ms
step:2742/2750 train_time:6263.861s step_avg:2284.41ms
step:2743/2750 train_time:6266.147s step_avg:2284.41ms
step:2744/2750 train_time:6268.433s step_avg:2284.41ms
step:2745/2750 train_time:6270.720s step_avg:2284.42ms
step:2745/2750 val_loss:3.27284 train_time:6270.720s step_avg:2286.78ms
target_reached step:2745 val_loss:3.27284
step:2746/2750 train_time:6273.016s step_avg:2284.42ms
step:2747/2750 train_time:6275.301s step_avg:2284.42ms
step:2748/2750 train_time:6277.586s step_avg:2284.42ms
step:2749/2750 train_time:6279.876s step_avg:2284.42ms
step:2750/2750 train_time:6282.163s step_avg:2284.42ms
step:2750/2750 val_loss:3.27265 train_time:6282.163s step_avg:2288.58ms
target_reached step:2750 val_loss:3.27265
fixed_step_complete max_step:2750 val_loss:3.27265
