logs/b95d9652-5abe-4e07-88c2-33949b6ac78b.txt
step:0/2750 val_loss:10.82583 train_time:0.000s step_avg:nanms
step:1/2750 train_time:4.731s step_avg:4731.14ms
step:2/2750 train_time:6.902s step_avg:3451.22ms
step:3/2750 train_time:9.185s step_avg:3061.58ms
step:4/2750 train_time:11.481s step_avg:2870.17ms
step:5/2750 train_time:13.776s step_avg:2755.11ms
step:6/2750 train_time:16.070s step_avg:2678.36ms
step:7/2750 train_time:18.361s step_avg:2623.03ms
step:8/2750 train_time:20.658s step_avg:2582.30ms
step:9/2750 train_time:22.959s step_avg:2551.05ms
step:10/2750 train_time:25.256s step_avg:2525.60ms
step:11/2750 train_time:27.556s step_avg:2505.05ms
step:12/2750 train_time:29.859s step_avg:2488.23ms
step:13/2750 train_time:32.158s step_avg:2473.66ms
step:14/2750 train_time:34.451s step_avg:2460.81ms
step:15/2750 train_time:36.753s step_avg:2450.22ms
step:16/2750 train_time:39.047s step_avg:2440.44ms
step:17/2750 train_time:41.343s step_avg:2431.91ms
step:18/2750 train_time:43.639s step_avg:2424.41ms
step:19/2750 train_time:45.941s step_avg:2417.95ms
step:20/2750 train_time:48.239s step_avg:2411.96ms
step:21/2750 train_time:50.543s step_avg:2406.83ms
step:22/2750 train_time:52.840s step_avg:2401.82ms
step:23/2750 train_time:55.140s step_avg:2397.39ms
step:24/2750 train_time:57.443s step_avg:2393.44ms
step:25/2750 train_time:59.743s step_avg:2389.70ms
step:26/2750 train_time:62.041s step_avg:2386.18ms
step:27/2750 train_time:64.338s step_avg:2382.88ms
step:28/2750 train_time:66.638s step_avg:2379.93ms
step:29/2750 train_time:68.939s step_avg:2377.20ms
step:30/2750 train_time:71.238s step_avg:2374.61ms
step:31/2750 train_time:73.540s step_avg:2372.24ms
step:32/2750 train_time:75.839s step_avg:2369.95ms
step:33/2750 train_time:78.137s step_avg:2367.77ms
step:34/2750 train_time:80.437s step_avg:2365.78ms
step:35/2750 train_time:82.736s step_avg:2363.90ms
step:36/2750 train_time:85.038s step_avg:2362.18ms
step:37/2750 train_time:87.336s step_avg:2360.44ms
step:38/2750 train_time:89.638s step_avg:2358.90ms
step:39/2750 train_time:91.938s step_avg:2357.37ms
step:40/2750 train_time:94.231s step_avg:2355.77ms
step:41/2750 train_time:96.534s step_avg:2354.48ms
step:42/2750 train_time:98.830s step_avg:2353.10ms
step:43/2750 train_time:101.138s step_avg:2352.05ms
step:44/2750 train_time:103.438s step_avg:2350.87ms
step:45/2750 train_time:105.739s step_avg:2349.76ms
step:46/2750 train_time:108.037s step_avg:2348.63ms
step:47/2750 train_time:110.334s step_avg:2347.52ms
step:48/2750 train_time:112.639s step_avg:2346.64ms
step:49/2750 train_time:114.942s step_avg:2345.76ms
step:50/2750 train_time:117.241s step_avg:2344.81ms
step:51/2750 train_time:119.539s step_avg:2343.90ms
step:52/2750 train_time:121.841s step_avg:2343.09ms
step:53/2750 train_time:124.138s step_avg:2342.23ms
step:54/2750 train_time:126.429s step_avg:2341.27ms
step:55/2750 train_time:128.724s step_avg:2340.43ms
step:56/2750 train_time:131.021s step_avg:2339.66ms
step:57/2750 train_time:133.319s step_avg:2338.94ms
step:58/2750 train_time:135.621s step_avg:2338.29ms
step:59/2750 train_time:137.918s step_avg:2337.59ms
step:60/2750 train_time:140.220s step_avg:2337.00ms
step:61/2750 train_time:142.518s step_avg:2336.36ms
step:62/2750 train_time:144.819s step_avg:2335.79ms
step:63/2750 train_time:147.122s step_avg:2335.27ms
step:64/2750 train_time:149.421s step_avg:2334.70ms
step:65/2750 train_time:151.720s step_avg:2334.16ms
step:66/2750 train_time:154.016s step_avg:2333.58ms
step:67/2750 train_time:156.318s step_avg:2333.10ms
step:68/2750 train_time:158.619s step_avg:2332.63ms
step:69/2750 train_time:160.916s step_avg:2332.11ms
step:70/2750 train_time:163.216s step_avg:2331.65ms
step:71/2750 train_time:165.516s step_avg:2331.22ms
step:72/2750 train_time:167.813s step_avg:2330.73ms
step:73/2750 train_time:170.104s step_avg:2330.19ms
step:74/2750 train_time:172.404s step_avg:2329.78ms
step:75/2750 train_time:174.700s step_avg:2329.34ms
step:76/2750 train_time:177.002s step_avg:2328.97ms
step:77/2750 train_time:179.300s step_avg:2328.57ms
step:78/2750 train_time:181.594s step_avg:2328.13ms
step:79/2750 train_time:183.891s step_avg:2327.73ms
step:80/2750 train_time:186.185s step_avg:2327.32ms
step:81/2750 train_time:188.484s step_avg:2326.96ms
step:82/2750 train_time:190.782s step_avg:2326.60ms
step:83/2750 train_time:193.079s step_avg:2326.25ms
step:84/2750 train_time:195.379s step_avg:2325.94ms
step:85/2750 train_time:197.678s step_avg:2325.63ms
step:86/2750 train_time:199.987s step_avg:2325.43ms
step:87/2750 train_time:202.281s step_avg:2325.07ms
step:88/2750 train_time:204.581s step_avg:2324.78ms
step:89/2750 train_time:206.876s step_avg:2324.45ms
step:90/2750 train_time:209.164s step_avg:2324.04ms
step:91/2750 train_time:211.463s step_avg:2323.77ms
step:92/2750 train_time:213.759s step_avg:2323.46ms
step:93/2750 train_time:216.057s step_avg:2323.20ms
step:94/2750 train_time:218.356s step_avg:2322.93ms
step:95/2750 train_time:220.647s step_avg:2322.60ms
step:96/2750 train_time:222.941s step_avg:2322.30ms
step:97/2750 train_time:225.242s step_avg:2322.08ms
step:98/2750 train_time:227.539s step_avg:2321.83ms
step:99/2750 train_time:229.836s step_avg:2321.58ms
step:100/2750 train_time:232.125s step_avg:2321.25ms
step:101/2750 train_time:234.419s step_avg:2320.98ms
step:102/2750 train_time:236.718s step_avg:2320.77ms
step:103/2750 train_time:239.015s step_avg:2320.53ms
step:104/2750 train_time:241.305s step_avg:2320.24ms
step:105/2750 train_time:243.601s step_avg:2320.01ms
step:106/2750 train_time:245.899s step_avg:2319.80ms
step:107/2750 train_time:248.197s step_avg:2319.60ms
step:108/2750 train_time:250.494s step_avg:2319.39ms
step:109/2750 train_time:252.787s step_avg:2319.15ms
step:110/2750 train_time:255.081s step_avg:2318.92ms
step:111/2750 train_time:257.380s step_avg:2318.74ms
step:112/2750 train_time:259.677s step_avg:2318.55ms
step:113/2750 train_time:261.973s step_avg:2318.34ms
step:114/2750 train_time:264.264s step_avg:2318.11ms
step:115/2750 train_time:266.557s step_avg:2317.89ms
step:116/2750 train_time:268.858s step_avg:2317.74ms
step:117/2750 train_time:271.157s step_avg:2317.58ms
step:118/2750 train_time:273.454s step_avg:2317.41ms
step:119/2750 train_time:275.747s step_avg:2317.20ms
step:120/2750 train_time:278.041s step_avg:2317.01ms
step:121/2750 train_time:280.336s step_avg:2316.82ms
step:122/2750 train_time:282.638s step_avg:2316.70ms
step:123/2750 train_time:284.935s step_avg:2316.54ms
step:124/2750 train_time:287.224s step_avg:2316.33ms
step:125/2750 train_time:289.529s step_avg:2316.23ms
step:125/2750 val_loss:4.45087 train_time:289.529s step_avg:2316.23ms
step:126/2750 train_time:291.825s step_avg:2316.07ms
step:127/2750 train_time:294.119s step_avg:2315.90ms
step:128/2750 train_time:296.416s step_avg:2315.75ms
step:129/2750 train_time:298.706s step_avg:2315.55ms
step:130/2750 train_time:301.002s step_avg:2315.40ms
step:131/2750 train_time:303.299s step_avg:2315.26ms
step:132/2750 train_time:305.599s step_avg:2315.14ms
step:133/2750 train_time:307.899s step_avg:2315.03ms
step:134/2750 train_time:310.193s step_avg:2314.88ms
step:135/2750 train_time:312.486s step_avg:2314.71ms
step:136/2750 train_time:314.781s step_avg:2314.57ms
step:137/2750 train_time:317.076s step_avg:2314.42ms
step:138/2750 train_time:319.372s step_avg:2314.29ms
step:139/2750 train_time:321.663s step_avg:2314.13ms
step:140/2750 train_time:323.960s step_avg:2314.00ms
step:141/2750 train_time:326.256s step_avg:2313.87ms
step:142/2750 train_time:328.555s step_avg:2313.77ms
step:143/2750 train_time:330.844s step_avg:2313.60ms
step:144/2750 train_time:333.137s step_avg:2313.45ms
step:145/2750 train_time:335.428s step_avg:2313.29ms
step:146/2750 train_time:337.722s step_avg:2313.17ms
step:147/2750 train_time:340.016s step_avg:2313.04ms
step:148/2750 train_time:342.305s step_avg:2312.87ms
step:149/2750 train_time:344.597s step_avg:2312.73ms
step:150/2750 train_time:346.895s step_avg:2312.63ms
step:151/2750 train_time:349.187s step_avg:2312.50ms
step:152/2750 train_time:351.480s step_avg:2312.37ms
step:153/2750 train_time:353.774s step_avg:2312.25ms
step:154/2750 train_time:356.067s step_avg:2312.12ms
step:155/2750 train_time:358.361s step_avg:2312.00ms
step:156/2750 train_time:360.650s step_avg:2311.86ms
step:157/2750 train_time:362.937s step_avg:2311.70ms
step:158/2750 train_time:365.236s step_avg:2311.62ms
step:159/2750 train_time:367.531s step_avg:2311.51ms
step:160/2750 train_time:369.823s step_avg:2311.39ms
step:161/2750 train_time:372.116s step_avg:2311.28ms
step:162/2750 train_time:374.411s step_avg:2311.18ms
step:163/2750 train_time:376.702s step_avg:2311.06ms
step:164/2750 train_time:378.991s step_avg:2310.92ms
step:165/2750 train_time:381.278s step_avg:2310.78ms
step:166/2750 train_time:383.573s step_avg:2310.68ms
step:167/2750 train_time:385.859s step_avg:2310.53ms
step:168/2750 train_time:388.147s step_avg:2310.40ms
step:169/2750 train_time:390.440s step_avg:2310.30ms
step:170/2750 train_time:392.734s step_avg:2310.20ms
step:171/2750 train_time:395.023s step_avg:2310.07ms
step:172/2750 train_time:397.316s step_avg:2309.98ms
step:173/2750 train_time:399.613s step_avg:2309.90ms
step:174/2750 train_time:401.904s step_avg:2309.79ms
step:175/2750 train_time:404.192s step_avg:2309.67ms
step:176/2750 train_time:406.482s step_avg:2309.56ms
step:177/2750 train_time:408.774s step_avg:2309.46ms
step:178/2750 train_time:411.059s step_avg:2309.32ms
step:179/2750 train_time:413.345s step_avg:2309.19ms
step:180/2750 train_time:415.638s step_avg:2309.10ms
step:181/2750 train_time:417.931s step_avg:2309.01ms
step:182/2750 train_time:420.219s step_avg:2308.90ms
step:183/2750 train_time:422.506s step_avg:2308.77ms
step:184/2750 train_time:424.800s step_avg:2308.70ms
step:185/2750 train_time:427.089s step_avg:2308.59ms
step:186/2750 train_time:429.381s step_avg:2308.50ms
step:187/2750 train_time:431.676s step_avg:2308.43ms
step:188/2750 train_time:433.974s step_avg:2308.37ms
step:189/2750 train_time:436.262s step_avg:2308.26ms
step:190/2750 train_time:438.556s step_avg:2308.19ms
step:191/2750 train_time:440.875s step_avg:2308.25ms
step:192/2750 train_time:443.164s step_avg:2308.15ms
step:193/2750 train_time:445.457s step_avg:2308.07ms
step:194/2750 train_time:447.749s step_avg:2307.98ms
step:195/2750 train_time:450.040s step_avg:2307.90ms
step:196/2750 train_time:452.326s step_avg:2307.78ms
step:197/2750 train_time:454.615s step_avg:2307.69ms
step:198/2750 train_time:456.901s step_avg:2307.58ms
step:199/2750 train_time:459.192s step_avg:2307.50ms
step:200/2750 train_time:461.482s step_avg:2307.41ms
step:201/2750 train_time:463.763s step_avg:2307.28ms
step:202/2750 train_time:466.050s step_avg:2307.18ms
step:203/2750 train_time:468.344s step_avg:2307.12ms
step:204/2750 train_time:470.632s step_avg:2307.02ms
step:205/2750 train_time:472.920s step_avg:2306.93ms
step:206/2750 train_time:475.216s step_avg:2306.87ms
step:207/2750 train_time:477.514s step_avg:2306.83ms
step:208/2750 train_time:479.807s step_avg:2306.77ms
step:209/2750 train_time:482.107s step_avg:2306.73ms
step:210/2750 train_time:484.398s step_avg:2306.66ms
step:211/2750 train_time:486.692s step_avg:2306.60ms
step:212/2750 train_time:488.979s step_avg:2306.50ms
step:213/2750 train_time:491.264s step_avg:2306.40ms
step:214/2750 train_time:493.554s step_avg:2306.33ms
step:215/2750 train_time:495.848s step_avg:2306.27ms
step:216/2750 train_time:498.133s step_avg:2306.17ms
step:217/2750 train_time:500.422s step_avg:2306.09ms
step:218/2750 train_time:502.715s step_avg:2306.03ms
step:219/2750 train_time:505.002s step_avg:2305.95ms
step:220/2750 train_time:507.292s step_avg:2305.87ms
step:221/2750 train_time:509.580s step_avg:2305.79ms
step:222/2750 train_time:511.871s step_avg:2305.73ms
step:223/2750 train_time:514.161s step_avg:2305.65ms
step:224/2750 train_time:516.444s step_avg:2305.56ms
step:225/2750 train_time:518.740s step_avg:2305.51ms
step:226/2750 train_time:521.028s step_avg:2305.43ms
step:227/2750 train_time:523.319s step_avg:2305.37ms
step:228/2750 train_time:525.612s step_avg:2305.32ms
step:229/2750 train_time:527.904s step_avg:2305.26ms
step:230/2750 train_time:530.186s step_avg:2305.16ms
step:231/2750 train_time:532.474s step_avg:2305.08ms
step:232/2750 train_time:534.765s step_avg:2305.02ms
step:233/2750 train_time:537.048s step_avg:2304.93ms
step:234/2750 train_time:539.337s step_avg:2304.86ms
step:235/2750 train_time:541.630s step_avg:2304.81ms
step:236/2750 train_time:543.918s step_avg:2304.74ms
step:237/2750 train_time:546.207s step_avg:2304.67ms
step:238/2750 train_time:548.492s step_avg:2304.59ms
step:239/2750 train_time:550.780s step_avg:2304.52ms
step:240/2750 train_time:553.065s step_avg:2304.44ms
step:241/2750 train_time:555.358s step_avg:2304.39ms
step:242/2750 train_time:557.645s step_avg:2304.32ms
step:243/2750 train_time:559.938s step_avg:2304.27ms
step:244/2750 train_time:562.224s step_avg:2304.20ms
step:245/2750 train_time:564.515s step_avg:2304.14ms
step:246/2750 train_time:566.801s step_avg:2304.07ms
step:247/2750 train_time:569.089s step_avg:2304.00ms
step:248/2750 train_time:571.381s step_avg:2303.96ms
step:249/2750 train_time:573.666s step_avg:2303.88ms
step:250/2750 train_time:575.954s step_avg:2303.82ms
step:250/2750 val_loss:4.08109 train_time:575.955s step_avg:2291.40ms
step:251/2750 train_time:578.250s step_avg:2303.78ms
step:252/2750 train_time:580.543s step_avg:2303.74ms
step:253/2750 train_time:582.832s step_avg:2303.68ms
step:254/2750 train_time:585.121s step_avg:2303.63ms
step:255/2750 train_time:587.407s step_avg:2303.56ms
step:256/2750 train_time:589.694s step_avg:2303.49ms
step:257/2750 train_time:591.984s step_avg:2303.44ms
step:258/2750 train_time:594.271s step_avg:2303.38ms
step:259/2750 train_time:596.559s step_avg:2303.32ms
step:260/2750 train_time:598.846s step_avg:2303.26ms
step:261/2750 train_time:601.129s step_avg:2303.18ms
step:262/2750 train_time:603.415s step_avg:2303.11ms
step:263/2750 train_time:605.707s step_avg:2303.07ms
step:264/2750 train_time:607.996s step_avg:2303.01ms
step:265/2750 train_time:610.288s step_avg:2302.98ms
step:266/2750 train_time:612.575s step_avg:2302.91ms
step:267/2750 train_time:614.864s step_avg:2302.86ms
step:268/2750 train_time:617.147s step_avg:2302.79ms
step:269/2750 train_time:619.435s step_avg:2302.73ms
step:270/2750 train_time:621.725s step_avg:2302.68ms
step:271/2750 train_time:624.003s step_avg:2302.60ms
step:272/2750 train_time:626.298s step_avg:2302.57ms
step:273/2750 train_time:628.588s step_avg:2302.52ms
step:274/2750 train_time:630.872s step_avg:2302.45ms
step:275/2750 train_time:633.158s step_avg:2302.39ms
step:276/2750 train_time:635.449s step_avg:2302.35ms
step:277/2750 train_time:637.734s step_avg:2302.29ms
step:278/2750 train_time:640.022s step_avg:2302.24ms
step:279/2750 train_time:642.314s step_avg:2302.20ms
step:280/2750 train_time:644.597s step_avg:2302.13ms
step:281/2750 train_time:646.886s step_avg:2302.08ms
step:282/2750 train_time:649.176s step_avg:2302.04ms
step:283/2750 train_time:651.461s step_avg:2301.98ms
step:284/2750 train_time:653.748s step_avg:2301.93ms
step:285/2750 train_time:656.036s step_avg:2301.88ms
step:286/2750 train_time:658.322s step_avg:2301.83ms
step:287/2750 train_time:660.607s step_avg:2301.77ms
step:288/2750 train_time:662.896s step_avg:2301.72ms
step:289/2750 train_time:665.181s step_avg:2301.66ms
step:290/2750 train_time:667.468s step_avg:2301.62ms
step:291/2750 train_time:669.755s step_avg:2301.56ms
step:292/2750 train_time:672.041s step_avg:2301.51ms
step:293/2750 train_time:674.328s step_avg:2301.46ms
step:294/2750 train_time:676.614s step_avg:2301.41ms
step:295/2750 train_time:678.898s step_avg:2301.35ms
step:296/2750 train_time:681.190s step_avg:2301.32ms
step:297/2750 train_time:683.480s step_avg:2301.28ms
step:298/2750 train_time:685.765s step_avg:2301.23ms
step:299/2750 train_time:688.048s step_avg:2301.17ms
step:300/2750 train_time:690.340s step_avg:2301.13ms
step:301/2750 train_time:692.631s step_avg:2301.10ms
step:302/2750 train_time:694.931s step_avg:2301.10ms
step:303/2750 train_time:697.218s step_avg:2301.05ms
step:304/2750 train_time:699.506s step_avg:2301.01ms
step:305/2750 train_time:701.793s step_avg:2300.96ms
step:306/2750 train_time:704.083s step_avg:2300.92ms
step:307/2750 train_time:706.370s step_avg:2300.88ms
step:308/2750 train_time:708.656s step_avg:2300.83ms
step:309/2750 train_time:710.944s step_avg:2300.79ms
step:310/2750 train_time:713.237s step_avg:2300.76ms
step:311/2750 train_time:715.527s step_avg:2300.73ms
step:312/2750 train_time:717.812s step_avg:2300.68ms
step:313/2750 train_time:720.099s step_avg:2300.64ms
step:314/2750 train_time:722.390s step_avg:2300.61ms
step:315/2750 train_time:724.672s step_avg:2300.55ms
step:316/2750 train_time:726.959s step_avg:2300.50ms
step:317/2750 train_time:729.250s step_avg:2300.47ms
step:318/2750 train_time:731.533s step_avg:2300.42ms
step:319/2750 train_time:733.820s step_avg:2300.38ms
step:320/2750 train_time:736.111s step_avg:2300.35ms
step:321/2750 train_time:738.394s step_avg:2300.29ms
step:322/2750 train_time:740.683s step_avg:2300.26ms
step:323/2750 train_time:742.984s step_avg:2300.26ms
step:324/2750 train_time:745.277s step_avg:2300.24ms
step:325/2750 train_time:747.567s step_avg:2300.20ms
step:326/2750 train_time:749.856s step_avg:2300.17ms
step:327/2750 train_time:752.148s step_avg:2300.15ms
step:328/2750 train_time:754.435s step_avg:2300.11ms
step:329/2750 train_time:756.723s step_avg:2300.07ms
step:330/2750 train_time:759.015s step_avg:2300.05ms
step:331/2750 train_time:761.306s step_avg:2300.02ms
step:332/2750 train_time:763.591s step_avg:2299.97ms
step:333/2750 train_time:765.878s step_avg:2299.93ms
step:334/2750 train_time:768.170s step_avg:2299.91ms
step:335/2750 train_time:770.452s step_avg:2299.86ms
step:336/2750 train_time:772.740s step_avg:2299.82ms
step:337/2750 train_time:775.030s step_avg:2299.79ms
step:338/2750 train_time:777.314s step_avg:2299.75ms
step:339/2750 train_time:779.601s step_avg:2299.71ms
step:340/2750 train_time:781.889s step_avg:2299.67ms
step:341/2750 train_time:784.169s step_avg:2299.62ms
step:342/2750 train_time:786.458s step_avg:2299.58ms
step:343/2750 train_time:788.749s step_avg:2299.56ms
step:344/2750 train_time:791.033s step_avg:2299.51ms
step:345/2750 train_time:793.318s step_avg:2299.47ms
step:346/2750 train_time:795.606s step_avg:2299.44ms
step:347/2750 train_time:797.891s step_avg:2299.40ms
step:348/2750 train_time:800.177s step_avg:2299.36ms
step:349/2750 train_time:802.470s step_avg:2299.34ms
step:350/2750 train_time:804.754s step_avg:2299.30ms
step:351/2750 train_time:807.041s step_avg:2299.26ms
step:352/2750 train_time:809.331s step_avg:2299.24ms
step:353/2750 train_time:811.612s step_avg:2299.18ms
step:354/2750 train_time:813.898s step_avg:2299.15ms
step:355/2750 train_time:816.188s step_avg:2299.12ms
step:356/2750 train_time:818.470s step_avg:2299.07ms
step:357/2750 train_time:820.757s step_avg:2299.04ms
step:358/2750 train_time:823.047s step_avg:2299.01ms
step:359/2750 train_time:825.329s step_avg:2298.97ms
step:360/2750 train_time:827.615s step_avg:2298.93ms
step:361/2750 train_time:829.900s step_avg:2298.89ms
step:362/2750 train_time:832.187s step_avg:2298.86ms
step:363/2750 train_time:834.478s step_avg:2298.84ms
step:364/2750 train_time:836.768s step_avg:2298.81ms
step:365/2750 train_time:839.049s step_avg:2298.77ms
step:366/2750 train_time:841.338s step_avg:2298.74ms
step:367/2750 train_time:843.630s step_avg:2298.72ms
step:368/2750 train_time:845.915s step_avg:2298.68ms
step:369/2750 train_time:848.201s step_avg:2298.65ms
step:370/2750 train_time:850.488s step_avg:2298.62ms
step:371/2750 train_time:852.771s step_avg:2298.57ms
step:372/2750 train_time:855.057s step_avg:2298.54ms
step:373/2750 train_time:857.342s step_avg:2298.50ms
step:374/2750 train_time:859.631s step_avg:2298.48ms
step:375/2750 train_time:861.919s step_avg:2298.45ms
step:375/2750 val_loss:3.93571 train_time:861.920s step_avg:2287.72ms
step:376/2750 train_time:864.216s step_avg:2298.45ms
step:377/2750 train_time:866.500s step_avg:2298.41ms
step:378/2750 train_time:868.789s step_avg:2298.38ms
step:379/2750 train_time:871.075s step_avg:2298.35ms
step:380/2750 train_time:873.363s step_avg:2298.32ms
step:381/2750 train_time:875.668s step_avg:2298.34ms
step:382/2750 train_time:877.959s step_avg:2298.32ms
step:383/2750 train_time:880.243s step_avg:2298.28ms
step:384/2750 train_time:882.531s step_avg:2298.26ms
step:385/2750 train_time:884.822s step_avg:2298.24ms
step:386/2750 train_time:887.106s step_avg:2298.20ms
step:387/2750 train_time:889.395s step_avg:2298.18ms
step:388/2750 train_time:891.689s step_avg:2298.17ms
step:389/2750 train_time:893.980s step_avg:2298.15ms
step:390/2750 train_time:896.266s step_avg:2298.12ms
step:391/2750 train_time:898.551s step_avg:2298.09ms
step:392/2750 train_time:900.839s step_avg:2298.06ms
step:393/2750 train_time:903.128s step_avg:2298.04ms
step:394/2750 train_time:905.417s step_avg:2298.01ms
step:395/2750 train_time:907.699s step_avg:2297.97ms
step:396/2750 train_time:909.983s step_avg:2297.94ms
step:397/2750 train_time:912.268s step_avg:2297.90ms
step:398/2750 train_time:914.550s step_avg:2297.87ms
step:399/2750 train_time:916.838s step_avg:2297.84ms
step:400/2750 train_time:919.126s step_avg:2297.82ms
step:401/2750 train_time:921.412s step_avg:2297.78ms
step:402/2750 train_time:923.701s step_avg:2297.76ms
step:403/2750 train_time:925.986s step_avg:2297.73ms
step:404/2750 train_time:928.271s step_avg:2297.70ms
step:405/2750 train_time:930.556s step_avg:2297.67ms
step:406/2750 train_time:932.845s step_avg:2297.65ms
step:407/2750 train_time:935.126s step_avg:2297.61ms
step:408/2750 train_time:937.422s step_avg:2297.60ms
step:409/2750 train_time:939.710s step_avg:2297.58ms
step:410/2750 train_time:941.990s step_avg:2297.54ms
step:411/2750 train_time:944.277s step_avg:2297.51ms
step:412/2750 train_time:946.569s step_avg:2297.50ms
step:413/2750 train_time:948.850s step_avg:2297.46ms
step:414/2750 train_time:951.137s step_avg:2297.43ms
step:415/2750 train_time:953.429s step_avg:2297.42ms
step:416/2750 train_time:955.724s step_avg:2297.41ms
step:417/2750 train_time:958.008s step_avg:2297.38ms
step:418/2750 train_time:960.293s step_avg:2297.35ms
step:419/2750 train_time:962.577s step_avg:2297.32ms
step:420/2750 train_time:964.863s step_avg:2297.29ms
step:421/2750 train_time:967.150s step_avg:2297.27ms
step:422/2750 train_time:969.436s step_avg:2297.24ms
step:423/2750 train_time:971.721s step_avg:2297.21ms
step:424/2750 train_time:974.009s step_avg:2297.19ms
step:425/2750 train_time:976.291s step_avg:2297.16ms
step:426/2750 train_time:978.581s step_avg:2297.14ms
step:427/2750 train_time:980.869s step_avg:2297.12ms
step:428/2750 train_time:983.153s step_avg:2297.09ms
step:429/2750 train_time:985.439s step_avg:2297.06ms
step:430/2750 train_time:987.727s step_avg:2297.04ms
step:431/2750 train_time:990.009s step_avg:2297.00ms
step:432/2750 train_time:992.292s step_avg:2296.97ms
step:433/2750 train_time:994.583s step_avg:2296.96ms
step:434/2750 train_time:996.862s step_avg:2296.92ms
step:435/2750 train_time:999.150s step_avg:2296.90ms
step:436/2750 train_time:1001.438s step_avg:2296.88ms
step:437/2750 train_time:1003.724s step_avg:2296.85ms
step:438/2750 train_time:1006.010s step_avg:2296.83ms
step:439/2750 train_time:1008.300s step_avg:2296.81ms
step:440/2750 train_time:1010.582s step_avg:2296.78ms
step:441/2750 train_time:1012.870s step_avg:2296.76ms
step:442/2750 train_time:1015.159s step_avg:2296.74ms
step:443/2750 train_time:1017.443s step_avg:2296.71ms
step:444/2750 train_time:1019.727s step_avg:2296.68ms
step:445/2750 train_time:1022.015s step_avg:2296.66ms
step:446/2750 train_time:1024.301s step_avg:2296.64ms
step:447/2750 train_time:1026.587s step_avg:2296.62ms
step:448/2750 train_time:1028.874s step_avg:2296.59ms
step:449/2750 train_time:1031.158s step_avg:2296.57ms
step:450/2750 train_time:1033.446s step_avg:2296.55ms
step:451/2750 train_time:1035.731s step_avg:2296.52ms
step:452/2750 train_time:1038.019s step_avg:2296.50ms
step:453/2750 train_time:1040.306s step_avg:2296.48ms
step:454/2750 train_time:1042.591s step_avg:2296.46ms
step:455/2750 train_time:1044.878s step_avg:2296.44ms
step:456/2750 train_time:1047.172s step_avg:2296.43ms
step:457/2750 train_time:1049.464s step_avg:2296.42ms
step:458/2750 train_time:1051.748s step_avg:2296.39ms
step:459/2750 train_time:1054.034s step_avg:2296.37ms
step:460/2750 train_time:1056.324s step_avg:2296.36ms
step:461/2750 train_time:1058.605s step_avg:2296.32ms
step:462/2750 train_time:1060.894s step_avg:2296.31ms
step:463/2750 train_time:1063.182s step_avg:2296.29ms
step:464/2750 train_time:1065.464s step_avg:2296.26ms
step:465/2750 train_time:1067.755s step_avg:2296.25ms
step:466/2750 train_time:1070.047s step_avg:2296.24ms
step:467/2750 train_time:1072.330s step_avg:2296.21ms
step:468/2750 train_time:1074.618s step_avg:2296.19ms
step:469/2750 train_time:1076.907s step_avg:2296.18ms
step:470/2750 train_time:1079.188s step_avg:2296.15ms
step:471/2750 train_time:1081.475s step_avg:2296.13ms
step:472/2750 train_time:1083.765s step_avg:2296.11ms
step:473/2750 train_time:1086.044s step_avg:2296.08ms
step:474/2750 train_time:1088.331s step_avg:2296.06ms
step:475/2750 train_time:1090.621s step_avg:2296.04ms
step:476/2750 train_time:1092.904s step_avg:2296.02ms
step:477/2750 train_time:1095.192s step_avg:2296.00ms
step:478/2750 train_time:1097.491s step_avg:2296.01ms
step:479/2750 train_time:1099.775s step_avg:2295.98ms
step:480/2750 train_time:1102.059s step_avg:2295.96ms
step:481/2750 train_time:1104.352s step_avg:2295.95ms
step:482/2750 train_time:1106.635s step_avg:2295.92ms
step:483/2750 train_time:1108.918s step_avg:2295.90ms
step:484/2750 train_time:1111.209s step_avg:2295.89ms
step:485/2750 train_time:1113.493s step_avg:2295.86ms
step:486/2750 train_time:1115.780s step_avg:2295.84ms
step:487/2750 train_time:1118.068s step_avg:2295.83ms
step:488/2750 train_time:1120.354s step_avg:2295.81ms
step:489/2750 train_time:1122.638s step_avg:2295.78ms
step:490/2750 train_time:1124.927s step_avg:2295.77ms
step:491/2750 train_time:1127.209s step_avg:2295.74ms
step:492/2750 train_time:1129.498s step_avg:2295.73ms
step:493/2750 train_time:1131.791s step_avg:2295.72ms
step:494/2750 train_time:1134.080s step_avg:2295.71ms
step:495/2750 train_time:1136.367s step_avg:2295.69ms
step:496/2750 train_time:1138.652s step_avg:2295.67ms
step:497/2750 train_time:1140.939s step_avg:2295.65ms
step:498/2750 train_time:1143.226s step_avg:2295.63ms
step:499/2750 train_time:1145.512s step_avg:2295.61ms
step:500/2750 train_time:1147.798s step_avg:2295.60ms
step:500/2750 val_loss:3.81100 train_time:1147.798s step_avg:2287.03ms
step:501/2750 train_time:1150.093s step_avg:2295.59ms
step:502/2750 train_time:1152.381s step_avg:2295.58ms
step:503/2750 train_time:1154.667s step_avg:2295.56ms
step:504/2750 train_time:1156.954s step_avg:2295.54ms
step:505/2750 train_time:1159.246s step_avg:2295.54ms
step:506/2750 train_time:1161.530s step_avg:2295.51ms
step:507/2750 train_time:1163.818s step_avg:2295.50ms
step:508/2750 train_time:1166.110s step_avg:2295.49ms
step:509/2750 train_time:1168.394s step_avg:2295.47ms
step:510/2750 train_time:1170.683s step_avg:2295.46ms
step:511/2750 train_time:1172.977s step_avg:2295.45ms
step:512/2750 train_time:1175.261s step_avg:2295.43ms
step:513/2750 train_time:1177.547s step_avg:2295.41ms
step:514/2750 train_time:1179.837s step_avg:2295.40ms
step:515/2750 train_time:1182.133s step_avg:2295.40ms
step:516/2750 train_time:1184.423s step_avg:2295.39ms
step:517/2750 train_time:1186.709s step_avg:2295.38ms
step:518/2750 train_time:1188.997s step_avg:2295.36ms
step:519/2750 train_time:1191.286s step_avg:2295.35ms
step:520/2750 train_time:1193.569s step_avg:2295.33ms
step:521/2750 train_time:1195.856s step_avg:2295.31ms
step:522/2750 train_time:1198.145s step_avg:2295.30ms
step:523/2750 train_time:1200.431s step_avg:2295.28ms
step:524/2750 train_time:1202.720s step_avg:2295.27ms
step:525/2750 train_time:1205.008s step_avg:2295.25ms
step:526/2750 train_time:1207.292s step_avg:2295.23ms
step:527/2750 train_time:1209.582s step_avg:2295.22ms
step:528/2750 train_time:1211.869s step_avg:2295.21ms
step:529/2750 train_time:1214.150s step_avg:2295.18ms
step:530/2750 train_time:1216.438s step_avg:2295.17ms
step:531/2750 train_time:1218.724s step_avg:2295.15ms
step:532/2750 train_time:1221.009s step_avg:2295.13ms
step:533/2750 train_time:1223.296s step_avg:2295.11ms
step:534/2750 train_time:1225.586s step_avg:2295.11ms
step:535/2750 train_time:1227.870s step_avg:2295.08ms
step:536/2750 train_time:1230.156s step_avg:2295.07ms
step:537/2750 train_time:1232.445s step_avg:2295.06ms
step:538/2750 train_time:1234.729s step_avg:2295.04ms
step:539/2750 train_time:1237.019s step_avg:2295.03ms
step:540/2750 train_time:1239.308s step_avg:2295.01ms
step:541/2750 train_time:1241.592s step_avg:2294.99ms
step:542/2750 train_time:1243.882s step_avg:2294.99ms
step:543/2750 train_time:1246.168s step_avg:2294.97ms
step:544/2750 train_time:1248.454s step_avg:2294.95ms
step:545/2750 train_time:1250.742s step_avg:2294.94ms
step:546/2750 train_time:1253.029s step_avg:2294.93ms
step:547/2750 train_time:1255.314s step_avg:2294.91ms
step:548/2750 train_time:1257.604s step_avg:2294.90ms
step:549/2750 train_time:1259.888s step_avg:2294.88ms
step:550/2750 train_time:1262.174s step_avg:2294.86ms
step:551/2750 train_time:1264.461s step_avg:2294.85ms
step:552/2750 train_time:1266.748s step_avg:2294.83ms
step:553/2750 train_time:1269.032s step_avg:2294.81ms
step:554/2750 train_time:1271.321s step_avg:2294.80ms
step:555/2750 train_time:1273.610s step_avg:2294.79ms
step:556/2750 train_time:1275.897s step_avg:2294.78ms
step:557/2750 train_time:1278.188s step_avg:2294.77ms
step:558/2750 train_time:1280.468s step_avg:2294.75ms
step:559/2750 train_time:1282.750s step_avg:2294.72ms
step:560/2750 train_time:1285.036s step_avg:2294.71ms
step:561/2750 train_time:1287.324s step_avg:2294.70ms
step:562/2750 train_time:1289.610s step_avg:2294.68ms
step:563/2750 train_time:1291.896s step_avg:2294.66ms
step:564/2750 train_time:1294.183s step_avg:2294.65ms
step:565/2750 train_time:1296.470s step_avg:2294.64ms
step:566/2750 train_time:1298.754s step_avg:2294.62ms
step:567/2750 train_time:1301.041s step_avg:2294.60ms
step:568/2750 train_time:1303.336s step_avg:2294.61ms
step:569/2750 train_time:1305.626s step_avg:2294.60ms
step:570/2750 train_time:1307.910s step_avg:2294.58ms
step:571/2750 train_time:1310.212s step_avg:2294.59ms
step:572/2750 train_time:1312.501s step_avg:2294.58ms
step:573/2750 train_time:1314.787s step_avg:2294.57ms
step:574/2750 train_time:1317.070s step_avg:2294.55ms
step:575/2750 train_time:1319.358s step_avg:2294.54ms
step:576/2750 train_time:1321.650s step_avg:2294.53ms
step:577/2750 train_time:1323.928s step_avg:2294.50ms
step:578/2750 train_time:1326.216s step_avg:2294.49ms
step:579/2750 train_time:1328.505s step_avg:2294.48ms
step:580/2750 train_time:1330.792s step_avg:2294.47ms
step:581/2750 train_time:1333.077s step_avg:2294.45ms
step:582/2750 train_time:1335.364s step_avg:2294.44ms
step:583/2750 train_time:1337.646s step_avg:2294.42ms
step:584/2750 train_time:1339.933s step_avg:2294.41ms
step:585/2750 train_time:1342.217s step_avg:2294.39ms
step:586/2750 train_time:1344.505s step_avg:2294.38ms
step:587/2750 train_time:1346.796s step_avg:2294.37ms
step:588/2750 train_time:1349.088s step_avg:2294.37ms
step:589/2750 train_time:1351.370s step_avg:2294.35ms
step:590/2750 train_time:1353.661s step_avg:2294.34ms
step:591/2750 train_time:1355.947s step_avg:2294.33ms
step:592/2750 train_time:1358.230s step_avg:2294.31ms
step:593/2750 train_time:1360.522s step_avg:2294.30ms
step:594/2750 train_time:1362.811s step_avg:2294.29ms
step:595/2750 train_time:1365.090s step_avg:2294.27ms
step:596/2750 train_time:1367.378s step_avg:2294.26ms
step:597/2750 train_time:1369.669s step_avg:2294.25ms
step:598/2750 train_time:1371.952s step_avg:2294.23ms
step:599/2750 train_time:1374.237s step_avg:2294.22ms
step:600/2750 train_time:1376.528s step_avg:2294.21ms
step:601/2750 train_time:1378.812s step_avg:2294.20ms
step:602/2750 train_time:1381.100s step_avg:2294.19ms
step:603/2750 train_time:1383.390s step_avg:2294.18ms
step:604/2750 train_time:1385.673s step_avg:2294.16ms
step:605/2750 train_time:1387.957s step_avg:2294.14ms
step:606/2750 train_time:1390.250s step_avg:2294.14ms
step:607/2750 train_time:1392.534s step_avg:2294.12ms
step:608/2750 train_time:1394.819s step_avg:2294.11ms
step:609/2750 train_time:1397.108s step_avg:2294.10ms
step:610/2750 train_time:1399.389s step_avg:2294.08ms
step:611/2750 train_time:1401.678s step_avg:2294.07ms
step:612/2750 train_time:1403.966s step_avg:2294.06ms
step:613/2750 train_time:1406.248s step_avg:2294.04ms
step:614/2750 train_time:1408.540s step_avg:2294.04ms
step:615/2750 train_time:1410.830s step_avg:2294.03ms
step:616/2750 train_time:1413.112s step_avg:2294.01ms
step:617/2750 train_time:1415.397s step_avg:2294.00ms
step:618/2750 train_time:1417.687s step_avg:2293.99ms
step:619/2750 train_time:1419.974s step_avg:2293.98ms
step:620/2750 train_time:1422.258s step_avg:2293.97ms
step:621/2750 train_time:1424.549s step_avg:2293.96ms
step:622/2750 train_time:1426.834s step_avg:2293.94ms
step:623/2750 train_time:1429.118s step_avg:2293.93ms
step:624/2750 train_time:1431.407s step_avg:2293.92ms
step:625/2750 train_time:1433.691s step_avg:2293.91ms
step:625/2750 val_loss:3.73368 train_time:1433.691s step_avg:2287.15ms
step:626/2750 train_time:1435.986s step_avg:2293.91ms
step:627/2750 train_time:1438.273s step_avg:2293.90ms
step:628/2750 train_time:1440.559s step_avg:2293.88ms
step:629/2750 train_time:1442.852s step_avg:2293.88ms
step:630/2750 train_time:1445.136s step_avg:2293.87ms
step:631/2750 train_time:1447.420s step_avg:2293.85ms
step:632/2750 train_time:1449.710s step_avg:2293.84ms
step:633/2750 train_time:1451.997s step_avg:2293.83ms
step:634/2750 train_time:1454.287s step_avg:2293.83ms
step:635/2750 train_time:1456.577s step_avg:2293.82ms
step:636/2750 train_time:1458.865s step_avg:2293.81ms
step:637/2750 train_time:1461.148s step_avg:2293.80ms
step:638/2750 train_time:1463.438s step_avg:2293.79ms
step:639/2750 train_time:1465.727s step_avg:2293.78ms
step:640/2750 train_time:1468.010s step_avg:2293.77ms
step:641/2750 train_time:1470.300s step_avg:2293.76ms
step:642/2750 train_time:1472.589s step_avg:2293.75ms
step:643/2750 train_time:1474.872s step_avg:2293.74ms
step:644/2750 train_time:1477.159s step_avg:2293.72ms
step:645/2750 train_time:1479.449s step_avg:2293.72ms
step:646/2750 train_time:1481.731s step_avg:2293.70ms
step:647/2750 train_time:1484.019s step_avg:2293.69ms
step:648/2750 train_time:1486.312s step_avg:2293.69ms
step:649/2750 train_time:1488.593s step_avg:2293.67ms
step:650/2750 train_time:1490.879s step_avg:2293.66ms
step:651/2750 train_time:1493.171s step_avg:2293.66ms
step:652/2750 train_time:1495.453s step_avg:2293.64ms
step:653/2750 train_time:1497.741s step_avg:2293.63ms
step:654/2750 train_time:1500.033s step_avg:2293.63ms
step:655/2750 train_time:1502.313s step_avg:2293.61ms
step:656/2750 train_time:1504.602s step_avg:2293.60ms
step:657/2750 train_time:1506.890s step_avg:2293.59ms
step:658/2750 train_time:1509.174s step_avg:2293.58ms
step:659/2750 train_time:1511.457s step_avg:2293.56ms
step:660/2750 train_time:1513.739s step_avg:2293.54ms
step:661/2750 train_time:1516.031s step_avg:2293.54ms
step:662/2750 train_time:1518.322s step_avg:2293.54ms
step:663/2750 train_time:1520.611s step_avg:2293.53ms
step:664/2750 train_time:1522.894s step_avg:2293.52ms
step:665/2750 train_time:1525.184s step_avg:2293.51ms
step:666/2750 train_time:1527.470s step_avg:2293.50ms
step:667/2750 train_time:1529.749s step_avg:2293.48ms
step:668/2750 train_time:1532.044s step_avg:2293.48ms
step:669/2750 train_time:1534.331s step_avg:2293.47ms
step:670/2750 train_time:1536.616s step_avg:2293.46ms
step:671/2750 train_time:1538.899s step_avg:2293.44ms
step:672/2750 train_time:1541.190s step_avg:2293.44ms
step:673/2750 train_time:1543.473s step_avg:2293.42ms
step:674/2750 train_time:1545.759s step_avg:2293.41ms
step:675/2750 train_time:1548.050s step_avg:2293.41ms
step:676/2750 train_time:1550.333s step_avg:2293.39ms
step:677/2750 train_time:1552.619s step_avg:2293.38ms
step:678/2750 train_time:1554.910s step_avg:2293.38ms
step:679/2750 train_time:1557.195s step_avg:2293.37ms
step:680/2750 train_time:1559.483s step_avg:2293.36ms
step:681/2750 train_time:1561.776s step_avg:2293.36ms
step:682/2750 train_time:1564.060s step_avg:2293.34ms
step:683/2750 train_time:1566.346s step_avg:2293.33ms
step:684/2750 train_time:1568.634s step_avg:2293.33ms
step:685/2750 train_time:1570.915s step_avg:2293.31ms
step:686/2750 train_time:1573.202s step_avg:2293.30ms
step:687/2750 train_time:1575.492s step_avg:2293.29ms
step:688/2750 train_time:1577.775s step_avg:2293.28ms
step:689/2750 train_time:1580.062s step_avg:2293.27ms
step:690/2750 train_time:1582.353s step_avg:2293.26ms
step:691/2750 train_time:1584.635s step_avg:2293.25ms
step:692/2750 train_time:1586.923s step_avg:2293.24ms
step:693/2750 train_time:1589.214s step_avg:2293.24ms
step:694/2750 train_time:1591.495s step_avg:2293.22ms
step:695/2750 train_time:1593.790s step_avg:2293.22ms
step:696/2750 train_time:1596.081s step_avg:2293.22ms
step:697/2750 train_time:1598.362s step_avg:2293.20ms
step:698/2750 train_time:1600.647s step_avg:2293.19ms
step:699/2750 train_time:1602.940s step_avg:2293.19ms
step:700/2750 train_time:1605.228s step_avg:2293.18ms
step:701/2750 train_time:1607.515s step_avg:2293.17ms
step:702/2750 train_time:1609.801s step_avg:2293.16ms
step:703/2750 train_time:1612.082s step_avg:2293.15ms
step:704/2750 train_time:1614.371s step_avg:2293.14ms
step:705/2750 train_time:1616.660s step_avg:2293.13ms
step:706/2750 train_time:1618.946s step_avg:2293.12ms
step:707/2750 train_time:1621.232s step_avg:2293.11ms
step:708/2750 train_time:1623.520s step_avg:2293.11ms
step:709/2750 train_time:1625.803s step_avg:2293.09ms
step:710/2750 train_time:1628.090s step_avg:2293.08ms
step:711/2750 train_time:1630.377s step_avg:2293.08ms
step:712/2750 train_time:1632.658s step_avg:2293.06ms
step:713/2750 train_time:1634.946s step_avg:2293.05ms
step:714/2750 train_time:1637.237s step_avg:2293.05ms
step:715/2750 train_time:1639.519s step_avg:2293.03ms
step:716/2750 train_time:1641.805s step_avg:2293.02ms
step:717/2750 train_time:1644.089s step_avg:2293.01ms
step:718/2750 train_time:1646.370s step_avg:2292.99ms
step:719/2750 train_time:1648.666s step_avg:2293.00ms
step:720/2750 train_time:1650.957s step_avg:2293.00ms
step:721/2750 train_time:1653.239s step_avg:2292.98ms
step:722/2750 train_time:1655.527s step_avg:2292.97ms
step:723/2750 train_time:1657.814s step_avg:2292.97ms
step:724/2750 train_time:1660.098s step_avg:2292.95ms
step:725/2750 train_time:1662.385s step_avg:2292.95ms
step:726/2750 train_time:1664.674s step_avg:2292.94ms
step:727/2750 train_time:1666.955s step_avg:2292.92ms
step:728/2750 train_time:1669.241s step_avg:2292.91ms
step:729/2750 train_time:1671.530s step_avg:2292.91ms
step:730/2750 train_time:1673.812s step_avg:2292.89ms
step:731/2750 train_time:1676.102s step_avg:2292.89ms
step:732/2750 train_time:1678.391s step_avg:2292.88ms
step:733/2750 train_time:1680.674s step_avg:2292.87ms
step:734/2750 train_time:1682.963s step_avg:2292.87ms
step:735/2750 train_time:1685.254s step_avg:2292.86ms
step:736/2750 train_time:1687.539s step_avg:2292.85ms
step:737/2750 train_time:1689.828s step_avg:2292.85ms
step:738/2750 train_time:1692.122s step_avg:2292.85ms
step:739/2750 train_time:1694.409s step_avg:2292.84ms
step:740/2750 train_time:1696.699s step_avg:2292.84ms
step:741/2750 train_time:1698.984s step_avg:2292.83ms
step:742/2750 train_time:1701.272s step_avg:2292.82ms
step:743/2750 train_time:1703.557s step_avg:2292.81ms
step:744/2750 train_time:1705.845s step_avg:2292.80ms
step:745/2750 train_time:1708.133s step_avg:2292.80ms
step:746/2750 train_time:1710.418s step_avg:2292.79ms
step:747/2750 train_time:1712.703s step_avg:2292.78ms
step:748/2750 train_time:1714.990s step_avg:2292.77ms
step:749/2750 train_time:1717.279s step_avg:2292.76ms
step:750/2750 train_time:1719.565s step_avg:2292.75ms
step:750/2750 val_loss:3.68664 train_time:1719.565s step_avg:2286.99ms
step:751/2750 train_time:1721.860s step_avg:2292.76ms
step:752/2750 train_time:1724.148s step_avg:2292.75ms
step:753/2750 train_time:1726.440s step_avg:2292.75ms
step:754/2750 train_time:1728.726s step_avg:2292.74ms
step:755/2750 train_time:1731.011s step_avg:2292.73ms
step:756/2750 train_time:1733.303s step_avg:2292.73ms
step:757/2750 train_time:1735.588s step_avg:2292.72ms
step:758/2750 train_time:1737.876s step_avg:2292.71ms
step:759/2750 train_time:1740.165s step_avg:2292.71ms
step:760/2750 train_time:1742.452s step_avg:2292.70ms
step:761/2750 train_time:1744.760s step_avg:2292.72ms
step:762/2750 train_time:1747.051s step_avg:2292.72ms
step:763/2750 train_time:1749.344s step_avg:2292.72ms
step:764/2750 train_time:1751.636s step_avg:2292.72ms
step:765/2750 train_time:1753.919s step_avg:2292.71ms
step:766/2750 train_time:1756.204s step_avg:2292.70ms
step:767/2750 train_time:1758.497s step_avg:2292.69ms
step:768/2750 train_time:1760.779s step_avg:2292.68ms
step:769/2750 train_time:1763.065s step_avg:2292.67ms
step:770/2750 train_time:1765.355s step_avg:2292.67ms
step:771/2750 train_time:1767.638s step_avg:2292.66ms
step:772/2750 train_time:1769.925s step_avg:2292.65ms
step:773/2750 train_time:1772.215s step_avg:2292.65ms
step:774/2750 train_time:1774.498s step_avg:2292.63ms
step:775/2750 train_time:1776.786s step_avg:2292.63ms
step:776/2750 train_time:1779.077s step_avg:2292.63ms
step:777/2750 train_time:1781.362s step_avg:2292.62ms
step:778/2750 train_time:1783.649s step_avg:2292.61ms
step:779/2750 train_time:1785.939s step_avg:2292.60ms
step:780/2750 train_time:1788.221s step_avg:2292.59ms
step:781/2750 train_time:1790.507s step_avg:2292.58ms
step:782/2750 train_time:1792.794s step_avg:2292.58ms
step:783/2750 train_time:1795.077s step_avg:2292.56ms
step:784/2750 train_time:1797.364s step_avg:2292.56ms
step:785/2750 train_time:1799.654s step_avg:2292.55ms
step:786/2750 train_time:1801.938s step_avg:2292.54ms
step:787/2750 train_time:1804.224s step_avg:2292.53ms
step:788/2750 train_time:1806.513s step_avg:2292.53ms
step:789/2750 train_time:1808.800s step_avg:2292.52ms
step:790/2750 train_time:1811.088s step_avg:2292.52ms
step:791/2750 train_time:1813.379s step_avg:2292.51ms
step:792/2750 train_time:1815.663s step_avg:2292.50ms
step:793/2750 train_time:1817.952s step_avg:2292.50ms
step:794/2750 train_time:1820.245s step_avg:2292.50ms
step:795/2750 train_time:1822.532s step_avg:2292.49ms
step:796/2750 train_time:1824.818s step_avg:2292.48ms
step:797/2750 train_time:1827.105s step_avg:2292.48ms
step:798/2750 train_time:1829.388s step_avg:2292.47ms
step:799/2750 train_time:1831.675s step_avg:2292.46ms
step:800/2750 train_time:1833.962s step_avg:2292.45ms
step:801/2750 train_time:1836.243s step_avg:2292.44ms
step:802/2750 train_time:1838.532s step_avg:2292.43ms
step:803/2750 train_time:1840.827s step_avg:2292.44ms
step:804/2750 train_time:1843.112s step_avg:2292.43ms
step:805/2750 train_time:1845.399s step_avg:2292.42ms
step:806/2750 train_time:1847.689s step_avg:2292.42ms
step:807/2750 train_time:1849.974s step_avg:2292.41ms
step:808/2750 train_time:1852.261s step_avg:2292.40ms
step:809/2750 train_time:1854.545s step_avg:2292.39ms
step:810/2750 train_time:1856.831s step_avg:2292.38ms
step:811/2750 train_time:1859.118s step_avg:2292.38ms
step:812/2750 train_time:1861.408s step_avg:2292.37ms
step:813/2750 train_time:1863.695s step_avg:2292.37ms
step:814/2750 train_time:1865.982s step_avg:2292.36ms
step:815/2750 train_time:1868.268s step_avg:2292.35ms
step:816/2750 train_time:1870.557s step_avg:2292.35ms
step:817/2750 train_time:1872.844s step_avg:2292.34ms
step:818/2750 train_time:1875.129s step_avg:2292.33ms
step:819/2750 train_time:1877.416s step_avg:2292.33ms
step:820/2750 train_time:1879.704s step_avg:2292.32ms
step:821/2750 train_time:1881.993s step_avg:2292.32ms
step:822/2750 train_time:1884.283s step_avg:2292.32ms
step:823/2750 train_time:1886.574s step_avg:2292.31ms
step:824/2750 train_time:1888.859s step_avg:2292.31ms
step:825/2750 train_time:1891.152s step_avg:2292.31ms
step:826/2750 train_time:1893.437s step_avg:2292.30ms
step:827/2750 train_time:1895.723s step_avg:2292.29ms
step:828/2750 train_time:1898.012s step_avg:2292.28ms
step:829/2750 train_time:1900.297s step_avg:2292.28ms
step:830/2750 train_time:1902.583s step_avg:2292.27ms
step:831/2750 train_time:1904.874s step_avg:2292.27ms
step:832/2750 train_time:1907.158s step_avg:2292.26ms
step:833/2750 train_time:1909.442s step_avg:2292.25ms
step:834/2750 train_time:1911.731s step_avg:2292.24ms
step:835/2750 train_time:1914.019s step_avg:2292.24ms
step:836/2750 train_time:1916.304s step_avg:2292.23ms
step:837/2750 train_time:1918.595s step_avg:2292.23ms
step:838/2750 train_time:1920.878s step_avg:2292.22ms
step:839/2750 train_time:1923.164s step_avg:2292.21ms
step:840/2750 train_time:1925.454s step_avg:2292.21ms
step:841/2750 train_time:1927.742s step_avg:2292.20ms
step:842/2750 train_time:1930.027s step_avg:2292.19ms
step:843/2750 train_time:1932.319s step_avg:2292.19ms
step:844/2750 train_time:1934.609s step_avg:2292.19ms
step:845/2750 train_time:1936.899s step_avg:2292.19ms
step:846/2750 train_time:1939.189s step_avg:2292.19ms
step:847/2750 train_time:1941.480s step_avg:2292.18ms
step:848/2750 train_time:1943.763s step_avg:2292.17ms
step:849/2750 train_time:1946.051s step_avg:2292.17ms
step:850/2750 train_time:1948.338s step_avg:2292.16ms
step:851/2750 train_time:1950.621s step_avg:2292.15ms
step:852/2750 train_time:1952.909s step_avg:2292.15ms
step:853/2750 train_time:1955.200s step_avg:2292.15ms
step:854/2750 train_time:1957.484s step_avg:2292.14ms
step:855/2750 train_time:1959.769s step_avg:2292.13ms
step:856/2750 train_time:1962.061s step_avg:2292.13ms
step:857/2750 train_time:1964.345s step_avg:2292.12ms
step:858/2750 train_time:1966.635s step_avg:2292.12ms
step:859/2750 train_time:1968.929s step_avg:2292.12ms
step:860/2750 train_time:1971.215s step_avg:2292.11ms
step:861/2750 train_time:1973.507s step_avg:2292.11ms
step:862/2750 train_time:1975.793s step_avg:2292.10ms
step:863/2750 train_time:1978.086s step_avg:2292.10ms
step:864/2750 train_time:1980.374s step_avg:2292.10ms
step:865/2750 train_time:1982.661s step_avg:2292.09ms
step:866/2750 train_time:1984.952s step_avg:2292.09ms
step:867/2750 train_time:1987.240s step_avg:2292.09ms
step:868/2750 train_time:1989.526s step_avg:2292.08ms
step:869/2750 train_time:1991.815s step_avg:2292.08ms
step:870/2750 train_time:1994.100s step_avg:2292.07ms
step:871/2750 train_time:1996.383s step_avg:2292.06ms
step:872/2750 train_time:1998.671s step_avg:2292.05ms
step:873/2750 train_time:2000.962s step_avg:2292.05ms
step:874/2750 train_time:2003.245s step_avg:2292.04ms
step:875/2750 train_time:2005.535s step_avg:2292.04ms
step:875/2750 val_loss:3.64441 train_time:2005.535s step_avg:2287.76ms
step:876/2750 train_time:2007.829s step_avg:2292.04ms
step:877/2750 train_time:2010.118s step_avg:2292.04ms
step:878/2750 train_time:2012.408s step_avg:2292.04ms
step:879/2750 train_time:2014.698s step_avg:2292.03ms
step:880/2750 train_time:2016.983s step_avg:2292.03ms
step:881/2750 train_time:2019.273s step_avg:2292.02ms
step:882/2750 train_time:2021.563s step_avg:2292.02ms
step:883/2750 train_time:2023.847s step_avg:2292.01ms
step:884/2750 train_time:2026.136s step_avg:2292.01ms
step:885/2750 train_time:2028.423s step_avg:2292.00ms
step:886/2750 train_time:2030.706s step_avg:2291.99ms
step:887/2750 train_time:2032.997s step_avg:2291.99ms
step:888/2750 train_time:2035.283s step_avg:2291.99ms
step:889/2750 train_time:2037.574s step_avg:2291.98ms
step:890/2750 train_time:2039.862s step_avg:2291.98ms
step:891/2750 train_time:2042.148s step_avg:2291.97ms
step:892/2750 train_time:2044.432s step_avg:2291.96ms
step:893/2750 train_time:2046.720s step_avg:2291.96ms
step:894/2750 train_time:2049.006s step_avg:2291.95ms
step:895/2750 train_time:2051.298s step_avg:2291.95ms
step:896/2750 train_time:2053.590s step_avg:2291.95ms
step:897/2750 train_time:2055.881s step_avg:2291.95ms
step:898/2750 train_time:2058.165s step_avg:2291.94ms
step:899/2750 train_time:2060.453s step_avg:2291.94ms
step:900/2750 train_time:2062.743s step_avg:2291.94ms
step:901/2750 train_time:2065.023s step_avg:2291.92ms
step:902/2750 train_time:2067.311s step_avg:2291.92ms
step:903/2750 train_time:2069.603s step_avg:2291.92ms
step:904/2750 train_time:2071.887s step_avg:2291.91ms
step:905/2750 train_time:2074.174s step_avg:2291.90ms
step:906/2750 train_time:2076.466s step_avg:2291.91ms
step:907/2750 train_time:2078.751s step_avg:2291.90ms
step:908/2750 train_time:2081.039s step_avg:2291.89ms
step:909/2750 train_time:2083.328s step_avg:2291.89ms
step:910/2750 train_time:2085.612s step_avg:2291.88ms
step:911/2750 train_time:2087.902s step_avg:2291.88ms
step:912/2750 train_time:2090.190s step_avg:2291.87ms
step:913/2750 train_time:2092.473s step_avg:2291.87ms
step:914/2750 train_time:2094.759s step_avg:2291.86ms
step:915/2750 train_time:2097.047s step_avg:2291.85ms
step:916/2750 train_time:2099.335s step_avg:2291.85ms
step:917/2750 train_time:2101.619s step_avg:2291.84ms
step:918/2750 train_time:2103.905s step_avg:2291.83ms
step:919/2750 train_time:2106.188s step_avg:2291.83ms
step:920/2750 train_time:2108.474s step_avg:2291.82ms
step:921/2750 train_time:2110.765s step_avg:2291.82ms
step:922/2750 train_time:2113.048s step_avg:2291.81ms
step:923/2750 train_time:2115.336s step_avg:2291.80ms
step:924/2750 train_time:2117.625s step_avg:2291.80ms
step:925/2750 train_time:2119.910s step_avg:2291.79ms
step:926/2750 train_time:2122.202s step_avg:2291.80ms
step:927/2750 train_time:2124.488s step_avg:2291.79ms
step:928/2750 train_time:2126.777s step_avg:2291.79ms
step:929/2750 train_time:2129.067s step_avg:2291.78ms
step:930/2750 train_time:2131.353s step_avg:2291.78ms
step:931/2750 train_time:2133.639s step_avg:2291.77ms
step:932/2750 train_time:2135.928s step_avg:2291.77ms
step:933/2750 train_time:2138.214s step_avg:2291.76ms
step:934/2750 train_time:2140.501s step_avg:2291.76ms
step:935/2750 train_time:2142.789s step_avg:2291.75ms
step:936/2750 train_time:2145.076s step_avg:2291.75ms
step:937/2750 train_time:2147.359s step_avg:2291.74ms
step:938/2750 train_time:2149.643s step_avg:2291.73ms
step:939/2750 train_time:2151.929s step_avg:2291.72ms
step:940/2750 train_time:2154.217s step_avg:2291.72ms
step:941/2750 train_time:2156.505s step_avg:2291.72ms
step:942/2750 train_time:2158.790s step_avg:2291.71ms
step:943/2750 train_time:2161.081s step_avg:2291.71ms
step:944/2750 train_time:2163.369s step_avg:2291.70ms
step:945/2750 train_time:2165.656s step_avg:2291.70ms
step:946/2750 train_time:2167.943s step_avg:2291.69ms
step:947/2750 train_time:2170.232s step_avg:2291.69ms
step:948/2750 train_time:2172.517s step_avg:2291.68ms
step:949/2750 train_time:2174.807s step_avg:2291.68ms
step:950/2750 train_time:2177.096s step_avg:2291.68ms
step:951/2750 train_time:2179.395s step_avg:2291.69ms
step:952/2750 train_time:2181.682s step_avg:2291.68ms
step:953/2750 train_time:2183.966s step_avg:2291.67ms
step:954/2750 train_time:2186.253s step_avg:2291.67ms
step:955/2750 train_time:2188.542s step_avg:2291.67ms
step:956/2750 train_time:2190.829s step_avg:2291.66ms
step:957/2750 train_time:2193.118s step_avg:2291.66ms
step:958/2750 train_time:2195.408s step_avg:2291.66ms
step:959/2750 train_time:2197.697s step_avg:2291.65ms
step:960/2750 train_time:2199.978s step_avg:2291.64ms
step:961/2750 train_time:2202.266s step_avg:2291.64ms
step:962/2750 train_time:2204.554s step_avg:2291.64ms
step:963/2750 train_time:2206.837s step_avg:2291.63ms
step:964/2750 train_time:2209.127s step_avg:2291.63ms
step:965/2750 train_time:2211.419s step_avg:2291.63ms
step:966/2750 train_time:2213.702s step_avg:2291.62ms
step:967/2750 train_time:2215.989s step_avg:2291.61ms
step:968/2750 train_time:2218.278s step_avg:2291.61ms
step:969/2750 train_time:2220.562s step_avg:2291.60ms
step:970/2750 train_time:2222.848s step_avg:2291.60ms
step:971/2750 train_time:2225.138s step_avg:2291.59ms
step:972/2750 train_time:2227.424s step_avg:2291.59ms
step:973/2750 train_time:2229.713s step_avg:2291.59ms
step:974/2750 train_time:2232.005s step_avg:2291.59ms
step:975/2750 train_time:2234.294s step_avg:2291.58ms
step:976/2750 train_time:2236.581s step_avg:2291.58ms
step:977/2750 train_time:2238.869s step_avg:2291.58ms
step:978/2750 train_time:2241.153s step_avg:2291.57ms
step:979/2750 train_time:2243.443s step_avg:2291.57ms
step:980/2750 train_time:2245.729s step_avg:2291.56ms
step:981/2750 train_time:2248.015s step_avg:2291.55ms
step:982/2750 train_time:2250.300s step_avg:2291.55ms
step:983/2750 train_time:2252.588s step_avg:2291.54ms
step:984/2750 train_time:2254.875s step_avg:2291.54ms
step:985/2750 train_time:2257.162s step_avg:2291.53ms
step:986/2750 train_time:2259.453s step_avg:2291.53ms
step:987/2750 train_time:2261.740s step_avg:2291.53ms
step:988/2750 train_time:2264.029s step_avg:2291.53ms
step:989/2750 train_time:2266.313s step_avg:2291.52ms
step:990/2750 train_time:2268.599s step_avg:2291.51ms
step:991/2750 train_time:2270.884s step_avg:2291.51ms
step:992/2750 train_time:2273.173s step_avg:2291.51ms
step:993/2750 train_time:2275.456s step_avg:2291.50ms
step:994/2750 train_time:2277.741s step_avg:2291.49ms
step:995/2750 train_time:2280.030s step_avg:2291.49ms
step:996/2750 train_time:2282.314s step_avg:2291.48ms
step:997/2750 train_time:2284.600s step_avg:2291.47ms
step:998/2750 train_time:2286.888s step_avg:2291.47ms
step:999/2750 train_time:2289.171s step_avg:2291.46ms
step:1000/2750 train_time:2291.458s step_avg:2291.46ms
step:1000/2750 val_loss:3.60615 train_time:2291.458s step_avg:2287.39ms
step:1001/2750 train_time:2293.759s step_avg:2291.47ms
step:1002/2750 train_time:2296.045s step_avg:2291.46ms
step:1003/2750 train_time:2298.334s step_avg:2291.46ms
step:1004/2750 train_time:2300.625s step_avg:2291.46ms
step:1005/2750 train_time:2302.910s step_avg:2291.45ms
step:1006/2750 train_time:2305.208s step_avg:2291.46ms
step:1007/2750 train_time:2307.495s step_avg:2291.45ms
step:1008/2750 train_time:2309.790s step_avg:2291.46ms
step:1009/2750 train_time:2312.074s step_avg:2291.45ms
step:1010/2750 train_time:2314.362s step_avg:2291.45ms
step:1011/2750 train_time:2316.648s step_avg:2291.44ms
step:1012/2750 train_time:2318.935s step_avg:2291.44ms
step:1013/2750 train_time:2321.223s step_avg:2291.43ms
step:1014/2750 train_time:2323.510s step_avg:2291.43ms
step:1015/2750 train_time:2325.796s step_avg:2291.42ms
step:1016/2750 train_time:2328.083s step_avg:2291.42ms
step:1017/2750 train_time:2330.375s step_avg:2291.42ms
step:1018/2750 train_time:2332.661s step_avg:2291.42ms
step:1019/2750 train_time:2334.949s step_avg:2291.41ms
step:1020/2750 train_time:2337.240s step_avg:2291.41ms
step:1021/2750 train_time:2339.523s step_avg:2291.40ms
step:1022/2750 train_time:2341.807s step_avg:2291.40ms
step:1023/2750 train_time:2344.096s step_avg:2291.39ms
step:1024/2750 train_time:2346.385s step_avg:2291.39ms
step:1025/2750 train_time:2348.671s step_avg:2291.39ms
step:1026/2750 train_time:2350.961s step_avg:2291.39ms
step:1027/2750 train_time:2353.248s step_avg:2291.38ms
step:1028/2750 train_time:2355.536s step_avg:2291.38ms
step:1029/2750 train_time:2357.830s step_avg:2291.38ms
step:1030/2750 train_time:2360.121s step_avg:2291.38ms
step:1031/2750 train_time:2362.405s step_avg:2291.37ms
step:1032/2750 train_time:2364.690s step_avg:2291.37ms
step:1033/2750 train_time:2366.978s step_avg:2291.36ms
step:1034/2750 train_time:2369.260s step_avg:2291.35ms
step:1035/2750 train_time:2371.549s step_avg:2291.35ms
step:1036/2750 train_time:2373.841s step_avg:2291.35ms
step:1037/2750 train_time:2376.124s step_avg:2291.34ms
step:1038/2750 train_time:2378.411s step_avg:2291.34ms
step:1039/2750 train_time:2380.702s step_avg:2291.34ms
step:1040/2750 train_time:2382.986s step_avg:2291.33ms
step:1041/2750 train_time:2385.275s step_avg:2291.33ms
step:1042/2750 train_time:2387.565s step_avg:2291.33ms
step:1043/2750 train_time:2389.846s step_avg:2291.32ms
step:1044/2750 train_time:2392.130s step_avg:2291.31ms
step:1045/2750 train_time:2394.419s step_avg:2291.31ms
step:1046/2750 train_time:2396.700s step_avg:2291.30ms
step:1047/2750 train_time:2398.990s step_avg:2291.30ms
step:1048/2750 train_time:2401.281s step_avg:2291.30ms
step:1049/2750 train_time:2403.564s step_avg:2291.29ms
step:1050/2750 train_time:2405.854s step_avg:2291.29ms
step:1051/2750 train_time:2408.144s step_avg:2291.29ms
step:1052/2750 train_time:2410.429s step_avg:2291.28ms
step:1053/2750 train_time:2412.717s step_avg:2291.28ms
step:1054/2750 train_time:2415.009s step_avg:2291.28ms
step:1055/2750 train_time:2417.294s step_avg:2291.27ms
step:1056/2750 train_time:2419.579s step_avg:2291.27ms
step:1057/2750 train_time:2421.868s step_avg:2291.27ms
step:1058/2750 train_time:2424.155s step_avg:2291.26ms
step:1059/2750 train_time:2426.444s step_avg:2291.26ms
step:1060/2750 train_time:2428.733s step_avg:2291.26ms
step:1061/2750 train_time:2431.018s step_avg:2291.25ms
step:1062/2750 train_time:2433.304s step_avg:2291.25ms
step:1063/2750 train_time:2435.589s step_avg:2291.24ms
step:1064/2750 train_time:2437.872s step_avg:2291.23ms
step:1065/2750 train_time:2440.158s step_avg:2291.23ms
step:1066/2750 train_time:2442.449s step_avg:2291.23ms
step:1067/2750 train_time:2444.735s step_avg:2291.22ms
step:1068/2750 train_time:2447.030s step_avg:2291.23ms
step:1069/2750 train_time:2449.323s step_avg:2291.23ms
step:1070/2750 train_time:2451.614s step_avg:2291.23ms
step:1071/2750 train_time:2453.904s step_avg:2291.23ms
step:1072/2750 train_time:2456.189s step_avg:2291.22ms
step:1073/2750 train_time:2458.478s step_avg:2291.22ms
step:1074/2750 train_time:2460.764s step_avg:2291.21ms
step:1075/2750 train_time:2463.049s step_avg:2291.21ms
step:1076/2750 train_time:2465.340s step_avg:2291.21ms
step:1077/2750 train_time:2467.624s step_avg:2291.20ms
step:1078/2750 train_time:2469.909s step_avg:2291.20ms
step:1079/2750 train_time:2472.203s step_avg:2291.20ms
step:1080/2750 train_time:2474.488s step_avg:2291.19ms
step:1081/2750 train_time:2476.778s step_avg:2291.19ms
step:1082/2750 train_time:2479.071s step_avg:2291.19ms
step:1083/2750 train_time:2481.361s step_avg:2291.19ms
step:1084/2750 train_time:2483.645s step_avg:2291.19ms
step:1085/2750 train_time:2485.934s step_avg:2291.18ms
step:1086/2750 train_time:2488.226s step_avg:2291.18ms
step:1087/2750 train_time:2490.509s step_avg:2291.18ms
step:1088/2750 train_time:2492.793s step_avg:2291.17ms
step:1089/2750 train_time:2495.085s step_avg:2291.17ms
step:1090/2750 train_time:2497.370s step_avg:2291.16ms
step:1091/2750 train_time:2499.656s step_avg:2291.16ms
step:1092/2750 train_time:2501.948s step_avg:2291.16ms
step:1093/2750 train_time:2504.232s step_avg:2291.15ms
step:1094/2750 train_time:2506.522s step_avg:2291.15ms
step:1095/2750 train_time:2508.812s step_avg:2291.15ms
step:1096/2750 train_time:2511.098s step_avg:2291.15ms
step:1097/2750 train_time:2513.385s step_avg:2291.14ms
step:1098/2750 train_time:2515.673s step_avg:2291.14ms
step:1099/2750 train_time:2517.961s step_avg:2291.14ms
step:1100/2750 train_time:2520.247s step_avg:2291.13ms
step:1101/2750 train_time:2522.533s step_avg:2291.13ms
step:1102/2750 train_time:2524.817s step_avg:2291.12ms
step:1103/2750 train_time:2527.102s step_avg:2291.12ms
step:1104/2750 train_time:2529.396s step_avg:2291.12ms
step:1105/2750 train_time:2531.685s step_avg:2291.12ms
step:1106/2750 train_time:2533.975s step_avg:2291.12ms
step:1107/2750 train_time:2536.264s step_avg:2291.12ms
step:1108/2750 train_time:2538.550s step_avg:2291.11ms
step:1109/2750 train_time:2540.836s step_avg:2291.11ms
step:1110/2750 train_time:2543.122s step_avg:2291.10ms
step:1111/2750 train_time:2545.411s step_avg:2291.10ms
step:1112/2750 train_time:2547.699s step_avg:2291.10ms
step:1113/2750 train_time:2549.988s step_avg:2291.09ms
step:1114/2750 train_time:2552.278s step_avg:2291.09ms
step:1115/2750 train_time:2554.565s step_avg:2291.09ms
step:1116/2750 train_time:2556.852s step_avg:2291.09ms
step:1117/2750 train_time:2559.144s step_avg:2291.09ms
step:1118/2750 train_time:2561.427s step_avg:2291.08ms
step:1119/2750 train_time:2563.716s step_avg:2291.08ms
step:1120/2750 train_time:2566.008s step_avg:2291.08ms
step:1121/2750 train_time:2568.299s step_avg:2291.08ms
step:1122/2750 train_time:2570.586s step_avg:2291.07ms
step:1123/2750 train_time:2572.875s step_avg:2291.07ms
step:1124/2750 train_time:2575.165s step_avg:2291.07ms
step:1125/2750 train_time:2577.448s step_avg:2291.06ms
step:1125/2750 val_loss:3.58131 train_time:2577.448s step_avg:2287.92ms
step:1126/2750 train_time:2579.745s step_avg:2291.07ms
step:1127/2750 train_time:2582.031s step_avg:2291.07ms
step:1128/2750 train_time:2584.319s step_avg:2291.06ms
step:1129/2750 train_time:2586.606s step_avg:2291.06ms
step:1130/2750 train_time:2588.889s step_avg:2291.05ms
step:1131/2750 train_time:2591.178s step_avg:2291.05ms
step:1132/2750 train_time:2593.469s step_avg:2291.05ms
step:1133/2750 train_time:2595.759s step_avg:2291.05ms
step:1134/2750 train_time:2598.040s step_avg:2291.04ms
step:1135/2750 train_time:2600.328s step_avg:2291.04ms
step:1136/2750 train_time:2602.612s step_avg:2291.03ms
step:1137/2750 train_time:2604.900s step_avg:2291.03ms
step:1138/2750 train_time:2607.194s step_avg:2291.03ms
step:1139/2750 train_time:2609.485s step_avg:2291.03ms
step:1140/2750 train_time:2611.769s step_avg:2291.03ms
step:1141/2750 train_time:2614.073s step_avg:2291.04ms
step:1142/2750 train_time:2616.359s step_avg:2291.03ms
step:1143/2750 train_time:2618.647s step_avg:2291.03ms
step:1144/2750 train_time:2620.933s step_avg:2291.02ms
step:1145/2750 train_time:2623.221s step_avg:2291.02ms
step:1146/2750 train_time:2625.512s step_avg:2291.02ms
step:1147/2750 train_time:2627.802s step_avg:2291.02ms
step:1148/2750 train_time:2630.089s step_avg:2291.02ms
step:1149/2750 train_time:2632.377s step_avg:2291.02ms
step:1150/2750 train_time:2634.664s step_avg:2291.01ms
step:1151/2750 train_time:2636.949s step_avg:2291.01ms
step:1152/2750 train_time:2639.238s step_avg:2291.01ms
step:1153/2750 train_time:2641.524s step_avg:2291.00ms
step:1154/2750 train_time:2643.811s step_avg:2291.00ms
step:1155/2750 train_time:2646.099s step_avg:2290.99ms
step:1156/2750 train_time:2648.387s step_avg:2290.99ms
step:1157/2750 train_time:2650.674s step_avg:2290.99ms
step:1158/2750 train_time:2652.960s step_avg:2290.98ms
step:1159/2750 train_time:2655.248s step_avg:2290.98ms
step:1160/2750 train_time:2657.534s step_avg:2290.98ms
step:1161/2750 train_time:2659.826s step_avg:2290.98ms
step:1162/2750 train_time:2662.112s step_avg:2290.97ms
step:1163/2750 train_time:2664.400s step_avg:2290.97ms
step:1164/2750 train_time:2666.690s step_avg:2290.97ms
step:1165/2750 train_time:2668.979s step_avg:2290.97ms
step:1166/2750 train_time:2671.261s step_avg:2290.96ms
step:1167/2750 train_time:2673.557s step_avg:2290.97ms
step:1168/2750 train_time:2675.845s step_avg:2290.96ms
step:1169/2750 train_time:2678.128s step_avg:2290.96ms
step:1170/2750 train_time:2680.416s step_avg:2290.95ms
step:1171/2750 train_time:2682.708s step_avg:2290.95ms
step:1172/2750 train_time:2684.991s step_avg:2290.95ms
step:1173/2750 train_time:2687.280s step_avg:2290.95ms
step:1174/2750 train_time:2689.573s step_avg:2290.95ms
step:1175/2750 train_time:2691.859s step_avg:2290.94ms
step:1176/2750 train_time:2694.148s step_avg:2290.94ms
step:1177/2750 train_time:2696.436s step_avg:2290.94ms
step:1178/2750 train_time:2698.726s step_avg:2290.94ms
step:1179/2750 train_time:2701.012s step_avg:2290.93ms
step:1180/2750 train_time:2703.300s step_avg:2290.93ms
step:1181/2750 train_time:2705.591s step_avg:2290.93ms
step:1182/2750 train_time:2707.882s step_avg:2290.93ms
step:1183/2750 train_time:2710.168s step_avg:2290.93ms
step:1184/2750 train_time:2712.455s step_avg:2290.93ms
step:1185/2750 train_time:2714.747s step_avg:2290.93ms
step:1186/2750 train_time:2717.032s step_avg:2290.92ms
step:1187/2750 train_time:2719.323s step_avg:2290.92ms
step:1188/2750 train_time:2721.609s step_avg:2290.92ms
step:1189/2750 train_time:2723.895s step_avg:2290.91ms
step:1190/2750 train_time:2726.182s step_avg:2290.91ms
step:1191/2750 train_time:2728.467s step_avg:2290.90ms
step:1192/2750 train_time:2730.754s step_avg:2290.90ms
step:1193/2750 train_time:2733.043s step_avg:2290.90ms
step:1194/2750 train_time:2735.330s step_avg:2290.90ms
step:1195/2750 train_time:2737.620s step_avg:2290.90ms
step:1196/2750 train_time:2739.912s step_avg:2290.90ms
step:1197/2750 train_time:2742.199s step_avg:2290.89ms
step:1198/2750 train_time:2744.486s step_avg:2290.89ms
step:1199/2750 train_time:2746.774s step_avg:2290.89ms
step:1200/2750 train_time:2749.067s step_avg:2290.89ms
step:1201/2750 train_time:2751.349s step_avg:2290.88ms
step:1202/2750 train_time:2753.640s step_avg:2290.88ms
step:1203/2750 train_time:2755.930s step_avg:2290.88ms
step:1204/2750 train_time:2758.215s step_avg:2290.88ms
step:1205/2750 train_time:2760.505s step_avg:2290.88ms
step:1206/2750 train_time:2762.794s step_avg:2290.87ms
step:1207/2750 train_time:2765.080s step_avg:2290.87ms
step:1208/2750 train_time:2767.366s step_avg:2290.87ms
step:1209/2750 train_time:2769.656s step_avg:2290.87ms
step:1210/2750 train_time:2771.939s step_avg:2290.86ms
step:1211/2750 train_time:2774.227s step_avg:2290.86ms
step:1212/2750 train_time:2776.514s step_avg:2290.85ms
step:1213/2750 train_time:2778.800s step_avg:2290.85ms
step:1214/2750 train_time:2781.086s step_avg:2290.85ms
step:1215/2750 train_time:2783.374s step_avg:2290.84ms
step:1216/2750 train_time:2785.655s step_avg:2290.83ms
step:1217/2750 train_time:2787.945s step_avg:2290.83ms
step:1218/2750 train_time:2790.231s step_avg:2290.83ms
step:1219/2750 train_time:2792.513s step_avg:2290.82ms
step:1220/2750 train_time:2794.801s step_avg:2290.82ms
step:1221/2750 train_time:2797.088s step_avg:2290.82ms
step:1222/2750 train_time:2799.373s step_avg:2290.81ms
step:1223/2750 train_time:2801.656s step_avg:2290.81ms
step:1224/2750 train_time:2803.948s step_avg:2290.81ms
step:1225/2750 train_time:2806.232s step_avg:2290.80ms
step:1226/2750 train_time:2808.516s step_avg:2290.80ms
step:1227/2750 train_time:2810.806s step_avg:2290.80ms
step:1228/2750 train_time:2813.090s step_avg:2290.79ms
step:1229/2750 train_time:2815.375s step_avg:2290.79ms
step:1230/2750 train_time:2817.666s step_avg:2290.79ms
step:1231/2750 train_time:2819.948s step_avg:2290.78ms
step:1232/2750 train_time:2822.237s step_avg:2290.78ms
step:1233/2750 train_time:2824.528s step_avg:2290.78ms
step:1234/2750 train_time:2826.813s step_avg:2290.77ms
step:1235/2750 train_time:2829.098s step_avg:2290.77ms
step:1236/2750 train_time:2831.391s step_avg:2290.77ms
step:1237/2750 train_time:2833.675s step_avg:2290.76ms
step:1238/2750 train_time:2835.961s step_avg:2290.76ms
step:1239/2750 train_time:2838.249s step_avg:2290.76ms
step:1240/2750 train_time:2840.531s step_avg:2290.75ms
step:1241/2750 train_time:2842.817s step_avg:2290.75ms
step:1242/2750 train_time:2845.106s step_avg:2290.75ms
step:1243/2750 train_time:2847.390s step_avg:2290.74ms
step:1244/2750 train_time:2849.678s step_avg:2290.74ms
step:1245/2750 train_time:2851.969s step_avg:2290.74ms
step:1246/2750 train_time:2854.252s step_avg:2290.73ms
step:1247/2750 train_time:2856.539s step_avg:2290.73ms
step:1248/2750 train_time:2858.830s step_avg:2290.73ms
step:1249/2750 train_time:2861.115s step_avg:2290.72ms
step:1250/2750 train_time:2863.404s step_avg:2290.72ms
step:1250/2750 val_loss:3.55253 train_time:2863.404s step_avg:2287.65ms
step:1251/2750 train_time:2865.700s step_avg:2290.73ms
step:1252/2750 train_time:2867.986s step_avg:2290.72ms
step:1253/2750 train_time:2870.272s step_avg:2290.72ms
step:1254/2750 train_time:2872.565s step_avg:2290.72ms
step:1255/2750 train_time:2874.847s step_avg:2290.71ms
step:1256/2750 train_time:2877.136s step_avg:2290.71ms
step:1257/2750 train_time:2879.424s step_avg:2290.71ms
step:1258/2750 train_time:2881.708s step_avg:2290.71ms
step:1259/2750 train_time:2883.999s step_avg:2290.71ms
step:1260/2750 train_time:2886.291s step_avg:2290.71ms
step:1261/2750 train_time:2888.576s step_avg:2290.70ms
step:1262/2750 train_time:2890.863s step_avg:2290.70ms
step:1263/2750 train_time:2893.151s step_avg:2290.70ms
step:1264/2750 train_time:2895.433s step_avg:2290.69ms
step:1265/2750 train_time:2897.720s step_avg:2290.69ms
step:1266/2750 train_time:2900.011s step_avg:2290.69ms
step:1267/2750 train_time:2902.296s step_avg:2290.68ms
step:1268/2750 train_time:2904.581s step_avg:2290.68ms
step:1269/2750 train_time:2906.873s step_avg:2290.68ms
step:1270/2750 train_time:2909.160s step_avg:2290.68ms
step:1271/2750 train_time:2911.447s step_avg:2290.67ms
step:1272/2750 train_time:2913.735s step_avg:2290.67ms
step:1273/2750 train_time:2916.020s step_avg:2290.67ms
step:1274/2750 train_time:2918.305s step_avg:2290.66ms
step:1275/2750 train_time:2920.593s step_avg:2290.66ms
step:1276/2750 train_time:2922.880s step_avg:2290.66ms
step:1277/2750 train_time:2925.166s step_avg:2290.65ms
step:1278/2750 train_time:2927.454s step_avg:2290.65ms
step:1279/2750 train_time:2929.740s step_avg:2290.65ms
step:1280/2750 train_time:2932.025s step_avg:2290.64ms
step:1281/2750 train_time:2934.315s step_avg:2290.64ms
step:1282/2750 train_time:2936.600s step_avg:2290.64ms
step:1283/2750 train_time:2938.889s step_avg:2290.64ms
step:1284/2750 train_time:2941.173s step_avg:2290.63ms
step:1285/2750 train_time:2943.459s step_avg:2290.63ms
step:1286/2750 train_time:2945.755s step_avg:2290.63ms
step:1287/2750 train_time:2948.043s step_avg:2290.63ms
step:1288/2750 train_time:2950.328s step_avg:2290.63ms
step:1289/2750 train_time:2952.612s step_avg:2290.62ms
step:1290/2750 train_time:2954.899s step_avg:2290.62ms
step:1291/2750 train_time:2957.181s step_avg:2290.61ms
step:1292/2750 train_time:2959.467s step_avg:2290.61ms
step:1293/2750 train_time:2961.753s step_avg:2290.61ms
step:1294/2750 train_time:2964.035s step_avg:2290.60ms
step:1295/2750 train_time:2966.326s step_avg:2290.60ms
step:1296/2750 train_time:2968.614s step_avg:2290.60ms
step:1297/2750 train_time:2970.895s step_avg:2290.59ms
step:1298/2750 train_time:2973.182s step_avg:2290.59ms
step:1299/2750 train_time:2975.473s step_avg:2290.59ms
step:1300/2750 train_time:2977.757s step_avg:2290.58ms
step:1301/2750 train_time:2980.043s step_avg:2290.58ms
step:1302/2750 train_time:2982.335s step_avg:2290.58ms
step:1303/2750 train_time:2984.626s step_avg:2290.58ms
step:1304/2750 train_time:2986.916s step_avg:2290.58ms
step:1305/2750 train_time:2989.203s step_avg:2290.58ms
step:1306/2750 train_time:2991.491s step_avg:2290.58ms
step:1307/2750 train_time:2993.784s step_avg:2290.58ms
step:1308/2750 train_time:2996.068s step_avg:2290.57ms
step:1309/2750 train_time:2998.358s step_avg:2290.57ms
step:1310/2750 train_time:3000.645s step_avg:2290.57ms
step:1311/2750 train_time:3002.939s step_avg:2290.57ms
step:1312/2750 train_time:3005.229s step_avg:2290.57ms
step:1313/2750 train_time:3007.518s step_avg:2290.57ms
step:1314/2750 train_time:3009.800s step_avg:2290.56ms
step:1315/2750 train_time:3012.090s step_avg:2290.56ms
step:1316/2750 train_time:3014.380s step_avg:2290.56ms
step:1317/2750 train_time:3016.665s step_avg:2290.56ms
step:1318/2750 train_time:3018.952s step_avg:2290.56ms
step:1319/2750 train_time:3021.241s step_avg:2290.55ms
step:1320/2750 train_time:3023.522s step_avg:2290.55ms
step:1321/2750 train_time:3025.811s step_avg:2290.55ms
step:1322/2750 train_time:3028.098s step_avg:2290.54ms
step:1323/2750 train_time:3030.386s step_avg:2290.54ms
step:1324/2750 train_time:3032.674s step_avg:2290.54ms
step:1325/2750 train_time:3034.963s step_avg:2290.54ms
step:1326/2750 train_time:3037.245s step_avg:2290.53ms
step:1327/2750 train_time:3039.534s step_avg:2290.53ms
step:1328/2750 train_time:3041.821s step_avg:2290.53ms
step:1329/2750 train_time:3044.106s step_avg:2290.52ms
step:1330/2750 train_time:3046.392s step_avg:2290.52ms
step:1331/2750 train_time:3048.695s step_avg:2290.53ms
step:1332/2750 train_time:3050.980s step_avg:2290.53ms
step:1333/2750 train_time:3053.270s step_avg:2290.52ms
step:1334/2750 train_time:3055.557s step_avg:2290.52ms
step:1335/2750 train_time:3057.841s step_avg:2290.52ms
step:1336/2750 train_time:3060.127s step_avg:2290.51ms
step:1337/2750 train_time:3062.419s step_avg:2290.52ms
step:1338/2750 train_time:3064.702s step_avg:2290.51ms
step:1339/2750 train_time:3066.988s step_avg:2290.51ms
step:1340/2750 train_time:3069.273s step_avg:2290.50ms
step:1341/2750 train_time:3071.553s step_avg:2290.49ms
step:1342/2750 train_time:3073.842s step_avg:2290.49ms
step:1343/2750 train_time:3076.132s step_avg:2290.49ms
step:1344/2750 train_time:3078.415s step_avg:2290.49ms
step:1345/2750 train_time:3080.705s step_avg:2290.49ms
step:1346/2750 train_time:3082.994s step_avg:2290.49ms
step:1347/2750 train_time:3085.280s step_avg:2290.48ms
step:1348/2750 train_time:3087.567s step_avg:2290.48ms
step:1349/2750 train_time:3089.856s step_avg:2290.48ms
step:1350/2750 train_time:3092.144s step_avg:2290.48ms
step:1351/2750 train_time:3094.430s step_avg:2290.47ms
step:1352/2750 train_time:3096.718s step_avg:2290.47ms
step:1353/2750 train_time:3099.004s step_avg:2290.47ms
step:1354/2750 train_time:3101.292s step_avg:2290.47ms
step:1355/2750 train_time:3103.576s step_avg:2290.46ms
step:1356/2750 train_time:3105.861s step_avg:2290.46ms
step:1357/2750 train_time:3108.146s step_avg:2290.45ms
step:1358/2750 train_time:3110.434s step_avg:2290.45ms
step:1359/2750 train_time:3112.714s step_avg:2290.44ms
step:1360/2750 train_time:3115.002s step_avg:2290.44ms
step:1361/2750 train_time:3117.294s step_avg:2290.44ms
step:1362/2750 train_time:3119.580s step_avg:2290.44ms
step:1363/2750 train_time:3121.868s step_avg:2290.44ms
step:1364/2750 train_time:3124.158s step_avg:2290.44ms
step:1365/2750 train_time:3126.441s step_avg:2290.43ms
step:1366/2750 train_time:3128.731s step_avg:2290.43ms
step:1367/2750 train_time:3131.017s step_avg:2290.43ms
step:1368/2750 train_time:3133.303s step_avg:2290.43ms
step:1369/2750 train_time:3135.593s step_avg:2290.43ms
step:1370/2750 train_time:3137.880s step_avg:2290.42ms
step:1371/2750 train_time:3140.161s step_avg:2290.42ms
step:1372/2750 train_time:3142.450s step_avg:2290.42ms
step:1373/2750 train_time:3144.739s step_avg:2290.41ms
step:1374/2750 train_time:3147.027s step_avg:2290.41ms
step:1375/2750 train_time:3149.313s step_avg:2290.41ms
step:1375/2750 val_loss:3.52700 train_time:3149.313s step_avg:2287.27ms
step:1376/2750 train_time:3151.610s step_avg:2290.41ms
step:1377/2750 train_time:3153.894s step_avg:2290.41ms
step:1378/2750 train_time:3156.186s step_avg:2290.41ms
step:1379/2750 train_time:3158.474s step_avg:2290.41ms
step:1380/2750 train_time:3160.761s step_avg:2290.41ms
step:1381/2750 train_time:3163.050s step_avg:2290.41ms
step:1382/2750 train_time:3165.336s step_avg:2290.40ms
step:1383/2750 train_time:3167.622s step_avg:2290.40ms
step:1384/2750 train_time:3169.913s step_avg:2290.40ms
step:1385/2750 train_time:3172.201s step_avg:2290.40ms
step:1386/2750 train_time:3174.486s step_avg:2290.39ms
step:1387/2750 train_time:3176.771s step_avg:2290.39ms
step:1388/2750 train_time:3179.056s step_avg:2290.39ms
step:1389/2750 train_time:3181.344s step_avg:2290.38ms
step:1390/2750 train_time:3183.629s step_avg:2290.38ms
step:1391/2750 train_time:3185.920s step_avg:2290.38ms
step:1392/2750 train_time:3188.207s step_avg:2290.38ms
step:1393/2750 train_time:3190.493s step_avg:2290.38ms
step:1394/2750 train_time:3192.780s step_avg:2290.37ms
step:1395/2750 train_time:3195.066s step_avg:2290.37ms
step:1396/2750 train_time:3197.352s step_avg:2290.37ms
step:1397/2750 train_time:3199.638s step_avg:2290.36ms
step:1398/2750 train_time:3201.925s step_avg:2290.36ms
step:1399/2750 train_time:3204.212s step_avg:2290.36ms
step:1400/2750 train_time:3206.497s step_avg:2290.35ms
step:1401/2750 train_time:3208.779s step_avg:2290.35ms
step:1402/2750 train_time:3211.063s step_avg:2290.34ms
step:1403/2750 train_time:3213.350s step_avg:2290.34ms
step:1404/2750 train_time:3215.632s step_avg:2290.34ms
step:1405/2750 train_time:3217.922s step_avg:2290.34ms
step:1406/2750 train_time:3220.215s step_avg:2290.34ms
step:1407/2750 train_time:3222.502s step_avg:2290.34ms
step:1408/2750 train_time:3224.786s step_avg:2290.33ms
step:1409/2750 train_time:3227.077s step_avg:2290.33ms
step:1410/2750 train_time:3229.364s step_avg:2290.33ms
step:1411/2750 train_time:3231.653s step_avg:2290.33ms
step:1412/2750 train_time:3233.936s step_avg:2290.32ms
step:1413/2750 train_time:3236.224s step_avg:2290.32ms
step:1414/2750 train_time:3238.509s step_avg:2290.32ms
step:1415/2750 train_time:3240.796s step_avg:2290.31ms
step:1416/2750 train_time:3243.074s step_avg:2290.31ms
step:1417/2750 train_time:3245.361s step_avg:2290.30ms
step:1418/2750 train_time:3247.652s step_avg:2290.30ms
step:1419/2750 train_time:3249.936s step_avg:2290.30ms
step:1420/2750 train_time:3252.225s step_avg:2290.30ms
step:1421/2750 train_time:3254.517s step_avg:2290.30ms
step:1422/2750 train_time:3256.799s step_avg:2290.29ms
step:1423/2750 train_time:3259.089s step_avg:2290.29ms
step:1424/2750 train_time:3261.379s step_avg:2290.29ms
step:1425/2750 train_time:3263.666s step_avg:2290.29ms
step:1426/2750 train_time:3265.955s step_avg:2290.29ms
step:1427/2750 train_time:3268.243s step_avg:2290.29ms
step:1428/2750 train_time:3270.533s step_avg:2290.29ms
step:1429/2750 train_time:3272.824s step_avg:2290.29ms
step:1430/2750 train_time:3275.108s step_avg:2290.29ms
step:1431/2750 train_time:3277.397s step_avg:2290.28ms
step:1432/2750 train_time:3279.684s step_avg:2290.28ms
step:1433/2750 train_time:3281.971s step_avg:2290.28ms
step:1434/2750 train_time:3284.261s step_avg:2290.28ms
step:1435/2750 train_time:3286.546s step_avg:2290.28ms
step:1436/2750 train_time:3288.832s step_avg:2290.27ms
step:1437/2750 train_time:3291.122s step_avg:2290.27ms
step:1438/2750 train_time:3293.408s step_avg:2290.27ms
step:1439/2750 train_time:3295.692s step_avg:2290.27ms
step:1440/2750 train_time:3297.983s step_avg:2290.27ms
step:1441/2750 train_time:3300.271s step_avg:2290.26ms
step:1442/2750 train_time:3302.560s step_avg:2290.26ms
step:1443/2750 train_time:3304.850s step_avg:2290.26ms
step:1444/2750 train_time:3307.139s step_avg:2290.26ms
step:1445/2750 train_time:3309.423s step_avg:2290.26ms
step:1446/2750 train_time:3311.712s step_avg:2290.26ms
step:1447/2750 train_time:3313.998s step_avg:2290.25ms
step:1448/2750 train_time:3316.286s step_avg:2290.25ms
step:1449/2750 train_time:3318.575s step_avg:2290.25ms
step:1450/2750 train_time:3320.864s step_avg:2290.25ms
step:1451/2750 train_time:3323.148s step_avg:2290.25ms
step:1452/2750 train_time:3325.436s step_avg:2290.25ms
step:1453/2750 train_time:3327.727s step_avg:2290.25ms
step:1454/2750 train_time:3330.011s step_avg:2290.24ms
step:1455/2750 train_time:3332.297s step_avg:2290.24ms
step:1456/2750 train_time:3334.587s step_avg:2290.24ms
step:1457/2750 train_time:3336.871s step_avg:2290.23ms
step:1458/2750 train_time:3339.157s step_avg:2290.23ms
step:1459/2750 train_time:3341.448s step_avg:2290.23ms
step:1460/2750 train_time:3343.732s step_avg:2290.23ms
step:1461/2750 train_time:3346.019s step_avg:2290.23ms
step:1462/2750 train_time:3348.313s step_avg:2290.23ms
step:1463/2750 train_time:3350.599s step_avg:2290.22ms
step:1464/2750 train_time:3352.889s step_avg:2290.22ms
step:1465/2750 train_time:3355.180s step_avg:2290.22ms
step:1466/2750 train_time:3357.466s step_avg:2290.22ms
step:1467/2750 train_time:3359.754s step_avg:2290.22ms
step:1468/2750 train_time:3362.041s step_avg:2290.22ms
step:1469/2750 train_time:3364.325s step_avg:2290.21ms
step:1470/2750 train_time:3366.612s step_avg:2290.21ms
step:1471/2750 train_time:3368.895s step_avg:2290.21ms
step:1472/2750 train_time:3371.178s step_avg:2290.20ms
step:1473/2750 train_time:3373.466s step_avg:2290.20ms
step:1474/2750 train_time:3375.756s step_avg:2290.20ms
step:1475/2750 train_time:3378.041s step_avg:2290.20ms
step:1476/2750 train_time:3380.329s step_avg:2290.20ms
step:1477/2750 train_time:3382.617s step_avg:2290.19ms
step:1478/2750 train_time:3384.899s step_avg:2290.19ms
step:1479/2750 train_time:3387.187s step_avg:2290.19ms
step:1480/2750 train_time:3389.476s step_avg:2290.19ms
step:1481/2750 train_time:3391.759s step_avg:2290.18ms
step:1482/2750 train_time:3394.044s step_avg:2290.18ms
step:1483/2750 train_time:3396.336s step_avg:2290.18ms
step:1484/2750 train_time:3398.620s step_avg:2290.18ms
step:1485/2750 train_time:3400.906s step_avg:2290.17ms
step:1486/2750 train_time:3403.194s step_avg:2290.17ms
step:1487/2750 train_time:3405.478s step_avg:2290.17ms
step:1488/2750 train_time:3407.765s step_avg:2290.16ms
step:1489/2750 train_time:3410.055s step_avg:2290.16ms
step:1490/2750 train_time:3412.339s step_avg:2290.16ms
step:1491/2750 train_time:3414.626s step_avg:2290.16ms
step:1492/2750 train_time:3416.916s step_avg:2290.16ms
step:1493/2750 train_time:3419.201s step_avg:2290.15ms
step:1494/2750 train_time:3421.488s step_avg:2290.15ms
step:1495/2750 train_time:3423.776s step_avg:2290.15ms
step:1496/2750 train_time:3426.062s step_avg:2290.15ms
step:1497/2750 train_time:3428.350s step_avg:2290.15ms
step:1498/2750 train_time:3430.641s step_avg:2290.15ms
step:1499/2750 train_time:3432.936s step_avg:2290.15ms
step:1500/2750 train_time:3435.222s step_avg:2290.15ms
step:1500/2750 val_loss:3.49650 train_time:3435.223s step_avg:2287.28ms
step:1501/2750 train_time:3437.518s step_avg:2290.15ms
step:1502/2750 train_time:3439.807s step_avg:2290.15ms
step:1503/2750 train_time:3442.095s step_avg:2290.15ms
step:1504/2750 train_time:3444.382s step_avg:2290.15ms
step:1505/2750 train_time:3446.667s step_avg:2290.14ms
step:1506/2750 train_time:3448.952s step_avg:2290.14ms
step:1507/2750 train_time:3451.239s step_avg:2290.14ms
step:1508/2750 train_time:3453.527s step_avg:2290.14ms
step:1509/2750 train_time:3455.819s step_avg:2290.14ms
step:1510/2750 train_time:3458.107s step_avg:2290.14ms
step:1511/2750 train_time:3460.397s step_avg:2290.14ms
step:1512/2750 train_time:3462.686s step_avg:2290.14ms
step:1513/2750 train_time:3464.970s step_avg:2290.13ms
step:1514/2750 train_time:3467.260s step_avg:2290.13ms
step:1515/2750 train_time:3469.549s step_avg:2290.13ms
step:1516/2750 train_time:3471.834s step_avg:2290.13ms
step:1517/2750 train_time:3474.124s step_avg:2290.13ms
step:1518/2750 train_time:3476.410s step_avg:2290.12ms
step:1519/2750 train_time:3478.697s step_avg:2290.12ms
step:1520/2750 train_time:3480.988s step_avg:2290.12ms
step:1521/2750 train_time:3483.296s step_avg:2290.14ms
step:1522/2750 train_time:3485.580s step_avg:2290.13ms
step:1523/2750 train_time:3487.869s step_avg:2290.13ms
step:1524/2750 train_time:3490.155s step_avg:2290.13ms
step:1525/2750 train_time:3492.437s step_avg:2290.12ms
step:1526/2750 train_time:3494.725s step_avg:2290.12ms
step:1527/2750 train_time:3497.016s step_avg:2290.12ms
step:1528/2750 train_time:3499.301s step_avg:2290.12ms
step:1529/2750 train_time:3501.588s step_avg:2290.12ms
step:1530/2750 train_time:3503.876s step_avg:2290.12ms
step:1531/2750 train_time:3506.163s step_avg:2290.11ms
step:1532/2750 train_time:3508.448s step_avg:2290.11ms
step:1533/2750 train_time:3510.737s step_avg:2290.11ms
step:1534/2750 train_time:3513.022s step_avg:2290.11ms
step:1535/2750 train_time:3515.305s step_avg:2290.10ms
step:1536/2750 train_time:3517.598s step_avg:2290.10ms
step:1537/2750 train_time:3519.885s step_avg:2290.10ms
step:1538/2750 train_time:3522.173s step_avg:2290.10ms
step:1539/2750 train_time:3524.458s step_avg:2290.10ms
step:1540/2750 train_time:3526.743s step_avg:2290.09ms
step:1541/2750 train_time:3529.027s step_avg:2290.09ms
step:1542/2750 train_time:3531.320s step_avg:2290.09ms
step:1543/2750 train_time:3533.607s step_avg:2290.09ms
step:1544/2750 train_time:3535.895s step_avg:2290.09ms
step:1545/2750 train_time:3538.180s step_avg:2290.08ms
step:1546/2750 train_time:3540.460s step_avg:2290.08ms
step:1547/2750 train_time:3542.747s step_avg:2290.08ms
step:1548/2750 train_time:3545.037s step_avg:2290.08ms
step:1549/2750 train_time:3547.323s step_avg:2290.07ms
step:1550/2750 train_time:3549.607s step_avg:2290.07ms
step:1551/2750 train_time:3551.897s step_avg:2290.07ms
step:1552/2750 train_time:3554.185s step_avg:2290.07ms
step:1553/2750 train_time:3556.472s step_avg:2290.07ms
step:1554/2750 train_time:3558.755s step_avg:2290.06ms
step:1555/2750 train_time:3561.039s step_avg:2290.06ms
step:1556/2750 train_time:3563.327s step_avg:2290.06ms
step:1557/2750 train_time:3565.617s step_avg:2290.06ms
step:1558/2750 train_time:3567.903s step_avg:2290.05ms
step:1559/2750 train_time:3570.189s step_avg:2290.05ms
step:1560/2750 train_time:3572.477s step_avg:2290.05ms
step:1561/2750 train_time:3574.761s step_avg:2290.05ms
step:1562/2750 train_time:3577.046s step_avg:2290.04ms
step:1563/2750 train_time:3579.337s step_avg:2290.04ms
step:1564/2750 train_time:3581.620s step_avg:2290.04ms
step:1565/2750 train_time:3583.906s step_avg:2290.04ms
step:1566/2750 train_time:3586.195s step_avg:2290.03ms
step:1567/2750 train_time:3588.478s step_avg:2290.03ms
step:1568/2750 train_time:3590.765s step_avg:2290.03ms
step:1569/2750 train_time:3593.058s step_avg:2290.03ms
step:1570/2750 train_time:3595.346s step_avg:2290.03ms
step:1571/2750 train_time:3597.631s step_avg:2290.03ms
step:1572/2750 train_time:3599.917s step_avg:2290.02ms
step:1573/2750 train_time:3602.198s step_avg:2290.02ms
step:1574/2750 train_time:3604.484s step_avg:2290.01ms
step:1575/2750 train_time:3606.775s step_avg:2290.02ms
step:1576/2750 train_time:3609.060s step_avg:2290.01ms
step:1577/2750 train_time:3611.342s step_avg:2290.01ms
step:1578/2750 train_time:3613.628s step_avg:2290.01ms
step:1579/2750 train_time:3615.911s step_avg:2290.00ms
step:1580/2750 train_time:3618.198s step_avg:2290.00ms
step:1581/2750 train_time:3620.490s step_avg:2290.00ms
step:1582/2750 train_time:3622.772s step_avg:2289.99ms
step:1583/2750 train_time:3625.056s step_avg:2289.99ms
step:1584/2750 train_time:3627.343s step_avg:2289.99ms
step:1585/2750 train_time:3629.626s step_avg:2289.98ms
step:1586/2750 train_time:3631.917s step_avg:2289.99ms
step:1587/2750 train_time:3634.205s step_avg:2289.98ms
step:1588/2750 train_time:3636.488s step_avg:2289.98ms
step:1589/2750 train_time:3638.774s step_avg:2289.98ms
step:1590/2750 train_time:3641.061s step_avg:2289.98ms
step:1591/2750 train_time:3643.341s step_avg:2289.97ms
step:1592/2750 train_time:3645.627s step_avg:2289.97ms
step:1593/2750 train_time:3647.911s step_avg:2289.96ms
step:1594/2750 train_time:3650.195s step_avg:2289.96ms
step:1595/2750 train_time:3652.486s step_avg:2289.96ms
step:1596/2750 train_time:3654.771s step_avg:2289.96ms
step:1597/2750 train_time:3657.054s step_avg:2289.95ms
step:1598/2750 train_time:3659.341s step_avg:2289.95ms
step:1599/2750 train_time:3661.631s step_avg:2289.95ms
step:1600/2750 train_time:3663.917s step_avg:2289.95ms
step:1601/2750 train_time:3666.207s step_avg:2289.95ms
step:1602/2750 train_time:3668.491s step_avg:2289.94ms
step:1603/2750 train_time:3670.777s step_avg:2289.94ms
step:1604/2750 train_time:3673.065s step_avg:2289.94ms
step:1605/2750 train_time:3675.350s step_avg:2289.94ms
step:1606/2750 train_time:3677.634s step_avg:2289.93ms
step:1607/2750 train_time:3679.925s step_avg:2289.93ms
step:1608/2750 train_time:3682.211s step_avg:2289.93ms
step:1609/2750 train_time:3684.498s step_avg:2289.93ms
step:1610/2750 train_time:3686.788s step_avg:2289.93ms
step:1611/2750 train_time:3689.071s step_avg:2289.93ms
step:1612/2750 train_time:3691.358s step_avg:2289.92ms
step:1613/2750 train_time:3693.650s step_avg:2289.93ms
step:1614/2750 train_time:3695.932s step_avg:2289.92ms
step:1615/2750 train_time:3698.215s step_avg:2289.92ms
step:1616/2750 train_time:3700.502s step_avg:2289.91ms
step:1617/2750 train_time:3702.791s step_avg:2289.91ms
step:1618/2750 train_time:3705.076s step_avg:2289.91ms
step:1619/2750 train_time:3707.367s step_avg:2289.91ms
step:1620/2750 train_time:3709.652s step_avg:2289.91ms
step:1621/2750 train_time:3711.938s step_avg:2289.91ms
step:1622/2750 train_time:3714.228s step_avg:2289.91ms
step:1623/2750 train_time:3716.513s step_avg:2289.90ms
step:1624/2750 train_time:3718.798s step_avg:2289.90ms
step:1625/2750 train_time:3721.090s step_avg:2289.90ms
step:1625/2750 val_loss:3.47121 train_time:3721.090s step_avg:2286.94ms
step:1626/2750 train_time:3723.382s step_avg:2289.90ms
step:1627/2750 train_time:3725.670s step_avg:2289.90ms
step:1628/2750 train_time:3727.955s step_avg:2289.90ms
step:1629/2750 train_time:3730.243s step_avg:2289.90ms
step:1630/2750 train_time:3732.531s step_avg:2289.90ms
step:1631/2750 train_time:3734.822s step_avg:2289.90ms
step:1632/2750 train_time:3737.114s step_avg:2289.90ms
step:1633/2750 train_time:3739.400s step_avg:2289.90ms
step:1634/2750 train_time:3741.691s step_avg:2289.90ms
step:1635/2750 train_time:3743.976s step_avg:2289.89ms
step:1636/2750 train_time:3746.263s step_avg:2289.89ms
step:1637/2750 train_time:3748.555s step_avg:2289.89ms
step:1638/2750 train_time:3750.838s step_avg:2289.89ms
step:1639/2750 train_time:3753.130s step_avg:2289.89ms
step:1640/2750 train_time:3755.418s step_avg:2289.89ms
step:1641/2750 train_time:3757.704s step_avg:2289.89ms
step:1642/2750 train_time:3759.989s step_avg:2289.88ms
step:1643/2750 train_time:3762.280s step_avg:2289.88ms
step:1644/2750 train_time:3764.572s step_avg:2289.89ms
step:1645/2750 train_time:3766.855s step_avg:2289.88ms
step:1646/2750 train_time:3769.141s step_avg:2289.88ms
step:1647/2750 train_time:3771.429s step_avg:2289.88ms
step:1648/2750 train_time:3773.714s step_avg:2289.87ms
step:1649/2750 train_time:3776.004s step_avg:2289.87ms
step:1650/2750 train_time:3778.294s step_avg:2289.88ms
step:1651/2750 train_time:3780.579s step_avg:2289.87ms
step:1652/2750 train_time:3782.867s step_avg:2289.87ms
step:1653/2750 train_time:3785.159s step_avg:2289.87ms
step:1654/2750 train_time:3787.442s step_avg:2289.87ms
step:1655/2750 train_time:3789.729s step_avg:2289.87ms
step:1656/2750 train_time:3792.019s step_avg:2289.87ms
step:1657/2750 train_time:3794.304s step_avg:2289.86ms
step:1658/2750 train_time:3796.591s step_avg:2289.86ms
step:1659/2750 train_time:3798.883s step_avg:2289.86ms
step:1660/2750 train_time:3801.173s step_avg:2289.86ms
step:1661/2750 train_time:3803.460s step_avg:2289.86ms
step:1662/2750 train_time:3805.747s step_avg:2289.86ms
step:1663/2750 train_time:3808.033s step_avg:2289.86ms
step:1664/2750 train_time:3810.317s step_avg:2289.85ms
step:1665/2750 train_time:3812.605s step_avg:2289.85ms
step:1666/2750 train_time:3814.892s step_avg:2289.85ms
step:1667/2750 train_time:3817.179s step_avg:2289.85ms
step:1668/2750 train_time:3819.465s step_avg:2289.85ms
step:1669/2750 train_time:3821.751s step_avg:2289.84ms
step:1670/2750 train_time:3824.036s step_avg:2289.84ms
step:1671/2750 train_time:3826.323s step_avg:2289.84ms
step:1672/2750 train_time:3828.609s step_avg:2289.84ms
step:1673/2750 train_time:3830.897s step_avg:2289.84ms
step:1674/2750 train_time:3833.187s step_avg:2289.84ms
step:1675/2750 train_time:3835.475s step_avg:2289.84ms
step:1676/2750 train_time:3837.763s step_avg:2289.83ms
step:1677/2750 train_time:3840.053s step_avg:2289.83ms
step:1678/2750 train_time:3842.344s step_avg:2289.84ms
step:1679/2750 train_time:3844.633s step_avg:2289.84ms
step:1680/2750 train_time:3846.919s step_avg:2289.83ms
step:1681/2750 train_time:3849.210s step_avg:2289.83ms
step:1682/2750 train_time:3851.498s step_avg:2289.83ms
step:1683/2750 train_time:3853.786s step_avg:2289.83ms
step:1684/2750 train_time:3856.078s step_avg:2289.83ms
step:1685/2750 train_time:3858.363s step_avg:2289.83ms
step:1686/2750 train_time:3860.649s step_avg:2289.83ms
step:1687/2750 train_time:3862.940s step_avg:2289.83ms
step:1688/2750 train_time:3865.227s step_avg:2289.83ms
step:1689/2750 train_time:3867.507s step_avg:2289.82ms
step:1690/2750 train_time:3869.797s step_avg:2289.82ms
step:1691/2750 train_time:3872.079s step_avg:2289.82ms
step:1692/2750 train_time:3874.365s step_avg:2289.81ms
step:1693/2750 train_time:3876.656s step_avg:2289.81ms
step:1694/2750 train_time:3878.936s step_avg:2289.81ms
step:1695/2750 train_time:3881.220s step_avg:2289.81ms
step:1696/2750 train_time:3883.509s step_avg:2289.80ms
step:1697/2750 train_time:3885.797s step_avg:2289.80ms
step:1698/2750 train_time:3888.080s step_avg:2289.80ms
step:1699/2750 train_time:3890.369s step_avg:2289.80ms
step:1700/2750 train_time:3892.657s step_avg:2289.80ms
step:1701/2750 train_time:3894.941s step_avg:2289.79ms
step:1702/2750 train_time:3897.229s step_avg:2289.79ms
step:1703/2750 train_time:3899.517s step_avg:2289.79ms
step:1704/2750 train_time:3901.799s step_avg:2289.79ms
step:1705/2750 train_time:3904.088s step_avg:2289.79ms
step:1706/2750 train_time:3906.376s step_avg:2289.79ms
step:1707/2750 train_time:3908.659s step_avg:2289.78ms
step:1708/2750 train_time:3910.949s step_avg:2289.78ms
step:1709/2750 train_time:3913.235s step_avg:2289.78ms
step:1710/2750 train_time:3915.519s step_avg:2289.78ms
step:1711/2750 train_time:3917.824s step_avg:2289.79ms
step:1712/2750 train_time:3920.115s step_avg:2289.79ms
step:1713/2750 train_time:3922.398s step_avg:2289.78ms
step:1714/2750 train_time:3924.687s step_avg:2289.78ms
step:1715/2750 train_time:3926.978s step_avg:2289.78ms
step:1716/2750 train_time:3929.263s step_avg:2289.78ms
step:1717/2750 train_time:3931.549s step_avg:2289.78ms
step:1718/2750 train_time:3933.844s step_avg:2289.78ms
step:1719/2750 train_time:3936.128s step_avg:2289.78ms
step:1720/2750 train_time:3938.417s step_avg:2289.78ms
step:1721/2750 train_time:3940.704s step_avg:2289.78ms
step:1722/2750 train_time:3942.993s step_avg:2289.78ms
step:1723/2750 train_time:3945.280s step_avg:2289.77ms
step:1724/2750 train_time:3947.568s step_avg:2289.77ms
step:1725/2750 train_time:3949.856s step_avg:2289.77ms
step:1726/2750 train_time:3952.145s step_avg:2289.77ms
step:1727/2750 train_time:3954.432s step_avg:2289.77ms
step:1728/2750 train_time:3956.718s step_avg:2289.77ms
step:1729/2750 train_time:3959.005s step_avg:2289.77ms
step:1730/2750 train_time:3961.291s step_avg:2289.76ms
step:1731/2750 train_time:3963.578s step_avg:2289.76ms
step:1732/2750 train_time:3965.864s step_avg:2289.76ms
step:1733/2750 train_time:3968.150s step_avg:2289.76ms
step:1734/2750 train_time:3970.430s step_avg:2289.75ms
step:1735/2750 train_time:3972.713s step_avg:2289.75ms
step:1736/2750 train_time:3975.004s step_avg:2289.75ms
step:1737/2750 train_time:3977.292s step_avg:2289.75ms
step:1738/2750 train_time:3979.579s step_avg:2289.75ms
step:1739/2750 train_time:3981.868s step_avg:2289.75ms
step:1740/2750 train_time:3984.157s step_avg:2289.75ms
step:1741/2750 train_time:3986.446s step_avg:2289.75ms
step:1742/2750 train_time:3988.732s step_avg:2289.74ms
step:1743/2750 train_time:3991.017s step_avg:2289.74ms
step:1744/2750 train_time:3993.304s step_avg:2289.74ms
step:1745/2750 train_time:3995.591s step_avg:2289.74ms
step:1746/2750 train_time:3997.873s step_avg:2289.73ms
step:1747/2750 train_time:4000.159s step_avg:2289.73ms
step:1748/2750 train_time:4002.447s step_avg:2289.73ms
step:1749/2750 train_time:4004.733s step_avg:2289.73ms
step:1750/2750 train_time:4007.020s step_avg:2289.73ms
step:1750/2750 val_loss:3.44016 train_time:4007.020s step_avg:2287.44ms
step:1751/2750 train_time:4009.315s step_avg:2289.73ms
step:1752/2750 train_time:4011.599s step_avg:2289.73ms
step:1753/2750 train_time:4013.889s step_avg:2289.73ms
step:1754/2750 train_time:4016.181s step_avg:2289.73ms
step:1755/2750 train_time:4018.463s step_avg:2289.72ms
step:1756/2750 train_time:4020.751s step_avg:2289.72ms
step:1757/2750 train_time:4023.043s step_avg:2289.72ms
step:1758/2750 train_time:4025.333s step_avg:2289.72ms
step:1759/2750 train_time:4027.624s step_avg:2289.72ms
step:1760/2750 train_time:4029.915s step_avg:2289.72ms
step:1761/2750 train_time:4032.203s step_avg:2289.72ms
step:1762/2750 train_time:4034.493s step_avg:2289.72ms
step:1763/2750 train_time:4036.777s step_avg:2289.72ms
step:1764/2750 train_time:4039.066s step_avg:2289.72ms
step:1765/2750 train_time:4041.353s step_avg:2289.72ms
step:1766/2750 train_time:4043.640s step_avg:2289.72ms
step:1767/2750 train_time:4045.928s step_avg:2289.72ms
step:1768/2750 train_time:4048.217s step_avg:2289.72ms
step:1769/2750 train_time:4050.504s step_avg:2289.71ms
step:1770/2750 train_time:4052.792s step_avg:2289.71ms
step:1771/2750 train_time:4055.077s step_avg:2289.71ms
step:1772/2750 train_time:4057.363s step_avg:2289.71ms
step:1773/2750 train_time:4059.655s step_avg:2289.71ms
step:1774/2750 train_time:4061.942s step_avg:2289.71ms
step:1775/2750 train_time:4064.232s step_avg:2289.71ms
step:1776/2750 train_time:4066.522s step_avg:2289.71ms
step:1777/2750 train_time:4068.814s step_avg:2289.71ms
step:1778/2750 train_time:4071.096s step_avg:2289.71ms
step:1779/2750 train_time:4073.385s step_avg:2289.70ms
step:1780/2750 train_time:4075.678s step_avg:2289.71ms
step:1781/2750 train_time:4077.961s step_avg:2289.70ms
step:1782/2750 train_time:4080.252s step_avg:2289.70ms
step:1783/2750 train_time:4082.546s step_avg:2289.71ms
step:1784/2750 train_time:4084.834s step_avg:2289.71ms
step:1785/2750 train_time:4087.121s step_avg:2289.70ms
step:1786/2750 train_time:4089.404s step_avg:2289.70ms
step:1787/2750 train_time:4091.688s step_avg:2289.70ms
step:1788/2750 train_time:4093.974s step_avg:2289.69ms
step:1789/2750 train_time:4096.262s step_avg:2289.69ms
step:1790/2750 train_time:4098.548s step_avg:2289.69ms
step:1791/2750 train_time:4100.834s step_avg:2289.69ms
step:1792/2750 train_time:4103.122s step_avg:2289.69ms
step:1793/2750 train_time:4105.405s step_avg:2289.69ms
step:1794/2750 train_time:4107.691s step_avg:2289.68ms
step:1795/2750 train_time:4109.985s step_avg:2289.69ms
step:1796/2750 train_time:4112.273s step_avg:2289.68ms
step:1797/2750 train_time:4114.560s step_avg:2289.68ms
step:1798/2750 train_time:4116.848s step_avg:2289.68ms
step:1799/2750 train_time:4119.131s step_avg:2289.68ms
step:1800/2750 train_time:4121.417s step_avg:2289.68ms
step:1801/2750 train_time:4123.705s step_avg:2289.68ms
step:1802/2750 train_time:4125.985s step_avg:2289.67ms
step:1803/2750 train_time:4128.274s step_avg:2289.67ms
step:1804/2750 train_time:4130.564s step_avg:2289.67ms
step:1805/2750 train_time:4132.851s step_avg:2289.67ms
step:1806/2750 train_time:4135.138s step_avg:2289.67ms
step:1807/2750 train_time:4137.427s step_avg:2289.67ms
step:1808/2750 train_time:4139.713s step_avg:2289.66ms
step:1809/2750 train_time:4142.000s step_avg:2289.66ms
step:1810/2750 train_time:4144.287s step_avg:2289.66ms
step:1811/2750 train_time:4146.575s step_avg:2289.66ms
step:1812/2750 train_time:4148.865s step_avg:2289.66ms
step:1813/2750 train_time:4151.153s step_avg:2289.66ms
step:1814/2750 train_time:4153.442s step_avg:2289.66ms
step:1815/2750 train_time:4155.734s step_avg:2289.66ms
step:1816/2750 train_time:4158.018s step_avg:2289.66ms
step:1817/2750 train_time:4160.311s step_avg:2289.66ms
step:1818/2750 train_time:4162.600s step_avg:2289.66ms
step:1819/2750 train_time:4164.887s step_avg:2289.66ms
step:1820/2750 train_time:4167.176s step_avg:2289.66ms
step:1821/2750 train_time:4169.460s step_avg:2289.65ms
step:1822/2750 train_time:4171.751s step_avg:2289.65ms
step:1823/2750 train_time:4174.044s step_avg:2289.66ms
step:1824/2750 train_time:4176.341s step_avg:2289.66ms
step:1825/2750 train_time:4178.626s step_avg:2289.66ms
step:1826/2750 train_time:4180.915s step_avg:2289.66ms
step:1827/2750 train_time:4183.205s step_avg:2289.66ms
step:1828/2750 train_time:4185.486s step_avg:2289.65ms
step:1829/2750 train_time:4187.775s step_avg:2289.65ms
step:1830/2750 train_time:4190.065s step_avg:2289.65ms
step:1831/2750 train_time:4192.351s step_avg:2289.65ms
step:1832/2750 train_time:4194.638s step_avg:2289.65ms
step:1833/2750 train_time:4196.927s step_avg:2289.65ms
step:1834/2750 train_time:4199.214s step_avg:2289.65ms
step:1835/2750 train_time:4201.499s step_avg:2289.65ms
step:1836/2750 train_time:4203.786s step_avg:2289.64ms
step:1837/2750 train_time:4206.073s step_avg:2289.64ms
step:1838/2750 train_time:4208.360s step_avg:2289.64ms
step:1839/2750 train_time:4210.652s step_avg:2289.64ms
step:1840/2750 train_time:4212.937s step_avg:2289.64ms
step:1841/2750 train_time:4215.226s step_avg:2289.64ms
step:1842/2750 train_time:4217.516s step_avg:2289.64ms
step:1843/2750 train_time:4219.806s step_avg:2289.64ms
step:1844/2750 train_time:4222.094s step_avg:2289.64ms
step:1845/2750 train_time:4224.378s step_avg:2289.64ms
step:1846/2750 train_time:4226.665s step_avg:2289.63ms
step:1847/2750 train_time:4228.953s step_avg:2289.63ms
step:1848/2750 train_time:4231.240s step_avg:2289.63ms
step:1849/2750 train_time:4233.532s step_avg:2289.63ms
step:1850/2750 train_time:4235.819s step_avg:2289.63ms
step:1851/2750 train_time:4238.106s step_avg:2289.63ms
step:1852/2750 train_time:4240.398s step_avg:2289.63ms
step:1853/2750 train_time:4242.686s step_avg:2289.63ms
step:1854/2750 train_time:4244.972s step_avg:2289.63ms
step:1855/2750 train_time:4247.264s step_avg:2289.63ms
step:1856/2750 train_time:4249.555s step_avg:2289.63ms
step:1857/2750 train_time:4251.841s step_avg:2289.63ms
step:1858/2750 train_time:4254.130s step_avg:2289.63ms
step:1859/2750 train_time:4256.421s step_avg:2289.63ms
step:1860/2750 train_time:4258.702s step_avg:2289.62ms
step:1861/2750 train_time:4260.993s step_avg:2289.63ms
step:1862/2750 train_time:4263.289s step_avg:2289.63ms
step:1863/2750 train_time:4265.577s step_avg:2289.63ms
step:1864/2750 train_time:4267.864s step_avg:2289.63ms
step:1865/2750 train_time:4270.149s step_avg:2289.62ms
step:1866/2750 train_time:4272.436s step_avg:2289.62ms
step:1867/2750 train_time:4274.726s step_avg:2289.62ms
step:1868/2750 train_time:4277.012s step_avg:2289.62ms
step:1869/2750 train_time:4279.297s step_avg:2289.62ms
step:1870/2750 train_time:4281.585s step_avg:2289.62ms
step:1871/2750 train_time:4283.871s step_avg:2289.62ms
step:1872/2750 train_time:4286.154s step_avg:2289.61ms
step:1873/2750 train_time:4288.442s step_avg:2289.61ms
step:1874/2750 train_time:4290.726s step_avg:2289.61ms
step:1875/2750 train_time:4293.011s step_avg:2289.61ms
step:1875/2750 val_loss:3.41324 train_time:4293.011s step_avg:2287.93ms
step:1876/2750 train_time:4295.306s step_avg:2289.61ms
step:1877/2750 train_time:4297.596s step_avg:2289.61ms
step:1878/2750 train_time:4299.884s step_avg:2289.61ms
step:1879/2750 train_time:4302.171s step_avg:2289.61ms
step:1880/2750 train_time:4304.462s step_avg:2289.61ms
step:1881/2750 train_time:4306.759s step_avg:2289.61ms
step:1882/2750 train_time:4309.047s step_avg:2289.61ms
step:1883/2750 train_time:4311.336s step_avg:2289.61ms
step:1884/2750 train_time:4313.627s step_avg:2289.61ms
step:1885/2750 train_time:4315.918s step_avg:2289.61ms
step:1886/2750 train_time:4318.204s step_avg:2289.61ms
step:1887/2750 train_time:4320.495s step_avg:2289.61ms
step:1888/2750 train_time:4322.781s step_avg:2289.61ms
step:1889/2750 train_time:4325.070s step_avg:2289.61ms
step:1890/2750 train_time:4327.361s step_avg:2289.61ms
step:1891/2750 train_time:4329.649s step_avg:2289.61ms
step:1892/2750 train_time:4331.932s step_avg:2289.60ms
step:1893/2750 train_time:4334.224s step_avg:2289.61ms
step:1894/2750 train_time:4336.515s step_avg:2289.61ms
step:1895/2750 train_time:4338.800s step_avg:2289.60ms
step:1896/2750 train_time:4341.089s step_avg:2289.60ms
step:1897/2750 train_time:4343.378s step_avg:2289.60ms
step:1898/2750 train_time:4345.661s step_avg:2289.60ms
step:1899/2750 train_time:4347.950s step_avg:2289.60ms
step:1900/2750 train_time:4350.245s step_avg:2289.60ms
step:1901/2750 train_time:4352.553s step_avg:2289.61ms
step:1902/2750 train_time:4354.838s step_avg:2289.61ms
step:1903/2750 train_time:4357.122s step_avg:2289.61ms
step:1904/2750 train_time:4359.417s step_avg:2289.61ms
step:1905/2750 train_time:4361.703s step_avg:2289.61ms
step:1906/2750 train_time:4363.989s step_avg:2289.61ms
step:1907/2750 train_time:4366.281s step_avg:2289.61ms
step:1908/2750 train_time:4368.573s step_avg:2289.61ms
step:1909/2750 train_time:4370.858s step_avg:2289.61ms
step:1910/2750 train_time:4373.145s step_avg:2289.60ms
step:1911/2750 train_time:4375.437s step_avg:2289.61ms
step:1912/2750 train_time:4377.720s step_avg:2289.60ms
step:1913/2750 train_time:4380.007s step_avg:2289.60ms
step:1914/2750 train_time:4382.300s step_avg:2289.60ms
step:1915/2750 train_time:4384.581s step_avg:2289.60ms
step:1916/2750 train_time:4386.870s step_avg:2289.60ms
step:1917/2750 train_time:4389.163s step_avg:2289.60ms
step:1918/2750 train_time:4391.446s step_avg:2289.60ms
step:1919/2750 train_time:4393.731s step_avg:2289.59ms
step:1920/2750 train_time:4396.023s step_avg:2289.60ms
step:1921/2750 train_time:4398.309s step_avg:2289.59ms
step:1922/2750 train_time:4400.599s step_avg:2289.59ms
step:1923/2750 train_time:4402.885s step_avg:2289.59ms
step:1924/2750 train_time:4405.173s step_avg:2289.59ms
step:1925/2750 train_time:4407.458s step_avg:2289.59ms
step:1926/2750 train_time:4409.747s step_avg:2289.59ms
step:1927/2750 train_time:4412.028s step_avg:2289.58ms
step:1928/2750 train_time:4414.315s step_avg:2289.58ms
step:1929/2750 train_time:4416.605s step_avg:2289.58ms
step:1930/2750 train_time:4418.894s step_avg:2289.58ms
step:1931/2750 train_time:4421.177s step_avg:2289.58ms
step:1932/2750 train_time:4423.463s step_avg:2289.58ms
step:1933/2750 train_time:4425.746s step_avg:2289.57ms
step:1934/2750 train_time:4428.034s step_avg:2289.57ms
step:1935/2750 train_time:4430.322s step_avg:2289.57ms
step:1936/2750 train_time:4432.609s step_avg:2289.57ms
step:1937/2750 train_time:4434.898s step_avg:2289.57ms
step:1938/2750 train_time:4437.192s step_avg:2289.57ms
step:1939/2750 train_time:4439.483s step_avg:2289.57ms
step:1940/2750 train_time:4441.771s step_avg:2289.57ms
step:1941/2750 train_time:4444.059s step_avg:2289.57ms
step:1942/2750 train_time:4446.350s step_avg:2289.57ms
step:1943/2750 train_time:4448.639s step_avg:2289.57ms
step:1944/2750 train_time:4450.926s step_avg:2289.57ms
step:1945/2750 train_time:4453.215s step_avg:2289.57ms
step:1946/2750 train_time:4455.503s step_avg:2289.57ms
step:1947/2750 train_time:4457.790s step_avg:2289.57ms
step:1948/2750 train_time:4460.080s step_avg:2289.57ms
step:1949/2750 train_time:4462.368s step_avg:2289.57ms
step:1950/2750 train_time:4464.654s step_avg:2289.57ms
step:1951/2750 train_time:4466.942s step_avg:2289.57ms
step:1952/2750 train_time:4469.225s step_avg:2289.56ms
step:1953/2750 train_time:4471.514s step_avg:2289.56ms
step:1954/2750 train_time:4473.806s step_avg:2289.56ms
step:1955/2750 train_time:4476.096s step_avg:2289.56ms
step:1956/2750 train_time:4478.382s step_avg:2289.56ms
step:1957/2750 train_time:4480.670s step_avg:2289.56ms
step:1958/2750 train_time:4482.960s step_avg:2289.56ms
step:1959/2750 train_time:4485.242s step_avg:2289.56ms
step:1960/2750 train_time:4487.529s step_avg:2289.56ms
step:1961/2750 train_time:4489.815s step_avg:2289.55ms
step:1962/2750 train_time:4492.097s step_avg:2289.55ms
step:1963/2750 train_time:4494.389s step_avg:2289.55ms
step:1964/2750 train_time:4496.676s step_avg:2289.55ms
step:1965/2750 train_time:4498.962s step_avg:2289.55ms
step:1966/2750 train_time:4501.246s step_avg:2289.55ms
step:1967/2750 train_time:4503.539s step_avg:2289.55ms
step:1968/2750 train_time:4505.821s step_avg:2289.54ms
step:1969/2750 train_time:4508.107s step_avg:2289.54ms
step:1970/2750 train_time:4510.398s step_avg:2289.54ms
step:1971/2750 train_time:4512.680s step_avg:2289.54ms
step:1972/2750 train_time:4514.972s step_avg:2289.54ms
step:1973/2750 train_time:4517.260s step_avg:2289.54ms
step:1974/2750 train_time:4519.541s step_avg:2289.53ms
step:1975/2750 train_time:4521.828s step_avg:2289.53ms
step:1976/2750 train_time:4524.119s step_avg:2289.53ms
step:1977/2750 train_time:4526.402s step_avg:2289.53ms
step:1978/2750 train_time:4528.687s step_avg:2289.53ms
step:1979/2750 train_time:4530.978s step_avg:2289.53ms
step:1980/2750 train_time:4533.256s step_avg:2289.52ms
step:1981/2750 train_time:4535.546s step_avg:2289.52ms
step:1982/2750 train_time:4537.837s step_avg:2289.52ms
step:1983/2750 train_time:4540.118s step_avg:2289.52ms
step:1984/2750 train_time:4542.405s step_avg:2289.52ms
step:1985/2750 train_time:4544.698s step_avg:2289.52ms
step:1986/2750 train_time:4546.984s step_avg:2289.52ms
step:1987/2750 train_time:4549.271s step_avg:2289.52ms
step:1988/2750 train_time:4551.562s step_avg:2289.52ms
step:1989/2750 train_time:4553.842s step_avg:2289.51ms
step:1990/2750 train_time:4556.125s step_avg:2289.51ms
step:1991/2750 train_time:4558.407s step_avg:2289.51ms
step:1992/2750 train_time:4560.696s step_avg:2289.51ms
step:1993/2750 train_time:4562.985s step_avg:2289.51ms
step:1994/2750 train_time:4565.273s step_avg:2289.50ms
step:1995/2750 train_time:4567.556s step_avg:2289.50ms
step:1996/2750 train_time:4569.847s step_avg:2289.50ms
step:1997/2750 train_time:4572.135s step_avg:2289.50ms
step:1998/2750 train_time:4574.414s step_avg:2289.50ms
step:1999/2750 train_time:4576.704s step_avg:2289.50ms
step:2000/2750 train_time:4578.996s step_avg:2289.50ms
step:2000/2750 val_loss:3.38172 train_time:4578.996s step_avg:2287.88ms
step:2001/2750 train_time:4581.294s step_avg:2289.50ms
step:2002/2750 train_time:4583.584s step_avg:2289.50ms
step:2003/2750 train_time:4585.876s step_avg:2289.50ms
step:2004/2750 train_time:4588.162s step_avg:2289.50ms
step:2005/2750 train_time:4590.453s step_avg:2289.50ms
step:2006/2750 train_time:4592.743s step_avg:2289.50ms
step:2007/2750 train_time:4595.030s step_avg:2289.50ms
step:2008/2750 train_time:4597.322s step_avg:2289.50ms
step:2009/2750 train_time:4599.611s step_avg:2289.50ms
step:2010/2750 train_time:4601.903s step_avg:2289.50ms
step:2011/2750 train_time:4604.194s step_avg:2289.50ms
step:2012/2750 train_time:4606.479s step_avg:2289.50ms
step:2013/2750 train_time:4608.768s step_avg:2289.50ms
step:2014/2750 train_time:4611.056s step_avg:2289.50ms
step:2015/2750 train_time:4613.348s step_avg:2289.50ms
step:2016/2750 train_time:4615.638s step_avg:2289.50ms
step:2017/2750 train_time:4617.931s step_avg:2289.50ms
step:2018/2750 train_time:4620.218s step_avg:2289.50ms
step:2019/2750 train_time:4622.506s step_avg:2289.50ms
step:2020/2750 train_time:4624.801s step_avg:2289.51ms
step:2021/2750 train_time:4627.092s step_avg:2289.51ms
step:2022/2750 train_time:4629.380s step_avg:2289.51ms
step:2023/2750 train_time:4631.668s step_avg:2289.50ms
step:2024/2750 train_time:4633.956s step_avg:2289.50ms
step:2025/2750 train_time:4636.250s step_avg:2289.51ms
step:2026/2750 train_time:4638.540s step_avg:2289.51ms
step:2027/2750 train_time:4640.831s step_avg:2289.51ms
step:2028/2750 train_time:4643.112s step_avg:2289.50ms
step:2029/2750 train_time:4645.405s step_avg:2289.50ms
step:2030/2750 train_time:4647.695s step_avg:2289.51ms
step:2031/2750 train_time:4649.984s step_avg:2289.50ms
step:2032/2750 train_time:4652.268s step_avg:2289.50ms
step:2033/2750 train_time:4654.560s step_avg:2289.50ms
step:2034/2750 train_time:4656.851s step_avg:2289.50ms
step:2035/2750 train_time:4659.139s step_avg:2289.50ms
step:2036/2750 train_time:4661.430s step_avg:2289.50ms
step:2037/2750 train_time:4663.722s step_avg:2289.51ms
step:2038/2750 train_time:4666.008s step_avg:2289.50ms
step:2039/2750 train_time:4668.296s step_avg:2289.50ms
step:2040/2750 train_time:4670.588s step_avg:2289.50ms
step:2041/2750 train_time:4672.878s step_avg:2289.50ms
step:2042/2750 train_time:4675.170s step_avg:2289.51ms
step:2043/2750 train_time:4677.457s step_avg:2289.50ms
step:2044/2750 train_time:4679.747s step_avg:2289.50ms
step:2045/2750 train_time:4682.036s step_avg:2289.50ms
step:2046/2750 train_time:4684.324s step_avg:2289.50ms
step:2047/2750 train_time:4686.614s step_avg:2289.50ms
step:2048/2750 train_time:4688.905s step_avg:2289.50ms
step:2049/2750 train_time:4691.187s step_avg:2289.50ms
step:2050/2750 train_time:4693.484s step_avg:2289.50ms
step:2051/2750 train_time:4695.777s step_avg:2289.51ms
step:2052/2750 train_time:4698.066s step_avg:2289.51ms
step:2053/2750 train_time:4700.353s step_avg:2289.50ms
step:2054/2750 train_time:4702.640s step_avg:2289.50ms
step:2055/2750 train_time:4704.931s step_avg:2289.50ms
step:2056/2750 train_time:4707.222s step_avg:2289.50ms
step:2057/2750 train_time:4709.512s step_avg:2289.51ms
step:2058/2750 train_time:4711.804s step_avg:2289.51ms
step:2059/2750 train_time:4714.096s step_avg:2289.51ms
step:2060/2750 train_time:4716.383s step_avg:2289.51ms
step:2061/2750 train_time:4718.675s step_avg:2289.51ms
step:2062/2750 train_time:4720.960s step_avg:2289.51ms
step:2063/2750 train_time:4723.255s step_avg:2289.51ms
step:2064/2750 train_time:4725.542s step_avg:2289.51ms
step:2065/2750 train_time:4727.834s step_avg:2289.51ms
step:2066/2750 train_time:4730.119s step_avg:2289.51ms
step:2067/2750 train_time:4732.411s step_avg:2289.51ms
step:2068/2750 train_time:4734.703s step_avg:2289.51ms
step:2069/2750 train_time:4736.989s step_avg:2289.51ms
step:2070/2750 train_time:4739.280s step_avg:2289.51ms
step:2071/2750 train_time:4741.572s step_avg:2289.51ms
step:2072/2750 train_time:4743.863s step_avg:2289.51ms
step:2073/2750 train_time:4746.152s step_avg:2289.51ms
step:2074/2750 train_time:4748.438s step_avg:2289.51ms
step:2075/2750 train_time:4750.733s step_avg:2289.51ms
step:2076/2750 train_time:4753.018s step_avg:2289.51ms
step:2077/2750 train_time:4755.308s step_avg:2289.51ms
step:2078/2750 train_time:4757.600s step_avg:2289.51ms
step:2079/2750 train_time:4759.896s step_avg:2289.51ms
step:2080/2750 train_time:4762.182s step_avg:2289.51ms
step:2081/2750 train_time:4764.470s step_avg:2289.51ms
step:2082/2750 train_time:4766.762s step_avg:2289.51ms
step:2083/2750 train_time:4769.050s step_avg:2289.51ms
step:2084/2750 train_time:4771.340s step_avg:2289.51ms
step:2085/2750 train_time:4773.630s step_avg:2289.51ms
step:2086/2750 train_time:4775.919s step_avg:2289.51ms
step:2087/2750 train_time:4778.211s step_avg:2289.51ms
step:2088/2750 train_time:4780.499s step_avg:2289.51ms
step:2089/2750 train_time:4782.792s step_avg:2289.51ms
step:2090/2750 train_time:4785.081s step_avg:2289.51ms
step:2091/2750 train_time:4787.392s step_avg:2289.52ms
step:2092/2750 train_time:4789.687s step_avg:2289.53ms
step:2093/2750 train_time:4791.976s step_avg:2289.53ms
step:2094/2750 train_time:4794.268s step_avg:2289.53ms
step:2095/2750 train_time:4796.556s step_avg:2289.53ms
step:2096/2750 train_time:4798.844s step_avg:2289.52ms
step:2097/2750 train_time:4801.135s step_avg:2289.53ms
step:2098/2750 train_time:4803.419s step_avg:2289.52ms
step:2099/2750 train_time:4805.711s step_avg:2289.52ms
step:2100/2750 train_time:4808.004s step_avg:2289.53ms
step:2101/2750 train_time:4810.296s step_avg:2289.53ms
step:2102/2750 train_time:4812.583s step_avg:2289.53ms
step:2103/2750 train_time:4814.871s step_avg:2289.52ms
step:2104/2750 train_time:4817.162s step_avg:2289.53ms
step:2105/2750 train_time:4819.452s step_avg:2289.53ms
step:2106/2750 train_time:4821.740s step_avg:2289.53ms
step:2107/2750 train_time:4824.032s step_avg:2289.53ms
step:2108/2750 train_time:4826.326s step_avg:2289.53ms
step:2109/2750 train_time:4828.616s step_avg:2289.53ms
step:2110/2750 train_time:4830.908s step_avg:2289.53ms
step:2111/2750 train_time:4833.203s step_avg:2289.53ms
step:2112/2750 train_time:4835.496s step_avg:2289.53ms
step:2113/2750 train_time:4837.781s step_avg:2289.53ms
step:2114/2750 train_time:4840.074s step_avg:2289.53ms
step:2115/2750 train_time:4842.364s step_avg:2289.53ms
step:2116/2750 train_time:4844.654s step_avg:2289.53ms
step:2117/2750 train_time:4846.943s step_avg:2289.53ms
step:2118/2750 train_time:4849.233s step_avg:2289.53ms
step:2119/2750 train_time:4851.523s step_avg:2289.53ms
step:2120/2750 train_time:4853.815s step_avg:2289.54ms
step:2121/2750 train_time:4856.103s step_avg:2289.53ms
step:2122/2750 train_time:4858.393s step_avg:2289.53ms
step:2123/2750 train_time:4860.678s step_avg:2289.53ms
step:2124/2750 train_time:4862.969s step_avg:2289.53ms
step:2125/2750 train_time:4865.262s step_avg:2289.53ms
step:2125/2750 val_loss:3.33171 train_time:4865.262s step_avg:2290.13ms
step:2126/2750 train_time:4867.564s step_avg:2289.54ms
step:2127/2750 train_time:4869.852s step_avg:2289.54ms
step:2128/2750 train_time:4872.143s step_avg:2289.54ms
step:2129/2750 train_time:4874.435s step_avg:2289.54ms
step:2130/2750 train_time:4876.722s step_avg:2289.54ms
step:2131/2750 train_time:4879.020s step_avg:2289.54ms
step:2132/2750 train_time:4881.310s step_avg:2289.55ms
step:2133/2750 train_time:4883.603s step_avg:2289.55ms
step:2134/2750 train_time:4885.888s step_avg:2289.54ms
step:2135/2750 train_time:4888.182s step_avg:2289.55ms
step:2136/2750 train_time:4890.475s step_avg:2289.55ms
step:2137/2750 train_time:4892.767s step_avg:2289.55ms
step:2138/2750 train_time:4895.052s step_avg:2289.55ms
step:2139/2750 train_time:4897.344s step_avg:2289.55ms
step:2140/2750 train_time:4899.632s step_avg:2289.55ms
step:2141/2750 train_time:4901.920s step_avg:2289.55ms
step:2142/2750 train_time:4904.212s step_avg:2289.55ms
step:2143/2750 train_time:4906.500s step_avg:2289.55ms
step:2144/2750 train_time:4908.797s step_avg:2289.55ms
step:2145/2750 train_time:4911.087s step_avg:2289.55ms
step:2146/2750 train_time:4913.377s step_avg:2289.55ms
step:2147/2750 train_time:4915.666s step_avg:2289.55ms
step:2148/2750 train_time:4917.956s step_avg:2289.55ms
step:2149/2750 train_time:4920.238s step_avg:2289.55ms
step:2150/2750 train_time:4922.532s step_avg:2289.55ms
step:2151/2750 train_time:4924.827s step_avg:2289.55ms
step:2152/2750 train_time:4927.113s step_avg:2289.55ms
step:2153/2750 train_time:4929.401s step_avg:2289.55ms
step:2154/2750 train_time:4931.693s step_avg:2289.55ms
step:2155/2750 train_time:4933.984s step_avg:2289.55ms
step:2156/2750 train_time:4936.272s step_avg:2289.55ms
step:2157/2750 train_time:4938.560s step_avg:2289.55ms
step:2158/2750 train_time:4940.850s step_avg:2289.55ms
step:2159/2750 train_time:4943.136s step_avg:2289.55ms
step:2160/2750 train_time:4945.424s step_avg:2289.55ms
step:2161/2750 train_time:4947.719s step_avg:2289.55ms
step:2162/2750 train_time:4950.011s step_avg:2289.55ms
step:2163/2750 train_time:4952.303s step_avg:2289.55ms
step:2164/2750 train_time:4954.592s step_avg:2289.55ms
step:2165/2750 train_time:4956.885s step_avg:2289.55ms
step:2166/2750 train_time:4959.169s step_avg:2289.55ms
step:2167/2750 train_time:4961.460s step_avg:2289.55ms
step:2168/2750 train_time:4963.754s step_avg:2289.55ms
step:2169/2750 train_time:4966.041s step_avg:2289.55ms
step:2170/2750 train_time:4968.333s step_avg:2289.55ms
step:2171/2750 train_time:4970.622s step_avg:2289.55ms
step:2172/2750 train_time:4972.916s step_avg:2289.56ms
step:2173/2750 train_time:4975.205s step_avg:2289.56ms
step:2174/2750 train_time:4977.492s step_avg:2289.55ms
step:2175/2750 train_time:4979.786s step_avg:2289.56ms
step:2176/2750 train_time:4982.074s step_avg:2289.56ms
step:2177/2750 train_time:4984.362s step_avg:2289.56ms
step:2178/2750 train_time:4986.651s step_avg:2289.56ms
step:2179/2750 train_time:4988.949s step_avg:2289.56ms
step:2180/2750 train_time:4991.236s step_avg:2289.56ms
step:2181/2750 train_time:4993.524s step_avg:2289.56ms
step:2182/2750 train_time:4995.815s step_avg:2289.56ms
step:2183/2750 train_time:4998.102s step_avg:2289.56ms
step:2184/2750 train_time:5000.394s step_avg:2289.56ms
step:2185/2750 train_time:5002.683s step_avg:2289.56ms
step:2186/2750 train_time:5004.974s step_avg:2289.56ms
step:2187/2750 train_time:5007.265s step_avg:2289.56ms
step:2188/2750 train_time:5009.555s step_avg:2289.56ms
step:2189/2750 train_time:5011.847s step_avg:2289.56ms
step:2190/2750 train_time:5014.135s step_avg:2289.56ms
step:2191/2750 train_time:5016.421s step_avg:2289.56ms
step:2192/2750 train_time:5018.712s step_avg:2289.56ms
step:2193/2750 train_time:5021.004s step_avg:2289.56ms
step:2194/2750 train_time:5023.290s step_avg:2289.56ms
step:2195/2750 train_time:5025.579s step_avg:2289.56ms
step:2196/2750 train_time:5027.873s step_avg:2289.56ms
step:2197/2750 train_time:5030.166s step_avg:2289.56ms
step:2198/2750 train_time:5032.457s step_avg:2289.56ms
step:2199/2750 train_time:5034.748s step_avg:2289.56ms
step:2200/2750 train_time:5037.044s step_avg:2289.57ms
step:2201/2750 train_time:5039.332s step_avg:2289.56ms
step:2202/2750 train_time:5041.623s step_avg:2289.57ms
step:2203/2750 train_time:5043.916s step_avg:2289.57ms
step:2204/2750 train_time:5046.210s step_avg:2289.57ms
step:2205/2750 train_time:5048.498s step_avg:2289.57ms
step:2206/2750 train_time:5050.789s step_avg:2289.57ms
step:2207/2750 train_time:5053.079s step_avg:2289.57ms
step:2208/2750 train_time:5055.372s step_avg:2289.57ms
step:2209/2750 train_time:5057.665s step_avg:2289.57ms
step:2210/2750 train_time:5059.955s step_avg:2289.57ms
step:2211/2750 train_time:5062.244s step_avg:2289.57ms
step:2212/2750 train_time:5064.533s step_avg:2289.57ms
step:2213/2750 train_time:5066.819s step_avg:2289.57ms
step:2214/2750 train_time:5069.110s step_avg:2289.57ms
step:2215/2750 train_time:5071.403s step_avg:2289.57ms
step:2216/2750 train_time:5073.689s step_avg:2289.57ms
step:2217/2750 train_time:5075.978s step_avg:2289.57ms
step:2218/2750 train_time:5078.275s step_avg:2289.57ms
step:2219/2750 train_time:5080.566s step_avg:2289.57ms
step:2220/2750 train_time:5082.854s step_avg:2289.57ms
step:2221/2750 train_time:5085.143s step_avg:2289.57ms
step:2222/2750 train_time:5087.437s step_avg:2289.58ms
step:2223/2750 train_time:5089.726s step_avg:2289.58ms
step:2224/2750 train_time:5092.014s step_avg:2289.57ms
step:2225/2750 train_time:5094.304s step_avg:2289.57ms
step:2226/2750 train_time:5096.589s step_avg:2289.57ms
step:2227/2750 train_time:5098.880s step_avg:2289.57ms
step:2228/2750 train_time:5101.173s step_avg:2289.58ms
step:2229/2750 train_time:5103.467s step_avg:2289.58ms
step:2230/2750 train_time:5105.754s step_avg:2289.58ms
step:2231/2750 train_time:5108.043s step_avg:2289.58ms
step:2232/2750 train_time:5110.336s step_avg:2289.58ms
step:2233/2750 train_time:5112.626s step_avg:2289.58ms
step:2234/2750 train_time:5114.917s step_avg:2289.58ms
step:2235/2750 train_time:5117.205s step_avg:2289.58ms
step:2236/2750 train_time:5119.496s step_avg:2289.58ms
step:2237/2750 train_time:5121.786s step_avg:2289.58ms
step:2238/2750 train_time:5124.076s step_avg:2289.58ms
step:2239/2750 train_time:5126.367s step_avg:2289.58ms
step:2240/2750 train_time:5128.655s step_avg:2289.58ms
step:2241/2750 train_time:5130.939s step_avg:2289.58ms
step:2242/2750 train_time:5133.232s step_avg:2289.58ms
step:2243/2750 train_time:5135.524s step_avg:2289.58ms
step:2244/2750 train_time:5137.807s step_avg:2289.58ms
step:2245/2750 train_time:5140.095s step_avg:2289.57ms
step:2246/2750 train_time:5142.395s step_avg:2289.58ms
step:2247/2750 train_time:5144.685s step_avg:2289.58ms
step:2248/2750 train_time:5146.976s step_avg:2289.58ms
step:2249/2750 train_time:5149.266s step_avg:2289.58ms
step:2250/2750 train_time:5151.559s step_avg:2289.58ms
step:2250/2750 val_loss:3.31136 train_time:5151.559s step_avg:2290.38ms
step:2251/2750 train_time:5153.859s step_avg:2289.59ms
step:2252/2750 train_time:5156.147s step_avg:2289.59ms
step:2253/2750 train_time:5158.438s step_avg:2289.59ms
step:2254/2750 train_time:5160.732s step_avg:2289.59ms
step:2255/2750 train_time:5163.018s step_avg:2289.59ms
step:2256/2750 train_time:5165.310s step_avg:2289.59ms
step:2257/2750 train_time:5167.604s step_avg:2289.59ms
step:2258/2750 train_time:5169.893s step_avg:2289.59ms
step:2259/2750 train_time:5172.186s step_avg:2289.59ms
step:2260/2750 train_time:5174.477s step_avg:2289.59ms
step:2261/2750 train_time:5176.770s step_avg:2289.59ms
step:2262/2750 train_time:5179.060s step_avg:2289.59ms
step:2263/2750 train_time:5181.356s step_avg:2289.60ms
step:2264/2750 train_time:5183.647s step_avg:2289.60ms
step:2265/2750 train_time:5185.940s step_avg:2289.60ms
step:2266/2750 train_time:5188.224s step_avg:2289.60ms
step:2267/2750 train_time:5190.515s step_avg:2289.60ms
step:2268/2750 train_time:5192.808s step_avg:2289.60ms
step:2269/2750 train_time:5195.097s step_avg:2289.60ms
step:2270/2750 train_time:5197.389s step_avg:2289.60ms
step:2271/2750 train_time:5199.678s step_avg:2289.60ms
step:2272/2750 train_time:5201.968s step_avg:2289.60ms
step:2273/2750 train_time:5204.254s step_avg:2289.60ms
step:2274/2750 train_time:5206.544s step_avg:2289.60ms
step:2275/2750 train_time:5208.836s step_avg:2289.60ms
step:2276/2750 train_time:5211.123s step_avg:2289.60ms
step:2277/2750 train_time:5213.409s step_avg:2289.60ms
step:2278/2750 train_time:5215.696s step_avg:2289.59ms
step:2279/2750 train_time:5217.984s step_avg:2289.59ms
step:2280/2750 train_time:5220.275s step_avg:2289.59ms
step:2281/2750 train_time:5222.578s step_avg:2289.60ms
step:2282/2750 train_time:5224.868s step_avg:2289.60ms
step:2283/2750 train_time:5227.155s step_avg:2289.60ms
step:2284/2750 train_time:5229.448s step_avg:2289.60ms
step:2285/2750 train_time:5231.736s step_avg:2289.60ms
step:2286/2750 train_time:5234.030s step_avg:2289.60ms
step:2287/2750 train_time:5236.320s step_avg:2289.60ms
step:2288/2750 train_time:5238.609s step_avg:2289.60ms
step:2289/2750 train_time:5240.901s step_avg:2289.60ms
step:2290/2750 train_time:5243.194s step_avg:2289.60ms
step:2291/2750 train_time:5245.483s step_avg:2289.60ms
step:2292/2750 train_time:5247.776s step_avg:2289.61ms
step:2293/2750 train_time:5250.067s step_avg:2289.61ms
step:2294/2750 train_time:5252.357s step_avg:2289.61ms
step:2295/2750 train_time:5254.647s step_avg:2289.61ms
step:2296/2750 train_time:5256.938s step_avg:2289.61ms
step:2297/2750 train_time:5259.231s step_avg:2289.61ms
step:2298/2750 train_time:5261.518s step_avg:2289.61ms
step:2299/2750 train_time:5263.805s step_avg:2289.61ms
step:2300/2750 train_time:5266.100s step_avg:2289.61ms
step:2301/2750 train_time:5268.389s step_avg:2289.61ms
step:2302/2750 train_time:5270.676s step_avg:2289.61ms
step:2303/2750 train_time:5272.968s step_avg:2289.61ms
step:2304/2750 train_time:5275.262s step_avg:2289.61ms
step:2305/2750 train_time:5277.547s step_avg:2289.61ms
step:2306/2750 train_time:5279.840s step_avg:2289.61ms
step:2307/2750 train_time:5282.129s step_avg:2289.61ms
step:2308/2750 train_time:5284.413s step_avg:2289.61ms
step:2309/2750 train_time:5286.704s step_avg:2289.61ms
step:2310/2750 train_time:5288.994s step_avg:2289.61ms
step:2311/2750 train_time:5291.288s step_avg:2289.61ms
step:2312/2750 train_time:5293.579s step_avg:2289.61ms
step:2313/2750 train_time:5295.868s step_avg:2289.61ms
step:2314/2750 train_time:5298.163s step_avg:2289.61ms
step:2315/2750 train_time:5300.456s step_avg:2289.61ms
step:2316/2750 train_time:5302.745s step_avg:2289.61ms
step:2317/2750 train_time:5305.035s step_avg:2289.61ms
step:2318/2750 train_time:5307.326s step_avg:2289.61ms
step:2319/2750 train_time:5309.616s step_avg:2289.61ms
step:2320/2750 train_time:5311.904s step_avg:2289.61ms
step:2321/2750 train_time:5314.193s step_avg:2289.61ms
step:2322/2750 train_time:5316.490s step_avg:2289.62ms
step:2323/2750 train_time:5318.780s step_avg:2289.62ms
step:2324/2750 train_time:5321.071s step_avg:2289.62ms
step:2325/2750 train_time:5323.366s step_avg:2289.62ms
step:2326/2750 train_time:5325.656s step_avg:2289.62ms
step:2327/2750 train_time:5327.942s step_avg:2289.62ms
step:2328/2750 train_time:5330.227s step_avg:2289.62ms
step:2329/2750 train_time:5332.521s step_avg:2289.62ms
step:2330/2750 train_time:5334.807s step_avg:2289.62ms
step:2331/2750 train_time:5337.098s step_avg:2289.62ms
step:2332/2750 train_time:5339.391s step_avg:2289.62ms
step:2333/2750 train_time:5341.679s step_avg:2289.62ms
step:2334/2750 train_time:5343.973s step_avg:2289.62ms
step:2335/2750 train_time:5346.261s step_avg:2289.62ms
step:2336/2750 train_time:5348.556s step_avg:2289.62ms
step:2337/2750 train_time:5350.844s step_avg:2289.62ms
step:2338/2750 train_time:5353.138s step_avg:2289.62ms
step:2339/2750 train_time:5355.429s step_avg:2289.62ms
step:2340/2750 train_time:5357.722s step_avg:2289.62ms
step:2341/2750 train_time:5360.005s step_avg:2289.62ms
step:2342/2750 train_time:5362.294s step_avg:2289.62ms
step:2343/2750 train_time:5364.587s step_avg:2289.62ms
step:2344/2750 train_time:5366.874s step_avg:2289.62ms
step:2345/2750 train_time:5369.164s step_avg:2289.62ms
step:2346/2750 train_time:5371.456s step_avg:2289.62ms
step:2347/2750 train_time:5373.751s step_avg:2289.63ms
step:2348/2750 train_time:5376.041s step_avg:2289.63ms
step:2349/2750 train_time:5378.334s step_avg:2289.63ms
step:2350/2750 train_time:5380.630s step_avg:2289.63ms
step:2351/2750 train_time:5382.922s step_avg:2289.63ms
step:2352/2750 train_time:5385.208s step_avg:2289.63ms
step:2353/2750 train_time:5387.500s step_avg:2289.63ms
step:2354/2750 train_time:5389.790s step_avg:2289.63ms
step:2355/2750 train_time:5392.078s step_avg:2289.63ms
step:2356/2750 train_time:5394.368s step_avg:2289.63ms
step:2357/2750 train_time:5396.660s step_avg:2289.63ms
step:2358/2750 train_time:5398.955s step_avg:2289.63ms
step:2359/2750 train_time:5401.247s step_avg:2289.63ms
step:2360/2750 train_time:5403.541s step_avg:2289.64ms
step:2361/2750 train_time:5405.833s step_avg:2289.64ms
step:2362/2750 train_time:5408.125s step_avg:2289.64ms
step:2363/2750 train_time:5410.414s step_avg:2289.64ms
step:2364/2750 train_time:5412.704s step_avg:2289.64ms
step:2365/2750 train_time:5414.996s step_avg:2289.64ms
step:2366/2750 train_time:5417.288s step_avg:2289.64ms
step:2367/2750 train_time:5419.578s step_avg:2289.64ms
step:2368/2750 train_time:5421.864s step_avg:2289.64ms
step:2369/2750 train_time:5424.159s step_avg:2289.64ms
step:2370/2750 train_time:5426.448s step_avg:2289.64ms
step:2371/2750 train_time:5428.739s step_avg:2289.64ms
step:2372/2750 train_time:5431.030s step_avg:2289.64ms
step:2373/2750 train_time:5433.322s step_avg:2289.64ms
step:2374/2750 train_time:5435.607s step_avg:2289.64ms
step:2375/2750 train_time:5437.900s step_avg:2289.64ms
step:2375/2750 val_loss:3.29815 train_time:5437.900s step_avg:2290.73ms
step:2376/2750 train_time:5440.198s step_avg:2289.65ms
step:2377/2750 train_time:5442.487s step_avg:2289.65ms
step:2378/2750 train_time:5444.780s step_avg:2289.65ms
step:2379/2750 train_time:5447.068s step_avg:2289.65ms
step:2380/2750 train_time:5449.358s step_avg:2289.65ms
step:2381/2750 train_time:5451.652s step_avg:2289.65ms
step:2382/2750 train_time:5453.940s step_avg:2289.65ms
step:2383/2750 train_time:5456.235s step_avg:2289.65ms
step:2384/2750 train_time:5458.527s step_avg:2289.65ms
step:2385/2750 train_time:5460.816s step_avg:2289.65ms
step:2386/2750 train_time:5463.108s step_avg:2289.65ms
step:2387/2750 train_time:5465.399s step_avg:2289.65ms
step:2388/2750 train_time:5467.690s step_avg:2289.65ms
step:2389/2750 train_time:5469.986s step_avg:2289.66ms
step:2390/2750 train_time:5472.279s step_avg:2289.66ms
step:2391/2750 train_time:5474.573s step_avg:2289.66ms
step:2392/2750 train_time:5476.862s step_avg:2289.66ms
step:2393/2750 train_time:5479.147s step_avg:2289.66ms
step:2394/2750 train_time:5481.438s step_avg:2289.66ms
step:2395/2750 train_time:5483.732s step_avg:2289.66ms
step:2396/2750 train_time:5486.019s step_avg:2289.66ms
step:2397/2750 train_time:5488.307s step_avg:2289.66ms
step:2398/2750 train_time:5490.599s step_avg:2289.66ms
step:2399/2750 train_time:5492.890s step_avg:2289.66ms
step:2400/2750 train_time:5495.183s step_avg:2289.66ms
step:2401/2750 train_time:5497.471s step_avg:2289.66ms
step:2402/2750 train_time:5499.761s step_avg:2289.66ms
step:2403/2750 train_time:5502.051s step_avg:2289.66ms
step:2404/2750 train_time:5504.339s step_avg:2289.66ms
step:2405/2750 train_time:5506.631s step_avg:2289.66ms
step:2406/2750 train_time:5508.918s step_avg:2289.66ms
step:2407/2750 train_time:5511.213s step_avg:2289.66ms
step:2408/2750 train_time:5513.501s step_avg:2289.66ms
step:2409/2750 train_time:5515.793s step_avg:2289.66ms
step:2410/2750 train_time:5518.078s step_avg:2289.66ms
step:2411/2750 train_time:5520.370s step_avg:2289.66ms
step:2412/2750 train_time:5522.660s step_avg:2289.66ms
step:2413/2750 train_time:5524.953s step_avg:2289.66ms
step:2414/2750 train_time:5527.243s step_avg:2289.66ms
step:2415/2750 train_time:5529.532s step_avg:2289.66ms
step:2416/2750 train_time:5531.828s step_avg:2289.66ms
step:2417/2750 train_time:5534.115s step_avg:2289.66ms
step:2418/2750 train_time:5536.408s step_avg:2289.66ms
step:2419/2750 train_time:5538.700s step_avg:2289.66ms
step:2420/2750 train_time:5540.993s step_avg:2289.67ms
step:2421/2750 train_time:5543.282s step_avg:2289.67ms
step:2422/2750 train_time:5545.571s step_avg:2289.67ms
step:2423/2750 train_time:5547.859s step_avg:2289.67ms
step:2424/2750 train_time:5550.147s step_avg:2289.66ms
step:2425/2750 train_time:5552.436s step_avg:2289.66ms
step:2426/2750 train_time:5554.730s step_avg:2289.67ms
step:2427/2750 train_time:5557.022s step_avg:2289.67ms
step:2428/2750 train_time:5559.314s step_avg:2289.67ms
step:2429/2750 train_time:5561.606s step_avg:2289.67ms
step:2430/2750 train_time:5563.896s step_avg:2289.67ms
step:2431/2750 train_time:5566.190s step_avg:2289.67ms
step:2432/2750 train_time:5568.479s step_avg:2289.67ms
step:2433/2750 train_time:5570.770s step_avg:2289.67ms
step:2434/2750 train_time:5573.060s step_avg:2289.67ms
step:2435/2750 train_time:5575.347s step_avg:2289.67ms
step:2436/2750 train_time:5577.642s step_avg:2289.67ms
step:2437/2750 train_time:5579.933s step_avg:2289.67ms
step:2438/2750 train_time:5582.226s step_avg:2289.67ms
step:2439/2750 train_time:5584.512s step_avg:2289.67ms
step:2440/2750 train_time:5586.804s step_avg:2289.67ms
step:2441/2750 train_time:5589.096s step_avg:2289.67ms
step:2442/2750 train_time:5591.391s step_avg:2289.68ms
step:2443/2750 train_time:5593.679s step_avg:2289.68ms
step:2444/2750 train_time:5595.969s step_avg:2289.68ms
step:2445/2750 train_time:5598.260s step_avg:2289.68ms
step:2446/2750 train_time:5600.548s step_avg:2289.68ms
step:2447/2750 train_time:5602.838s step_avg:2289.68ms
step:2448/2750 train_time:5605.128s step_avg:2289.68ms
step:2449/2750 train_time:5607.425s step_avg:2289.68ms
step:2450/2750 train_time:5609.710s step_avg:2289.68ms
step:2451/2750 train_time:5611.999s step_avg:2289.68ms
step:2452/2750 train_time:5614.293s step_avg:2289.68ms
step:2453/2750 train_time:5616.580s step_avg:2289.68ms
step:2454/2750 train_time:5618.868s step_avg:2289.68ms
step:2455/2750 train_time:5621.159s step_avg:2289.68ms
step:2456/2750 train_time:5623.452s step_avg:2289.68ms
step:2457/2750 train_time:5625.736s step_avg:2289.68ms
step:2458/2750 train_time:5628.030s step_avg:2289.68ms
step:2459/2750 train_time:5630.322s step_avg:2289.68ms
step:2460/2750 train_time:5632.612s step_avg:2289.68ms
step:2461/2750 train_time:5634.904s step_avg:2289.68ms
step:2462/2750 train_time:5637.191s step_avg:2289.68ms
step:2463/2750 train_time:5639.479s step_avg:2289.68ms
step:2464/2750 train_time:5641.771s step_avg:2289.68ms
step:2465/2750 train_time:5644.060s step_avg:2289.68ms
step:2466/2750 train_time:5646.354s step_avg:2289.68ms
step:2467/2750 train_time:5648.642s step_avg:2289.68ms
step:2468/2750 train_time:5650.930s step_avg:2289.68ms
step:2469/2750 train_time:5653.224s step_avg:2289.68ms
step:2470/2750 train_time:5655.519s step_avg:2289.68ms
step:2471/2750 train_time:5657.828s step_avg:2289.69ms
step:2472/2750 train_time:5660.118s step_avg:2289.69ms
step:2473/2750 train_time:5662.412s step_avg:2289.69ms
step:2474/2750 train_time:5664.703s step_avg:2289.69ms
step:2475/2750 train_time:5666.996s step_avg:2289.70ms
step:2476/2750 train_time:5669.280s step_avg:2289.69ms
step:2477/2750 train_time:5671.569s step_avg:2289.69ms
step:2478/2750 train_time:5673.861s step_avg:2289.69ms
step:2479/2750 train_time:5676.153s step_avg:2289.69ms
step:2480/2750 train_time:5678.441s step_avg:2289.69ms
step:2481/2750 train_time:5680.731s step_avg:2289.69ms
step:2482/2750 train_time:5683.021s step_avg:2289.69ms
step:2483/2750 train_time:5685.308s step_avg:2289.69ms
step:2484/2750 train_time:5687.595s step_avg:2289.69ms
step:2485/2750 train_time:5689.888s step_avg:2289.69ms
step:2486/2750 train_time:5692.176s step_avg:2289.69ms
step:2487/2750 train_time:5694.466s step_avg:2289.69ms
step:2488/2750 train_time:5696.758s step_avg:2289.69ms
step:2489/2750 train_time:5699.048s step_avg:2289.69ms
step:2490/2750 train_time:5701.334s step_avg:2289.69ms
step:2491/2750 train_time:5703.625s step_avg:2289.69ms
step:2492/2750 train_time:5705.920s step_avg:2289.69ms
step:2493/2750 train_time:5708.210s step_avg:2289.69ms
step:2494/2750 train_time:5710.501s step_avg:2289.70ms
step:2495/2750 train_time:5712.792s step_avg:2289.70ms
step:2496/2750 train_time:5715.083s step_avg:2289.70ms
step:2497/2750 train_time:5717.373s step_avg:2289.70ms
step:2498/2750 train_time:5719.660s step_avg:2289.70ms
step:2499/2750 train_time:5721.952s step_avg:2289.70ms
step:2500/2750 train_time:5724.239s step_avg:2289.70ms
step:2500/2750 val_loss:3.28756 train_time:5724.240s step_avg:2290.71ms
step:2501/2750 train_time:5726.537s step_avg:2289.70ms
step:2502/2750 train_time:5728.831s step_avg:2289.70ms
step:2503/2750 train_time:5731.121s step_avg:2289.70ms
step:2504/2750 train_time:5733.408s step_avg:2289.70ms
step:2505/2750 train_time:5735.699s step_avg:2289.70ms
step:2506/2750 train_time:5737.995s step_avg:2289.70ms
step:2507/2750 train_time:5740.286s step_avg:2289.70ms
step:2508/2750 train_time:5742.578s step_avg:2289.70ms
step:2509/2750 train_time:5744.869s step_avg:2289.70ms
step:2510/2750 train_time:5747.158s step_avg:2289.70ms
step:2511/2750 train_time:5749.448s step_avg:2289.70ms
step:2512/2750 train_time:5751.743s step_avg:2289.71ms
step:2513/2750 train_time:5754.034s step_avg:2289.71ms
step:2514/2750 train_time:5756.330s step_avg:2289.71ms
step:2515/2750 train_time:5758.615s step_avg:2289.71ms
step:2516/2750 train_time:5760.902s step_avg:2289.71ms
step:2517/2750 train_time:5763.198s step_avg:2289.71ms
step:2518/2750 train_time:5765.490s step_avg:2289.71ms
step:2519/2750 train_time:5767.785s step_avg:2289.71ms
step:2520/2750 train_time:5770.075s step_avg:2289.71ms
step:2521/2750 train_time:5772.369s step_avg:2289.71ms
step:2522/2750 train_time:5774.664s step_avg:2289.72ms
step:2523/2750 train_time:5776.952s step_avg:2289.72ms
step:2524/2750 train_time:5779.243s step_avg:2289.72ms
step:2525/2750 train_time:5781.533s step_avg:2289.72ms
step:2526/2750 train_time:5783.822s step_avg:2289.72ms
step:2527/2750 train_time:5786.106s step_avg:2289.71ms
step:2528/2750 train_time:5788.394s step_avg:2289.71ms
step:2529/2750 train_time:5790.683s step_avg:2289.71ms
step:2530/2750 train_time:5792.976s step_avg:2289.71ms
step:2531/2750 train_time:5795.266s step_avg:2289.71ms
step:2532/2750 train_time:5797.561s step_avg:2289.72ms
step:2533/2750 train_time:5799.851s step_avg:2289.72ms
step:2534/2750 train_time:5802.145s step_avg:2289.72ms
step:2535/2750 train_time:5804.435s step_avg:2289.72ms
step:2536/2750 train_time:5806.728s step_avg:2289.72ms
step:2537/2750 train_time:5809.014s step_avg:2289.72ms
step:2538/2750 train_time:5811.304s step_avg:2289.72ms
step:2539/2750 train_time:5813.594s step_avg:2289.72ms
step:2540/2750 train_time:5815.886s step_avg:2289.72ms
step:2541/2750 train_time:5818.177s step_avg:2289.72ms
step:2542/2750 train_time:5820.466s step_avg:2289.72ms
step:2543/2750 train_time:5822.757s step_avg:2289.72ms
step:2544/2750 train_time:5825.048s step_avg:2289.72ms
step:2545/2750 train_time:5827.343s step_avg:2289.72ms
step:2546/2750 train_time:5829.635s step_avg:2289.72ms
step:2547/2750 train_time:5831.936s step_avg:2289.73ms
step:2548/2750 train_time:5834.224s step_avg:2289.73ms
step:2549/2750 train_time:5836.516s step_avg:2289.73ms
step:2550/2750 train_time:5838.803s step_avg:2289.73ms
step:2551/2750 train_time:5841.097s step_avg:2289.73ms
step:2552/2750 train_time:5843.389s step_avg:2289.73ms
step:2553/2750 train_time:5845.682s step_avg:2289.73ms
step:2554/2750 train_time:5847.974s step_avg:2289.73ms
step:2555/2750 train_time:5850.267s step_avg:2289.73ms
step:2556/2750 train_time:5852.551s step_avg:2289.73ms
step:2557/2750 train_time:5854.845s step_avg:2289.73ms
step:2558/2750 train_time:5857.138s step_avg:2289.73ms
step:2559/2750 train_time:5859.426s step_avg:2289.73ms
step:2560/2750 train_time:5861.717s step_avg:2289.73ms
step:2561/2750 train_time:5864.009s step_avg:2289.73ms
step:2562/2750 train_time:5866.302s step_avg:2289.74ms
step:2563/2750 train_time:5868.590s step_avg:2289.73ms
step:2564/2750 train_time:5870.881s step_avg:2289.74ms
step:2565/2750 train_time:5873.177s step_avg:2289.74ms
step:2566/2750 train_time:5875.470s step_avg:2289.74ms
step:2567/2750 train_time:5877.757s step_avg:2289.74ms
step:2568/2750 train_time:5880.048s step_avg:2289.74ms
step:2569/2750 train_time:5882.339s step_avg:2289.74ms
step:2570/2750 train_time:5884.628s step_avg:2289.74ms
step:2571/2750 train_time:5886.915s step_avg:2289.74ms
step:2572/2750 train_time:5889.207s step_avg:2289.74ms
step:2573/2750 train_time:5891.501s step_avg:2289.74ms
step:2574/2750 train_time:5893.790s step_avg:2289.74ms
step:2575/2750 train_time:5896.083s step_avg:2289.74ms
step:2576/2750 train_time:5898.378s step_avg:2289.74ms
step:2577/2750 train_time:5900.671s step_avg:2289.74ms
step:2578/2750 train_time:5902.962s step_avg:2289.74ms
step:2579/2750 train_time:5905.254s step_avg:2289.75ms
step:2580/2750 train_time:5907.546s step_avg:2289.75ms
step:2581/2750 train_time:5909.842s step_avg:2289.75ms
step:2582/2750 train_time:5912.139s step_avg:2289.75ms
step:2583/2750 train_time:5914.425s step_avg:2289.75ms
step:2584/2750 train_time:5916.718s step_avg:2289.75ms
step:2585/2750 train_time:5919.009s step_avg:2289.75ms
step:2586/2750 train_time:5921.296s step_avg:2289.75ms
step:2587/2750 train_time:5923.588s step_avg:2289.75ms
step:2588/2750 train_time:5925.878s step_avg:2289.75ms
step:2589/2750 train_time:5928.166s step_avg:2289.75ms
step:2590/2750 train_time:5930.457s step_avg:2289.75ms
step:2591/2750 train_time:5932.747s step_avg:2289.75ms
step:2592/2750 train_time:5935.043s step_avg:2289.75ms
step:2593/2750 train_time:5937.332s step_avg:2289.75ms
step:2594/2750 train_time:5939.625s step_avg:2289.76ms
step:2595/2750 train_time:5941.917s step_avg:2289.76ms
step:2596/2750 train_time:5944.218s step_avg:2289.76ms
step:2597/2750 train_time:5946.508s step_avg:2289.76ms
step:2598/2750 train_time:5948.794s step_avg:2289.76ms
step:2599/2750 train_time:5951.088s step_avg:2289.76ms
step:2600/2750 train_time:5953.385s step_avg:2289.76ms
step:2600/2750 val_loss:3.28066 train_time:5953.385s step_avg:2291.46ms
step:2601/2750 train_time:5955.687s step_avg:2289.77ms
step:2602/2750 train_time:5957.978s step_avg:2289.77ms
step:2603/2750 train_time:5960.271s step_avg:2289.77ms
step:2604/2750 train_time:5962.564s step_avg:2289.77ms
step:2605/2750 train_time:5964.851s step_avg:2289.77ms
step:2605/2750 val_loss:3.28038 train_time:5964.851s step_avg:2293.25ms
step:2606/2750 train_time:5967.151s step_avg:2289.77ms
step:2607/2750 train_time:5969.443s step_avg:2289.77ms
step:2608/2750 train_time:5971.738s step_avg:2289.78ms
step:2609/2750 train_time:5974.026s step_avg:2289.78ms
step:2610/2750 train_time:5976.325s step_avg:2289.78ms
step:2610/2750 val_loss:3.28007 train_time:5976.326s step_avg:2294.86ms
step:2611/2750 train_time:5978.621s step_avg:2289.78ms
step:2612/2750 train_time:5980.916s step_avg:2289.78ms
step:2613/2750 train_time:5983.211s step_avg:2289.79ms
step:2614/2750 train_time:5985.503s step_avg:2289.79ms
step:2615/2750 train_time:5987.788s step_avg:2289.79ms
step:2615/2750 val_loss:3.27976 train_time:5987.788s step_avg:2292.51ms
step:2616/2750 train_time:5990.088s step_avg:2289.79ms
step:2617/2750 train_time:5992.384s step_avg:2289.79ms
step:2618/2750 train_time:5994.672s step_avg:2289.79ms
step:2619/2750 train_time:5996.964s step_avg:2289.79ms
step:2620/2750 train_time:5999.259s step_avg:2289.79ms
step:2620/2750 val_loss:3.27945 train_time:5999.259s step_avg:2294.11ms
step:2621/2750 train_time:6001.561s step_avg:2289.80ms
step:2622/2750 train_time:6003.856s step_avg:2289.80ms
step:2623/2750 train_time:6006.148s step_avg:2289.80ms
step:2624/2750 train_time:6008.443s step_avg:2289.80ms
step:2625/2750 train_time:6010.738s step_avg:2289.81ms
step:2625/2750 val_loss:3.27915 train_time:6010.739s step_avg:2295.96ms
step:2626/2750 train_time:6013.041s step_avg:2289.81ms
step:2627/2750 train_time:6015.335s step_avg:2289.81ms
step:2628/2750 train_time:6017.628s step_avg:2289.81ms
step:2629/2750 train_time:6019.921s step_avg:2289.81ms
step:2630/2750 train_time:6022.219s step_avg:2289.82ms
step:2630/2750 val_loss:3.27882 train_time:6022.219s step_avg:2296.01ms
step:2631/2750 train_time:6024.520s step_avg:2289.82ms
step:2632/2750 train_time:6026.816s step_avg:2289.82ms
step:2633/2750 train_time:6029.108s step_avg:2289.82ms
step:2634/2750 train_time:6031.401s step_avg:2289.83ms
step:2635/2750 train_time:6033.699s step_avg:2289.83ms
step:2635/2750 val_loss:3.27849 train_time:6033.699s step_avg:2296.00ms
step:2636/2750 train_time:6036.000s step_avg:2289.83ms
step:2637/2750 train_time:6038.293s step_avg:2289.83ms
step:2638/2750 train_time:6040.587s step_avg:2289.84ms
step:2639/2750 train_time:6042.881s step_avg:2289.84ms
step:2640/2750 train_time:6045.178s step_avg:2289.84ms
step:2640/2750 val_loss:3.27818 train_time:6045.178s step_avg:2295.95ms
step:2641/2750 train_time:6047.481s step_avg:2289.85ms
step:2642/2750 train_time:6049.773s step_avg:2289.85ms
step:2643/2750 train_time:6052.062s step_avg:2289.85ms
step:2644/2750 train_time:6054.355s step_avg:2289.85ms
step:2645/2750 train_time:6056.649s step_avg:2289.85ms
step:2645/2750 val_loss:3.27786 train_time:6056.650s step_avg:2294.22ms
target_reached step:2645 val_loss:3.27786
step:2646/2750 train_time:6058.946s step_avg:2289.85ms
step:2647/2750 train_time:6061.240s step_avg:2289.85ms
step:2648/2750 train_time:6063.530s step_avg:2289.85ms
step:2649/2750 train_time:6065.824s step_avg:2289.85ms
step:2650/2750 train_time:6068.117s step_avg:2289.86ms
step:2650/2750 val_loss:3.27760 train_time:6068.118s step_avg:2293.62ms
target_reached step:2650 val_loss:3.27760
step:2651/2750 train_time:6070.421s step_avg:2289.86ms
step:2652/2750 train_time:6072.716s step_avg:2289.86ms
step:2653/2750 train_time:6075.008s step_avg:2289.86ms
step:2654/2750 train_time:6077.300s step_avg:2289.86ms
step:2655/2750 train_time:6079.586s step_avg:2289.86ms
step:2655/2750 val_loss:3.27727 train_time:6079.586s step_avg:2293.63ms
target_reached step:2655 val_loss:3.27727
step:2656/2750 train_time:6081.887s step_avg:2289.87ms
step:2657/2750 train_time:6084.183s step_avg:2289.87ms
step:2658/2750 train_time:6086.476s step_avg:2289.87ms
step:2659/2750 train_time:6088.770s step_avg:2289.87ms
step:2660/2750 train_time:6091.060s step_avg:2289.87ms
step:2660/2750 val_loss:3.27699 train_time:6091.060s step_avg:2294.90ms
target_reached step:2660 val_loss:3.27699
step:2661/2750 train_time:6093.375s step_avg:2289.88ms
step:2662/2750 train_time:6095.666s step_avg:2289.88ms
step:2663/2750 train_time:6097.959s step_avg:2289.88ms
step:2664/2750 train_time:6100.255s step_avg:2289.89ms
step:2665/2750 train_time:6102.545s step_avg:2289.89ms
step:2665/2750 val_loss:3.27668 train_time:6102.545s step_avg:2296.90ms
target_reached step:2665 val_loss:3.27668
step:2666/2750 train_time:6104.844s step_avg:2289.89ms
step:2667/2750 train_time:6107.135s step_avg:2289.89ms
step:2668/2750 train_time:6109.434s step_avg:2289.89ms
step:2669/2750 train_time:6111.723s step_avg:2289.89ms
step:2670/2750 train_time:6114.018s step_avg:2289.89ms
step:2670/2750 val_loss:3.27644 train_time:6114.018s step_avg:2294.59ms
target_reached step:2670 val_loss:3.27644
step:2671/2750 train_time:6116.317s step_avg:2289.90ms
step:2672/2750 train_time:6118.613s step_avg:2289.90ms
step:2673/2750 train_time:6120.911s step_avg:2289.90ms
step:2674/2750 train_time:6123.202s step_avg:2289.90ms
step:2675/2750 train_time:6125.492s step_avg:2289.90ms
step:2675/2750 val_loss:3.27615 train_time:6125.492s step_avg:2294.91ms
target_reached step:2675 val_loss:3.27615
step:2676/2750 train_time:6127.795s step_avg:2289.91ms
step:2677/2750 train_time:6130.089s step_avg:2289.91ms
step:2678/2750 train_time:6132.388s step_avg:2289.91ms
step:2679/2750 train_time:6134.682s step_avg:2289.91ms
step:2680/2750 train_time:6136.972s step_avg:2289.91ms
step:2680/2750 val_loss:3.27589 train_time:6136.972s step_avg:2295.91ms
target_reached step:2680 val_loss:3.27589
step:2681/2750 train_time:6139.269s step_avg:2289.92ms
step:2682/2750 train_time:6141.565s step_avg:2289.92ms
step:2683/2750 train_time:6143.855s step_avg:2289.92ms
step:2684/2750 train_time:6146.145s step_avg:2289.92ms
step:2685/2750 train_time:6148.435s step_avg:2289.92ms
step:2685/2750 val_loss:3.27562 train_time:6148.435s step_avg:2292.67ms
target_reached step:2685 val_loss:3.27562
step:2686/2750 train_time:6150.735s step_avg:2289.92ms
step:2687/2750 train_time:6153.029s step_avg:2289.93ms
step:2688/2750 train_time:6155.316s step_avg:2289.92ms
step:2689/2750 train_time:6157.609s step_avg:2289.93ms
step:2690/2750 train_time:6159.902s step_avg:2289.93ms
step:2690/2750 val_loss:3.27537 train_time:6159.902s step_avg:2293.37ms
target_reached step:2690 val_loss:3.27537
step:2691/2750 train_time:6162.201s step_avg:2289.93ms
step:2692/2750 train_time:6164.491s step_avg:2289.93ms
step:2693/2750 train_time:6166.786s step_avg:2289.93ms
step:2694/2750 train_time:6169.074s step_avg:2289.93ms
step:2695/2750 train_time:6171.368s step_avg:2289.93ms
step:2695/2750 val_loss:3.27512 train_time:6171.368s step_avg:2293.13ms
target_reached step:2695 val_loss:3.27512
step:2696/2750 train_time:6173.672s step_avg:2289.94ms
step:2697/2750 train_time:6175.958s step_avg:2289.94ms
step:2698/2750 train_time:6178.250s step_avg:2289.94ms
step:2699/2750 train_time:6180.541s step_avg:2289.94ms
step:2700/2750 train_time:6182.834s step_avg:2289.94ms
step:2700/2750 val_loss:3.27487 train_time:6182.834s step_avg:2293.34ms
target_reached step:2700 val_loss:3.27487
step:2701/2750 train_time:6185.131s step_avg:2289.94ms
step:2702/2750 train_time:6187.426s step_avg:2289.94ms
step:2703/2750 train_time:6189.722s step_avg:2289.95ms
step:2704/2750 train_time:6192.020s step_avg:2289.95ms
step:2705/2750 train_time:6194.314s step_avg:2289.95ms
step:2705/2750 val_loss:3.27461 train_time:6194.314s step_avg:2296.00ms
target_reached step:2705 val_loss:3.27461
step:2706/2750 train_time:6196.617s step_avg:2289.95ms
step:2707/2750 train_time:6198.907s step_avg:2289.95ms
step:2708/2750 train_time:6201.202s step_avg:2289.96ms
step:2709/2750 train_time:6203.495s step_avg:2289.96ms
step:2710/2750 train_time:6205.785s step_avg:2289.96ms
step:2710/2750 val_loss:3.27438 train_time:6205.786s step_avg:2294.25ms
target_reached step:2710 val_loss:3.27438
step:2711/2750 train_time:6208.079s step_avg:2289.96ms
step:2712/2750 train_time:6210.373s step_avg:2289.96ms
step:2713/2750 train_time:6212.666s step_avg:2289.96ms
step:2714/2750 train_time:6214.960s step_avg:2289.96ms
step:2715/2750 train_time:6217.254s step_avg:2289.96ms
step:2715/2750 val_loss:3.27415 train_time:6217.254s step_avg:2293.77ms
target_reached step:2715 val_loss:3.27415
step:2716/2750 train_time:6219.550s step_avg:2289.97ms
step:2717/2750 train_time:6221.850s step_avg:2289.97ms
step:2718/2750 train_time:6224.143s step_avg:2289.97ms
step:2719/2750 train_time:6226.435s step_avg:2289.97ms
step:2720/2750 train_time:6228.730s step_avg:2289.97ms
step:2720/2750 val_loss:3.27390 train_time:6228.730s step_avg:2295.12ms
target_reached step:2720 val_loss:3.27390
step:2721/2750 train_time:6231.021s step_avg:2289.97ms
step:2722/2750 train_time:6233.318s step_avg:2289.98ms
step:2723/2750 train_time:6235.622s step_avg:2289.98ms
step:2724/2750 train_time:6237.911s step_avg:2289.98ms
step:2725/2750 train_time:6240.204s step_avg:2289.98ms
step:2725/2750 val_loss:3.27370 train_time:6240.204s step_avg:2294.75ms
target_reached step:2725 val_loss:3.27370
step:2726/2750 train_time:6242.505s step_avg:2289.99ms
step:2727/2750 train_time:6244.799s step_avg:2289.99ms
step:2728/2750 train_time:6247.094s step_avg:2289.99ms
step:2729/2750 train_time:6249.385s step_avg:2289.99ms
step:2730/2750 train_time:6251.676s step_avg:2289.99ms
step:2730/2750 val_loss:3.27348 train_time:6251.676s step_avg:2294.45ms
target_reached step:2730 val_loss:3.27348
step:2731/2750 train_time:6253.979s step_avg:2290.00ms
step:2732/2750 train_time:6256.279s step_avg:2290.00ms
step:2733/2750 train_time:6258.571s step_avg:2290.00ms
step:2734/2750 train_time:6260.864s step_avg:2290.00ms
step:2735/2750 train_time:6263.152s step_avg:2290.00ms
step:2735/2750 val_loss:3.27326 train_time:6263.152s step_avg:2295.26ms
target_reached step:2735 val_loss:3.27326
step:2736/2750 train_time:6265.453s step_avg:2290.00ms
step:2737/2750 train_time:6267.750s step_avg:2290.01ms
step:2738/2750 train_time:6270.042s step_avg:2290.01ms
step:2739/2750 train_time:6272.330s step_avg:2290.01ms
step:2740/2750 train_time:6274.623s step_avg:2290.01ms
step:2740/2750 val_loss:3.27308 train_time:6274.623s step_avg:2294.11ms
target_reached step:2740 val_loss:3.27308
step:2741/2750 train_time:6276.925s step_avg:2290.01ms
step:2742/2750 train_time:6279.215s step_avg:2290.01ms
step:2743/2750 train_time:6281.506s step_avg:2290.01ms
step:2744/2750 train_time:6283.799s step_avg:2290.01ms
step:2745/2750 train_time:6286.095s step_avg:2290.02ms
step:2745/2750 val_loss:3.27288 train_time:6286.095s step_avg:2294.46ms
target_reached step:2745 val_loss:3.27288
step:2746/2750 train_time:6288.399s step_avg:2290.02ms
step:2747/2750 train_time:6290.690s step_avg:2290.02ms
step:2748/2750 train_time:6292.982s step_avg:2290.02ms
step:2749/2750 train_time:6295.275s step_avg:2290.02ms
step:2750/2750 train_time:6297.575s step_avg:2290.03ms
step:2750/2750 val_loss:3.27268 train_time:6297.575s step_avg:2296.04ms
target_reached step:2750 val_loss:3.27268
fixed_step_complete max_step:2750 val_loss:3.27268
